{
  "id" : "27254b60-5128-11ec-a727-c91aef4b6ba6-2",
  "name" : "14. [14] J. Benhabib , A. Rustichini 1996.docx",
  "createdDate" : 0,
  "version" : 3,
  "text" : "Despite the predictions of the neoclassical theory of economic growth, we observe that poor countries have invested at lower rates and have not grown faster than rich countries. To explain these empirical regularities we provide a game-theoretic model of conflict between social groups over the distribution of income. Among all possible equilibria, we concentrate on those that are on the constrained Pareto frontier. We study how the level of wealth and the degree of inequality affects growth. We show how lower wealth can lead to lower growth and even to stagnation when the incentives to domestic accumulation are weakened by redistributive considerations.\n\n",
  "docLength" : 0,
  "language" : "EN",
  "status" : "IN_PROGRESS",
  "modifiedDate" : 1638281497264,
  "documentSet" : [ ],
  "preannotation" : [ "PRE_LW", "PRE_SIRE" ],
  "sentences" : [ {
    "id" : "s0",
    "begin" : 0,
    "end" : 177,
    "text" : "Despite the predictions of the neoclassical theory of economic growth, we observe that poor countries have invested at lower rates and have not grown faster than rich countries.",
    "tokens" : [ {
      "id" : "s0-t0",
      "begin" : 0,
      "end" : 7,
      "text" : "Despite",
      "whiteSpace" : false
    }, {
      "id" : "s0-t1",
      "begin" : 8,
      "end" : 11,
      "text" : "the",
      "whiteSpace" : false
    }, {
      "id" : "s0-t2",
      "begin" : 12,
      "end" : 23,
      "text" : "predictions",
      "whiteSpace" : false
    }, {
      "id" : "s0-t3",
      "begin" : 24,
      "end" : 26,
      "text" : "of",
      "whiteSpace" : false
    }, {
      "id" : "s0-t4",
      "begin" : 27,
      "end" : 30,
      "text" : "the",
      "whiteSpace" : false
    }, {
      "id" : "s0-t5",
      "begin" : 31,
      "end" : 43,
      "text" : "neoclassical",
      "whiteSpace" : false
    }, {
      "id" : "s0-t6",
      "begin" : 44,
      "end" : 50,
      "text" : "theory",
      "whiteSpace" : false
    }, {
      "id" : "s0-t7",
      "begin" : 51,
      "end" : 53,
      "text" : "of",
      "whiteSpace" : false
    }, {
      "id" : "s0-t8",
      "begin" : 54,
      "end" : 62,
      "text" : "economic",
      "whiteSpace" : false
    }, {
      "id" : "s0-t9",
      "begin" : 63,
      "end" : 69,
      "text" : "growth",
      "whiteSpace" : false
    }, {
      "id" : "s0-t10",
      "begin" : 69,
      "end" : 70,
      "text" : ",",
      "whiteSpace" : false
    }, {
      "id" : "s0-t11",
      "begin" : 71,
      "end" : 73,
      "text" : "we",
      "whiteSpace" : false
    }, {
      "id" : "s0-t12",
      "begin" : 74,
      "end" : 81,
      "text" : "observe",
      "whiteSpace" : false
    }, {
      "id" : "s0-t13",
      "begin" : 82,
      "end" : 86,
      "text" : "that",
      "whiteSpace" : false
    }, {
      "id" : "s0-t14",
      "begin" : 87,
      "end" : 91,
      "text" : "poor",
      "whiteSpace" : false
    }, {
      "id" : "s0-t15",
      "begin" : 92,
      "end" : 101,
      "text" : "countries",
      "whiteSpace" : false
    }, {
      "id" : "s0-t16",
      "begin" : 102,
      "end" : 106,
      "text" : "have",
      "whiteSpace" : false
    }, {
      "id" : "s0-t17",
      "begin" : 107,
      "end" : 115,
      "text" : "invested",
      "whiteSpace" : false
    }, {
      "id" : "s0-t18",
      "begin" : 116,
      "end" : 118,
      "text" : "at",
      "whiteSpace" : false
    }, {
      "id" : "s0-t19",
      "begin" : 119,
      "end" : 124,
      "text" : "lower",
      "whiteSpace" : false
    }, {
      "id" : "s0-t20",
      "begin" : 125,
      "end" : 130,
      "text" : "rates",
      "whiteSpace" : false
    }, {
      "id" : "s0-t21",
      "begin" : 131,
      "end" : 134,
      "text" : "and",
      "whiteSpace" : false
    }, {
      "id" : "s0-t22",
      "begin" : 135,
      "end" : 139,
      "text" : "have",
      "whiteSpace" : false
    }, {
      "id" : "s0-t23",
      "begin" : 140,
      "end" : 143,
      "text" : "not",
      "whiteSpace" : false
    }, {
      "id" : "s0-t24",
      "begin" : 144,
      "end" : 149,
      "text" : "grown",
      "whiteSpace" : false
    }, {
      "id" : "s0-t25",
      "begin" : 150,
      "end" : 156,
      "text" : "faster",
      "whiteSpace" : false
    }, {
      "id" : "s0-t26",
      "begin" : 157,
      "end" : 161,
      "text" : "than",
      "whiteSpace" : false
    }, {
      "id" : "s0-t27",
      "begin" : 162,
      "end" : 166,
      "text" : "rich",
      "whiteSpace" : false
    }, {
      "id" : "s0-t28",
      "begin" : 167,
      "end" : 176,
      "text" : "countries",
      "whiteSpace" : false
    }, {
      "id" : "s0-t29",
      "begin" : 176,
      "end" : 177,
      "text" : ".",
      "whiteSpace" : false
    } ]
  }, {
    "id" : "s1",
    "begin" : 178,
    "end" : 318,
    "text" : "To explain these empirical regularities we provide a game-theoretic model of conflict between social groups over the distribution of income.",
    "tokens" : [ {
      "id" : "s1-t0",
      "begin" : 178,
      "end" : 180,
      "text" : "To",
      "whiteSpace" : false
    }, {
      "id" : "s1-t1",
      "begin" : 181,
      "end" : 188,
      "text" : "explain",
      "whiteSpace" : false
    }, {
      "id" : "s1-t2",
      "begin" : 189,
      "end" : 194,
      "text" : "these",
      "whiteSpace" : false
    }, {
      "id" : "s1-t3",
      "begin" : 195,
      "end" : 204,
      "text" : "empirical",
      "whiteSpace" : false
    }, {
      "id" : "s1-t4",
      "begin" : 205,
      "end" : 217,
      "text" : "regularities",
      "whiteSpace" : false
    }, {
      "id" : "s1-t5",
      "begin" : 218,
      "end" : 220,
      "text" : "we",
      "whiteSpace" : false
    }, {
      "id" : "s1-t6",
      "begin" : 221,
      "end" : 228,
      "text" : "provide",
      "whiteSpace" : false
    }, {
      "id" : "s1-t7",
      "begin" : 229,
      "end" : 230,
      "text" : "a",
      "whiteSpace" : false
    }, {
      "id" : "s1-t8",
      "begin" : 231,
      "end" : 235,
      "text" : "game",
      "whiteSpace" : false
    }, {
      "id" : "s1-t9",
      "begin" : 235,
      "end" : 236,
      "text" : "-",
      "whiteSpace" : false
    }, {
      "id" : "s1-t10",
      "begin" : 236,
      "end" : 245,
      "text" : "theoretic",
      "whiteSpace" : false
    }, {
      "id" : "s1-t11",
      "begin" : 246,
      "end" : 251,
      "text" : "model",
      "whiteSpace" : false
    }, {
      "id" : "s1-t12",
      "begin" : 252,
      "end" : 254,
      "text" : "of",
      "whiteSpace" : false
    }, {
      "id" : "s1-t13",
      "begin" : 255,
      "end" : 263,
      "text" : "conflict",
      "whiteSpace" : false
    }, {
      "id" : "s1-t14",
      "begin" : 264,
      "end" : 271,
      "text" : "between",
      "whiteSpace" : false
    }, {
      "id" : "s1-t15",
      "begin" : 272,
      "end" : 278,
      "text" : "social",
      "whiteSpace" : false
    }, {
      "id" : "s1-t16",
      "begin" : 279,
      "end" : 285,
      "text" : "groups",
      "whiteSpace" : false
    }, {
      "id" : "s1-t17",
      "begin" : 286,
      "end" : 290,
      "text" : "over",
      "whiteSpace" : false
    }, {
      "id" : "s1-t18",
      "begin" : 291,
      "end" : 294,
      "text" : "the",
      "whiteSpace" : false
    }, {
      "id" : "s1-t19",
      "begin" : 295,
      "end" : 307,
      "text" : "distribution",
      "whiteSpace" : false
    }, {
      "id" : "s1-t20",
      "begin" : 308,
      "end" : 310,
      "text" : "of",
      "whiteSpace" : false
    }, {
      "id" : "s1-t21",
      "begin" : 311,
      "end" : 317,
      "text" : "income",
      "whiteSpace" : false
    }, {
      "id" : "s1-t22",
      "begin" : 317,
      "end" : 318,
      "text" : ".",
      "whiteSpace" : false
    } ]
  }, {
    "id" : "s2",
    "begin" : 319,
    "end" : 418,
    "text" : "Among all possible equilibria, we concentrate on those that are on the constrained Pareto frontier.",
    "tokens" : [ {
      "id" : "s2-t0",
      "begin" : 319,
      "end" : 324,
      "text" : "Among",
      "whiteSpace" : false
    }, {
      "id" : "s2-t1",
      "begin" : 325,
      "end" : 328,
      "text" : "all",
      "whiteSpace" : false
    }, {
      "id" : "s2-t2",
      "begin" : 329,
      "end" : 337,
      "text" : "possible",
      "whiteSpace" : false
    }, {
      "id" : "s2-t3",
      "begin" : 338,
      "end" : 348,
      "text" : "equilibria",
      "whiteSpace" : false
    }, {
      "id" : "s2-t4",
      "begin" : 348,
      "end" : 349,
      "text" : ",",
      "whiteSpace" : false
    }, {
      "id" : "s2-t5",
      "begin" : 350,
      "end" : 352,
      "text" : "we",
      "whiteSpace" : false
    }, {
      "id" : "s2-t6",
      "begin" : 353,
      "end" : 364,
      "text" : "concentrate",
      "whiteSpace" : false
    }, {
      "id" : "s2-t7",
      "begin" : 365,
      "end" : 367,
      "text" : "on",
      "whiteSpace" : false
    }, {
      "id" : "s2-t8",
      "begin" : 368,
      "end" : 373,
      "text" : "those",
      "whiteSpace" : false
    }, {
      "id" : "s2-t9",
      "begin" : 374,
      "end" : 378,
      "text" : "that",
      "whiteSpace" : false
    }, {
      "id" : "s2-t10",
      "begin" : 379,
      "end" : 382,
      "text" : "are",
      "whiteSpace" : false
    }, {
      "id" : "s2-t11",
      "begin" : 383,
      "end" : 385,
      "text" : "on",
      "whiteSpace" : false
    }, {
      "id" : "s2-t12",
      "begin" : 386,
      "end" : 389,
      "text" : "the",
      "whiteSpace" : false
    }, {
      "id" : "s2-t13",
      "begin" : 390,
      "end" : 401,
      "text" : "constrained",
      "whiteSpace" : false
    }, {
      "id" : "s2-t14",
      "begin" : 402,
      "end" : 408,
      "text" : "Pareto",
      "whiteSpace" : false
    }, {
      "id" : "s2-t15",
      "begin" : 409,
      "end" : 417,
      "text" : "frontier",
      "whiteSpace" : false
    }, {
      "id" : "s2-t16",
      "begin" : 417,
      "end" : 418,
      "text" : ".",
      "whiteSpace" : false
    } ]
  }, {
    "id" : "s3",
    "begin" : 419,
    "end" : 496,
    "text" : "We study how the level of wealth and the degree of inequality affects growth.",
    "tokens" : [ {
      "id" : "s3-t0",
      "begin" : 419,
      "end" : 421,
      "text" : "We",
      "whiteSpace" : false
    }, {
      "id" : "s3-t1",
      "begin" : 422,
      "end" : 427,
      "text" : "study",
      "whiteSpace" : false
    }, {
      "id" : "s3-t2",
      "begin" : 428,
      "end" : 431,
      "text" : "how",
      "whiteSpace" : false
    }, {
      "id" : "s3-t3",
      "begin" : 432,
      "end" : 435,
      "text" : "the",
      "whiteSpace" : false
    }, {
      "id" : "s3-t4",
      "begin" : 436,
      "end" : 441,
      "text" : "level",
      "whiteSpace" : false
    }, {
      "id" : "s3-t5",
      "begin" : 442,
      "end" : 444,
      "text" : "of",
      "whiteSpace" : false
    }, {
      "id" : "s3-t6",
      "begin" : 445,
      "end" : 451,
      "text" : "wealth",
      "whiteSpace" : false
    }, {
      "id" : "s3-t7",
      "begin" : 452,
      "end" : 455,
      "text" : "and",
      "whiteSpace" : false
    }, {
      "id" : "s3-t8",
      "begin" : 456,
      "end" : 459,
      "text" : "the",
      "whiteSpace" : false
    }, {
      "id" : "s3-t9",
      "begin" : 460,
      "end" : 466,
      "text" : "degree",
      "whiteSpace" : false
    }, {
      "id" : "s3-t10",
      "begin" : 467,
      "end" : 469,
      "text" : "of",
      "whiteSpace" : false
    }, {
      "id" : "s3-t11",
      "begin" : 470,
      "end" : 480,
      "text" : "inequality",
      "whiteSpace" : false
    }, {
      "id" : "s3-t12",
      "begin" : 481,
      "end" : 488,
      "text" : "affects",
      "whiteSpace" : false
    }, {
      "id" : "s3-t13",
      "begin" : 489,
      "end" : 495,
      "text" : "growth",
      "whiteSpace" : false
    }, {
      "id" : "s3-t14",
      "begin" : 495,
      "end" : 496,
      "text" : ".",
      "whiteSpace" : false
    } ]
  }, {
    "id" : "s4",
    "begin" : 497,
    "end" : 661,
    "text" : "We show how lower wealth can lead to lower growth and even to stagnation when the incentives to domestic accumulation are weakened by redistributive considerations.",
    "tokens" : [ {
      "id" : "s4-t0",
      "begin" : 497,
      "end" : 499,
      "text" : "We",
      "whiteSpace" : false
    }, {
      "id" : "s4-t1",
      "begin" : 500,
      "end" : 504,
      "text" : "show",
      "whiteSpace" : false
    }, {
      "id" : "s4-t2",
      "begin" : 505,
      "end" : 508,
      "text" : "how",
      "whiteSpace" : false
    }, {
      "id" : "s4-t3",
      "begin" : 509,
      "end" : 514,
      "text" : "lower",
      "whiteSpace" : false
    }, {
      "id" : "s4-t4",
      "begin" : 515,
      "end" : 521,
      "text" : "wealth",
      "whiteSpace" : false
    }, {
      "id" : "s4-t5",
      "begin" : 522,
      "end" : 525,
      "text" : "can",
      "whiteSpace" : false
    }, {
      "id" : "s4-t6",
      "begin" : 526,
      "end" : 530,
      "text" : "lead",
      "whiteSpace" : false
    }, {
      "id" : "s4-t7",
      "begin" : 531,
      "end" : 533,
      "text" : "to",
      "whiteSpace" : false
    }, {
      "id" : "s4-t8",
      "begin" : 534,
      "end" : 539,
      "text" : "lower",
      "whiteSpace" : false
    }, {
      "id" : "s4-t9",
      "begin" : 540,
      "end" : 546,
      "text" : "growth",
      "whiteSpace" : false
    }, {
      "id" : "s4-t10",
      "begin" : 547,
      "end" : 550,
      "text" : "and",
      "whiteSpace" : false
    }, {
      "id" : "s4-t11",
      "begin" : 551,
      "end" : 555,
      "text" : "even",
      "whiteSpace" : false
    }, {
      "id" : "s4-t12",
      "begin" : 556,
      "end" : 558,
      "text" : "to",
      "whiteSpace" : false
    }, {
      "id" : "s4-t13",
      "begin" : 559,
      "end" : 569,
      "text" : "stagnation",
      "whiteSpace" : false
    }, {
      "id" : "s4-t14",
      "begin" : 570,
      "end" : 574,
      "text" : "when",
      "whiteSpace" : false
    }, {
      "id" : "s4-t15",
      "begin" : 575,
      "end" : 578,
      "text" : "the",
      "whiteSpace" : false
    }, {
      "id" : "s4-t16",
      "begin" : 579,
      "end" : 589,
      "text" : "incentives",
      "whiteSpace" : false
    }, {
      "id" : "s4-t17",
      "begin" : 590,
      "end" : 592,
      "text" : "to",
      "whiteSpace" : false
    }, {
      "id" : "s4-t18",
      "begin" : 593,
      "end" : 601,
      "text" : "domestic",
      "whiteSpace" : false
    }, {
      "id" : "s4-t19",
      "begin" : 602,
      "end" : 614,
      "text" : "accumulation",
      "whiteSpace" : false
    }, {
      "id" : "s4-t20",
      "begin" : 615,
      "end" : 618,
      "text" : "are",
      "whiteSpace" : false
    }, {
      "id" : "s4-t21",
      "begin" : 619,
      "end" : 627,
      "text" : "weakened",
      "whiteSpace" : false
    }, {
      "id" : "s4-t22",
      "begin" : 628,
      "end" : 630,
      "text" : "by",
      "whiteSpace" : false
    }, {
      "id" : "s4-t23",
      "begin" : 631,
      "end" : 645,
      "text" : "redistributive",
      "whiteSpace" : false
    }, {
      "id" : "s4-t24",
      "begin" : 646,
      "end" : 660,
      "text" : "considerations",
      "whiteSpace" : false
    }, {
      "id" : "s4-t25",
      "begin" : 660,
      "end" : 661,
      "text" : ".",
      "whiteSpace" : false
    } ]
  } ],
  "mentions" : [ {
    "id" : "m1",
    "properties" : {
      "SIRE_MENTION_ROLE" : "Variable",
      "SIRE_ENTITY_SUBTYPE" : "NONE",
      "SIRE_MENTION_CLASS" : "SPC",
      "SIRE_MENTION_TYPE" : "NONE"
    },
    "type" : "Variable",
    "begin" : 54,
    "end" : 69,
    "inCoref" : true
  }, {
    "id" : "m2",
    "properties" : {
      "SIRE_MENTION_ROLE" : "relation",
      "SIRE_ENTITY_SUBTYPE" : "NONE",
      "SIRE_MENTION_CLASS" : "SPC",
      "SIRE_MENTION_TYPE" : "NONE"
    },
    "type" : "relation",
    "begin" : 119,
    "end" : 124,
    "inCoref" : false
  }, {
    "id" : "s1-m3",
    "properties" : {
      "SIRE_MENTION_ROLE" : "evidence",
      "SIRE_ENTITY_SUBTYPE" : "NONE",
      "SIRE_MENTION_TYPE" : "NONE",
      "SIRE_MENTION_CLASS" : "SPC"
    },
    "type" : "evidence",
    "begin" : 181,
    "end" : 188,
    "inCoref" : false
  }, {
    "id" : "m11",
    "properties" : {
      "SIRE_ENTITY_LEVEL" : "NONE",
      "SIRE_MENTION_ROLE" : "Variable",
      "SIRE_ENTITY_CLASS" : "SPC",
      "SIRE_ENTITY_SUBTYPE" : "NONE",
      "SIRE_MENTION_CLASS" : "SPC",
      "SIRE_MENTION_TYPE" : "NONE"
    },
    "type" : "Variable",
    "begin" : 272,
    "end" : 285,
    "inCoref" : false
  }, {
    "id" : "m3",
    "properties" : {
      "SIRE_MENTION_ROLE" : "Variable",
      "SIRE_ENTITY_SUBTYPE" : "NONE",
      "SIRE_MENTION_CLASS" : "SPC",
      "SIRE_MENTION_TYPE" : "NONE"
    },
    "type" : "Variable",
    "begin" : 295,
    "end" : 317,
    "inCoref" : false
  }, {
    "id" : "m4",
    "properties" : {
      "SIRE_MENTION_ROLE" : "evidence",
      "SIRE_ENTITY_SUBTYPE" : "NONE",
      "SIRE_MENTION_CLASS" : "SPC",
      "SIRE_MENTION_TYPE" : "NONE"
    },
    "type" : "evidence",
    "begin" : 422,
    "end" : 427,
    "inCoref" : false
  }, {
    "id" : "m12",
    "properties" : {
      "SIRE_ENTITY_LEVEL" : "NONE",
      "SIRE_MENTION_ROLE" : "Variable",
      "SIRE_ENTITY_CLASS" : "SPC",
      "SIRE_ENTITY_SUBTYPE" : "NONE",
      "SIRE_MENTION_CLASS" : "SPC",
      "SIRE_MENTION_TYPE" : "NONE"
    },
    "type" : "Variable",
    "begin" : 445,
    "end" : 451,
    "inCoref" : true
  }, {
    "id" : "m5",
    "properties" : {
      "SIRE_MENTION_ROLE" : "Variable",
      "SIRE_ENTITY_SUBTYPE" : "NONE",
      "SIRE_MENTION_CLASS" : "SPC",
      "SIRE_MENTION_TYPE" : "NONE"
    },
    "type" : "Variable",
    "begin" : 470,
    "end" : 480,
    "inCoref" : false
  }, {
    "id" : "s3-m5",
    "properties" : {
      "SIRE_MENTION_ROLE" : "relation",
      "SIRE_ENTITY_SUBTYPE" : "NONE",
      "SIRE_MENTION_TYPE" : "NONE",
      "SIRE_MENTION_CLASS" : "SPC"
    },
    "type" : "relation",
    "begin" : 481,
    "end" : 488,
    "inCoref" : false
  }, {
    "id" : "m6",
    "properties" : {
      "SIRE_MENTION_ROLE" : "Variable",
      "SIRE_ENTITY_SUBTYPE" : "NONE",
      "SIRE_MENTION_CLASS" : "SPC",
      "SIRE_MENTION_TYPE" : "NONE"
    },
    "type" : "Variable",
    "begin" : 489,
    "end" : 495,
    "inCoref" : true
  }, {
    "id" : "m7",
    "properties" : {
      "SIRE_MENTION_ROLE" : "evidence",
      "SIRE_ENTITY_SUBTYPE" : "NONE",
      "SIRE_MENTION_CLASS" : "SPC",
      "SIRE_MENTION_TYPE" : "NONE"
    },
    "type" : "evidence",
    "begin" : 500,
    "end" : 504,
    "inCoref" : false
  }, {
    "id" : "m8",
    "properties" : {
      "SIRE_MENTION_ROLE" : "relation",
      "SIRE_ENTITY_SUBTYPE" : "NONE",
      "SIRE_MENTION_CLASS" : "SPC",
      "SIRE_MENTION_TYPE" : "NONE"
    },
    "type" : "relation",
    "begin" : 509,
    "end" : 514,
    "inCoref" : false
  }, {
    "id" : "m13",
    "properties" : {
      "SIRE_ENTITY_LEVEL" : "NONE",
      "SIRE_MENTION_ROLE" : "Variable",
      "SIRE_ENTITY_CLASS" : "SPC",
      "SIRE_ENTITY_SUBTYPE" : "NONE",
      "SIRE_MENTION_CLASS" : "SPC",
      "SIRE_MENTION_TYPE" : "NONE"
    },
    "type" : "Variable",
    "begin" : 515,
    "end" : 521,
    "inCoref" : true
  }, {
    "id" : "m14",
    "properties" : {
      "SIRE_ENTITY_LEVEL" : "NONE",
      "SIRE_MENTION_ROLE" : "relation",
      "SIRE_ENTITY_CLASS" : "SPC",
      "SIRE_ENTITY_SUBTYPE" : "NONE",
      "SIRE_MENTION_CLASS" : "SPC",
      "SIRE_MENTION_TYPE" : "NONE"
    },
    "type" : "relation",
    "begin" : 526,
    "end" : 533,
    "inCoref" : false
  }, {
    "id" : "m9",
    "properties" : {
      "SIRE_MENTION_ROLE" : "relation",
      "SIRE_ENTITY_SUBTYPE" : "NONE",
      "SIRE_MENTION_CLASS" : "SPC",
      "SIRE_MENTION_TYPE" : "NONE"
    },
    "type" : "relation",
    "begin" : 534,
    "end" : 539,
    "inCoref" : false
  }, {
    "id" : "m10",
    "properties" : {
      "SIRE_MENTION_ROLE" : "Variable",
      "SIRE_ENTITY_SUBTYPE" : "NONE",
      "SIRE_MENTION_CLASS" : "SPC",
      "SIRE_MENTION_TYPE" : "NONE"
    },
    "type" : "Variable",
    "begin" : 540,
    "end" : 546,
    "inCoref" : true
  } ],
  "relations" : [ {
    "id" : "s4-r1",
    "properties" : { },
    "type" : "Causal",
    "args" : [ "m13", "m10" ]
  } ],
  "corefs" : [ {
    "id" : "c1",
    "properties" : { },
    "mentions" : [ "m1", "m6", "m10" ]
  }, {
    "id" : "c2",
    "properties" : { },
    "mentions" : [ "m12", "m13" ]
  } ],
  "typeResolved" : true,
  "userResolved" : false
}