{
  "id" : "27254b60-5128-11ec-a727-c91aef4b6ba6-5",
  "name" : "19; R. Breunig , O. Majeed2020.docx",
  "createdDate" : 0,
  "version" : 3,
  "text" : "Recent research has highlighted a negative impact of inequality on economic growth. We re-evaluate this hypothesis focusing on both inequality and poverty and their interaction. We replicate previous results showing that inequality has a negative impact on growth. However, we show that when we account for both inequality and poverty, the negative effect of inequality on growth appears to be concentrated amongst countries with high poverty. This would argue for policies targeted towards alleviating poverty even if they have no effect on inequality.\n\n",
  "docLength" : 0,
  "language" : "EN",
  "status" : "IN_PROGRESS",
  "modifiedDate" : 1638281779110,
  "documentSet" : [ ],
  "preannotation" : [ "PRE_LW", "PRE_SIRE" ],
  "sentences" : [ {
    "id" : "s0",
    "begin" : 0,
    "end" : 83,
    "text" : "Recent research has highlighted a negative impact of inequality on economic growth.",
    "tokens" : [ {
      "id" : "s0-t0",
      "begin" : 0,
      "end" : 6,
      "text" : "Recent",
      "whiteSpace" : false
    }, {
      "id" : "s0-t1",
      "begin" : 7,
      "end" : 15,
      "text" : "research",
      "whiteSpace" : false
    }, {
      "id" : "s0-t2",
      "begin" : 16,
      "end" : 19,
      "text" : "has",
      "whiteSpace" : false
    }, {
      "id" : "s0-t3",
      "begin" : 20,
      "end" : 31,
      "text" : "highlighted",
      "whiteSpace" : false
    }, {
      "id" : "s0-t4",
      "begin" : 32,
      "end" : 33,
      "text" : "a",
      "whiteSpace" : false
    }, {
      "id" : "s0-t5",
      "begin" : 34,
      "end" : 42,
      "text" : "negative",
      "whiteSpace" : false
    }, {
      "id" : "s0-t6",
      "begin" : 43,
      "end" : 49,
      "text" : "impact",
      "whiteSpace" : false
    }, {
      "id" : "s0-t7",
      "begin" : 50,
      "end" : 52,
      "text" : "of",
      "whiteSpace" : false
    }, {
      "id" : "s0-t8",
      "begin" : 53,
      "end" : 63,
      "text" : "inequality",
      "whiteSpace" : false
    }, {
      "id" : "s0-t9",
      "begin" : 64,
      "end" : 66,
      "text" : "on",
      "whiteSpace" : false
    }, {
      "id" : "s0-t10",
      "begin" : 67,
      "end" : 75,
      "text" : "economic",
      "whiteSpace" : false
    }, {
      "id" : "s0-t11",
      "begin" : 76,
      "end" : 82,
      "text" : "growth",
      "whiteSpace" : false
    }, {
      "id" : "s0-t12",
      "begin" : 82,
      "end" : 83,
      "text" : ".",
      "whiteSpace" : false
    } ]
  }, {
    "id" : "s1",
    "begin" : 84,
    "end" : 177,
    "text" : "We re-evaluate this hypothesis focusing on both inequality and poverty and their interaction.",
    "tokens" : [ {
      "id" : "s1-t0",
      "begin" : 84,
      "end" : 86,
      "text" : "We",
      "whiteSpace" : false
    }, {
      "id" : "s1-t1",
      "begin" : 87,
      "end" : 98,
      "text" : "re-evaluate",
      "whiteSpace" : false
    }, {
      "id" : "s1-t2",
      "begin" : 99,
      "end" : 103,
      "text" : "this",
      "whiteSpace" : false
    }, {
      "id" : "s1-t3",
      "begin" : 104,
      "end" : 114,
      "text" : "hypothesis",
      "whiteSpace" : false
    }, {
      "id" : "s1-t4",
      "begin" : 115,
      "end" : 123,
      "text" : "focusing",
      "whiteSpace" : false
    }, {
      "id" : "s1-t5",
      "begin" : 124,
      "end" : 126,
      "text" : "on",
      "whiteSpace" : false
    }, {
      "id" : "s1-t6",
      "begin" : 127,
      "end" : 131,
      "text" : "both",
      "whiteSpace" : false
    }, {
      "id" : "s1-t7",
      "begin" : 132,
      "end" : 142,
      "text" : "inequality",
      "whiteSpace" : false
    }, {
      "id" : "s1-t8",
      "begin" : 143,
      "end" : 146,
      "text" : "and",
      "whiteSpace" : false
    }, {
      "id" : "s1-t9",
      "begin" : 147,
      "end" : 154,
      "text" : "poverty",
      "whiteSpace" : false
    }, {
      "id" : "s1-t10",
      "begin" : 155,
      "end" : 158,
      "text" : "and",
      "whiteSpace" : false
    }, {
      "id" : "s1-t11",
      "begin" : 159,
      "end" : 164,
      "text" : "their",
      "whiteSpace" : false
    }, {
      "id" : "s1-t12",
      "begin" : 165,
      "end" : 176,
      "text" : "interaction",
      "whiteSpace" : false
    }, {
      "id" : "s1-t13",
      "begin" : 176,
      "end" : 177,
      "text" : ".",
      "whiteSpace" : false
    } ]
  }, {
    "id" : "s2",
    "begin" : 178,
    "end" : 264,
    "text" : "We replicate previous results showing that inequality has a negative impact on growth.",
    "tokens" : [ {
      "id" : "s2-t0",
      "begin" : 178,
      "end" : 180,
      "text" : "We",
      "whiteSpace" : false
    }, {
      "id" : "s2-t1",
      "begin" : 181,
      "end" : 190,
      "text" : "replicate",
      "whiteSpace" : false
    }, {
      "id" : "s2-t2",
      "begin" : 191,
      "end" : 199,
      "text" : "previous",
      "whiteSpace" : false
    }, {
      "id" : "s2-t3",
      "begin" : 200,
      "end" : 207,
      "text" : "results",
      "whiteSpace" : false
    }, {
      "id" : "s2-t4",
      "begin" : 208,
      "end" : 215,
      "text" : "showing",
      "whiteSpace" : false
    }, {
      "id" : "s2-t5",
      "begin" : 216,
      "end" : 220,
      "text" : "that",
      "whiteSpace" : false
    }, {
      "id" : "s2-t6",
      "begin" : 221,
      "end" : 231,
      "text" : "inequality",
      "whiteSpace" : false
    }, {
      "id" : "s2-t7",
      "begin" : 232,
      "end" : 235,
      "text" : "has",
      "whiteSpace" : false
    }, {
      "id" : "s2-t8",
      "begin" : 236,
      "end" : 237,
      "text" : "a",
      "whiteSpace" : false
    }, {
      "id" : "s2-t9",
      "begin" : 238,
      "end" : 246,
      "text" : "negative",
      "whiteSpace" : false
    }, {
      "id" : "s2-t10",
      "begin" : 247,
      "end" : 253,
      "text" : "impact",
      "whiteSpace" : false
    }, {
      "id" : "s2-t11",
      "begin" : 254,
      "end" : 256,
      "text" : "on",
      "whiteSpace" : false
    }, {
      "id" : "s2-t12",
      "begin" : 257,
      "end" : 263,
      "text" : "growth",
      "whiteSpace" : false
    }, {
      "id" : "s2-t13",
      "begin" : 263,
      "end" : 264,
      "text" : ".",
      "whiteSpace" : false
    } ]
  }, {
    "id" : "s3",
    "begin" : 265,
    "end" : 443,
    "text" : "However, we show that when we account for both inequality and poverty, the negative effect of inequality on growth appears to be concentrated amongst countries with high poverty.",
    "tokens" : [ {
      "id" : "s3-t0",
      "begin" : 265,
      "end" : 272,
      "text" : "However",
      "whiteSpace" : false
    }, {
      "id" : "s3-t1",
      "begin" : 272,
      "end" : 273,
      "text" : ",",
      "whiteSpace" : false
    }, {
      "id" : "s3-t2",
      "begin" : 274,
      "end" : 276,
      "text" : "we",
      "whiteSpace" : false
    }, {
      "id" : "s3-t3",
      "begin" : 277,
      "end" : 281,
      "text" : "show",
      "whiteSpace" : false
    }, {
      "id" : "s3-t4",
      "begin" : 282,
      "end" : 286,
      "text" : "that",
      "whiteSpace" : false
    }, {
      "id" : "s3-t5",
      "begin" : 287,
      "end" : 291,
      "text" : "when",
      "whiteSpace" : false
    }, {
      "id" : "s3-t6",
      "begin" : 292,
      "end" : 294,
      "text" : "we",
      "whiteSpace" : false
    }, {
      "id" : "s3-t7",
      "begin" : 295,
      "end" : 302,
      "text" : "account",
      "whiteSpace" : false
    }, {
      "id" : "s3-t8",
      "begin" : 303,
      "end" : 306,
      "text" : "for",
      "whiteSpace" : false
    }, {
      "id" : "s3-t9",
      "begin" : 307,
      "end" : 311,
      "text" : "both",
      "whiteSpace" : false
    }, {
      "id" : "s3-t10",
      "begin" : 312,
      "end" : 322,
      "text" : "inequality",
      "whiteSpace" : false
    }, {
      "id" : "s3-t11",
      "begin" : 323,
      "end" : 326,
      "text" : "and",
      "whiteSpace" : false
    }, {
      "id" : "s3-t12",
      "begin" : 327,
      "end" : 334,
      "text" : "poverty",
      "whiteSpace" : false
    }, {
      "id" : "s3-t13",
      "begin" : 334,
      "end" : 335,
      "text" : ",",
      "whiteSpace" : false
    }, {
      "id" : "s3-t14",
      "begin" : 336,
      "end" : 339,
      "text" : "the",
      "whiteSpace" : false
    }, {
      "id" : "s3-t15",
      "begin" : 340,
      "end" : 348,
      "text" : "negative",
      "whiteSpace" : false
    }, {
      "id" : "s3-t16",
      "begin" : 349,
      "end" : 355,
      "text" : "effect",
      "whiteSpace" : false
    }, {
      "id" : "s3-t17",
      "begin" : 356,
      "end" : 358,
      "text" : "of",
      "whiteSpace" : false
    }, {
      "id" : "s3-t18",
      "begin" : 359,
      "end" : 369,
      "text" : "inequality",
      "whiteSpace" : false
    }, {
      "id" : "s3-t19",
      "begin" : 370,
      "end" : 372,
      "text" : "on",
      "whiteSpace" : false
    }, {
      "id" : "s3-t20",
      "begin" : 373,
      "end" : 379,
      "text" : "growth",
      "whiteSpace" : false
    }, {
      "id" : "s3-t21",
      "begin" : 380,
      "end" : 387,
      "text" : "appears",
      "whiteSpace" : false
    }, {
      "id" : "s3-t22",
      "begin" : 388,
      "end" : 390,
      "text" : "to",
      "whiteSpace" : false
    }, {
      "id" : "s3-t23",
      "begin" : 391,
      "end" : 393,
      "text" : "be",
      "whiteSpace" : false
    }, {
      "id" : "s3-t24",
      "begin" : 394,
      "end" : 406,
      "text" : "concentrated",
      "whiteSpace" : false
    }, {
      "id" : "s3-t25",
      "begin" : 407,
      "end" : 414,
      "text" : "amongst",
      "whiteSpace" : false
    }, {
      "id" : "s3-t26",
      "begin" : 415,
      "end" : 424,
      "text" : "countries",
      "whiteSpace" : false
    }, {
      "id" : "s3-t27",
      "begin" : 425,
      "end" : 429,
      "text" : "with",
      "whiteSpace" : false
    }, {
      "id" : "s3-t28",
      "begin" : 430,
      "end" : 434,
      "text" : "high",
      "whiteSpace" : false
    }, {
      "id" : "s3-t29",
      "begin" : 435,
      "end" : 442,
      "text" : "poverty",
      "whiteSpace" : false
    }, {
      "id" : "s3-t30",
      "begin" : 442,
      "end" : 443,
      "text" : ".",
      "whiteSpace" : false
    } ]
  }, {
    "id" : "s4",
    "begin" : 444,
    "end" : 553,
    "text" : "This would argue for policies targeted towards alleviating poverty even if they have no effect on inequality.",
    "tokens" : [ {
      "id" : "s4-t0",
      "begin" : 444,
      "end" : 448,
      "text" : "This",
      "whiteSpace" : false
    }, {
      "id" : "s4-t1",
      "begin" : 449,
      "end" : 454,
      "text" : "would",
      "whiteSpace" : false
    }, {
      "id" : "s4-t2",
      "begin" : 455,
      "end" : 460,
      "text" : "argue",
      "whiteSpace" : false
    }, {
      "id" : "s4-t3",
      "begin" : 461,
      "end" : 464,
      "text" : "for",
      "whiteSpace" : false
    }, {
      "id" : "s4-t4",
      "begin" : 465,
      "end" : 473,
      "text" : "policies",
      "whiteSpace" : false
    }, {
      "id" : "s4-t5",
      "begin" : 474,
      "end" : 482,
      "text" : "targeted",
      "whiteSpace" : false
    }, {
      "id" : "s4-t6",
      "begin" : 483,
      "end" : 490,
      "text" : "towards",
      "whiteSpace" : false
    }, {
      "id" : "s4-t7",
      "begin" : 491,
      "end" : 502,
      "text" : "alleviating",
      "whiteSpace" : false
    }, {
      "id" : "s4-t8",
      "begin" : 503,
      "end" : 510,
      "text" : "poverty",
      "whiteSpace" : false
    }, {
      "id" : "s4-t9",
      "begin" : 511,
      "end" : 515,
      "text" : "even",
      "whiteSpace" : false
    }, {
      "id" : "s4-t10",
      "begin" : 516,
      "end" : 518,
      "text" : "if",
      "whiteSpace" : false
    }, {
      "id" : "s4-t11",
      "begin" : 519,
      "end" : 523,
      "text" : "they",
      "whiteSpace" : false
    }, {
      "id" : "s4-t12",
      "begin" : 524,
      "end" : 528,
      "text" : "have",
      "whiteSpace" : false
    }, {
      "id" : "s4-t13",
      "begin" : 529,
      "end" : 531,
      "text" : "no",
      "whiteSpace" : false
    }, {
      "id" : "s4-t14",
      "begin" : 532,
      "end" : 538,
      "text" : "effect",
      "whiteSpace" : false
    }, {
      "id" : "s4-t15",
      "begin" : 539,
      "end" : 541,
      "text" : "on",
      "whiteSpace" : false
    }, {
      "id" : "s4-t16",
      "begin" : 542,
      "end" : 552,
      "text" : "inequality",
      "whiteSpace" : false
    }, {
      "id" : "s4-t17",
      "begin" : 552,
      "end" : 553,
      "text" : ".",
      "whiteSpace" : false
    } ]
  } ],
  "mentions" : [ {
    "id" : "m1",
    "properties" : {
      "SIRE_MENTION_ROLE" : "relation",
      "SIRE_ENTITY_SUBTYPE" : "NONE",
      "SIRE_MENTION_CLASS" : "SPC",
      "SIRE_MENTION_TYPE" : "NONE"
    },
    "type" : "relation",
    "begin" : 43,
    "end" : 52,
    "inCoref" : false
  }, {
    "id" : "m2",
    "properties" : {
      "SIRE_MENTION_ROLE" : "Variable",
      "SIRE_ENTITY_SUBTYPE" : "NONE",
      "SIRE_MENTION_CLASS" : "SPC",
      "SIRE_MENTION_TYPE" : "NONE"
    },
    "type" : "Variable",
    "begin" : 53,
    "end" : 63,
    "inCoref" : true
  }, {
    "id" : "m3",
    "properties" : {
      "SIRE_MENTION_ROLE" : "Variable",
      "SIRE_ENTITY_SUBTYPE" : "NONE",
      "SIRE_MENTION_CLASS" : "SPC",
      "SIRE_MENTION_TYPE" : "NONE"
    },
    "type" : "Variable",
    "begin" : 67,
    "end" : 82,
    "inCoref" : true
  }, {
    "id" : "s1-m3",
    "properties" : {
      "SIRE_MENTION_ROLE" : "evidence",
      "SIRE_ENTITY_SUBTYPE" : "NONE",
      "SIRE_MENTION_TYPE" : "NONE",
      "SIRE_MENTION_CLASS" : "SPC"
    },
    "type" : "evidence",
    "begin" : 104,
    "end" : 114,
    "inCoref" : false
  }, {
    "id" : "m4",
    "properties" : {
      "SIRE_MENTION_ROLE" : "Variable",
      "SIRE_ENTITY_SUBTYPE" : "NONE",
      "SIRE_MENTION_CLASS" : "SPC",
      "SIRE_MENTION_TYPE" : "NONE"
    },
    "type" : "Variable",
    "begin" : 132,
    "end" : 142,
    "inCoref" : true
  }, {
    "id" : "m5",
    "properties" : {
      "SIRE_MENTION_ROLE" : "Variable",
      "SIRE_ENTITY_SUBTYPE" : "NONE",
      "SIRE_MENTION_CLASS" : "SPC",
      "SIRE_MENTION_TYPE" : "NONE"
    },
    "type" : "Variable",
    "begin" : 147,
    "end" : 154,
    "inCoref" : true
  }, {
    "id" : "m6",
    "properties" : {
      "SIRE_MENTION_ROLE" : "evidence",
      "SIRE_ENTITY_SUBTYPE" : "NONE",
      "SIRE_MENTION_CLASS" : "SPC",
      "SIRE_MENTION_TYPE" : "NONE"
    },
    "type" : "evidence",
    "begin" : 200,
    "end" : 207,
    "inCoref" : false
  }, {
    "id" : "m7",
    "properties" : {
      "SIRE_MENTION_ROLE" : "Variable",
      "SIRE_ENTITY_SUBTYPE" : "NONE",
      "SIRE_MENTION_CLASS" : "SPC",
      "SIRE_MENTION_TYPE" : "NONE"
    },
    "type" : "Variable",
    "begin" : 221,
    "end" : 231,
    "inCoref" : true
  }, {
    "id" : "m8",
    "properties" : {
      "SIRE_MENTION_ROLE" : "relation",
      "SIRE_ENTITY_SUBTYPE" : "NONE",
      "SIRE_MENTION_CLASS" : "SPC",
      "SIRE_MENTION_TYPE" : "NONE"
    },
    "type" : "relation",
    "begin" : 247,
    "end" : 256,
    "inCoref" : false
  }, {
    "id" : "m9",
    "properties" : {
      "SIRE_MENTION_ROLE" : "Variable",
      "SIRE_ENTITY_SUBTYPE" : "NONE",
      "SIRE_MENTION_CLASS" : "SPC",
      "SIRE_MENTION_TYPE" : "NONE"
    },
    "type" : "Variable",
    "begin" : 257,
    "end" : 263,
    "inCoref" : true
  }, {
    "id" : "m10",
    "properties" : {
      "SIRE_MENTION_ROLE" : "evidence",
      "SIRE_ENTITY_SUBTYPE" : "NONE",
      "SIRE_MENTION_CLASS" : "SPC",
      "SIRE_MENTION_TYPE" : "NONE"
    },
    "type" : "evidence",
    "begin" : 277,
    "end" : 281,
    "inCoref" : false
  }, {
    "id" : "m11",
    "properties" : {
      "SIRE_MENTION_ROLE" : "relation",
      "SIRE_ENTITY_SUBTYPE" : "NONE",
      "SIRE_MENTION_CLASS" : "SPC",
      "SIRE_MENTION_TYPE" : "NONE"
    },
    "type" : "relation",
    "begin" : 295,
    "end" : 306,
    "inCoref" : false
  }, {
    "id" : "m12",
    "properties" : {
      "SIRE_MENTION_ROLE" : "Variable",
      "SIRE_ENTITY_SUBTYPE" : "NONE",
      "SIRE_MENTION_CLASS" : "SPC",
      "SIRE_MENTION_TYPE" : "NONE"
    },
    "type" : "Variable",
    "begin" : 312,
    "end" : 322,
    "inCoref" : true
  }, {
    "id" : "m13",
    "properties" : {
      "SIRE_MENTION_ROLE" : "Variable",
      "SIRE_ENTITY_SUBTYPE" : "NONE",
      "SIRE_MENTION_CLASS" : "SPC",
      "SIRE_MENTION_TYPE" : "NONE"
    },
    "type" : "Variable",
    "begin" : 327,
    "end" : 334,
    "inCoref" : true
  }, {
    "id" : "m14",
    "properties" : {
      "SIRE_MENTION_ROLE" : "relation",
      "SIRE_ENTITY_SUBTYPE" : "NONE",
      "SIRE_MENTION_CLASS" : "SPC",
      "SIRE_MENTION_TYPE" : "NONE"
    },
    "type" : "relation",
    "begin" : 349,
    "end" : 358,
    "inCoref" : false
  }, {
    "id" : "m15",
    "properties" : {
      "SIRE_MENTION_ROLE" : "Variable",
      "SIRE_ENTITY_SUBTYPE" : "NONE",
      "SIRE_MENTION_CLASS" : "SPC",
      "SIRE_MENTION_TYPE" : "NONE"
    },
    "type" : "Variable",
    "begin" : 359,
    "end" : 369,
    "inCoref" : true
  }, {
    "id" : "m16",
    "properties" : {
      "SIRE_MENTION_ROLE" : "Variable",
      "SIRE_ENTITY_SUBTYPE" : "NONE",
      "SIRE_MENTION_CLASS" : "SPC",
      "SIRE_MENTION_TYPE" : "NONE"
    },
    "type" : "Variable",
    "begin" : 373,
    "end" : 379,
    "inCoref" : true
  }, {
    "id" : "m17",
    "properties" : {
      "SIRE_MENTION_ROLE" : "Variable",
      "SIRE_ENTITY_SUBTYPE" : "NONE",
      "SIRE_MENTION_CLASS" : "SPC",
      "SIRE_MENTION_TYPE" : "NONE"
    },
    "type" : "Variable",
    "begin" : 435,
    "end" : 442,
    "inCoref" : true
  }, {
    "id" : "m18",
    "properties" : {
      "SIRE_MENTION_ROLE" : "evidence",
      "SIRE_ENTITY_SUBTYPE" : "NONE",
      "SIRE_MENTION_CLASS" : "SPC",
      "SIRE_MENTION_TYPE" : "NONE"
    },
    "type" : "evidence",
    "begin" : 455,
    "end" : 460,
    "inCoref" : false
  }, {
    "id" : "s4-m6",
    "properties" : {
      "SIRE_MENTION_ROLE" : "Variable",
      "SIRE_ENTITY_SUBTYPE" : "NONE",
      "SIRE_MENTION_TYPE" : "NONE",
      "SIRE_MENTION_CLASS" : "SPC"
    },
    "type" : "Variable",
    "begin" : 503,
    "end" : 510,
    "inCoref" : true
  }, {
    "id" : "s4-m5",
    "properties" : {
      "SIRE_MENTION_ROLE" : "negation",
      "SIRE_ENTITY_SUBTYPE" : "NONE",
      "SIRE_MENTION_TYPE" : "NONE",
      "SIRE_MENTION_CLASS" : "SPC"
    },
    "type" : "negation",
    "begin" : 529,
    "end" : 531,
    "inCoref" : false
  }, {
    "id" : "m20",
    "properties" : {
      "SIRE_MENTION_ROLE" : "relation",
      "SIRE_ENTITY_SUBTYPE" : "NONE",
      "SIRE_MENTION_CLASS" : "SPC",
      "SIRE_MENTION_TYPE" : "NONE"
    },
    "type" : "relation",
    "begin" : 532,
    "end" : 541,
    "inCoref" : false
  }, {
    "id" : "m21",
    "properties" : {
      "SIRE_MENTION_ROLE" : "Variable",
      "SIRE_ENTITY_SUBTYPE" : "NONE",
      "SIRE_MENTION_CLASS" : "SPC",
      "SIRE_MENTION_TYPE" : "NONE"
    },
    "type" : "Variable",
    "begin" : 542,
    "end" : 552,
    "inCoref" : true
  } ],
  "relations" : [ {
    "id" : "r1",
    "properties" : {
      "SIRE_RELATION_TENSE" : "UNSPECIFIED",
      "SIRE_RELATION_CLASS" : "SPECIFIC",
      "SIRE_RELATION_MODALITY" : "ASSERTED",
      "SIRE_RELATION_SUBTYPE" : "OTHER"
    },
    "type" : "Causal",
    "args" : [ "m2", "m3" ]
  }, {
    "id" : "r2",
    "properties" : {
      "SIRE_RELATION_TENSE" : "UNSPECIFIED",
      "SIRE_RELATION_CLASS" : "SPECIFIC",
      "SIRE_RELATION_MODALITY" : "ASSERTED",
      "SIRE_RELATION_SUBTYPE" : "OTHER"
    },
    "type" : "Causal",
    "args" : [ "m7", "m9" ]
  }, {
    "id" : "r3",
    "properties" : {
      "SIRE_RELATION_TENSE" : "UNSPECIFIED",
      "SIRE_RELATION_CLASS" : "SPECIFIC",
      "SIRE_RELATION_MODALITY" : "ASSERTED",
      "SIRE_RELATION_SUBTYPE" : "OTHER"
    },
    "type" : "Causal",
    "args" : [ "m15", "m16" ]
  }, {
    "id" : "s4-r2",
    "properties" : { },
    "type" : "NoRelation",
    "args" : [ "s4-m6", "m21" ]
  } ],
  "corefs" : [ {
    "id" : "c1",
    "properties" : { },
    "mentions" : [ "m2", "m4", "m7", "m12", "m15", "m21" ]
  }, {
    "id" : "c2",
    "properties" : { },
    "mentions" : [ "m3", "m9", "m16" ]
  }, {
    "id" : "c3",
    "properties" : { },
    "mentions" : [ "m5", "m13", "m17", "s4-m6" ]
  } ],
  "typeResolved" : true,
  "userResolved" : false
}