{
  "id" : "27254b60-5128-11ec-a727-c91aef4b6ba6-7",
  "name" : "21. A. Castelló-Climent 2010.docx",
  "createdDate" : 0,
  "version" : 3,
  "text" : "This paper investigates empirically the effect of income and human capital inequality on economic growth in different regions of the world. In the estimation of a dynamic panel data model that controls for country specific-effects an takes into account the persistency of the inequality indicators, the results show a different effect of inequality on growth depending on the level of development of the region. Specifically, we find a negative effect of income and human capital inequality on economic growth in the whole sample for which there are available data as well as in the low and middle income economies, an effect that vanishes or becomes positive when it comes to higher income countries. Nevertheless, a more exhaustive analysis of the encouraging influence of inequality on growth in the high income economies suggests that it is not stable over time and is highly affected by a typical observations.\n\n",
  "docLength" : 0,
  "language" : "EN",
  "status" : "IN_PROGRESS",
  "modifiedDate" : 1638282141592,
  "documentSet" : [ ],
  "preannotation" : [ "PRE_LW", "PRE_SIRE" ],
  "sentences" : [ {
    "id" : "s0",
    "begin" : 0,
    "end" : 139,
    "text" : "This paper investigates empirically the effect of income and human capital inequality on economic growth in different regions of the world.",
    "tokens" : [ {
      "id" : "s0-t0",
      "begin" : 0,
      "end" : 4,
      "text" : "This",
      "whiteSpace" : false
    }, {
      "id" : "s0-t1",
      "begin" : 5,
      "end" : 10,
      "text" : "paper",
      "whiteSpace" : false
    }, {
      "id" : "s0-t2",
      "begin" : 11,
      "end" : 23,
      "text" : "investigates",
      "whiteSpace" : false
    }, {
      "id" : "s0-t3",
      "begin" : 24,
      "end" : 35,
      "text" : "empirically",
      "whiteSpace" : false
    }, {
      "id" : "s0-t4",
      "begin" : 36,
      "end" : 39,
      "text" : "the",
      "whiteSpace" : false
    }, {
      "id" : "s0-t5",
      "begin" : 40,
      "end" : 46,
      "text" : "effect",
      "whiteSpace" : false
    }, {
      "id" : "s0-t6",
      "begin" : 47,
      "end" : 49,
      "text" : "of",
      "whiteSpace" : false
    }, {
      "id" : "s0-t7",
      "begin" : 50,
      "end" : 56,
      "text" : "income",
      "whiteSpace" : false
    }, {
      "id" : "s0-t8",
      "begin" : 57,
      "end" : 60,
      "text" : "and",
      "whiteSpace" : false
    }, {
      "id" : "s0-t9",
      "begin" : 61,
      "end" : 66,
      "text" : "human",
      "whiteSpace" : false
    }, {
      "id" : "s0-t10",
      "begin" : 67,
      "end" : 74,
      "text" : "capital",
      "whiteSpace" : false
    }, {
      "id" : "s0-t11",
      "begin" : 75,
      "end" : 85,
      "text" : "inequality",
      "whiteSpace" : false
    }, {
      "id" : "s0-t12",
      "begin" : 86,
      "end" : 88,
      "text" : "on",
      "whiteSpace" : false
    }, {
      "id" : "s0-t13",
      "begin" : 89,
      "end" : 97,
      "text" : "economic",
      "whiteSpace" : false
    }, {
      "id" : "s0-t14",
      "begin" : 98,
      "end" : 104,
      "text" : "growth",
      "whiteSpace" : false
    }, {
      "id" : "s0-t15",
      "begin" : 105,
      "end" : 107,
      "text" : "in",
      "whiteSpace" : false
    }, {
      "id" : "s0-t16",
      "begin" : 108,
      "end" : 117,
      "text" : "different",
      "whiteSpace" : false
    }, {
      "id" : "s0-t17",
      "begin" : 118,
      "end" : 125,
      "text" : "regions",
      "whiteSpace" : false
    }, {
      "id" : "s0-t18",
      "begin" : 126,
      "end" : 128,
      "text" : "of",
      "whiteSpace" : false
    }, {
      "id" : "s0-t19",
      "begin" : 129,
      "end" : 132,
      "text" : "the",
      "whiteSpace" : false
    }, {
      "id" : "s0-t20",
      "begin" : 133,
      "end" : 138,
      "text" : "world",
      "whiteSpace" : false
    }, {
      "id" : "s0-t21",
      "begin" : 138,
      "end" : 139,
      "text" : ".",
      "whiteSpace" : false
    } ]
  }, {
    "id" : "s1",
    "begin" : 140,
    "end" : 411,
    "text" : "In the estimation of a dynamic panel data model that controls for country specific-effects an takes into account the persistency of the inequality indicators, the results show a different effect of inequality on growth depending on the level of development of the region.",
    "tokens" : [ {
      "id" : "s1-t0",
      "begin" : 140,
      "end" : 142,
      "text" : "In",
      "whiteSpace" : false
    }, {
      "id" : "s1-t1",
      "begin" : 143,
      "end" : 146,
      "text" : "the",
      "whiteSpace" : false
    }, {
      "id" : "s1-t2",
      "begin" : 147,
      "end" : 157,
      "text" : "estimation",
      "whiteSpace" : false
    }, {
      "id" : "s1-t3",
      "begin" : 158,
      "end" : 160,
      "text" : "of",
      "whiteSpace" : false
    }, {
      "id" : "s1-t4",
      "begin" : 161,
      "end" : 162,
      "text" : "a",
      "whiteSpace" : false
    }, {
      "id" : "s1-t5",
      "begin" : 163,
      "end" : 170,
      "text" : "dynamic",
      "whiteSpace" : false
    }, {
      "id" : "s1-t6",
      "begin" : 171,
      "end" : 176,
      "text" : "panel",
      "whiteSpace" : false
    }, {
      "id" : "s1-t7",
      "begin" : 177,
      "end" : 181,
      "text" : "data",
      "whiteSpace" : false
    }, {
      "id" : "s1-t8",
      "begin" : 182,
      "end" : 187,
      "text" : "model",
      "whiteSpace" : false
    }, {
      "id" : "s1-t9",
      "begin" : 188,
      "end" : 192,
      "text" : "that",
      "whiteSpace" : false
    }, {
      "id" : "s1-t10",
      "begin" : 193,
      "end" : 201,
      "text" : "controls",
      "whiteSpace" : false
    }, {
      "id" : "s1-t11",
      "begin" : 202,
      "end" : 205,
      "text" : "for",
      "whiteSpace" : false
    }, {
      "id" : "s1-t12",
      "begin" : 206,
      "end" : 213,
      "text" : "country",
      "whiteSpace" : false
    }, {
      "id" : "s1-t13",
      "begin" : 214,
      "end" : 222,
      "text" : "specific",
      "whiteSpace" : false
    }, {
      "id" : "s1-t14",
      "begin" : 222,
      "end" : 223,
      "text" : "-",
      "whiteSpace" : false
    }, {
      "id" : "s1-t15",
      "begin" : 223,
      "end" : 230,
      "text" : "effects",
      "whiteSpace" : false
    }, {
      "id" : "s1-t16",
      "begin" : 231,
      "end" : 233,
      "text" : "an",
      "whiteSpace" : false
    }, {
      "id" : "s1-t17",
      "begin" : 234,
      "end" : 239,
      "text" : "takes",
      "whiteSpace" : false
    }, {
      "id" : "s1-t18",
      "begin" : 240,
      "end" : 244,
      "text" : "into",
      "whiteSpace" : false
    }, {
      "id" : "s1-t19",
      "begin" : 245,
      "end" : 252,
      "text" : "account",
      "whiteSpace" : false
    }, {
      "id" : "s1-t20",
      "begin" : 253,
      "end" : 256,
      "text" : "the",
      "whiteSpace" : false
    }, {
      "id" : "s1-t21",
      "begin" : 257,
      "end" : 268,
      "text" : "persistency",
      "whiteSpace" : false
    }, {
      "id" : "s1-t22",
      "begin" : 269,
      "end" : 271,
      "text" : "of",
      "whiteSpace" : false
    }, {
      "id" : "s1-t23",
      "begin" : 272,
      "end" : 275,
      "text" : "the",
      "whiteSpace" : false
    }, {
      "id" : "s1-t24",
      "begin" : 276,
      "end" : 286,
      "text" : "inequality",
      "whiteSpace" : false
    }, {
      "id" : "s1-t25",
      "begin" : 287,
      "end" : 297,
      "text" : "indicators",
      "whiteSpace" : false
    }, {
      "id" : "s1-t26",
      "begin" : 297,
      "end" : 298,
      "text" : ",",
      "whiteSpace" : false
    }, {
      "id" : "s1-t27",
      "begin" : 299,
      "end" : 302,
      "text" : "the",
      "whiteSpace" : false
    }, {
      "id" : "s1-t28",
      "begin" : 303,
      "end" : 310,
      "text" : "results",
      "whiteSpace" : false
    }, {
      "id" : "s1-t29",
      "begin" : 311,
      "end" : 315,
      "text" : "show",
      "whiteSpace" : false
    }, {
      "id" : "s1-t30",
      "begin" : 316,
      "end" : 317,
      "text" : "a",
      "whiteSpace" : false
    }, {
      "id" : "s1-t31",
      "begin" : 318,
      "end" : 327,
      "text" : "different",
      "whiteSpace" : false
    }, {
      "id" : "s1-t32",
      "begin" : 328,
      "end" : 334,
      "text" : "effect",
      "whiteSpace" : false
    }, {
      "id" : "s1-t33",
      "begin" : 335,
      "end" : 337,
      "text" : "of",
      "whiteSpace" : false
    }, {
      "id" : "s1-t34",
      "begin" : 338,
      "end" : 348,
      "text" : "inequality",
      "whiteSpace" : false
    }, {
      "id" : "s1-t35",
      "begin" : 349,
      "end" : 351,
      "text" : "on",
      "whiteSpace" : false
    }, {
      "id" : "s1-t36",
      "begin" : 352,
      "end" : 358,
      "text" : "growth",
      "whiteSpace" : false
    }, {
      "id" : "s1-t37",
      "begin" : 359,
      "end" : 368,
      "text" : "depending",
      "whiteSpace" : false
    }, {
      "id" : "s1-t38",
      "begin" : 369,
      "end" : 371,
      "text" : "on",
      "whiteSpace" : false
    }, {
      "id" : "s1-t39",
      "begin" : 372,
      "end" : 375,
      "text" : "the",
      "whiteSpace" : false
    }, {
      "id" : "s1-t40",
      "begin" : 376,
      "end" : 381,
      "text" : "level",
      "whiteSpace" : false
    }, {
      "id" : "s1-t41",
      "begin" : 382,
      "end" : 384,
      "text" : "of",
      "whiteSpace" : false
    }, {
      "id" : "s1-t42",
      "begin" : 385,
      "end" : 396,
      "text" : "development",
      "whiteSpace" : false
    }, {
      "id" : "s1-t43",
      "begin" : 397,
      "end" : 399,
      "text" : "of",
      "whiteSpace" : false
    }, {
      "id" : "s1-t44",
      "begin" : 400,
      "end" : 403,
      "text" : "the",
      "whiteSpace" : false
    }, {
      "id" : "s1-t45",
      "begin" : 404,
      "end" : 410,
      "text" : "region",
      "whiteSpace" : false
    }, {
      "id" : "s1-t46",
      "begin" : 410,
      "end" : 411,
      "text" : ".",
      "whiteSpace" : false
    } ]
  }, {
    "id" : "s2",
    "begin" : 412,
    "end" : 701,
    "text" : "Specifically, we find a negative effect of income and human capital inequality on economic growth in the whole sample for which there are available data as well as in the low and middle income economies, an effect that vanishes or becomes positive when it comes to higher income countries.",
    "tokens" : [ {
      "id" : "s2-t0",
      "begin" : 412,
      "end" : 424,
      "text" : "Specifically",
      "whiteSpace" : false
    }, {
      "id" : "s2-t1",
      "begin" : 424,
      "end" : 425,
      "text" : ",",
      "whiteSpace" : false
    }, {
      "id" : "s2-t2",
      "begin" : 426,
      "end" : 428,
      "text" : "we",
      "whiteSpace" : false
    }, {
      "id" : "s2-t3",
      "begin" : 429,
      "end" : 433,
      "text" : "find",
      "whiteSpace" : false
    }, {
      "id" : "s2-t4",
      "begin" : 434,
      "end" : 435,
      "text" : "a",
      "whiteSpace" : false
    }, {
      "id" : "s2-t5",
      "begin" : 436,
      "end" : 444,
      "text" : "negative",
      "whiteSpace" : false
    }, {
      "id" : "s2-t6",
      "begin" : 445,
      "end" : 451,
      "text" : "effect",
      "whiteSpace" : false
    }, {
      "id" : "s2-t7",
      "begin" : 452,
      "end" : 454,
      "text" : "of",
      "whiteSpace" : false
    }, {
      "id" : "s2-t8",
      "begin" : 455,
      "end" : 461,
      "text" : "income",
      "whiteSpace" : false
    }, {
      "id" : "s2-t9",
      "begin" : 462,
      "end" : 465,
      "text" : "and",
      "whiteSpace" : false
    }, {
      "id" : "s2-t10",
      "begin" : 466,
      "end" : 471,
      "text" : "human",
      "whiteSpace" : false
    }, {
      "id" : "s2-t11",
      "begin" : 472,
      "end" : 479,
      "text" : "capital",
      "whiteSpace" : false
    }, {
      "id" : "s2-t12",
      "begin" : 480,
      "end" : 490,
      "text" : "inequality",
      "whiteSpace" : false
    }, {
      "id" : "s2-t13",
      "begin" : 491,
      "end" : 493,
      "text" : "on",
      "whiteSpace" : false
    }, {
      "id" : "s2-t14",
      "begin" : 494,
      "end" : 502,
      "text" : "economic",
      "whiteSpace" : false
    }, {
      "id" : "s2-t15",
      "begin" : 503,
      "end" : 509,
      "text" : "growth",
      "whiteSpace" : false
    }, {
      "id" : "s2-t16",
      "begin" : 510,
      "end" : 512,
      "text" : "in",
      "whiteSpace" : false
    }, {
      "id" : "s2-t17",
      "begin" : 513,
      "end" : 516,
      "text" : "the",
      "whiteSpace" : false
    }, {
      "id" : "s2-t18",
      "begin" : 517,
      "end" : 522,
      "text" : "whole",
      "whiteSpace" : false
    }, {
      "id" : "s2-t19",
      "begin" : 523,
      "end" : 529,
      "text" : "sample",
      "whiteSpace" : false
    }, {
      "id" : "s2-t20",
      "begin" : 530,
      "end" : 533,
      "text" : "for",
      "whiteSpace" : false
    }, {
      "id" : "s2-t21",
      "begin" : 534,
      "end" : 539,
      "text" : "which",
      "whiteSpace" : false
    }, {
      "id" : "s2-t22",
      "begin" : 540,
      "end" : 545,
      "text" : "there",
      "whiteSpace" : false
    }, {
      "id" : "s2-t23",
      "begin" : 546,
      "end" : 549,
      "text" : "are",
      "whiteSpace" : false
    }, {
      "id" : "s2-t24",
      "begin" : 550,
      "end" : 559,
      "text" : "available",
      "whiteSpace" : false
    }, {
      "id" : "s2-t25",
      "begin" : 560,
      "end" : 564,
      "text" : "data",
      "whiteSpace" : false
    }, {
      "id" : "s2-t26",
      "begin" : 565,
      "end" : 567,
      "text" : "as",
      "whiteSpace" : false
    }, {
      "id" : "s2-t27",
      "begin" : 568,
      "end" : 572,
      "text" : "well",
      "whiteSpace" : false
    }, {
      "id" : "s2-t28",
      "begin" : 573,
      "end" : 575,
      "text" : "as",
      "whiteSpace" : false
    }, {
      "id" : "s2-t29",
      "begin" : 576,
      "end" : 578,
      "text" : "in",
      "whiteSpace" : false
    }, {
      "id" : "s2-t30",
      "begin" : 579,
      "end" : 582,
      "text" : "the",
      "whiteSpace" : false
    }, {
      "id" : "s2-t31",
      "begin" : 583,
      "end" : 586,
      "text" : "low",
      "whiteSpace" : false
    }, {
      "id" : "s2-t32",
      "begin" : 587,
      "end" : 590,
      "text" : "and",
      "whiteSpace" : false
    }, {
      "id" : "s2-t33",
      "begin" : 591,
      "end" : 597,
      "text" : "middle",
      "whiteSpace" : false
    }, {
      "id" : "s2-t34",
      "begin" : 598,
      "end" : 604,
      "text" : "income",
      "whiteSpace" : false
    }, {
      "id" : "s2-t35",
      "begin" : 605,
      "end" : 614,
      "text" : "economies",
      "whiteSpace" : false
    }, {
      "id" : "s2-t36",
      "begin" : 614,
      "end" : 615,
      "text" : ",",
      "whiteSpace" : false
    }, {
      "id" : "s2-t37",
      "begin" : 616,
      "end" : 618,
      "text" : "an",
      "whiteSpace" : false
    }, {
      "id" : "s2-t38",
      "begin" : 619,
      "end" : 625,
      "text" : "effect",
      "whiteSpace" : false
    }, {
      "id" : "s2-t39",
      "begin" : 626,
      "end" : 630,
      "text" : "that",
      "whiteSpace" : false
    }, {
      "id" : "s2-t40",
      "begin" : 631,
      "end" : 639,
      "text" : "vanishes",
      "whiteSpace" : false
    }, {
      "id" : "s2-t41",
      "begin" : 640,
      "end" : 642,
      "text" : "or",
      "whiteSpace" : false
    }, {
      "id" : "s2-t42",
      "begin" : 643,
      "end" : 650,
      "text" : "becomes",
      "whiteSpace" : false
    }, {
      "id" : "s2-t43",
      "begin" : 651,
      "end" : 659,
      "text" : "positive",
      "whiteSpace" : false
    }, {
      "id" : "s2-t44",
      "begin" : 660,
      "end" : 664,
      "text" : "when",
      "whiteSpace" : false
    }, {
      "id" : "s2-t45",
      "begin" : 665,
      "end" : 667,
      "text" : "it",
      "whiteSpace" : false
    }, {
      "id" : "s2-t46",
      "begin" : 668,
      "end" : 673,
      "text" : "comes",
      "whiteSpace" : false
    }, {
      "id" : "s2-t47",
      "begin" : 674,
      "end" : 676,
      "text" : "to",
      "whiteSpace" : false
    }, {
      "id" : "s2-t48",
      "begin" : 677,
      "end" : 683,
      "text" : "higher",
      "whiteSpace" : false
    }, {
      "id" : "s2-t49",
      "begin" : 684,
      "end" : 690,
      "text" : "income",
      "whiteSpace" : false
    }, {
      "id" : "s2-t50",
      "begin" : 691,
      "end" : 700,
      "text" : "countries",
      "whiteSpace" : false
    }, {
      "id" : "s2-t51",
      "begin" : 700,
      "end" : 701,
      "text" : ".",
      "whiteSpace" : false
    } ]
  }, {
    "id" : "s3",
    "begin" : 702,
    "end" : 915,
    "text" : "Nevertheless, a more exhaustive analysis of the encouraging influence of inequality on growth in the high income economies suggests that it is not stable over time and is highly affected by a typical observations.",
    "tokens" : [ {
      "id" : "s3-t0",
      "begin" : 702,
      "end" : 714,
      "text" : "Nevertheless",
      "whiteSpace" : false
    }, {
      "id" : "s3-t1",
      "begin" : 714,
      "end" : 715,
      "text" : ",",
      "whiteSpace" : false
    }, {
      "id" : "s3-t2",
      "begin" : 716,
      "end" : 717,
      "text" : "a",
      "whiteSpace" : false
    }, {
      "id" : "s3-t3",
      "begin" : 718,
      "end" : 722,
      "text" : "more",
      "whiteSpace" : false
    }, {
      "id" : "s3-t4",
      "begin" : 723,
      "end" : 733,
      "text" : "exhaustive",
      "whiteSpace" : false
    }, {
      "id" : "s3-t5",
      "begin" : 734,
      "end" : 742,
      "text" : "analysis",
      "whiteSpace" : false
    }, {
      "id" : "s3-t6",
      "begin" : 743,
      "end" : 745,
      "text" : "of",
      "whiteSpace" : false
    }, {
      "id" : "s3-t7",
      "begin" : 746,
      "end" : 749,
      "text" : "the",
      "whiteSpace" : false
    }, {
      "id" : "s3-t8",
      "begin" : 750,
      "end" : 761,
      "text" : "encouraging",
      "whiteSpace" : false
    }, {
      "id" : "s3-t9",
      "begin" : 762,
      "end" : 771,
      "text" : "influence",
      "whiteSpace" : false
    }, {
      "id" : "s3-t10",
      "begin" : 772,
      "end" : 774,
      "text" : "of",
      "whiteSpace" : false
    }, {
      "id" : "s3-t11",
      "begin" : 775,
      "end" : 785,
      "text" : "inequality",
      "whiteSpace" : false
    }, {
      "id" : "s3-t12",
      "begin" : 786,
      "end" : 788,
      "text" : "on",
      "whiteSpace" : false
    }, {
      "id" : "s3-t13",
      "begin" : 789,
      "end" : 795,
      "text" : "growth",
      "whiteSpace" : false
    }, {
      "id" : "s3-t14",
      "begin" : 796,
      "end" : 798,
      "text" : "in",
      "whiteSpace" : false
    }, {
      "id" : "s3-t15",
      "begin" : 799,
      "end" : 802,
      "text" : "the",
      "whiteSpace" : false
    }, {
      "id" : "s3-t16",
      "begin" : 803,
      "end" : 807,
      "text" : "high",
      "whiteSpace" : false
    }, {
      "id" : "s3-t17",
      "begin" : 808,
      "end" : 814,
      "text" : "income",
      "whiteSpace" : false
    }, {
      "id" : "s3-t18",
      "begin" : 815,
      "end" : 824,
      "text" : "economies",
      "whiteSpace" : false
    }, {
      "id" : "s3-t19",
      "begin" : 825,
      "end" : 833,
      "text" : "suggests",
      "whiteSpace" : false
    }, {
      "id" : "s3-t20",
      "begin" : 834,
      "end" : 838,
      "text" : "that",
      "whiteSpace" : false
    }, {
      "id" : "s3-t21",
      "begin" : 839,
      "end" : 841,
      "text" : "it",
      "whiteSpace" : false
    }, {
      "id" : "s3-t22",
      "begin" : 842,
      "end" : 844,
      "text" : "is",
      "whiteSpace" : false
    }, {
      "id" : "s3-t23",
      "begin" : 845,
      "end" : 848,
      "text" : "not",
      "whiteSpace" : false
    }, {
      "id" : "s3-t24",
      "begin" : 849,
      "end" : 855,
      "text" : "stable",
      "whiteSpace" : false
    }, {
      "id" : "s3-t25",
      "begin" : 856,
      "end" : 860,
      "text" : "over",
      "whiteSpace" : false
    }, {
      "id" : "s3-t26",
      "begin" : 861,
      "end" : 865,
      "text" : "time",
      "whiteSpace" : false
    }, {
      "id" : "s3-t27",
      "begin" : 866,
      "end" : 869,
      "text" : "and",
      "whiteSpace" : false
    }, {
      "id" : "s3-t28",
      "begin" : 870,
      "end" : 872,
      "text" : "is",
      "whiteSpace" : false
    }, {
      "id" : "s3-t29",
      "begin" : 873,
      "end" : 879,
      "text" : "highly",
      "whiteSpace" : false
    }, {
      "id" : "s3-t30",
      "begin" : 880,
      "end" : 888,
      "text" : "affected",
      "whiteSpace" : false
    }, {
      "id" : "s3-t31",
      "begin" : 889,
      "end" : 891,
      "text" : "by",
      "whiteSpace" : false
    }, {
      "id" : "s3-t32",
      "begin" : 892,
      "end" : 893,
      "text" : "a",
      "whiteSpace" : false
    }, {
      "id" : "s3-t33",
      "begin" : 894,
      "end" : 901,
      "text" : "typical",
      "whiteSpace" : false
    }, {
      "id" : "s3-t34",
      "begin" : 902,
      "end" : 914,
      "text" : "observations",
      "whiteSpace" : false
    }, {
      "id" : "s3-t35",
      "begin" : 914,
      "end" : 915,
      "text" : ".",
      "whiteSpace" : false
    } ]
  } ],
  "mentions" : [ {
    "id" : "m23",
    "properties" : {
      "SIRE_ENTITY_LEVEL" : "NONE",
      "SIRE_MENTION_ROLE" : "evidence",
      "SIRE_ENTITY_CLASS" : "SPC",
      "SIRE_ENTITY_SUBTYPE" : "NONE",
      "SIRE_MENTION_CLASS" : "SPC",
      "SIRE_MENTION_TYPE" : "NONE"
    },
    "type" : "evidence",
    "begin" : 11,
    "end" : 23,
    "inCoref" : false
  }, {
    "id" : "m1",
    "properties" : {
      "SIRE_MENTION_ROLE" : "relation",
      "SIRE_ENTITY_SUBTYPE" : "NONE",
      "SIRE_MENTION_CLASS" : "SPC",
      "SIRE_MENTION_TYPE" : "NONE"
    },
    "type" : "relation",
    "begin" : 40,
    "end" : 49,
    "inCoref" : false
  }, {
    "id" : "m2",
    "properties" : {
      "SIRE_MENTION_ROLE" : "Variable",
      "SIRE_ENTITY_SUBTYPE" : "NONE",
      "SIRE_MENTION_CLASS" : "SPC",
      "SIRE_MENTION_TYPE" : "NONE"
    },
    "type" : "Variable",
    "begin" : 50,
    "end" : 85,
    "inCoref" : true
  }, {
    "id" : "m4",
    "properties" : {
      "SIRE_MENTION_ROLE" : "Variable",
      "SIRE_ENTITY_SUBTYPE" : "NONE",
      "SIRE_MENTION_CLASS" : "SPC",
      "SIRE_MENTION_TYPE" : "NONE"
    },
    "type" : "Variable",
    "begin" : 89,
    "end" : 104,
    "inCoref" : true
  }, {
    "id" : "m5",
    "properties" : {
      "SIRE_MENTION_ROLE" : "Variable",
      "SIRE_ENTITY_SUBTYPE" : "NONE",
      "SIRE_MENTION_CLASS" : "SPC",
      "SIRE_MENTION_TYPE" : "NONE"
    },
    "type" : "Variable",
    "begin" : 276,
    "end" : 286,
    "inCoref" : true
  }, {
    "id" : "m6",
    "properties" : {
      "SIRE_MENTION_ROLE" : "evidence",
      "SIRE_ENTITY_SUBTYPE" : "NONE",
      "SIRE_MENTION_CLASS" : "SPC",
      "SIRE_MENTION_TYPE" : "NONE"
    },
    "type" : "evidence",
    "begin" : 303,
    "end" : 310,
    "inCoref" : false
  }, {
    "id" : "m7",
    "properties" : {
      "SIRE_MENTION_ROLE" : "evidence",
      "SIRE_ENTITY_SUBTYPE" : "NONE",
      "SIRE_MENTION_CLASS" : "SPC",
      "SIRE_MENTION_TYPE" : "NONE"
    },
    "type" : "evidence",
    "begin" : 311,
    "end" : 315,
    "inCoref" : false
  }, {
    "id" : "m8",
    "properties" : {
      "SIRE_MENTION_ROLE" : "relation",
      "SIRE_ENTITY_SUBTYPE" : "NONE",
      "SIRE_MENTION_CLASS" : "SPC",
      "SIRE_MENTION_TYPE" : "NONE"
    },
    "type" : "relation",
    "begin" : 328,
    "end" : 337,
    "inCoref" : false
  }, {
    "id" : "m9",
    "properties" : {
      "SIRE_MENTION_ROLE" : "Variable",
      "SIRE_ENTITY_SUBTYPE" : "NONE",
      "SIRE_MENTION_CLASS" : "SPC",
      "SIRE_MENTION_TYPE" : "NONE"
    },
    "type" : "Variable",
    "begin" : 338,
    "end" : 348,
    "inCoref" : true
  }, {
    "id" : "m10",
    "properties" : {
      "SIRE_MENTION_ROLE" : "Variable",
      "SIRE_ENTITY_SUBTYPE" : "NONE",
      "SIRE_MENTION_CLASS" : "SPC",
      "SIRE_MENTION_TYPE" : "NONE"
    },
    "type" : "Variable",
    "begin" : 352,
    "end" : 358,
    "inCoref" : true
  }, {
    "id" : "m11",
    "properties" : {
      "SIRE_MENTION_ROLE" : "Variable",
      "SIRE_ENTITY_SUBTYPE" : "NONE",
      "SIRE_MENTION_CLASS" : "SPC",
      "SIRE_MENTION_TYPE" : "NONE"
    },
    "type" : "Variable",
    "begin" : 385,
    "end" : 396,
    "inCoref" : false
  }, {
    "id" : "m12",
    "properties" : {
      "SIRE_MENTION_ROLE" : "evidence",
      "SIRE_ENTITY_SUBTYPE" : "NONE",
      "SIRE_MENTION_CLASS" : "SPC",
      "SIRE_MENTION_TYPE" : "NONE"
    },
    "type" : "evidence",
    "begin" : 429,
    "end" : 433,
    "inCoref" : false
  }, {
    "id" : "m13",
    "properties" : {
      "SIRE_MENTION_ROLE" : "relation",
      "SIRE_ENTITY_SUBTYPE" : "NONE",
      "SIRE_MENTION_CLASS" : "SPC",
      "SIRE_MENTION_TYPE" : "NONE"
    },
    "type" : "relation",
    "begin" : 445,
    "end" : 454,
    "inCoref" : false
  }, {
    "id" : "m14",
    "properties" : {
      "SIRE_MENTION_ROLE" : "Variable",
      "SIRE_ENTITY_SUBTYPE" : "NONE",
      "SIRE_MENTION_CLASS" : "SPC",
      "SIRE_MENTION_TYPE" : "NONE"
    },
    "type" : "Variable",
    "begin" : 455,
    "end" : 490,
    "inCoref" : true
  }, {
    "id" : "m16",
    "properties" : {
      "SIRE_MENTION_ROLE" : "Variable",
      "SIRE_ENTITY_SUBTYPE" : "NONE",
      "SIRE_MENTION_CLASS" : "SPC",
      "SIRE_MENTION_TYPE" : "NONE"
    },
    "type" : "Variable",
    "begin" : 494,
    "end" : 509,
    "inCoref" : true
  }, {
    "id" : "m26",
    "properties" : {
      "SIRE_ENTITY_LEVEL" : "NONE",
      "SIRE_MENTION_ROLE" : "Variable",
      "SIRE_ENTITY_CLASS" : "SPC",
      "SIRE_ENTITY_SUBTYPE" : "NONE",
      "SIRE_MENTION_CLASS" : "SPC",
      "SIRE_MENTION_TYPE" : "NONE"
    },
    "type" : "Variable",
    "begin" : 598,
    "end" : 604,
    "inCoref" : true
  }, {
    "id" : "m17",
    "properties" : {
      "SIRE_MENTION_ROLE" : "relation",
      "SIRE_ENTITY_SUBTYPE" : "NONE",
      "SIRE_MENTION_CLASS" : "SPC",
      "SIRE_MENTION_TYPE" : "NONE"
    },
    "type" : "relation",
    "begin" : 619,
    "end" : 625,
    "inCoref" : false
  }, {
    "id" : "m18",
    "properties" : {
      "SIRE_MENTION_ROLE" : "relation",
      "SIRE_ENTITY_SUBTYPE" : "NONE",
      "SIRE_MENTION_CLASS" : "SPC",
      "SIRE_MENTION_TYPE" : "NONE"
    },
    "type" : "relation",
    "begin" : 677,
    "end" : 683,
    "inCoref" : false
  }, {
    "id" : "m27",
    "properties" : {
      "SIRE_ENTITY_LEVEL" : "NONE",
      "SIRE_MENTION_ROLE" : "Variable",
      "SIRE_ENTITY_CLASS" : "SPC",
      "SIRE_ENTITY_SUBTYPE" : "NONE",
      "SIRE_MENTION_CLASS" : "SPC",
      "SIRE_MENTION_TYPE" : "NONE"
    },
    "type" : "Variable",
    "begin" : 684,
    "end" : 690,
    "inCoref" : true
  }, {
    "id" : "s3-m6",
    "properties" : {
      "SIRE_MENTION_ROLE" : "relation",
      "SIRE_ENTITY_SUBTYPE" : "NONE",
      "SIRE_MENTION_TYPE" : "NONE",
      "SIRE_MENTION_CLASS" : "SPC"
    },
    "type" : "relation",
    "begin" : 762,
    "end" : 774,
    "inCoref" : false
  }, {
    "id" : "m19",
    "properties" : {
      "SIRE_MENTION_ROLE" : "Variable",
      "SIRE_ENTITY_SUBTYPE" : "NONE",
      "SIRE_MENTION_CLASS" : "SPC",
      "SIRE_MENTION_TYPE" : "NONE"
    },
    "type" : "Variable",
    "begin" : 775,
    "end" : 785,
    "inCoref" : true
  }, {
    "id" : "m20",
    "properties" : {
      "SIRE_MENTION_ROLE" : "Variable",
      "SIRE_ENTITY_SUBTYPE" : "NONE",
      "SIRE_MENTION_CLASS" : "SPC",
      "SIRE_MENTION_TYPE" : "NONE"
    },
    "type" : "Variable",
    "begin" : 789,
    "end" : 795,
    "inCoref" : true
  }, {
    "id" : "m28",
    "properties" : {
      "SIRE_ENTITY_LEVEL" : "NONE",
      "SIRE_MENTION_ROLE" : "Variable",
      "SIRE_ENTITY_CLASS" : "SPC",
      "SIRE_ENTITY_SUBTYPE" : "NONE",
      "SIRE_MENTION_CLASS" : "SPC",
      "SIRE_MENTION_TYPE" : "NONE"
    },
    "type" : "Variable",
    "begin" : 803,
    "end" : 814,
    "inCoref" : true
  }, {
    "id" : "m21",
    "properties" : {
      "SIRE_MENTION_ROLE" : "evidence",
      "SIRE_ENTITY_SUBTYPE" : "NONE",
      "SIRE_MENTION_CLASS" : "SPC",
      "SIRE_MENTION_TYPE" : "NONE"
    },
    "type" : "evidence",
    "begin" : 825,
    "end" : 833,
    "inCoref" : false
  }, {
    "id" : "m22",
    "properties" : {
      "SIRE_MENTION_ROLE" : "relation",
      "SIRE_ENTITY_SUBTYPE" : "NONE",
      "SIRE_MENTION_CLASS" : "SPC",
      "SIRE_MENTION_TYPE" : "NONE"
    },
    "type" : "relation",
    "begin" : 880,
    "end" : 891,
    "inCoref" : false
  } ],
  "relations" : [ {
    "id" : "r1",
    "properties" : {
      "SIRE_RELATION_TENSE" : "UNSPECIFIED",
      "SIRE_RELATION_CLASS" : "SPECIFIC",
      "SIRE_RELATION_MODALITY" : "ASSERTED",
      "SIRE_RELATION_SUBTYPE" : "OTHER"
    },
    "type" : "Causal",
    "args" : [ "m9", "m10" ]
  }, {
    "id" : "s2-r2",
    "properties" : { },
    "type" : "Causal",
    "args" : [ "m14", "m16" ]
  }, {
    "id" : "r2",
    "properties" : {
      "SIRE_RELATION_TENSE" : "UNSPECIFIED",
      "SIRE_RELATION_CLASS" : "SPECIFIC",
      "SIRE_RELATION_MODALITY" : "ASSERTED",
      "SIRE_RELATION_SUBTYPE" : "OTHER"
    },
    "type" : "Causal",
    "args" : [ "m19", "m20" ]
  } ],
  "corefs" : [ {
    "id" : "c1",
    "properties" : { },
    "mentions" : [ "m26", "m27", "m28" ]
  }, {
    "id" : "c2",
    "properties" : { },
    "mentions" : [ "m4", "m10", "m16", "m20" ]
  }, {
    "id" : "c3",
    "properties" : { },
    "mentions" : [ "m9", "m19", "m5" ]
  }, {
    "id" : "c4",
    "properties" : { },
    "mentions" : [ "m2", "m14" ]
  } ],
  "typeResolved" : true,
  "userResolved" : false
}