{
  "id" : "27254b60-5128-11ec-a727-c91aef4b6ba6-14",
  "name" : "35. B.N. Iyke , S.Y. Ho 2017.docx",
  "createdDate" : 0,
  "version" : 3,
  "text" : "This paper investigates the impact of income inequality on economic growth in Italy during the period of 1967 to 2012. Specifically, using a technique that allows us to sort out long-run impacts from short-run impacts, we investigate whether income inequality benefits or harms growth, after controlling for human capital, labour, physical capital and inflation within an augmented growth model. Amid the existing debatable theoretical and empirical studies, our results suggest that income inequality has a negative and significant impact on growth in the long run. The negative impact of income inequality on growth still exist in the short run. However, the coefficient becomes insignificant. Overall, we gather that inequality hurts growth in the country. Based on this finding, we provide some policy implications.\n\n",
  "docLength" : 0,
  "language" : "EN",
  "status" : "IN_PROGRESS",
  "modifiedDate" : 1638283136337,
  "documentSet" : [ ],
  "preannotation" : [ "PRE_LW", "PRE_SIRE" ],
  "sentences" : [ {
    "id" : "s0",
    "begin" : 0,
    "end" : 118,
    "text" : "This paper investigates the impact of income inequality on economic growth in Italy during the period of 1967 to 2012.",
    "tokens" : [ {
      "id" : "s0-t0",
      "begin" : 0,
      "end" : 4,
      "text" : "This",
      "whiteSpace" : false
    }, {
      "id" : "s0-t1",
      "begin" : 5,
      "end" : 10,
      "text" : "paper",
      "whiteSpace" : false
    }, {
      "id" : "s0-t2",
      "begin" : 11,
      "end" : 23,
      "text" : "investigates",
      "whiteSpace" : false
    }, {
      "id" : "s0-t3",
      "begin" : 24,
      "end" : 27,
      "text" : "the",
      "whiteSpace" : false
    }, {
      "id" : "s0-t4",
      "begin" : 28,
      "end" : 34,
      "text" : "impact",
      "whiteSpace" : false
    }, {
      "id" : "s0-t5",
      "begin" : 35,
      "end" : 37,
      "text" : "of",
      "whiteSpace" : false
    }, {
      "id" : "s0-t6",
      "begin" : 38,
      "end" : 44,
      "text" : "income",
      "whiteSpace" : false
    }, {
      "id" : "s0-t7",
      "begin" : 45,
      "end" : 55,
      "text" : "inequality",
      "whiteSpace" : false
    }, {
      "id" : "s0-t8",
      "begin" : 56,
      "end" : 58,
      "text" : "on",
      "whiteSpace" : false
    }, {
      "id" : "s0-t9",
      "begin" : 59,
      "end" : 67,
      "text" : "economic",
      "whiteSpace" : false
    }, {
      "id" : "s0-t10",
      "begin" : 68,
      "end" : 74,
      "text" : "growth",
      "whiteSpace" : false
    }, {
      "id" : "s0-t11",
      "begin" : 75,
      "end" : 77,
      "text" : "in",
      "whiteSpace" : false
    }, {
      "id" : "s0-t12",
      "begin" : 78,
      "end" : 83,
      "text" : "Italy",
      "whiteSpace" : false
    }, {
      "id" : "s0-t13",
      "begin" : 84,
      "end" : 90,
      "text" : "during",
      "whiteSpace" : false
    }, {
      "id" : "s0-t14",
      "begin" : 91,
      "end" : 94,
      "text" : "the",
      "whiteSpace" : false
    }, {
      "id" : "s0-t15",
      "begin" : 95,
      "end" : 101,
      "text" : "period",
      "whiteSpace" : false
    }, {
      "id" : "s0-t16",
      "begin" : 102,
      "end" : 104,
      "text" : "of",
      "whiteSpace" : false
    }, {
      "id" : "s0-t17",
      "begin" : 105,
      "end" : 109,
      "text" : "1967",
      "whiteSpace" : false
    }, {
      "id" : "s0-t18",
      "begin" : 110,
      "end" : 112,
      "text" : "to",
      "whiteSpace" : false
    }, {
      "id" : "s0-t19",
      "begin" : 113,
      "end" : 117,
      "text" : "2012",
      "whiteSpace" : false
    }, {
      "id" : "s0-t20",
      "begin" : 117,
      "end" : 118,
      "text" : ".",
      "whiteSpace" : false
    } ]
  }, {
    "id" : "s1",
    "begin" : 119,
    "end" : 395,
    "text" : "Specifically, using a technique that allows us to sort out long-run impacts from short-run impacts, we investigate whether income inequality benefits or harms growth, after controlling for human capital, labour, physical capital and inflation within an augmented growth model.",
    "tokens" : [ {
      "id" : "s1-t0",
      "begin" : 119,
      "end" : 131,
      "text" : "Specifically",
      "whiteSpace" : false
    }, {
      "id" : "s1-t1",
      "begin" : 131,
      "end" : 132,
      "text" : ",",
      "whiteSpace" : false
    }, {
      "id" : "s1-t2",
      "begin" : 133,
      "end" : 138,
      "text" : "using",
      "whiteSpace" : false
    }, {
      "id" : "s1-t3",
      "begin" : 139,
      "end" : 140,
      "text" : "a",
      "whiteSpace" : false
    }, {
      "id" : "s1-t4",
      "begin" : 141,
      "end" : 150,
      "text" : "technique",
      "whiteSpace" : false
    }, {
      "id" : "s1-t5",
      "begin" : 151,
      "end" : 155,
      "text" : "that",
      "whiteSpace" : false
    }, {
      "id" : "s1-t6",
      "begin" : 156,
      "end" : 162,
      "text" : "allows",
      "whiteSpace" : false
    }, {
      "id" : "s1-t7",
      "begin" : 163,
      "end" : 165,
      "text" : "us",
      "whiteSpace" : false
    }, {
      "id" : "s1-t8",
      "begin" : 166,
      "end" : 168,
      "text" : "to",
      "whiteSpace" : false
    }, {
      "id" : "s1-t9",
      "begin" : 169,
      "end" : 173,
      "text" : "sort",
      "whiteSpace" : false
    }, {
      "id" : "s1-t10",
      "begin" : 174,
      "end" : 177,
      "text" : "out",
      "whiteSpace" : false
    }, {
      "id" : "s1-t11",
      "begin" : 178,
      "end" : 186,
      "text" : "long-run",
      "whiteSpace" : false
    }, {
      "id" : "s1-t12",
      "begin" : 187,
      "end" : 194,
      "text" : "impacts",
      "whiteSpace" : false
    }, {
      "id" : "s1-t13",
      "begin" : 195,
      "end" : 199,
      "text" : "from",
      "whiteSpace" : false
    }, {
      "id" : "s1-t14",
      "begin" : 200,
      "end" : 209,
      "text" : "short-run",
      "whiteSpace" : false
    }, {
      "id" : "s1-t15",
      "begin" : 210,
      "end" : 217,
      "text" : "impacts",
      "whiteSpace" : false
    }, {
      "id" : "s1-t16",
      "begin" : 217,
      "end" : 218,
      "text" : ",",
      "whiteSpace" : false
    }, {
      "id" : "s1-t17",
      "begin" : 219,
      "end" : 221,
      "text" : "we",
      "whiteSpace" : false
    }, {
      "id" : "s1-t18",
      "begin" : 222,
      "end" : 233,
      "text" : "investigate",
      "whiteSpace" : false
    }, {
      "id" : "s1-t19",
      "begin" : 234,
      "end" : 241,
      "text" : "whether",
      "whiteSpace" : false
    }, {
      "id" : "s1-t20",
      "begin" : 242,
      "end" : 248,
      "text" : "income",
      "whiteSpace" : false
    }, {
      "id" : "s1-t21",
      "begin" : 249,
      "end" : 259,
      "text" : "inequality",
      "whiteSpace" : false
    }, {
      "id" : "s1-t22",
      "begin" : 260,
      "end" : 268,
      "text" : "benefits",
      "whiteSpace" : false
    }, {
      "id" : "s1-t23",
      "begin" : 269,
      "end" : 271,
      "text" : "or",
      "whiteSpace" : false
    }, {
      "id" : "s1-t24",
      "begin" : 272,
      "end" : 277,
      "text" : "harms",
      "whiteSpace" : false
    }, {
      "id" : "s1-t25",
      "begin" : 278,
      "end" : 284,
      "text" : "growth",
      "whiteSpace" : false
    }, {
      "id" : "s1-t26",
      "begin" : 284,
      "end" : 285,
      "text" : ",",
      "whiteSpace" : false
    }, {
      "id" : "s1-t27",
      "begin" : 286,
      "end" : 291,
      "text" : "after",
      "whiteSpace" : false
    }, {
      "id" : "s1-t28",
      "begin" : 292,
      "end" : 303,
      "text" : "controlling",
      "whiteSpace" : false
    }, {
      "id" : "s1-t29",
      "begin" : 304,
      "end" : 307,
      "text" : "for",
      "whiteSpace" : false
    }, {
      "id" : "s1-t30",
      "begin" : 308,
      "end" : 313,
      "text" : "human",
      "whiteSpace" : false
    }, {
      "id" : "s1-t31",
      "begin" : 314,
      "end" : 321,
      "text" : "capital",
      "whiteSpace" : false
    }, {
      "id" : "s1-t32",
      "begin" : 321,
      "end" : 322,
      "text" : ",",
      "whiteSpace" : false
    }, {
      "id" : "s1-t33",
      "begin" : 323,
      "end" : 329,
      "text" : "labour",
      "whiteSpace" : false
    }, {
      "id" : "s1-t34",
      "begin" : 329,
      "end" : 330,
      "text" : ",",
      "whiteSpace" : false
    }, {
      "id" : "s1-t35",
      "begin" : 331,
      "end" : 339,
      "text" : "physical",
      "whiteSpace" : false
    }, {
      "id" : "s1-t36",
      "begin" : 340,
      "end" : 347,
      "text" : "capital",
      "whiteSpace" : false
    }, {
      "id" : "s1-t37",
      "begin" : 348,
      "end" : 351,
      "text" : "and",
      "whiteSpace" : false
    }, {
      "id" : "s1-t38",
      "begin" : 352,
      "end" : 361,
      "text" : "inflation",
      "whiteSpace" : false
    }, {
      "id" : "s1-t39",
      "begin" : 362,
      "end" : 368,
      "text" : "within",
      "whiteSpace" : false
    }, {
      "id" : "s1-t40",
      "begin" : 369,
      "end" : 371,
      "text" : "an",
      "whiteSpace" : false
    }, {
      "id" : "s1-t41",
      "begin" : 372,
      "end" : 381,
      "text" : "augmented",
      "whiteSpace" : false
    }, {
      "id" : "s1-t42",
      "begin" : 382,
      "end" : 388,
      "text" : "growth",
      "whiteSpace" : false
    }, {
      "id" : "s1-t43",
      "begin" : 389,
      "end" : 394,
      "text" : "model",
      "whiteSpace" : false
    }, {
      "id" : "s1-t44",
      "begin" : 394,
      "end" : 395,
      "text" : ".",
      "whiteSpace" : false
    } ]
  }, {
    "id" : "s2",
    "begin" : 396,
    "end" : 566,
    "text" : "Amid the existing debatable theoretical and empirical studies, our results suggest that income inequality has a negative and significant impact on growth in the long run.",
    "tokens" : [ {
      "id" : "s2-t0",
      "begin" : 396,
      "end" : 400,
      "text" : "Amid",
      "whiteSpace" : false
    }, {
      "id" : "s2-t1",
      "begin" : 401,
      "end" : 404,
      "text" : "the",
      "whiteSpace" : false
    }, {
      "id" : "s2-t2",
      "begin" : 405,
      "end" : 413,
      "text" : "existing",
      "whiteSpace" : false
    }, {
      "id" : "s2-t3",
      "begin" : 414,
      "end" : 423,
      "text" : "debatable",
      "whiteSpace" : false
    }, {
      "id" : "s2-t4",
      "begin" : 424,
      "end" : 435,
      "text" : "theoretical",
      "whiteSpace" : false
    }, {
      "id" : "s2-t5",
      "begin" : 436,
      "end" : 439,
      "text" : "and",
      "whiteSpace" : false
    }, {
      "id" : "s2-t6",
      "begin" : 440,
      "end" : 449,
      "text" : "empirical",
      "whiteSpace" : false
    }, {
      "id" : "s2-t7",
      "begin" : 450,
      "end" : 457,
      "text" : "studies",
      "whiteSpace" : false
    }, {
      "id" : "s2-t8",
      "begin" : 457,
      "end" : 458,
      "text" : ",",
      "whiteSpace" : false
    }, {
      "id" : "s2-t9",
      "begin" : 459,
      "end" : 462,
      "text" : "our",
      "whiteSpace" : false
    }, {
      "id" : "s2-t10",
      "begin" : 463,
      "end" : 470,
      "text" : "results",
      "whiteSpace" : false
    }, {
      "id" : "s2-t11",
      "begin" : 471,
      "end" : 478,
      "text" : "suggest",
      "whiteSpace" : false
    }, {
      "id" : "s2-t12",
      "begin" : 479,
      "end" : 483,
      "text" : "that",
      "whiteSpace" : false
    }, {
      "id" : "s2-t13",
      "begin" : 484,
      "end" : 490,
      "text" : "income",
      "whiteSpace" : false
    }, {
      "id" : "s2-t14",
      "begin" : 491,
      "end" : 501,
      "text" : "inequality",
      "whiteSpace" : false
    }, {
      "id" : "s2-t15",
      "begin" : 502,
      "end" : 505,
      "text" : "has",
      "whiteSpace" : false
    }, {
      "id" : "s2-t16",
      "begin" : 506,
      "end" : 507,
      "text" : "a",
      "whiteSpace" : false
    }, {
      "id" : "s2-t17",
      "begin" : 508,
      "end" : 516,
      "text" : "negative",
      "whiteSpace" : false
    }, {
      "id" : "s2-t18",
      "begin" : 517,
      "end" : 520,
      "text" : "and",
      "whiteSpace" : false
    }, {
      "id" : "s2-t19",
      "begin" : 521,
      "end" : 532,
      "text" : "significant",
      "whiteSpace" : false
    }, {
      "id" : "s2-t20",
      "begin" : 533,
      "end" : 539,
      "text" : "impact",
      "whiteSpace" : false
    }, {
      "id" : "s2-t21",
      "begin" : 540,
      "end" : 542,
      "text" : "on",
      "whiteSpace" : false
    }, {
      "id" : "s2-t22",
      "begin" : 543,
      "end" : 549,
      "text" : "growth",
      "whiteSpace" : false
    }, {
      "id" : "s2-t23",
      "begin" : 550,
      "end" : 552,
      "text" : "in",
      "whiteSpace" : false
    }, {
      "id" : "s2-t24",
      "begin" : 553,
      "end" : 556,
      "text" : "the",
      "whiteSpace" : false
    }, {
      "id" : "s2-t25",
      "begin" : 557,
      "end" : 561,
      "text" : "long",
      "whiteSpace" : false
    }, {
      "id" : "s2-t26",
      "begin" : 562,
      "end" : 565,
      "text" : "run",
      "whiteSpace" : false
    }, {
      "id" : "s2-t27",
      "begin" : 565,
      "end" : 566,
      "text" : ".",
      "whiteSpace" : false
    } ]
  }, {
    "id" : "s3",
    "begin" : 567,
    "end" : 647,
    "text" : "The negative impact of income inequality on growth still exist in the short run.",
    "tokens" : [ {
      "id" : "s3-t0",
      "begin" : 567,
      "end" : 570,
      "text" : "The",
      "whiteSpace" : false
    }, {
      "id" : "s3-t1",
      "begin" : 571,
      "end" : 579,
      "text" : "negative",
      "whiteSpace" : false
    }, {
      "id" : "s3-t2",
      "begin" : 580,
      "end" : 586,
      "text" : "impact",
      "whiteSpace" : false
    }, {
      "id" : "s3-t3",
      "begin" : 587,
      "end" : 589,
      "text" : "of",
      "whiteSpace" : false
    }, {
      "id" : "s3-t4",
      "begin" : 590,
      "end" : 596,
      "text" : "income",
      "whiteSpace" : false
    }, {
      "id" : "s3-t5",
      "begin" : 597,
      "end" : 607,
      "text" : "inequality",
      "whiteSpace" : false
    }, {
      "id" : "s3-t6",
      "begin" : 608,
      "end" : 610,
      "text" : "on",
      "whiteSpace" : false
    }, {
      "id" : "s3-t7",
      "begin" : 611,
      "end" : 617,
      "text" : "growth",
      "whiteSpace" : false
    }, {
      "id" : "s3-t8",
      "begin" : 618,
      "end" : 623,
      "text" : "still",
      "whiteSpace" : false
    }, {
      "id" : "s3-t9",
      "begin" : 624,
      "end" : 629,
      "text" : "exist",
      "whiteSpace" : false
    }, {
      "id" : "s3-t10",
      "begin" : 630,
      "end" : 632,
      "text" : "in",
      "whiteSpace" : false
    }, {
      "id" : "s3-t11",
      "begin" : 633,
      "end" : 636,
      "text" : "the",
      "whiteSpace" : false
    }, {
      "id" : "s3-t12",
      "begin" : 637,
      "end" : 642,
      "text" : "short",
      "whiteSpace" : false
    }, {
      "id" : "s3-t13",
      "begin" : 643,
      "end" : 646,
      "text" : "run",
      "whiteSpace" : false
    }, {
      "id" : "s3-t14",
      "begin" : 646,
      "end" : 647,
      "text" : ".",
      "whiteSpace" : false
    } ]
  }, {
    "id" : "s4",
    "begin" : 648,
    "end" : 695,
    "text" : "However, the coefficient becomes insignificant.",
    "tokens" : [ {
      "id" : "s4-t0",
      "begin" : 648,
      "end" : 655,
      "text" : "However",
      "whiteSpace" : false
    }, {
      "id" : "s4-t1",
      "begin" : 655,
      "end" : 656,
      "text" : ",",
      "whiteSpace" : false
    }, {
      "id" : "s4-t2",
      "begin" : 657,
      "end" : 660,
      "text" : "the",
      "whiteSpace" : false
    }, {
      "id" : "s4-t3",
      "begin" : 661,
      "end" : 672,
      "text" : "coefficient",
      "whiteSpace" : false
    }, {
      "id" : "s4-t4",
      "begin" : 673,
      "end" : 680,
      "text" : "becomes",
      "whiteSpace" : false
    }, {
      "id" : "s4-t5",
      "begin" : 681,
      "end" : 694,
      "text" : "insignificant",
      "whiteSpace" : false
    }, {
      "id" : "s4-t6",
      "begin" : 694,
      "end" : 695,
      "text" : ".",
      "whiteSpace" : false
    } ]
  }, {
    "id" : "s5",
    "begin" : 696,
    "end" : 759,
    "text" : "Overall, we gather that inequality hurts growth in the country.",
    "tokens" : [ {
      "id" : "s5-t0",
      "begin" : 696,
      "end" : 703,
      "text" : "Overall",
      "whiteSpace" : false
    }, {
      "id" : "s5-t1",
      "begin" : 703,
      "end" : 704,
      "text" : ",",
      "whiteSpace" : false
    }, {
      "id" : "s5-t2",
      "begin" : 705,
      "end" : 707,
      "text" : "we",
      "whiteSpace" : false
    }, {
      "id" : "s5-t3",
      "begin" : 708,
      "end" : 714,
      "text" : "gather",
      "whiteSpace" : false
    }, {
      "id" : "s5-t4",
      "begin" : 715,
      "end" : 719,
      "text" : "that",
      "whiteSpace" : false
    }, {
      "id" : "s5-t5",
      "begin" : 720,
      "end" : 730,
      "text" : "inequality",
      "whiteSpace" : false
    }, {
      "id" : "s5-t6",
      "begin" : 731,
      "end" : 736,
      "text" : "hurts",
      "whiteSpace" : false
    }, {
      "id" : "s5-t7",
      "begin" : 737,
      "end" : 743,
      "text" : "growth",
      "whiteSpace" : false
    }, {
      "id" : "s5-t8",
      "begin" : 744,
      "end" : 746,
      "text" : "in",
      "whiteSpace" : false
    }, {
      "id" : "s5-t9",
      "begin" : 747,
      "end" : 750,
      "text" : "the",
      "whiteSpace" : false
    }, {
      "id" : "s5-t10",
      "begin" : 751,
      "end" : 758,
      "text" : "country",
      "whiteSpace" : false
    }, {
      "id" : "s5-t11",
      "begin" : 758,
      "end" : 759,
      "text" : ".",
      "whiteSpace" : false
    } ]
  }, {
    "id" : "s6",
    "begin" : 760,
    "end" : 819,
    "text" : "Based on this finding, we provide some policy implications.",
    "tokens" : [ {
      "id" : "s6-t0",
      "begin" : 760,
      "end" : 765,
      "text" : "Based",
      "whiteSpace" : false
    }, {
      "id" : "s6-t1",
      "begin" : 766,
      "end" : 768,
      "text" : "on",
      "whiteSpace" : false
    }, {
      "id" : "s6-t2",
      "begin" : 769,
      "end" : 773,
      "text" : "this",
      "whiteSpace" : false
    }, {
      "id" : "s6-t3",
      "begin" : 774,
      "end" : 781,
      "text" : "finding",
      "whiteSpace" : false
    }, {
      "id" : "s6-t4",
      "begin" : 781,
      "end" : 782,
      "text" : ",",
      "whiteSpace" : false
    }, {
      "id" : "s6-t5",
      "begin" : 783,
      "end" : 785,
      "text" : "we",
      "whiteSpace" : false
    }, {
      "id" : "s6-t6",
      "begin" : 786,
      "end" : 793,
      "text" : "provide",
      "whiteSpace" : false
    }, {
      "id" : "s6-t7",
      "begin" : 794,
      "end" : 798,
      "text" : "some",
      "whiteSpace" : false
    }, {
      "id" : "s6-t8",
      "begin" : 799,
      "end" : 805,
      "text" : "policy",
      "whiteSpace" : false
    }, {
      "id" : "s6-t9",
      "begin" : 806,
      "end" : 818,
      "text" : "implications",
      "whiteSpace" : false
    }, {
      "id" : "s6-t10",
      "begin" : 818,
      "end" : 819,
      "text" : ".",
      "whiteSpace" : false
    } ]
  } ],
  "mentions" : [ {
    "id" : "m20",
    "properties" : {
      "SIRE_ENTITY_LEVEL" : "NONE",
      "SIRE_MENTION_ROLE" : "evidence",
      "SIRE_ENTITY_CLASS" : "SPC",
      "SIRE_ENTITY_SUBTYPE" : "NONE",
      "SIRE_MENTION_CLASS" : "SPC",
      "SIRE_MENTION_TYPE" : "NONE"
    },
    "type" : "evidence",
    "begin" : 11,
    "end" : 23,
    "inCoref" : false
  }, {
    "id" : "m1",
    "properties" : {
      "SIRE_MENTION_ROLE" : "relation",
      "SIRE_ENTITY_SUBTYPE" : "NONE",
      "SIRE_MENTION_CLASS" : "SPC",
      "SIRE_MENTION_TYPE" : "NONE"
    },
    "type" : "relation",
    "begin" : 28,
    "end" : 37,
    "inCoref" : false
  }, {
    "id" : "m2",
    "properties" : {
      "SIRE_MENTION_ROLE" : "Variable",
      "SIRE_ENTITY_SUBTYPE" : "NONE",
      "SIRE_MENTION_CLASS" : "SPC",
      "SIRE_MENTION_TYPE" : "NONE"
    },
    "type" : "Variable",
    "begin" : 38,
    "end" : 55,
    "inCoref" : true
  }, {
    "id" : "m3",
    "properties" : {
      "SIRE_MENTION_ROLE" : "Variable",
      "SIRE_ENTITY_SUBTYPE" : "NONE",
      "SIRE_MENTION_CLASS" : "SPC",
      "SIRE_MENTION_TYPE" : "NONE"
    },
    "type" : "Variable",
    "begin" : 59,
    "end" : 74,
    "inCoref" : true
  }, {
    "id" : "m21",
    "properties" : {
      "SIRE_ENTITY_LEVEL" : "NONE",
      "SIRE_MENTION_ROLE" : "evidence",
      "SIRE_ENTITY_CLASS" : "SPC",
      "SIRE_ENTITY_SUBTYPE" : "NONE",
      "SIRE_MENTION_CLASS" : "SPC",
      "SIRE_MENTION_TYPE" : "NONE"
    },
    "type" : "evidence",
    "begin" : 222,
    "end" : 233,
    "inCoref" : false
  }, {
    "id" : "m4",
    "properties" : {
      "SIRE_MENTION_ROLE" : "Variable",
      "SIRE_ENTITY_SUBTYPE" : "NONE",
      "SIRE_MENTION_CLASS" : "SPC",
      "SIRE_MENTION_TYPE" : "NONE"
    },
    "type" : "Variable",
    "begin" : 242,
    "end" : 259,
    "inCoref" : true
  }, {
    "id" : "m5",
    "properties" : {
      "SIRE_MENTION_ROLE" : "Variable",
      "SIRE_ENTITY_SUBTYPE" : "NONE",
      "SIRE_MENTION_CLASS" : "SPC",
      "SIRE_MENTION_TYPE" : "NONE"
    },
    "type" : "Variable",
    "begin" : 278,
    "end" : 284,
    "inCoref" : true
  }, {
    "id" : "m6",
    "properties" : {
      "SIRE_MENTION_ROLE" : "Variable",
      "SIRE_ENTITY_SUBTYPE" : "NONE",
      "SIRE_MENTION_CLASS" : "SPC",
      "SIRE_MENTION_TYPE" : "NONE"
    },
    "type" : "Variable",
    "begin" : 308,
    "end" : 321,
    "inCoref" : false
  }, {
    "id" : "s1-m8",
    "properties" : {
      "SIRE_MENTION_ROLE" : "Variable",
      "SIRE_ENTITY_SUBTYPE" : "NONE",
      "SIRE_MENTION_TYPE" : "NONE",
      "SIRE_MENTION_CLASS" : "SPC"
    },
    "type" : "Variable",
    "begin" : 323,
    "end" : 329,
    "inCoref" : false
  }, {
    "id" : "m22",
    "properties" : {
      "SIRE_ENTITY_LEVEL" : "NONE",
      "SIRE_MENTION_ROLE" : "Variable",
      "SIRE_ENTITY_CLASS" : "SPC",
      "SIRE_ENTITY_SUBTYPE" : "NONE",
      "SIRE_MENTION_CLASS" : "SPC",
      "SIRE_MENTION_TYPE" : "NONE"
    },
    "type" : "Variable",
    "begin" : 331,
    "end" : 347,
    "inCoref" : false
  }, {
    "id" : "m7",
    "properties" : {
      "SIRE_MENTION_ROLE" : "Variable",
      "SIRE_ENTITY_SUBTYPE" : "NONE",
      "SIRE_MENTION_CLASS" : "SPC",
      "SIRE_MENTION_TYPE" : "NONE"
    },
    "type" : "Variable",
    "begin" : 352,
    "end" : 361,
    "inCoref" : false
  }, {
    "id" : "m8",
    "properties" : {
      "SIRE_MENTION_ROLE" : "Variable",
      "SIRE_ENTITY_SUBTYPE" : "NONE",
      "SIRE_MENTION_CLASS" : "SPC",
      "SIRE_MENTION_TYPE" : "NONE"
    },
    "type" : "Variable",
    "begin" : 382,
    "end" : 388,
    "inCoref" : true
  }, {
    "id" : "m9",
    "properties" : {
      "SIRE_MENTION_ROLE" : "evidence",
      "SIRE_ENTITY_SUBTYPE" : "NONE",
      "SIRE_MENTION_CLASS" : "SPC",
      "SIRE_MENTION_TYPE" : "NONE"
    },
    "type" : "evidence",
    "begin" : 463,
    "end" : 470,
    "inCoref" : false
  }, {
    "id" : "m10",
    "properties" : {
      "SIRE_MENTION_ROLE" : "evidence",
      "SIRE_ENTITY_SUBTYPE" : "NONE",
      "SIRE_MENTION_CLASS" : "SPC",
      "SIRE_MENTION_TYPE" : "NONE"
    },
    "type" : "evidence",
    "begin" : 471,
    "end" : 478,
    "inCoref" : false
  }, {
    "id" : "m11",
    "properties" : {
      "SIRE_MENTION_ROLE" : "Variable",
      "SIRE_ENTITY_SUBTYPE" : "NONE",
      "SIRE_MENTION_CLASS" : "SPC",
      "SIRE_MENTION_TYPE" : "NONE"
    },
    "type" : "Variable",
    "begin" : 484,
    "end" : 501,
    "inCoref" : true
  }, {
    "id" : "m12",
    "properties" : {
      "SIRE_MENTION_ROLE" : "relation",
      "SIRE_ENTITY_SUBTYPE" : "NONE",
      "SIRE_MENTION_CLASS" : "SPC",
      "SIRE_MENTION_TYPE" : "NONE"
    },
    "type" : "relation",
    "begin" : 533,
    "end" : 542,
    "inCoref" : false
  }, {
    "id" : "m13",
    "properties" : {
      "SIRE_MENTION_ROLE" : "Variable",
      "SIRE_ENTITY_SUBTYPE" : "NONE",
      "SIRE_MENTION_CLASS" : "SPC",
      "SIRE_MENTION_TYPE" : "NONE"
    },
    "type" : "Variable",
    "begin" : 543,
    "end" : 549,
    "inCoref" : true
  }, {
    "id" : "m14",
    "properties" : {
      "SIRE_MENTION_ROLE" : "relation",
      "SIRE_ENTITY_SUBTYPE" : "NONE",
      "SIRE_MENTION_CLASS" : "SPC",
      "SIRE_MENTION_TYPE" : "NONE"
    },
    "type" : "relation",
    "begin" : 580,
    "end" : 589,
    "inCoref" : false
  }, {
    "id" : "m15",
    "properties" : {
      "SIRE_MENTION_ROLE" : "Variable",
      "SIRE_ENTITY_SUBTYPE" : "NONE",
      "SIRE_MENTION_CLASS" : "SPC",
      "SIRE_MENTION_TYPE" : "NONE"
    },
    "type" : "Variable",
    "begin" : 590,
    "end" : 607,
    "inCoref" : true
  }, {
    "id" : "m16",
    "properties" : {
      "SIRE_MENTION_ROLE" : "Variable",
      "SIRE_ENTITY_SUBTYPE" : "NONE",
      "SIRE_MENTION_CLASS" : "SPC",
      "SIRE_MENTION_TYPE" : "NONE"
    },
    "type" : "Variable",
    "begin" : 611,
    "end" : 617,
    "inCoref" : true
  }, {
    "id" : "m17",
    "properties" : {
      "SIRE_MENTION_ROLE" : "Variable",
      "SIRE_ENTITY_SUBTYPE" : "NONE",
      "SIRE_MENTION_CLASS" : "SPC",
      "SIRE_MENTION_TYPE" : "NONE"
    },
    "type" : "Variable",
    "begin" : 720,
    "end" : 730,
    "inCoref" : true
  }, {
    "id" : "s5-m3",
    "properties" : {
      "SIRE_MENTION_ROLE" : "relation",
      "SIRE_ENTITY_SUBTYPE" : "NONE",
      "SIRE_MENTION_TYPE" : "NONE",
      "SIRE_MENTION_CLASS" : "SPC"
    },
    "type" : "relation",
    "begin" : 731,
    "end" : 736,
    "inCoref" : false
  }, {
    "id" : "m18",
    "properties" : {
      "SIRE_MENTION_ROLE" : "Variable",
      "SIRE_ENTITY_SUBTYPE" : "NONE",
      "SIRE_MENTION_CLASS" : "SPC",
      "SIRE_MENTION_TYPE" : "NONE"
    },
    "type" : "Variable",
    "begin" : 737,
    "end" : 743,
    "inCoref" : true
  }, {
    "id" : "m19",
    "properties" : {
      "SIRE_MENTION_ROLE" : "evidence",
      "SIRE_ENTITY_SUBTYPE" : "NONE",
      "SIRE_MENTION_CLASS" : "SPC",
      "SIRE_MENTION_TYPE" : "NONE"
    },
    "type" : "evidence",
    "begin" : 774,
    "end" : 781,
    "inCoref" : false
  } ],
  "relations" : [ {
    "id" : "s2-r1",
    "properties" : { },
    "type" : "Causal",
    "args" : [ "m11", "m13" ]
  }, {
    "id" : "s3-r1",
    "properties" : { },
    "type" : "Causal",
    "args" : [ "m15", "m16" ]
  }, {
    "id" : "r1",
    "properties" : {
      "SIRE_RELATION_TENSE" : "UNSPECIFIED",
      "SIRE_RELATION_CLASS" : "SPECIFIC",
      "SIRE_RELATION_MODALITY" : "ASSERTED",
      "SIRE_RELATION_SUBTYPE" : "OTHER"
    },
    "type" : "Causal",
    "args" : [ "m17", "m18" ]
  } ],
  "corefs" : [ {
    "id" : "c1",
    "properties" : { },
    "mentions" : [ "m17", "m2", "m4", "m11", "m15" ]
  }, {
    "id" : "c2",
    "properties" : { },
    "mentions" : [ "m3", "m5", "m8", "m16", "m18", "m13" ]
  } ],
  "typeResolved" : true,
  "userResolved" : false
}