{
  "id" : "27254b60-5128-11ec-a727-c91aef4b6ba6-17",
  "name" : "40. M.T. Majeed 2016.docx",
  "createdDate" : 0,
  "version" : 3,
  "text" : "This study investigates the impact of income inequality on economic growth in Pakistan using annual time series data from 1975 to 2013. The empirical analysis for the effect of income inequality on economic growth is based on the ARDL approach to cointegration. The empirical findings show that inequality exerts significantly positive influence on annual economic growth of Pakistan. It implies that annual growth is not driven by the poor which is also confirmed by the negative influence of poverty on growth. Though inequality exerts positive influence on growth but such type of growth cannot be sustained as the poor are not part of the growth process.\n\n",
  "docLength" : 0,
  "language" : "EN",
  "status" : "IN_PROGRESS",
  "modifiedDate" : 1638283048348,
  "documentSet" : [ ],
  "preannotation" : [ "PRE_LW", "PRE_SIRE" ],
  "sentences" : [ {
    "id" : "s0",
    "begin" : 0,
    "end" : 135,
    "text" : "This study investigates the impact of income inequality on economic growth in Pakistan using annual time series data from 1975 to 2013.",
    "tokens" : [ {
      "id" : "s0-t0",
      "begin" : 0,
      "end" : 4,
      "text" : "This",
      "whiteSpace" : false
    }, {
      "id" : "s0-t1",
      "begin" : 5,
      "end" : 10,
      "text" : "study",
      "whiteSpace" : false
    }, {
      "id" : "s0-t2",
      "begin" : 11,
      "end" : 23,
      "text" : "investigates",
      "whiteSpace" : false
    }, {
      "id" : "s0-t3",
      "begin" : 24,
      "end" : 27,
      "text" : "the",
      "whiteSpace" : false
    }, {
      "id" : "s0-t4",
      "begin" : 28,
      "end" : 34,
      "text" : "impact",
      "whiteSpace" : false
    }, {
      "id" : "s0-t5",
      "begin" : 35,
      "end" : 37,
      "text" : "of",
      "whiteSpace" : false
    }, {
      "id" : "s0-t6",
      "begin" : 38,
      "end" : 44,
      "text" : "income",
      "whiteSpace" : false
    }, {
      "id" : "s0-t7",
      "begin" : 45,
      "end" : 55,
      "text" : "inequality",
      "whiteSpace" : false
    }, {
      "id" : "s0-t8",
      "begin" : 56,
      "end" : 58,
      "text" : "on",
      "whiteSpace" : false
    }, {
      "id" : "s0-t9",
      "begin" : 59,
      "end" : 67,
      "text" : "economic",
      "whiteSpace" : false
    }, {
      "id" : "s0-t10",
      "begin" : 68,
      "end" : 74,
      "text" : "growth",
      "whiteSpace" : false
    }, {
      "id" : "s0-t11",
      "begin" : 75,
      "end" : 77,
      "text" : "in",
      "whiteSpace" : false
    }, {
      "id" : "s0-t12",
      "begin" : 78,
      "end" : 86,
      "text" : "Pakistan",
      "whiteSpace" : false
    }, {
      "id" : "s0-t13",
      "begin" : 87,
      "end" : 92,
      "text" : "using",
      "whiteSpace" : false
    }, {
      "id" : "s0-t14",
      "begin" : 93,
      "end" : 99,
      "text" : "annual",
      "whiteSpace" : false
    }, {
      "id" : "s0-t15",
      "begin" : 100,
      "end" : 104,
      "text" : "time",
      "whiteSpace" : false
    }, {
      "id" : "s0-t16",
      "begin" : 105,
      "end" : 111,
      "text" : "series",
      "whiteSpace" : false
    }, {
      "id" : "s0-t17",
      "begin" : 112,
      "end" : 116,
      "text" : "data",
      "whiteSpace" : false
    }, {
      "id" : "s0-t18",
      "begin" : 117,
      "end" : 121,
      "text" : "from",
      "whiteSpace" : false
    }, {
      "id" : "s0-t19",
      "begin" : 122,
      "end" : 126,
      "text" : "1975",
      "whiteSpace" : false
    }, {
      "id" : "s0-t20",
      "begin" : 127,
      "end" : 129,
      "text" : "to",
      "whiteSpace" : false
    }, {
      "id" : "s0-t21",
      "begin" : 130,
      "end" : 134,
      "text" : "2013",
      "whiteSpace" : false
    }, {
      "id" : "s0-t22",
      "begin" : 134,
      "end" : 135,
      "text" : ".",
      "whiteSpace" : false
    } ]
  }, {
    "id" : "s1",
    "begin" : 136,
    "end" : 261,
    "text" : "The empirical analysis for the effect of income inequality on economic growth is based on the ARDL approach to cointegration.",
    "tokens" : [ {
      "id" : "s1-t0",
      "begin" : 136,
      "end" : 139,
      "text" : "The",
      "whiteSpace" : false
    }, {
      "id" : "s1-t1",
      "begin" : 140,
      "end" : 149,
      "text" : "empirical",
      "whiteSpace" : false
    }, {
      "id" : "s1-t2",
      "begin" : 150,
      "end" : 158,
      "text" : "analysis",
      "whiteSpace" : false
    }, {
      "id" : "s1-t3",
      "begin" : 159,
      "end" : 162,
      "text" : "for",
      "whiteSpace" : false
    }, {
      "id" : "s1-t4",
      "begin" : 163,
      "end" : 166,
      "text" : "the",
      "whiteSpace" : false
    }, {
      "id" : "s1-t5",
      "begin" : 167,
      "end" : 173,
      "text" : "effect",
      "whiteSpace" : false
    }, {
      "id" : "s1-t6",
      "begin" : 174,
      "end" : 176,
      "text" : "of",
      "whiteSpace" : false
    }, {
      "id" : "s1-t7",
      "begin" : 177,
      "end" : 183,
      "text" : "income",
      "whiteSpace" : false
    }, {
      "id" : "s1-t8",
      "begin" : 184,
      "end" : 194,
      "text" : "inequality",
      "whiteSpace" : false
    }, {
      "id" : "s1-t9",
      "begin" : 195,
      "end" : 197,
      "text" : "on",
      "whiteSpace" : false
    }, {
      "id" : "s1-t10",
      "begin" : 198,
      "end" : 206,
      "text" : "economic",
      "whiteSpace" : false
    }, {
      "id" : "s1-t11",
      "begin" : 207,
      "end" : 213,
      "text" : "growth",
      "whiteSpace" : false
    }, {
      "id" : "s1-t12",
      "begin" : 214,
      "end" : 216,
      "text" : "is",
      "whiteSpace" : false
    }, {
      "id" : "s1-t13",
      "begin" : 217,
      "end" : 222,
      "text" : "based",
      "whiteSpace" : false
    }, {
      "id" : "s1-t14",
      "begin" : 223,
      "end" : 225,
      "text" : "on",
      "whiteSpace" : false
    }, {
      "id" : "s1-t15",
      "begin" : 226,
      "end" : 229,
      "text" : "the",
      "whiteSpace" : false
    }, {
      "id" : "s1-t16",
      "begin" : 230,
      "end" : 234,
      "text" : "ARDL",
      "whiteSpace" : false
    }, {
      "id" : "s1-t17",
      "begin" : 235,
      "end" : 243,
      "text" : "approach",
      "whiteSpace" : false
    }, {
      "id" : "s1-t18",
      "begin" : 244,
      "end" : 246,
      "text" : "to",
      "whiteSpace" : false
    }, {
      "id" : "s1-t19",
      "begin" : 247,
      "end" : 260,
      "text" : "cointegration",
      "whiteSpace" : false
    }, {
      "id" : "s1-t20",
      "begin" : 260,
      "end" : 261,
      "text" : ".",
      "whiteSpace" : false
    } ]
  }, {
    "id" : "s2",
    "begin" : 262,
    "end" : 384,
    "text" : "The empirical findings show that inequality exerts significantly positive influence on annual economic growth of Pakistan.",
    "tokens" : [ {
      "id" : "s2-t0",
      "begin" : 262,
      "end" : 265,
      "text" : "The",
      "whiteSpace" : false
    }, {
      "id" : "s2-t1",
      "begin" : 266,
      "end" : 275,
      "text" : "empirical",
      "whiteSpace" : false
    }, {
      "id" : "s2-t2",
      "begin" : 276,
      "end" : 284,
      "text" : "findings",
      "whiteSpace" : false
    }, {
      "id" : "s2-t3",
      "begin" : 285,
      "end" : 289,
      "text" : "show",
      "whiteSpace" : false
    }, {
      "id" : "s2-t4",
      "begin" : 290,
      "end" : 294,
      "text" : "that",
      "whiteSpace" : false
    }, {
      "id" : "s2-t5",
      "begin" : 295,
      "end" : 305,
      "text" : "inequality",
      "whiteSpace" : false
    }, {
      "id" : "s2-t6",
      "begin" : 306,
      "end" : 312,
      "text" : "exerts",
      "whiteSpace" : false
    }, {
      "id" : "s2-t7",
      "begin" : 313,
      "end" : 326,
      "text" : "significantly",
      "whiteSpace" : false
    }, {
      "id" : "s2-t8",
      "begin" : 327,
      "end" : 335,
      "text" : "positive",
      "whiteSpace" : false
    }, {
      "id" : "s2-t9",
      "begin" : 336,
      "end" : 345,
      "text" : "influence",
      "whiteSpace" : false
    }, {
      "id" : "s2-t10",
      "begin" : 346,
      "end" : 348,
      "text" : "on",
      "whiteSpace" : false
    }, {
      "id" : "s2-t11",
      "begin" : 349,
      "end" : 355,
      "text" : "annual",
      "whiteSpace" : false
    }, {
      "id" : "s2-t12",
      "begin" : 356,
      "end" : 364,
      "text" : "economic",
      "whiteSpace" : false
    }, {
      "id" : "s2-t13",
      "begin" : 365,
      "end" : 371,
      "text" : "growth",
      "whiteSpace" : false
    }, {
      "id" : "s2-t14",
      "begin" : 372,
      "end" : 374,
      "text" : "of",
      "whiteSpace" : false
    }, {
      "id" : "s2-t15",
      "begin" : 375,
      "end" : 383,
      "text" : "Pakistan",
      "whiteSpace" : false
    }, {
      "id" : "s2-t16",
      "begin" : 383,
      "end" : 384,
      "text" : ".",
      "whiteSpace" : false
    } ]
  }, {
    "id" : "s3",
    "begin" : 385,
    "end" : 512,
    "text" : "It implies that annual growth is not driven by the poor which is also confirmed by the negative influence of poverty on growth.",
    "tokens" : [ {
      "id" : "s3-t0",
      "begin" : 385,
      "end" : 387,
      "text" : "It",
      "whiteSpace" : false
    }, {
      "id" : "s3-t1",
      "begin" : 388,
      "end" : 395,
      "text" : "implies",
      "whiteSpace" : false
    }, {
      "id" : "s3-t2",
      "begin" : 396,
      "end" : 400,
      "text" : "that",
      "whiteSpace" : false
    }, {
      "id" : "s3-t3",
      "begin" : 401,
      "end" : 407,
      "text" : "annual",
      "whiteSpace" : false
    }, {
      "id" : "s3-t4",
      "begin" : 408,
      "end" : 414,
      "text" : "growth",
      "whiteSpace" : false
    }, {
      "id" : "s3-t5",
      "begin" : 415,
      "end" : 417,
      "text" : "is",
      "whiteSpace" : false
    }, {
      "id" : "s3-t6",
      "begin" : 418,
      "end" : 421,
      "text" : "not",
      "whiteSpace" : false
    }, {
      "id" : "s3-t7",
      "begin" : 422,
      "end" : 428,
      "text" : "driven",
      "whiteSpace" : false
    }, {
      "id" : "s3-t8",
      "begin" : 429,
      "end" : 431,
      "text" : "by",
      "whiteSpace" : false
    }, {
      "id" : "s3-t9",
      "begin" : 432,
      "end" : 435,
      "text" : "the",
      "whiteSpace" : false
    }, {
      "id" : "s3-t10",
      "begin" : 436,
      "end" : 440,
      "text" : "poor",
      "whiteSpace" : false
    }, {
      "id" : "s3-t11",
      "begin" : 441,
      "end" : 446,
      "text" : "which",
      "whiteSpace" : false
    }, {
      "id" : "s3-t12",
      "begin" : 447,
      "end" : 449,
      "text" : "is",
      "whiteSpace" : false
    }, {
      "id" : "s3-t13",
      "begin" : 450,
      "end" : 454,
      "text" : "also",
      "whiteSpace" : false
    }, {
      "id" : "s3-t14",
      "begin" : 455,
      "end" : 464,
      "text" : "confirmed",
      "whiteSpace" : false
    }, {
      "id" : "s3-t15",
      "begin" : 465,
      "end" : 467,
      "text" : "by",
      "whiteSpace" : false
    }, {
      "id" : "s3-t16",
      "begin" : 468,
      "end" : 471,
      "text" : "the",
      "whiteSpace" : false
    }, {
      "id" : "s3-t17",
      "begin" : 472,
      "end" : 480,
      "text" : "negative",
      "whiteSpace" : false
    }, {
      "id" : "s3-t18",
      "begin" : 481,
      "end" : 490,
      "text" : "influence",
      "whiteSpace" : false
    }, {
      "id" : "s3-t19",
      "begin" : 491,
      "end" : 493,
      "text" : "of",
      "whiteSpace" : false
    }, {
      "id" : "s3-t20",
      "begin" : 494,
      "end" : 501,
      "text" : "poverty",
      "whiteSpace" : false
    }, {
      "id" : "s3-t21",
      "begin" : 502,
      "end" : 504,
      "text" : "on",
      "whiteSpace" : false
    }, {
      "id" : "s3-t22",
      "begin" : 505,
      "end" : 511,
      "text" : "growth",
      "whiteSpace" : false
    }, {
      "id" : "s3-t23",
      "begin" : 511,
      "end" : 512,
      "text" : ".",
      "whiteSpace" : false
    } ]
  }, {
    "id" : "s4",
    "begin" : 513,
    "end" : 658,
    "text" : "Though inequality exerts positive influence on growth but such type of growth cannot be sustained as the poor are not part of the growth process.",
    "tokens" : [ {
      "id" : "s4-t0",
      "begin" : 513,
      "end" : 519,
      "text" : "Though",
      "whiteSpace" : false
    }, {
      "id" : "s4-t1",
      "begin" : 520,
      "end" : 530,
      "text" : "inequality",
      "whiteSpace" : false
    }, {
      "id" : "s4-t2",
      "begin" : 531,
      "end" : 537,
      "text" : "exerts",
      "whiteSpace" : false
    }, {
      "id" : "s4-t3",
      "begin" : 538,
      "end" : 546,
      "text" : "positive",
      "whiteSpace" : false
    }, {
      "id" : "s4-t4",
      "begin" : 547,
      "end" : 556,
      "text" : "influence",
      "whiteSpace" : false
    }, {
      "id" : "s4-t5",
      "begin" : 557,
      "end" : 559,
      "text" : "on",
      "whiteSpace" : false
    }, {
      "id" : "s4-t6",
      "begin" : 560,
      "end" : 566,
      "text" : "growth",
      "whiteSpace" : false
    }, {
      "id" : "s4-t7",
      "begin" : 567,
      "end" : 570,
      "text" : "but",
      "whiteSpace" : false
    }, {
      "id" : "s4-t8",
      "begin" : 571,
      "end" : 575,
      "text" : "such",
      "whiteSpace" : false
    }, {
      "id" : "s4-t9",
      "begin" : 576,
      "end" : 580,
      "text" : "type",
      "whiteSpace" : false
    }, {
      "id" : "s4-t10",
      "begin" : 581,
      "end" : 583,
      "text" : "of",
      "whiteSpace" : false
    }, {
      "id" : "s4-t11",
      "begin" : 584,
      "end" : 590,
      "text" : "growth",
      "whiteSpace" : false
    }, {
      "id" : "s4-t12",
      "begin" : 591,
      "end" : 597,
      "text" : "cannot",
      "whiteSpace" : false
    }, {
      "id" : "s4-t13",
      "begin" : 598,
      "end" : 600,
      "text" : "be",
      "whiteSpace" : false
    }, {
      "id" : "s4-t14",
      "begin" : 601,
      "end" : 610,
      "text" : "sustained",
      "whiteSpace" : false
    }, {
      "id" : "s4-t15",
      "begin" : 611,
      "end" : 613,
      "text" : "as",
      "whiteSpace" : false
    }, {
      "id" : "s4-t16",
      "begin" : 614,
      "end" : 617,
      "text" : "the",
      "whiteSpace" : false
    }, {
      "id" : "s4-t17",
      "begin" : 618,
      "end" : 622,
      "text" : "poor",
      "whiteSpace" : false
    }, {
      "id" : "s4-t18",
      "begin" : 623,
      "end" : 626,
      "text" : "are",
      "whiteSpace" : false
    }, {
      "id" : "s4-t19",
      "begin" : 627,
      "end" : 630,
      "text" : "not",
      "whiteSpace" : false
    }, {
      "id" : "s4-t20",
      "begin" : 631,
      "end" : 635,
      "text" : "part",
      "whiteSpace" : false
    }, {
      "id" : "s4-t21",
      "begin" : 636,
      "end" : 638,
      "text" : "of",
      "whiteSpace" : false
    }, {
      "id" : "s4-t22",
      "begin" : 639,
      "end" : 642,
      "text" : "the",
      "whiteSpace" : false
    }, {
      "id" : "s4-t23",
      "begin" : 643,
      "end" : 649,
      "text" : "growth",
      "whiteSpace" : false
    }, {
      "id" : "s4-t24",
      "begin" : 650,
      "end" : 657,
      "text" : "process",
      "whiteSpace" : false
    }, {
      "id" : "s4-t25",
      "begin" : 657,
      "end" : 658,
      "text" : ".",
      "whiteSpace" : false
    } ]
  } ],
  "mentions" : [ {
    "id" : "m1",
    "properties" : {
      "SIRE_MENTION_ROLE" : "evidence",
      "SIRE_ENTITY_SUBTYPE" : "NONE",
      "SIRE_MENTION_CLASS" : "SPC",
      "SIRE_MENTION_TYPE" : "NONE"
    },
    "type" : "evidence",
    "begin" : 5,
    "end" : 10,
    "inCoref" : false
  }, {
    "id" : "s0-m5",
    "properties" : {
      "SIRE_MENTION_ROLE" : "evidence",
      "SIRE_ENTITY_SUBTYPE" : "NONE",
      "SIRE_MENTION_TYPE" : "NONE",
      "SIRE_MENTION_CLASS" : "SPC"
    },
    "type" : "evidence",
    "begin" : 11,
    "end" : 23,
    "inCoref" : false
  }, {
    "id" : "m2",
    "properties" : {
      "SIRE_MENTION_ROLE" : "relation",
      "SIRE_ENTITY_SUBTYPE" : "NONE",
      "SIRE_MENTION_CLASS" : "SPC",
      "SIRE_MENTION_TYPE" : "NONE"
    },
    "type" : "relation",
    "begin" : 28,
    "end" : 37,
    "inCoref" : false
  }, {
    "id" : "m3",
    "properties" : {
      "SIRE_MENTION_ROLE" : "Variable",
      "SIRE_ENTITY_SUBTYPE" : "NONE",
      "SIRE_MENTION_CLASS" : "SPC",
      "SIRE_MENTION_TYPE" : "NONE"
    },
    "type" : "Variable",
    "begin" : 38,
    "end" : 55,
    "inCoref" : true
  }, {
    "id" : "m4",
    "properties" : {
      "SIRE_MENTION_ROLE" : "Variable",
      "SIRE_ENTITY_SUBTYPE" : "NONE",
      "SIRE_MENTION_CLASS" : "SPC",
      "SIRE_MENTION_TYPE" : "NONE"
    },
    "type" : "Variable",
    "begin" : 59,
    "end" : 74,
    "inCoref" : true
  }, {
    "id" : "s1-m4",
    "properties" : {
      "SIRE_MENTION_ROLE" : "evidence",
      "SIRE_ENTITY_SUBTYPE" : "NONE",
      "SIRE_MENTION_TYPE" : "NONE",
      "SIRE_MENTION_CLASS" : "SPC"
    },
    "type" : "evidence",
    "begin" : 150,
    "end" : 158,
    "inCoref" : false
  }, {
    "id" : "m5",
    "properties" : {
      "SIRE_MENTION_ROLE" : "relation",
      "SIRE_ENTITY_SUBTYPE" : "NONE",
      "SIRE_MENTION_CLASS" : "SPC",
      "SIRE_MENTION_TYPE" : "NONE"
    },
    "type" : "relation",
    "begin" : 167,
    "end" : 176,
    "inCoref" : false
  }, {
    "id" : "m6",
    "properties" : {
      "SIRE_MENTION_ROLE" : "Variable",
      "SIRE_ENTITY_SUBTYPE" : "NONE",
      "SIRE_MENTION_CLASS" : "SPC",
      "SIRE_MENTION_TYPE" : "NONE"
    },
    "type" : "Variable",
    "begin" : 177,
    "end" : 194,
    "inCoref" : true
  }, {
    "id" : "m7",
    "properties" : {
      "SIRE_MENTION_ROLE" : "Variable",
      "SIRE_ENTITY_SUBTYPE" : "NONE",
      "SIRE_MENTION_CLASS" : "SPC",
      "SIRE_MENTION_TYPE" : "NONE"
    },
    "type" : "Variable",
    "begin" : 198,
    "end" : 213,
    "inCoref" : true
  }, {
    "id" : "m8",
    "properties" : {
      "SIRE_MENTION_ROLE" : "evidence",
      "SIRE_ENTITY_SUBTYPE" : "NONE",
      "SIRE_MENTION_CLASS" : "SPC",
      "SIRE_MENTION_TYPE" : "NONE"
    },
    "type" : "evidence",
    "begin" : 276,
    "end" : 284,
    "inCoref" : false
  }, {
    "id" : "m9",
    "properties" : {
      "SIRE_MENTION_ROLE" : "evidence",
      "SIRE_ENTITY_SUBTYPE" : "NONE",
      "SIRE_MENTION_CLASS" : "SPC",
      "SIRE_MENTION_TYPE" : "NONE"
    },
    "type" : "evidence",
    "begin" : 285,
    "end" : 289,
    "inCoref" : false
  }, {
    "id" : "m10",
    "properties" : {
      "SIRE_MENTION_ROLE" : "Variable",
      "SIRE_ENTITY_SUBTYPE" : "NONE",
      "SIRE_MENTION_CLASS" : "SPC",
      "SIRE_MENTION_TYPE" : "NONE"
    },
    "type" : "Variable",
    "begin" : 295,
    "end" : 305,
    "inCoref" : true
  }, {
    "id" : "m11",
    "properties" : {
      "SIRE_MENTION_ROLE" : "relation",
      "SIRE_ENTITY_SUBTYPE" : "NONE",
      "SIRE_MENTION_CLASS" : "SPC",
      "SIRE_MENTION_TYPE" : "NONE"
    },
    "type" : "relation",
    "begin" : 336,
    "end" : 348,
    "inCoref" : false
  }, {
    "id" : "m12",
    "properties" : {
      "SIRE_MENTION_ROLE" : "Variable",
      "SIRE_ENTITY_SUBTYPE" : "NONE",
      "SIRE_MENTION_CLASS" : "SPC",
      "SIRE_MENTION_TYPE" : "NONE"
    },
    "type" : "Variable",
    "begin" : 356,
    "end" : 371,
    "inCoref" : true
  }, {
    "id" : "m22",
    "properties" : {
      "SIRE_ENTITY_LEVEL" : "NONE",
      "SIRE_MENTION_ROLE" : "evidence",
      "SIRE_ENTITY_CLASS" : "SPC",
      "SIRE_ENTITY_SUBTYPE" : "NONE",
      "SIRE_MENTION_CLASS" : "SPC",
      "SIRE_MENTION_TYPE" : "NONE"
    },
    "type" : "evidence",
    "begin" : 388,
    "end" : 395,
    "inCoref" : false
  }, {
    "id" : "m13",
    "properties" : {
      "SIRE_MENTION_ROLE" : "Variable",
      "SIRE_ENTITY_SUBTYPE" : "NONE",
      "SIRE_MENTION_CLASS" : "SPC",
      "SIRE_MENTION_TYPE" : "NONE"
    },
    "type" : "Variable",
    "begin" : 408,
    "end" : 414,
    "inCoref" : true
  }, {
    "id" : "m23",
    "properties" : {
      "SIRE_ENTITY_LEVEL" : "NONE",
      "SIRE_MENTION_ROLE" : "negation",
      "SIRE_ENTITY_CLASS" : "SPC",
      "SIRE_ENTITY_SUBTYPE" : "NONE",
      "SIRE_MENTION_CLASS" : "SPC",
      "SIRE_MENTION_TYPE" : "NONE"
    },
    "type" : "negation",
    "begin" : 418,
    "end" : 421,
    "inCoref" : false
  }, {
    "id" : "m14",
    "properties" : {
      "SIRE_MENTION_ROLE" : "relation",
      "SIRE_ENTITY_SUBTYPE" : "NONE",
      "SIRE_MENTION_CLASS" : "SPC",
      "SIRE_MENTION_TYPE" : "NONE"
    },
    "type" : "relation",
    "begin" : 422,
    "end" : 431,
    "inCoref" : false
  }, {
    "id" : "s3-m7",
    "properties" : {
      "SIRE_MENTION_ROLE" : "Variable",
      "SIRE_ENTITY_SUBTYPE" : "NONE",
      "SIRE_MENTION_TYPE" : "NONE",
      "SIRE_MENTION_CLASS" : "SPC"
    },
    "type" : "Variable",
    "begin" : 436,
    "end" : 440,
    "inCoref" : true
  }, {
    "id" : "s3-m8",
    "properties" : {
      "SIRE_MENTION_ROLE" : "relation",
      "SIRE_ENTITY_SUBTYPE" : "NONE",
      "SIRE_MENTION_TYPE" : "NONE",
      "SIRE_MENTION_CLASS" : "SPC"
    },
    "type" : "relation",
    "begin" : 481,
    "end" : 493,
    "inCoref" : false
  }, {
    "id" : "m15",
    "properties" : {
      "SIRE_MENTION_ROLE" : "Variable",
      "SIRE_ENTITY_SUBTYPE" : "NONE",
      "SIRE_MENTION_CLASS" : "SPC",
      "SIRE_MENTION_TYPE" : "NONE"
    },
    "type" : "Variable",
    "begin" : 494,
    "end" : 501,
    "inCoref" : true
  }, {
    "id" : "m16",
    "properties" : {
      "SIRE_MENTION_ROLE" : "Variable",
      "SIRE_ENTITY_SUBTYPE" : "NONE",
      "SIRE_MENTION_CLASS" : "SPC",
      "SIRE_MENTION_TYPE" : "NONE"
    },
    "type" : "Variable",
    "begin" : 505,
    "end" : 511,
    "inCoref" : true
  }, {
    "id" : "m17",
    "properties" : {
      "SIRE_MENTION_ROLE" : "Variable",
      "SIRE_ENTITY_SUBTYPE" : "NONE",
      "SIRE_MENTION_CLASS" : "SPC",
      "SIRE_MENTION_TYPE" : "NONE"
    },
    "type" : "Variable",
    "begin" : 520,
    "end" : 530,
    "inCoref" : true
  }, {
    "id" : "m18",
    "properties" : {
      "SIRE_MENTION_ROLE" : "relation",
      "SIRE_ENTITY_SUBTYPE" : "NONE",
      "SIRE_MENTION_CLASS" : "SPC",
      "SIRE_MENTION_TYPE" : "NONE"
    },
    "type" : "relation",
    "begin" : 547,
    "end" : 559,
    "inCoref" : false
  }, {
    "id" : "m19",
    "properties" : {
      "SIRE_MENTION_ROLE" : "Variable",
      "SIRE_ENTITY_SUBTYPE" : "NONE",
      "SIRE_MENTION_CLASS" : "SPC",
      "SIRE_MENTION_TYPE" : "NONE"
    },
    "type" : "Variable",
    "begin" : 560,
    "end" : 566,
    "inCoref" : true
  }, {
    "id" : "m20",
    "properties" : {
      "SIRE_MENTION_ROLE" : "Variable",
      "SIRE_ENTITY_SUBTYPE" : "NONE",
      "SIRE_MENTION_CLASS" : "SPC",
      "SIRE_MENTION_TYPE" : "NONE"
    },
    "type" : "Variable",
    "begin" : 584,
    "end" : 590,
    "inCoref" : true
  }, {
    "id" : "m21",
    "properties" : {
      "SIRE_MENTION_ROLE" : "Variable",
      "SIRE_ENTITY_SUBTYPE" : "NONE",
      "SIRE_MENTION_CLASS" : "SPC",
      "SIRE_MENTION_TYPE" : "NONE"
    },
    "type" : "Variable",
    "begin" : 643,
    "end" : 649,
    "inCoref" : true
  } ],
  "relations" : [ {
    "id" : "r1",
    "properties" : {
      "SIRE_RELATION_TENSE" : "UNSPECIFIED",
      "SIRE_RELATION_CLASS" : "SPECIFIC",
      "SIRE_RELATION_MODALITY" : "ASSERTED",
      "SIRE_RELATION_SUBTYPE" : "OTHER"
    },
    "type" : "Causal",
    "args" : [ "m10", "m12" ]
  }, {
    "id" : "r5",
    "properties" : {
      "SIRE_RELATION_TENSE" : "UNSPECIFIED",
      "SIRE_RELATION_CLASS" : "SPECIFIC",
      "SIRE_RELATION_MODALITY" : "ASSERTED",
      "SIRE_RELATION_SUBTYPE" : "OTHER"
    },
    "type" : "Causal",
    "args" : [ "m15", "m16" ]
  }, {
    "id" : "s3-r1",
    "properties" : { },
    "type" : "NoRelation",
    "args" : [ "s3-m7", "m13" ]
  }, {
    "id" : "r2",
    "properties" : {
      "SIRE_RELATION_TENSE" : "UNSPECIFIED",
      "SIRE_RELATION_CLASS" : "SPECIFIC",
      "SIRE_RELATION_MODALITY" : "ASSERTED",
      "SIRE_RELATION_SUBTYPE" : "OTHER"
    },
    "type" : "Causal",
    "args" : [ "m17", "m19" ]
  } ],
  "corefs" : [ {
    "id" : "c1",
    "properties" : { },
    "mentions" : [ "m10", "m17", "m3", "m6" ]
  }, {
    "id" : "c2",
    "properties" : { },
    "mentions" : [ "m4", "m7", "m12", "m13", "m16", "m19", "m20", "m21" ]
  }, {
    "id" : "c3",
    "properties" : { },
    "mentions" : [ "s3-m7", "m15" ]
  } ],
  "typeResolved" : true,
  "userResolved" : false
}