{
  "id" : "27254b60-5128-11ec-a727-c91aef4b6ba6-6",
  "name" : "20. M. Brueckner , D Lederman 2018.docx",
  "createdDate" : 0,
  "version" : 3,
  "text" : "This paper estimates a panel model in which the relationship between inequality and gross domestic product per capita growth depends on countries' initial incomes. Estimates of the model show that the relationship between inequality and gross domestic product per capita growth is significantly decreasing in countries' initial incomes. The results from instrumental variables regressions show that in low-income countries, transitional growth is boosted by greater income inequality. In high-income countries, inequality has a significant negative effect on transitional growth. For the median country in the world that in 2015 had a purchasing power parity gross domestic product per capita of around US$10,000, instrumental variables estimates predict that a 1 percentage point increase in the Gini coefficient decreases gross domestic product per capita growth over a five-year period by over 1 percentage point; the long-run effect on the level of gross domestic product per capita is around -5 percent.\n\n",
  "docLength" : 0,
  "language" : "EN",
  "status" : "IN_PROGRESS",
  "modifiedDate" : 1638281963164,
  "documentSet" : [ ],
  "preannotation" : [ "PRE_LW", "PRE_SIRE" ],
  "sentences" : [ {
    "id" : "s0",
    "begin" : 0,
    "end" : 163,
    "text" : "This paper estimates a panel model in which the relationship between inequality and gross domestic product per capita growth depends on countries' initial incomes.",
    "tokens" : [ {
      "id" : "s0-t0",
      "begin" : 0,
      "end" : 4,
      "text" : "This",
      "whiteSpace" : false
    }, {
      "id" : "s0-t1",
      "begin" : 5,
      "end" : 10,
      "text" : "paper",
      "whiteSpace" : false
    }, {
      "id" : "s0-t2",
      "begin" : 11,
      "end" : 20,
      "text" : "estimates",
      "whiteSpace" : false
    }, {
      "id" : "s0-t3",
      "begin" : 21,
      "end" : 22,
      "text" : "a",
      "whiteSpace" : false
    }, {
      "id" : "s0-t4",
      "begin" : 23,
      "end" : 28,
      "text" : "panel",
      "whiteSpace" : false
    }, {
      "id" : "s0-t5",
      "begin" : 29,
      "end" : 34,
      "text" : "model",
      "whiteSpace" : false
    }, {
      "id" : "s0-t6",
      "begin" : 35,
      "end" : 37,
      "text" : "in",
      "whiteSpace" : false
    }, {
      "id" : "s0-t7",
      "begin" : 38,
      "end" : 43,
      "text" : "which",
      "whiteSpace" : false
    }, {
      "id" : "s0-t8",
      "begin" : 44,
      "end" : 47,
      "text" : "the",
      "whiteSpace" : false
    }, {
      "id" : "s0-t9",
      "begin" : 48,
      "end" : 60,
      "text" : "relationship",
      "whiteSpace" : false
    }, {
      "id" : "s0-t10",
      "begin" : 61,
      "end" : 68,
      "text" : "between",
      "whiteSpace" : false
    }, {
      "id" : "s0-t11",
      "begin" : 69,
      "end" : 79,
      "text" : "inequality",
      "whiteSpace" : false
    }, {
      "id" : "s0-t12",
      "begin" : 80,
      "end" : 83,
      "text" : "and",
      "whiteSpace" : false
    }, {
      "id" : "s0-t13",
      "begin" : 84,
      "end" : 89,
      "text" : "gross",
      "whiteSpace" : false
    }, {
      "id" : "s0-t14",
      "begin" : 90,
      "end" : 98,
      "text" : "domestic",
      "whiteSpace" : false
    }, {
      "id" : "s0-t15",
      "begin" : 99,
      "end" : 106,
      "text" : "product",
      "whiteSpace" : false
    }, {
      "id" : "s0-t16",
      "begin" : 107,
      "end" : 110,
      "text" : "per",
      "whiteSpace" : false
    }, {
      "id" : "s0-t17",
      "begin" : 111,
      "end" : 117,
      "text" : "capita",
      "whiteSpace" : false
    }, {
      "id" : "s0-t18",
      "begin" : 118,
      "end" : 124,
      "text" : "growth",
      "whiteSpace" : false
    }, {
      "id" : "s0-t19",
      "begin" : 125,
      "end" : 132,
      "text" : "depends",
      "whiteSpace" : false
    }, {
      "id" : "s0-t20",
      "begin" : 133,
      "end" : 135,
      "text" : "on",
      "whiteSpace" : false
    }, {
      "id" : "s0-t21",
      "begin" : 136,
      "end" : 145,
      "text" : "countries",
      "whiteSpace" : false
    }, {
      "id" : "s0-t22",
      "begin" : 145,
      "end" : 146,
      "text" : "'",
      "whiteSpace" : false
    }, {
      "id" : "s0-t23",
      "begin" : 147,
      "end" : 154,
      "text" : "initial",
      "whiteSpace" : false
    }, {
      "id" : "s0-t24",
      "begin" : 155,
      "end" : 162,
      "text" : "incomes",
      "whiteSpace" : false
    }, {
      "id" : "s0-t25",
      "begin" : 162,
      "end" : 163,
      "text" : ".",
      "whiteSpace" : false
    } ]
  }, {
    "id" : "s1",
    "begin" : 164,
    "end" : 336,
    "text" : "Estimates of the model show that the relationship between inequality and gross domestic product per capita growth is significantly decreasing in countries' initial incomes.",
    "tokens" : [ {
      "id" : "s1-t0",
      "begin" : 164,
      "end" : 173,
      "text" : "Estimates",
      "whiteSpace" : false
    }, {
      "id" : "s1-t1",
      "begin" : 174,
      "end" : 176,
      "text" : "of",
      "whiteSpace" : false
    }, {
      "id" : "s1-t2",
      "begin" : 177,
      "end" : 180,
      "text" : "the",
      "whiteSpace" : false
    }, {
      "id" : "s1-t3",
      "begin" : 181,
      "end" : 186,
      "text" : "model",
      "whiteSpace" : false
    }, {
      "id" : "s1-t4",
      "begin" : 187,
      "end" : 191,
      "text" : "show",
      "whiteSpace" : false
    }, {
      "id" : "s1-t5",
      "begin" : 192,
      "end" : 196,
      "text" : "that",
      "whiteSpace" : false
    }, {
      "id" : "s1-t6",
      "begin" : 197,
      "end" : 200,
      "text" : "the",
      "whiteSpace" : false
    }, {
      "id" : "s1-t7",
      "begin" : 201,
      "end" : 213,
      "text" : "relationship",
      "whiteSpace" : false
    }, {
      "id" : "s1-t8",
      "begin" : 214,
      "end" : 221,
      "text" : "between",
      "whiteSpace" : false
    }, {
      "id" : "s1-t9",
      "begin" : 222,
      "end" : 232,
      "text" : "inequality",
      "whiteSpace" : false
    }, {
      "id" : "s1-t10",
      "begin" : 233,
      "end" : 236,
      "text" : "and",
      "whiteSpace" : false
    }, {
      "id" : "s1-t11",
      "begin" : 237,
      "end" : 242,
      "text" : "gross",
      "whiteSpace" : false
    }, {
      "id" : "s1-t12",
      "begin" : 243,
      "end" : 251,
      "text" : "domestic",
      "whiteSpace" : false
    }, {
      "id" : "s1-t13",
      "begin" : 252,
      "end" : 259,
      "text" : "product",
      "whiteSpace" : false
    }, {
      "id" : "s1-t14",
      "begin" : 260,
      "end" : 263,
      "text" : "per",
      "whiteSpace" : false
    }, {
      "id" : "s1-t15",
      "begin" : 264,
      "end" : 270,
      "text" : "capita",
      "whiteSpace" : false
    }, {
      "id" : "s1-t16",
      "begin" : 271,
      "end" : 277,
      "text" : "growth",
      "whiteSpace" : false
    }, {
      "id" : "s1-t17",
      "begin" : 278,
      "end" : 280,
      "text" : "is",
      "whiteSpace" : false
    }, {
      "id" : "s1-t18",
      "begin" : 281,
      "end" : 294,
      "text" : "significantly",
      "whiteSpace" : false
    }, {
      "id" : "s1-t19",
      "begin" : 295,
      "end" : 305,
      "text" : "decreasing",
      "whiteSpace" : false
    }, {
      "id" : "s1-t20",
      "begin" : 306,
      "end" : 308,
      "text" : "in",
      "whiteSpace" : false
    }, {
      "id" : "s1-t21",
      "begin" : 309,
      "end" : 318,
      "text" : "countries",
      "whiteSpace" : false
    }, {
      "id" : "s1-t22",
      "begin" : 318,
      "end" : 319,
      "text" : "'",
      "whiteSpace" : false
    }, {
      "id" : "s1-t23",
      "begin" : 320,
      "end" : 327,
      "text" : "initial",
      "whiteSpace" : false
    }, {
      "id" : "s1-t24",
      "begin" : 328,
      "end" : 335,
      "text" : "incomes",
      "whiteSpace" : false
    }, {
      "id" : "s1-t25",
      "begin" : 335,
      "end" : 336,
      "text" : ".",
      "whiteSpace" : false
    } ]
  }, {
    "id" : "s2",
    "begin" : 337,
    "end" : 484,
    "text" : "The results from instrumental variables regressions show that in low-income countries, transitional growth is boosted by greater income inequality.",
    "tokens" : [ {
      "id" : "s2-t0",
      "begin" : 337,
      "end" : 340,
      "text" : "The",
      "whiteSpace" : false
    }, {
      "id" : "s2-t1",
      "begin" : 341,
      "end" : 348,
      "text" : "results",
      "whiteSpace" : false
    }, {
      "id" : "s2-t2",
      "begin" : 349,
      "end" : 353,
      "text" : "from",
      "whiteSpace" : false
    }, {
      "id" : "s2-t3",
      "begin" : 354,
      "end" : 366,
      "text" : "instrumental",
      "whiteSpace" : false
    }, {
      "id" : "s2-t4",
      "begin" : 367,
      "end" : 376,
      "text" : "variables",
      "whiteSpace" : false
    }, {
      "id" : "s2-t5",
      "begin" : 377,
      "end" : 388,
      "text" : "regressions",
      "whiteSpace" : false
    }, {
      "id" : "s2-t6",
      "begin" : 389,
      "end" : 393,
      "text" : "show",
      "whiteSpace" : false
    }, {
      "id" : "s2-t7",
      "begin" : 394,
      "end" : 398,
      "text" : "that",
      "whiteSpace" : false
    }, {
      "id" : "s2-t8",
      "begin" : 399,
      "end" : 401,
      "text" : "in",
      "whiteSpace" : false
    }, {
      "id" : "s2-t9",
      "begin" : 402,
      "end" : 412,
      "text" : "low-income",
      "whiteSpace" : false
    }, {
      "id" : "s2-t10",
      "begin" : 413,
      "end" : 422,
      "text" : "countries",
      "whiteSpace" : false
    }, {
      "id" : "s2-t11",
      "begin" : 422,
      "end" : 423,
      "text" : ",",
      "whiteSpace" : false
    }, {
      "id" : "s2-t12",
      "begin" : 424,
      "end" : 436,
      "text" : "transitional",
      "whiteSpace" : false
    }, {
      "id" : "s2-t13",
      "begin" : 437,
      "end" : 443,
      "text" : "growth",
      "whiteSpace" : false
    }, {
      "id" : "s2-t14",
      "begin" : 444,
      "end" : 446,
      "text" : "is",
      "whiteSpace" : false
    }, {
      "id" : "s2-t15",
      "begin" : 447,
      "end" : 454,
      "text" : "boosted",
      "whiteSpace" : false
    }, {
      "id" : "s2-t16",
      "begin" : 455,
      "end" : 457,
      "text" : "by",
      "whiteSpace" : false
    }, {
      "id" : "s2-t17",
      "begin" : 458,
      "end" : 465,
      "text" : "greater",
      "whiteSpace" : false
    }, {
      "id" : "s2-t18",
      "begin" : 466,
      "end" : 472,
      "text" : "income",
      "whiteSpace" : false
    }, {
      "id" : "s2-t19",
      "begin" : 473,
      "end" : 483,
      "text" : "inequality",
      "whiteSpace" : false
    }, {
      "id" : "s2-t20",
      "begin" : 483,
      "end" : 484,
      "text" : ".",
      "whiteSpace" : false
    } ]
  }, {
    "id" : "s3",
    "begin" : 485,
    "end" : 579,
    "text" : "In high-income countries, inequality has a significant negative effect on transitional growth.",
    "tokens" : [ {
      "id" : "s3-t0",
      "begin" : 485,
      "end" : 487,
      "text" : "In",
      "whiteSpace" : false
    }, {
      "id" : "s3-t1",
      "begin" : 488,
      "end" : 499,
      "text" : "high-income",
      "whiteSpace" : false
    }, {
      "id" : "s3-t2",
      "begin" : 500,
      "end" : 509,
      "text" : "countries",
      "whiteSpace" : false
    }, {
      "id" : "s3-t3",
      "begin" : 509,
      "end" : 510,
      "text" : ",",
      "whiteSpace" : false
    }, {
      "id" : "s3-t4",
      "begin" : 511,
      "end" : 521,
      "text" : "inequality",
      "whiteSpace" : false
    }, {
      "id" : "s3-t5",
      "begin" : 522,
      "end" : 525,
      "text" : "has",
      "whiteSpace" : false
    }, {
      "id" : "s3-t6",
      "begin" : 526,
      "end" : 527,
      "text" : "a",
      "whiteSpace" : false
    }, {
      "id" : "s3-t7",
      "begin" : 528,
      "end" : 539,
      "text" : "significant",
      "whiteSpace" : false
    }, {
      "id" : "s3-t8",
      "begin" : 540,
      "end" : 548,
      "text" : "negative",
      "whiteSpace" : false
    }, {
      "id" : "s3-t9",
      "begin" : 549,
      "end" : 555,
      "text" : "effect",
      "whiteSpace" : false
    }, {
      "id" : "s3-t10",
      "begin" : 556,
      "end" : 558,
      "text" : "on",
      "whiteSpace" : false
    }, {
      "id" : "s3-t11",
      "begin" : 559,
      "end" : 571,
      "text" : "transitional",
      "whiteSpace" : false
    }, {
      "id" : "s3-t12",
      "begin" : 572,
      "end" : 578,
      "text" : "growth",
      "whiteSpace" : false
    }, {
      "id" : "s3-t13",
      "begin" : 578,
      "end" : 579,
      "text" : ".",
      "whiteSpace" : false
    } ]
  }, {
    "id" : "s4",
    "begin" : 580,
    "end" : 1008,
    "text" : "For the median country in the world that in 2015 had a purchasing power parity gross domestic product per capita of around US$10,000, instrumental variables estimates predict that a 1 percentage point increase in the Gini coefficient decreases gross domestic product per capita growth over a five-year period by over 1 percentage point; the long-run effect on the level of gross domestic product per capita is around -5 percent.",
    "tokens" : [ {
      "id" : "s4-t0",
      "begin" : 580,
      "end" : 583,
      "text" : "For",
      "whiteSpace" : false
    }, {
      "id" : "s4-t1",
      "begin" : 584,
      "end" : 587,
      "text" : "the",
      "whiteSpace" : false
    }, {
      "id" : "s4-t2",
      "begin" : 588,
      "end" : 594,
      "text" : "median",
      "whiteSpace" : false
    }, {
      "id" : "s4-t3",
      "begin" : 595,
      "end" : 602,
      "text" : "country",
      "whiteSpace" : false
    }, {
      "id" : "s4-t4",
      "begin" : 603,
      "end" : 605,
      "text" : "in",
      "whiteSpace" : false
    }, {
      "id" : "s4-t5",
      "begin" : 606,
      "end" : 609,
      "text" : "the",
      "whiteSpace" : false
    }, {
      "id" : "s4-t6",
      "begin" : 610,
      "end" : 615,
      "text" : "world",
      "whiteSpace" : false
    }, {
      "id" : "s4-t7",
      "begin" : 616,
      "end" : 620,
      "text" : "that",
      "whiteSpace" : false
    }, {
      "id" : "s4-t8",
      "begin" : 621,
      "end" : 623,
      "text" : "in",
      "whiteSpace" : false
    }, {
      "id" : "s4-t9",
      "begin" : 624,
      "end" : 628,
      "text" : "2015",
      "whiteSpace" : false
    }, {
      "id" : "s4-t10",
      "begin" : 629,
      "end" : 632,
      "text" : "had",
      "whiteSpace" : false
    }, {
      "id" : "s4-t11",
      "begin" : 633,
      "end" : 634,
      "text" : "a",
      "whiteSpace" : false
    }, {
      "id" : "s4-t12",
      "begin" : 635,
      "end" : 645,
      "text" : "purchasing",
      "whiteSpace" : false
    }, {
      "id" : "s4-t13",
      "begin" : 646,
      "end" : 651,
      "text" : "power",
      "whiteSpace" : false
    }, {
      "id" : "s4-t14",
      "begin" : 652,
      "end" : 658,
      "text" : "parity",
      "whiteSpace" : false
    }, {
      "id" : "s4-t15",
      "begin" : 659,
      "end" : 664,
      "text" : "gross",
      "whiteSpace" : false
    }, {
      "id" : "s4-t16",
      "begin" : 665,
      "end" : 673,
      "text" : "domestic",
      "whiteSpace" : false
    }, {
      "id" : "s4-t17",
      "begin" : 674,
      "end" : 681,
      "text" : "product",
      "whiteSpace" : false
    }, {
      "id" : "s4-t18",
      "begin" : 682,
      "end" : 685,
      "text" : "per",
      "whiteSpace" : false
    }, {
      "id" : "s4-t19",
      "begin" : 686,
      "end" : 692,
      "text" : "capita",
      "whiteSpace" : false
    }, {
      "id" : "s4-t20",
      "begin" : 693,
      "end" : 695,
      "text" : "of",
      "whiteSpace" : false
    }, {
      "id" : "s4-t21",
      "begin" : 696,
      "end" : 702,
      "text" : "around",
      "whiteSpace" : false
    }, {
      "id" : "s4-t22",
      "begin" : 703,
      "end" : 706,
      "text" : "US$",
      "whiteSpace" : false
    }, {
      "id" : "s4-t23",
      "begin" : 706,
      "end" : 712,
      "text" : "10,000",
      "whiteSpace" : false
    }, {
      "id" : "s4-t24",
      "begin" : 712,
      "end" : 713,
      "text" : ",",
      "whiteSpace" : false
    }, {
      "id" : "s4-t25",
      "begin" : 714,
      "end" : 726,
      "text" : "instrumental",
      "whiteSpace" : false
    }, {
      "id" : "s4-t26",
      "begin" : 727,
      "end" : 736,
      "text" : "variables",
      "whiteSpace" : false
    }, {
      "id" : "s4-t27",
      "begin" : 737,
      "end" : 746,
      "text" : "estimates",
      "whiteSpace" : false
    }, {
      "id" : "s4-t28",
      "begin" : 747,
      "end" : 754,
      "text" : "predict",
      "whiteSpace" : false
    }, {
      "id" : "s4-t29",
      "begin" : 755,
      "end" : 759,
      "text" : "that",
      "whiteSpace" : false
    }, {
      "id" : "s4-t30",
      "begin" : 760,
      "end" : 761,
      "text" : "a",
      "whiteSpace" : false
    }, {
      "id" : "s4-t31",
      "begin" : 762,
      "end" : 763,
      "text" : "1",
      "whiteSpace" : false
    }, {
      "id" : "s4-t32",
      "begin" : 764,
      "end" : 774,
      "text" : "percentage",
      "whiteSpace" : false
    }, {
      "id" : "s4-t33",
      "begin" : 775,
      "end" : 780,
      "text" : "point",
      "whiteSpace" : false
    }, {
      "id" : "s4-t34",
      "begin" : 781,
      "end" : 789,
      "text" : "increase",
      "whiteSpace" : false
    }, {
      "id" : "s4-t35",
      "begin" : 790,
      "end" : 792,
      "text" : "in",
      "whiteSpace" : false
    }, {
      "id" : "s4-t36",
      "begin" : 793,
      "end" : 796,
      "text" : "the",
      "whiteSpace" : false
    }, {
      "id" : "s4-t37",
      "begin" : 797,
      "end" : 801,
      "text" : "Gini",
      "whiteSpace" : false
    }, {
      "id" : "s4-t38",
      "begin" : 802,
      "end" : 813,
      "text" : "coefficient",
      "whiteSpace" : false
    }, {
      "id" : "s4-t39",
      "begin" : 814,
      "end" : 823,
      "text" : "decreases",
      "whiteSpace" : false
    }, {
      "id" : "s4-t40",
      "begin" : 824,
      "end" : 829,
      "text" : "gross",
      "whiteSpace" : false
    }, {
      "id" : "s4-t41",
      "begin" : 830,
      "end" : 838,
      "text" : "domestic",
      "whiteSpace" : false
    }, {
      "id" : "s4-t42",
      "begin" : 839,
      "end" : 846,
      "text" : "product",
      "whiteSpace" : false
    }, {
      "id" : "s4-t43",
      "begin" : 847,
      "end" : 850,
      "text" : "per",
      "whiteSpace" : false
    }, {
      "id" : "s4-t44",
      "begin" : 851,
      "end" : 857,
      "text" : "capita",
      "whiteSpace" : false
    }, {
      "id" : "s4-t45",
      "begin" : 858,
      "end" : 864,
      "text" : "growth",
      "whiteSpace" : false
    }, {
      "id" : "s4-t46",
      "begin" : 865,
      "end" : 869,
      "text" : "over",
      "whiteSpace" : false
    }, {
      "id" : "s4-t47",
      "begin" : 870,
      "end" : 871,
      "text" : "a",
      "whiteSpace" : false
    }, {
      "id" : "s4-t48",
      "begin" : 872,
      "end" : 881,
      "text" : "five-year",
      "whiteSpace" : false
    }, {
      "id" : "s4-t49",
      "begin" : 882,
      "end" : 888,
      "text" : "period",
      "whiteSpace" : false
    }, {
      "id" : "s4-t50",
      "begin" : 889,
      "end" : 891,
      "text" : "by",
      "whiteSpace" : false
    }, {
      "id" : "s4-t51",
      "begin" : 892,
      "end" : 896,
      "text" : "over",
      "whiteSpace" : false
    }, {
      "id" : "s4-t52",
      "begin" : 897,
      "end" : 898,
      "text" : "1",
      "whiteSpace" : false
    }, {
      "id" : "s4-t53",
      "begin" : 899,
      "end" : 909,
      "text" : "percentage",
      "whiteSpace" : false
    }, {
      "id" : "s4-t54",
      "begin" : 910,
      "end" : 915,
      "text" : "point",
      "whiteSpace" : false
    }, {
      "id" : "s4-t55",
      "begin" : 915,
      "end" : 916,
      "text" : ";",
      "whiteSpace" : false
    }, {
      "id" : "s4-t56",
      "begin" : 917,
      "end" : 920,
      "text" : "the",
      "whiteSpace" : false
    }, {
      "id" : "s4-t57",
      "begin" : 921,
      "end" : 929,
      "text" : "long-run",
      "whiteSpace" : false
    }, {
      "id" : "s4-t58",
      "begin" : 930,
      "end" : 936,
      "text" : "effect",
      "whiteSpace" : false
    }, {
      "id" : "s4-t59",
      "begin" : 937,
      "end" : 939,
      "text" : "on",
      "whiteSpace" : false
    }, {
      "id" : "s4-t60",
      "begin" : 940,
      "end" : 943,
      "text" : "the",
      "whiteSpace" : false
    }, {
      "id" : "s4-t61",
      "begin" : 944,
      "end" : 949,
      "text" : "level",
      "whiteSpace" : false
    }, {
      "id" : "s4-t62",
      "begin" : 950,
      "end" : 952,
      "text" : "of",
      "whiteSpace" : false
    }, {
      "id" : "s4-t63",
      "begin" : 953,
      "end" : 958,
      "text" : "gross",
      "whiteSpace" : false
    }, {
      "id" : "s4-t64",
      "begin" : 959,
      "end" : 967,
      "text" : "domestic",
      "whiteSpace" : false
    }, {
      "id" : "s4-t65",
      "begin" : 968,
      "end" : 975,
      "text" : "product",
      "whiteSpace" : false
    }, {
      "id" : "s4-t66",
      "begin" : 976,
      "end" : 979,
      "text" : "per",
      "whiteSpace" : false
    }, {
      "id" : "s4-t67",
      "begin" : 980,
      "end" : 986,
      "text" : "capita",
      "whiteSpace" : false
    }, {
      "id" : "s4-t68",
      "begin" : 987,
      "end" : 989,
      "text" : "is",
      "whiteSpace" : false
    }, {
      "id" : "s4-t69",
      "begin" : 990,
      "end" : 996,
      "text" : "around",
      "whiteSpace" : false
    }, {
      "id" : "s4-t70",
      "begin" : 997,
      "end" : 999,
      "text" : "-5",
      "whiteSpace" : false
    }, {
      "id" : "s4-t71",
      "begin" : 1000,
      "end" : 1007,
      "text" : "percent",
      "whiteSpace" : false
    }, {
      "id" : "s4-t72",
      "begin" : 1007,
      "end" : 1008,
      "text" : ".",
      "whiteSpace" : false
    } ]
  } ],
  "mentions" : [ {
    "id" : "m1",
    "properties" : {
      "SIRE_MENTION_ROLE" : "evidence",
      "SIRE_ENTITY_SUBTYPE" : "NONE",
      "SIRE_MENTION_CLASS" : "SPC",
      "SIRE_MENTION_TYPE" : "NONE"
    },
    "type" : "evidence",
    "begin" : 11,
    "end" : 20,
    "inCoref" : false
  }, {
    "id" : "m27",
    "properties" : {
      "SIRE_ENTITY_LEVEL" : "NONE",
      "SIRE_MENTION_ROLE" : "relation",
      "SIRE_ENTITY_CLASS" : "SPC",
      "SIRE_ENTITY_SUBTYPE" : "NONE",
      "SIRE_MENTION_CLASS" : "SPC",
      "SIRE_MENTION_TYPE" : "NONE"
    },
    "type" : "relation",
    "begin" : 48,
    "end" : 68,
    "inCoref" : false
  }, {
    "id" : "m2",
    "properties" : {
      "SIRE_MENTION_ROLE" : "Variable",
      "SIRE_ENTITY_SUBTYPE" : "NONE",
      "SIRE_MENTION_CLASS" : "SPC",
      "SIRE_MENTION_TYPE" : "NONE"
    },
    "type" : "Variable",
    "begin" : 69,
    "end" : 79,
    "inCoref" : true
  }, {
    "id" : "m3",
    "properties" : {
      "SIRE_MENTION_ROLE" : "Variable",
      "SIRE_ENTITY_SUBTYPE" : "NONE",
      "SIRE_MENTION_CLASS" : "SPC",
      "SIRE_MENTION_TYPE" : "NONE"
    },
    "type" : "Variable",
    "begin" : 84,
    "end" : 124,
    "inCoref" : true
  }, {
    "id" : "m5",
    "properties" : {
      "SIRE_MENTION_ROLE" : "relation",
      "SIRE_ENTITY_SUBTYPE" : "NONE",
      "SIRE_MENTION_CLASS" : "SPC",
      "SIRE_MENTION_TYPE" : "NONE"
    },
    "type" : "relation",
    "begin" : 125,
    "end" : 135,
    "inCoref" : false
  }, {
    "id" : "s0-m7",
    "properties" : {
      "SIRE_MENTION_ROLE" : "Variable",
      "SIRE_ENTITY_SUBTYPE" : "NONE",
      "SIRE_MENTION_TYPE" : "NONE",
      "SIRE_MENTION_CLASS" : "SPC"
    },
    "type" : "Variable",
    "begin" : 136,
    "end" : 162,
    "inCoref" : true
  }, {
    "id" : "m6",
    "properties" : {
      "SIRE_MENTION_ROLE" : "evidence",
      "SIRE_ENTITY_SUBTYPE" : "NONE",
      "SIRE_MENTION_CLASS" : "SPC",
      "SIRE_MENTION_TYPE" : "NONE"
    },
    "type" : "evidence",
    "begin" : 164,
    "end" : 173,
    "inCoref" : false
  }, {
    "id" : "m7",
    "properties" : {
      "SIRE_MENTION_ROLE" : "evidence",
      "SIRE_ENTITY_SUBTYPE" : "NONE",
      "SIRE_MENTION_CLASS" : "SPC",
      "SIRE_MENTION_TYPE" : "NONE"
    },
    "type" : "evidence",
    "begin" : 187,
    "end" : 191,
    "inCoref" : false
  }, {
    "id" : "m28",
    "properties" : {
      "SIRE_ENTITY_LEVEL" : "NONE",
      "SIRE_MENTION_ROLE" : "relation",
      "SIRE_ENTITY_CLASS" : "SPC",
      "SIRE_ENTITY_SUBTYPE" : "NONE",
      "SIRE_MENTION_CLASS" : "SPC",
      "SIRE_MENTION_TYPE" : "NONE"
    },
    "type" : "relation",
    "begin" : 201,
    "end" : 221,
    "inCoref" : false
  }, {
    "id" : "m8",
    "properties" : {
      "SIRE_MENTION_ROLE" : "Variable",
      "SIRE_ENTITY_SUBTYPE" : "NONE",
      "SIRE_MENTION_CLASS" : "SPC",
      "SIRE_MENTION_TYPE" : "NONE"
    },
    "type" : "Variable",
    "begin" : 222,
    "end" : 232,
    "inCoref" : true
  }, {
    "id" : "m9",
    "properties" : {
      "SIRE_MENTION_ROLE" : "Variable",
      "SIRE_ENTITY_SUBTYPE" : "NONE",
      "SIRE_MENTION_CLASS" : "SPC",
      "SIRE_MENTION_TYPE" : "NONE"
    },
    "type" : "Variable",
    "begin" : 237,
    "end" : 277,
    "inCoref" : true
  }, {
    "id" : "s1-m7",
    "properties" : {
      "SIRE_MENTION_ROLE" : "Variable",
      "SIRE_ENTITY_SUBTYPE" : "NONE",
      "SIRE_MENTION_TYPE" : "NONE",
      "SIRE_MENTION_CLASS" : "SPC"
    },
    "type" : "Variable",
    "begin" : 309,
    "end" : 335,
    "inCoref" : true
  }, {
    "id" : "m11",
    "properties" : {
      "SIRE_MENTION_ROLE" : "evidence",
      "SIRE_ENTITY_SUBTYPE" : "NONE",
      "SIRE_MENTION_CLASS" : "SPC",
      "SIRE_MENTION_TYPE" : "NONE"
    },
    "type" : "evidence",
    "begin" : 341,
    "end" : 348,
    "inCoref" : false
  }, {
    "id" : "m12",
    "properties" : {
      "SIRE_MENTION_ROLE" : "evidence",
      "SIRE_ENTITY_SUBTYPE" : "NONE",
      "SIRE_MENTION_CLASS" : "SPC",
      "SIRE_MENTION_TYPE" : "NONE"
    },
    "type" : "evidence",
    "begin" : 389,
    "end" : 393,
    "inCoref" : false
  }, {
    "id" : "s2-m7",
    "properties" : {
      "SIRE_MENTION_ROLE" : "Variable",
      "SIRE_ENTITY_SUBTYPE" : "NONE",
      "SIRE_MENTION_TYPE" : "NONE",
      "SIRE_MENTION_CLASS" : "SPC"
    },
    "type" : "Variable",
    "begin" : 424,
    "end" : 443,
    "inCoref" : true
  }, {
    "id" : "m29",
    "properties" : {
      "SIRE_ENTITY_LEVEL" : "NONE",
      "SIRE_MENTION_ROLE" : "relation",
      "SIRE_ENTITY_CLASS" : "SPC",
      "SIRE_ENTITY_SUBTYPE" : "NONE",
      "SIRE_MENTION_CLASS" : "SPC",
      "SIRE_MENTION_TYPE" : "NONE"
    },
    "type" : "relation",
    "begin" : 447,
    "end" : 457,
    "inCoref" : false
  }, {
    "id" : "m14",
    "properties" : {
      "SIRE_MENTION_ROLE" : "relation",
      "SIRE_ENTITY_SUBTYPE" : "NONE",
      "SIRE_MENTION_CLASS" : "SPC",
      "SIRE_MENTION_TYPE" : "NONE"
    },
    "type" : "relation",
    "begin" : 458,
    "end" : 465,
    "inCoref" : false
  }, {
    "id" : "m15",
    "properties" : {
      "SIRE_MENTION_ROLE" : "Variable",
      "SIRE_ENTITY_SUBTYPE" : "NONE",
      "SIRE_MENTION_CLASS" : "SPC",
      "SIRE_MENTION_TYPE" : "NONE"
    },
    "type" : "Variable",
    "begin" : 466,
    "end" : 483,
    "inCoref" : true
  }, {
    "id" : "m16",
    "properties" : {
      "SIRE_MENTION_ROLE" : "Variable",
      "SIRE_ENTITY_SUBTYPE" : "NONE",
      "SIRE_MENTION_CLASS" : "SPC",
      "SIRE_MENTION_TYPE" : "NONE"
    },
    "type" : "Variable",
    "begin" : 511,
    "end" : 521,
    "inCoref" : true
  }, {
    "id" : "m17",
    "properties" : {
      "SIRE_MENTION_ROLE" : "relation",
      "SIRE_ENTITY_SUBTYPE" : "NONE",
      "SIRE_MENTION_CLASS" : "SPC",
      "SIRE_MENTION_TYPE" : "NONE"
    },
    "type" : "relation",
    "begin" : 549,
    "end" : 558,
    "inCoref" : false
  }, {
    "id" : "m18",
    "properties" : {
      "SIRE_MENTION_ROLE" : "Variable",
      "SIRE_ENTITY_SUBTYPE" : "NONE",
      "SIRE_MENTION_CLASS" : "SPC",
      "SIRE_MENTION_TYPE" : "NONE"
    },
    "type" : "Variable",
    "begin" : 559,
    "end" : 578,
    "inCoref" : true
  }, {
    "id" : "m19",
    "properties" : {
      "SIRE_MENTION_ROLE" : "Variable",
      "SIRE_ENTITY_SUBTYPE" : "NONE",
      "SIRE_MENTION_CLASS" : "SPC",
      "SIRE_MENTION_TYPE" : "NONE"
    },
    "type" : "Variable",
    "begin" : 659,
    "end" : 692,
    "inCoref" : true
  }, {
    "id" : "m20",
    "properties" : {
      "SIRE_MENTION_ROLE" : "evidence",
      "SIRE_ENTITY_SUBTYPE" : "NONE",
      "SIRE_MENTION_CLASS" : "SPC",
      "SIRE_MENTION_TYPE" : "NONE"
    },
    "type" : "evidence",
    "begin" : 737,
    "end" : 746,
    "inCoref" : false
  }, {
    "id" : "m21",
    "properties" : {
      "SIRE_MENTION_ROLE" : "relation",
      "SIRE_ENTITY_SUBTYPE" : "NONE",
      "SIRE_MENTION_CLASS" : "SPC",
      "SIRE_MENTION_TYPE" : "NONE"
    },
    "type" : "relation",
    "begin" : 781,
    "end" : 792,
    "inCoref" : false
  }, {
    "id" : "m30",
    "properties" : {
      "SIRE_ENTITY_LEVEL" : "NONE",
      "SIRE_MENTION_ROLE" : "Variable",
      "SIRE_ENTITY_CLASS" : "SPC",
      "SIRE_ENTITY_SUBTYPE" : "NONE",
      "SIRE_MENTION_CLASS" : "SPC",
      "SIRE_MENTION_TYPE" : "NONE"
    },
    "type" : "Variable",
    "begin" : 797,
    "end" : 813,
    "inCoref" : true
  }, {
    "id" : "m22",
    "properties" : {
      "SIRE_MENTION_ROLE" : "relation",
      "SIRE_ENTITY_SUBTYPE" : "NONE",
      "SIRE_MENTION_CLASS" : "SPC",
      "SIRE_MENTION_TYPE" : "NONE"
    },
    "type" : "relation",
    "begin" : 814,
    "end" : 823,
    "inCoref" : false
  }, {
    "id" : "m23",
    "properties" : {
      "SIRE_MENTION_ROLE" : "Variable",
      "SIRE_ENTITY_SUBTYPE" : "NONE",
      "SIRE_MENTION_CLASS" : "SPC",
      "SIRE_MENTION_TYPE" : "NONE"
    },
    "type" : "Variable",
    "begin" : 824,
    "end" : 864,
    "inCoref" : true
  }, {
    "id" : "m25",
    "properties" : {
      "SIRE_MENTION_ROLE" : "relation",
      "SIRE_ENTITY_SUBTYPE" : "NONE",
      "SIRE_MENTION_CLASS" : "SPC",
      "SIRE_MENTION_TYPE" : "NONE"
    },
    "type" : "relation",
    "begin" : 930,
    "end" : 939,
    "inCoref" : false
  }, {
    "id" : "m26",
    "properties" : {
      "SIRE_MENTION_ROLE" : "Variable",
      "SIRE_ENTITY_SUBTYPE" : "NONE",
      "SIRE_MENTION_CLASS" : "SPC",
      "SIRE_MENTION_TYPE" : "NONE"
    },
    "type" : "Variable",
    "begin" : 953,
    "end" : 986,
    "inCoref" : true
  } ],
  "relations" : [ {
    "id" : "s1-r1",
    "properties" : { },
    "type" : "RelateCorrelation",
    "args" : [ "m8", "m9" ]
  }, {
    "id" : "s2-r2",
    "properties" : { },
    "type" : "Causal",
    "args" : [ "s2-m7", "m15" ]
  }, {
    "id" : "r1",
    "properties" : {
      "SIRE_RELATION_TENSE" : "UNSPECIFIED",
      "SIRE_RELATION_CLASS" : "SPECIFIC",
      "SIRE_RELATION_MODALITY" : "ASSERTED",
      "SIRE_RELATION_SUBTYPE" : "OTHER"
    },
    "type" : "Causal",
    "args" : [ "m16", "m18" ]
  }, {
    "id" : "s4-r1",
    "properties" : { },
    "type" : "Causal",
    "args" : [ "m30", "m23" ]
  }, {
    "id" : "s4-r2",
    "properties" : { },
    "type" : "Causal",
    "args" : [ "m30", "m26" ]
  } ],
  "corefs" : [ {
    "id" : "c1",
    "properties" : { },
    "mentions" : [ "m2", "m8", "m16", "m30", "m15" ]
  }, {
    "id" : "c3",
    "properties" : { },
    "mentions" : [ "m3", "m9", "m19", "m23", "m26" ]
  }, {
    "id" : "c4",
    "properties" : { },
    "mentions" : [ "s2-m7", "m18" ]
  }, {
    "id" : "c5",
    "properties" : { },
    "mentions" : [ "s0-m7", "s1-m7" ]
  } ],
  "typeResolved" : true,
  "userResolved" : false
}