{
  "id" : "27254b60-5128-11ec-a727-c91aef4b6ba6-20",
  "name" : "46. U. Panizza 2002.docx",
  "createdDate" : 0,
  "version" : 3,
  "text" : "While most cross-country studies find a negative relationship between income inequality and economic growth, studies that use panel data suggest the presence of a positive relationship between inequality and growth. This paper uses a cross-state panel for the United States to assess the relationship between inequality and growth. Using both standard fixed effects and GMM estimations, this paper does not find evidence of a positive relationship between inequality and growth but finds some evidence in support of a negative relationship between inequality and growth. The paper, however, shows that the relationship between inequality and growth is not robust and that small differences in the method used to measure inequality can result in large differences in the estimated relationship between inequality and growth.\n\n",
  "docLength" : 0,
  "language" : "EN",
  "status" : "IN_PROGRESS",
  "modifiedDate" : 1638282943969,
  "documentSet" : [ ],
  "preannotation" : [ "PRE_LW", "PRE_SIRE" ],
  "sentences" : [ {
    "id" : "s0",
    "begin" : 0,
    "end" : 215,
    "text" : "While most cross-country studies find a negative relationship between income inequality and economic growth, studies that use panel data suggest the presence of a positive relationship between inequality and growth.",
    "tokens" : [ {
      "id" : "s0-t0",
      "begin" : 0,
      "end" : 5,
      "text" : "While",
      "whiteSpace" : false
    }, {
      "id" : "s0-t1",
      "begin" : 6,
      "end" : 10,
      "text" : "most",
      "whiteSpace" : false
    }, {
      "id" : "s0-t2",
      "begin" : 11,
      "end" : 24,
      "text" : "cross-country",
      "whiteSpace" : false
    }, {
      "id" : "s0-t3",
      "begin" : 25,
      "end" : 32,
      "text" : "studies",
      "whiteSpace" : false
    }, {
      "id" : "s0-t4",
      "begin" : 33,
      "end" : 37,
      "text" : "find",
      "whiteSpace" : false
    }, {
      "id" : "s0-t5",
      "begin" : 38,
      "end" : 39,
      "text" : "a",
      "whiteSpace" : false
    }, {
      "id" : "s0-t6",
      "begin" : 40,
      "end" : 48,
      "text" : "negative",
      "whiteSpace" : false
    }, {
      "id" : "s0-t7",
      "begin" : 49,
      "end" : 61,
      "text" : "relationship",
      "whiteSpace" : false
    }, {
      "id" : "s0-t8",
      "begin" : 62,
      "end" : 69,
      "text" : "between",
      "whiteSpace" : false
    }, {
      "id" : "s0-t9",
      "begin" : 70,
      "end" : 76,
      "text" : "income",
      "whiteSpace" : false
    }, {
      "id" : "s0-t10",
      "begin" : 77,
      "end" : 87,
      "text" : "inequality",
      "whiteSpace" : false
    }, {
      "id" : "s0-t11",
      "begin" : 88,
      "end" : 91,
      "text" : "and",
      "whiteSpace" : false
    }, {
      "id" : "s0-t12",
      "begin" : 92,
      "end" : 100,
      "text" : "economic",
      "whiteSpace" : false
    }, {
      "id" : "s0-t13",
      "begin" : 101,
      "end" : 107,
      "text" : "growth",
      "whiteSpace" : false
    }, {
      "id" : "s0-t14",
      "begin" : 107,
      "end" : 108,
      "text" : ",",
      "whiteSpace" : false
    }, {
      "id" : "s0-t15",
      "begin" : 109,
      "end" : 116,
      "text" : "studies",
      "whiteSpace" : false
    }, {
      "id" : "s0-t16",
      "begin" : 117,
      "end" : 121,
      "text" : "that",
      "whiteSpace" : false
    }, {
      "id" : "s0-t17",
      "begin" : 122,
      "end" : 125,
      "text" : "use",
      "whiteSpace" : false
    }, {
      "id" : "s0-t18",
      "begin" : 126,
      "end" : 131,
      "text" : "panel",
      "whiteSpace" : false
    }, {
      "id" : "s0-t19",
      "begin" : 132,
      "end" : 136,
      "text" : "data",
      "whiteSpace" : false
    }, {
      "id" : "s0-t20",
      "begin" : 137,
      "end" : 144,
      "text" : "suggest",
      "whiteSpace" : false
    }, {
      "id" : "s0-t21",
      "begin" : 145,
      "end" : 148,
      "text" : "the",
      "whiteSpace" : false
    }, {
      "id" : "s0-t22",
      "begin" : 149,
      "end" : 157,
      "text" : "presence",
      "whiteSpace" : false
    }, {
      "id" : "s0-t23",
      "begin" : 158,
      "end" : 160,
      "text" : "of",
      "whiteSpace" : false
    }, {
      "id" : "s0-t24",
      "begin" : 161,
      "end" : 162,
      "text" : "a",
      "whiteSpace" : false
    }, {
      "id" : "s0-t25",
      "begin" : 163,
      "end" : 171,
      "text" : "positive",
      "whiteSpace" : false
    }, {
      "id" : "s0-t26",
      "begin" : 172,
      "end" : 184,
      "text" : "relationship",
      "whiteSpace" : false
    }, {
      "id" : "s0-t27",
      "begin" : 185,
      "end" : 192,
      "text" : "between",
      "whiteSpace" : false
    }, {
      "id" : "s0-t28",
      "begin" : 193,
      "end" : 203,
      "text" : "inequality",
      "whiteSpace" : false
    }, {
      "id" : "s0-t29",
      "begin" : 204,
      "end" : 207,
      "text" : "and",
      "whiteSpace" : false
    }, {
      "id" : "s0-t30",
      "begin" : 208,
      "end" : 214,
      "text" : "growth",
      "whiteSpace" : false
    }, {
      "id" : "s0-t31",
      "begin" : 214,
      "end" : 215,
      "text" : ".",
      "whiteSpace" : false
    } ]
  }, {
    "id" : "s1",
    "begin" : 216,
    "end" : 331,
    "text" : "This paper uses a cross-state panel for the United States to assess the relationship between inequality and growth.",
    "tokens" : [ {
      "id" : "s1-t0",
      "begin" : 216,
      "end" : 220,
      "text" : "This",
      "whiteSpace" : false
    }, {
      "id" : "s1-t1",
      "begin" : 221,
      "end" : 226,
      "text" : "paper",
      "whiteSpace" : false
    }, {
      "id" : "s1-t2",
      "begin" : 227,
      "end" : 231,
      "text" : "uses",
      "whiteSpace" : false
    }, {
      "id" : "s1-t3",
      "begin" : 232,
      "end" : 233,
      "text" : "a",
      "whiteSpace" : false
    }, {
      "id" : "s1-t4",
      "begin" : 234,
      "end" : 245,
      "text" : "cross-state",
      "whiteSpace" : false
    }, {
      "id" : "s1-t5",
      "begin" : 246,
      "end" : 251,
      "text" : "panel",
      "whiteSpace" : false
    }, {
      "id" : "s1-t6",
      "begin" : 252,
      "end" : 255,
      "text" : "for",
      "whiteSpace" : false
    }, {
      "id" : "s1-t7",
      "begin" : 256,
      "end" : 259,
      "text" : "the",
      "whiteSpace" : false
    }, {
      "id" : "s1-t8",
      "begin" : 260,
      "end" : 266,
      "text" : "United",
      "whiteSpace" : false
    }, {
      "id" : "s1-t9",
      "begin" : 267,
      "end" : 273,
      "text" : "States",
      "whiteSpace" : false
    }, {
      "id" : "s1-t10",
      "begin" : 274,
      "end" : 276,
      "text" : "to",
      "whiteSpace" : false
    }, {
      "id" : "s1-t11",
      "begin" : 277,
      "end" : 283,
      "text" : "assess",
      "whiteSpace" : false
    }, {
      "id" : "s1-t12",
      "begin" : 284,
      "end" : 287,
      "text" : "the",
      "whiteSpace" : false
    }, {
      "id" : "s1-t13",
      "begin" : 288,
      "end" : 300,
      "text" : "relationship",
      "whiteSpace" : false
    }, {
      "id" : "s1-t14",
      "begin" : 301,
      "end" : 308,
      "text" : "between",
      "whiteSpace" : false
    }, {
      "id" : "s1-t15",
      "begin" : 309,
      "end" : 319,
      "text" : "inequality",
      "whiteSpace" : false
    }, {
      "id" : "s1-t16",
      "begin" : 320,
      "end" : 323,
      "text" : "and",
      "whiteSpace" : false
    }, {
      "id" : "s1-t17",
      "begin" : 324,
      "end" : 330,
      "text" : "growth",
      "whiteSpace" : false
    }, {
      "id" : "s1-t18",
      "begin" : 330,
      "end" : 331,
      "text" : ".",
      "whiteSpace" : false
    } ]
  }, {
    "id" : "s2",
    "begin" : 332,
    "end" : 570,
    "text" : "Using both standard fixed effects and GMM estimations, this paper does not find evidence of a positive relationship between inequality and growth but finds some evidence in support of a negative relationship between inequality and growth.",
    "tokens" : [ {
      "id" : "s2-t0",
      "begin" : 332,
      "end" : 337,
      "text" : "Using",
      "whiteSpace" : false
    }, {
      "id" : "s2-t1",
      "begin" : 338,
      "end" : 342,
      "text" : "both",
      "whiteSpace" : false
    }, {
      "id" : "s2-t2",
      "begin" : 343,
      "end" : 351,
      "text" : "standard",
      "whiteSpace" : false
    }, {
      "id" : "s2-t3",
      "begin" : 352,
      "end" : 357,
      "text" : "fixed",
      "whiteSpace" : false
    }, {
      "id" : "s2-t4",
      "begin" : 358,
      "end" : 365,
      "text" : "effects",
      "whiteSpace" : false
    }, {
      "id" : "s2-t5",
      "begin" : 366,
      "end" : 369,
      "text" : "and",
      "whiteSpace" : false
    }, {
      "id" : "s2-t6",
      "begin" : 370,
      "end" : 373,
      "text" : "GMM",
      "whiteSpace" : false
    }, {
      "id" : "s2-t7",
      "begin" : 374,
      "end" : 385,
      "text" : "estimations",
      "whiteSpace" : false
    }, {
      "id" : "s2-t8",
      "begin" : 385,
      "end" : 386,
      "text" : ",",
      "whiteSpace" : false
    }, {
      "id" : "s2-t9",
      "begin" : 387,
      "end" : 391,
      "text" : "this",
      "whiteSpace" : false
    }, {
      "id" : "s2-t10",
      "begin" : 392,
      "end" : 397,
      "text" : "paper",
      "whiteSpace" : false
    }, {
      "id" : "s2-t11",
      "begin" : 398,
      "end" : 402,
      "text" : "does",
      "whiteSpace" : false
    }, {
      "id" : "s2-t12",
      "begin" : 403,
      "end" : 406,
      "text" : "not",
      "whiteSpace" : false
    }, {
      "id" : "s2-t13",
      "begin" : 407,
      "end" : 411,
      "text" : "find",
      "whiteSpace" : false
    }, {
      "id" : "s2-t14",
      "begin" : 412,
      "end" : 420,
      "text" : "evidence",
      "whiteSpace" : false
    }, {
      "id" : "s2-t15",
      "begin" : 421,
      "end" : 423,
      "text" : "of",
      "whiteSpace" : false
    }, {
      "id" : "s2-t16",
      "begin" : 424,
      "end" : 425,
      "text" : "a",
      "whiteSpace" : false
    }, {
      "id" : "s2-t17",
      "begin" : 426,
      "end" : 434,
      "text" : "positive",
      "whiteSpace" : false
    }, {
      "id" : "s2-t18",
      "begin" : 435,
      "end" : 447,
      "text" : "relationship",
      "whiteSpace" : false
    }, {
      "id" : "s2-t19",
      "begin" : 448,
      "end" : 455,
      "text" : "between",
      "whiteSpace" : false
    }, {
      "id" : "s2-t20",
      "begin" : 456,
      "end" : 466,
      "text" : "inequality",
      "whiteSpace" : false
    }, {
      "id" : "s2-t21",
      "begin" : 467,
      "end" : 470,
      "text" : "and",
      "whiteSpace" : false
    }, {
      "id" : "s2-t22",
      "begin" : 471,
      "end" : 477,
      "text" : "growth",
      "whiteSpace" : false
    }, {
      "id" : "s2-t23",
      "begin" : 478,
      "end" : 481,
      "text" : "but",
      "whiteSpace" : false
    }, {
      "id" : "s2-t24",
      "begin" : 482,
      "end" : 487,
      "text" : "finds",
      "whiteSpace" : false
    }, {
      "id" : "s2-t25",
      "begin" : 488,
      "end" : 492,
      "text" : "some",
      "whiteSpace" : false
    }, {
      "id" : "s2-t26",
      "begin" : 493,
      "end" : 501,
      "text" : "evidence",
      "whiteSpace" : false
    }, {
      "id" : "s2-t27",
      "begin" : 502,
      "end" : 504,
      "text" : "in",
      "whiteSpace" : false
    }, {
      "id" : "s2-t28",
      "begin" : 505,
      "end" : 512,
      "text" : "support",
      "whiteSpace" : false
    }, {
      "id" : "s2-t29",
      "begin" : 513,
      "end" : 515,
      "text" : "of",
      "whiteSpace" : false
    }, {
      "id" : "s2-t30",
      "begin" : 516,
      "end" : 517,
      "text" : "a",
      "whiteSpace" : false
    }, {
      "id" : "s2-t31",
      "begin" : 518,
      "end" : 526,
      "text" : "negative",
      "whiteSpace" : false
    }, {
      "id" : "s2-t32",
      "begin" : 527,
      "end" : 539,
      "text" : "relationship",
      "whiteSpace" : false
    }, {
      "id" : "s2-t33",
      "begin" : 540,
      "end" : 547,
      "text" : "between",
      "whiteSpace" : false
    }, {
      "id" : "s2-t34",
      "begin" : 548,
      "end" : 558,
      "text" : "inequality",
      "whiteSpace" : false
    }, {
      "id" : "s2-t35",
      "begin" : 559,
      "end" : 562,
      "text" : "and",
      "whiteSpace" : false
    }, {
      "id" : "s2-t36",
      "begin" : 563,
      "end" : 569,
      "text" : "growth",
      "whiteSpace" : false
    }, {
      "id" : "s2-t37",
      "begin" : 569,
      "end" : 570,
      "text" : ".",
      "whiteSpace" : false
    } ]
  }, {
    "id" : "s3",
    "begin" : 571,
    "end" : 823,
    "text" : "The paper, however, shows that the relationship between inequality and growth is not robust and that small differences in the method used to measure inequality can result in large differences in the estimated relationship between inequality and growth.",
    "tokens" : [ {
      "id" : "s3-t0",
      "begin" : 571,
      "end" : 574,
      "text" : "The",
      "whiteSpace" : false
    }, {
      "id" : "s3-t1",
      "begin" : 575,
      "end" : 580,
      "text" : "paper",
      "whiteSpace" : false
    }, {
      "id" : "s3-t2",
      "begin" : 580,
      "end" : 581,
      "text" : ",",
      "whiteSpace" : false
    }, {
      "id" : "s3-t3",
      "begin" : 582,
      "end" : 589,
      "text" : "however",
      "whiteSpace" : false
    }, {
      "id" : "s3-t4",
      "begin" : 589,
      "end" : 590,
      "text" : ",",
      "whiteSpace" : false
    }, {
      "id" : "s3-t5",
      "begin" : 591,
      "end" : 596,
      "text" : "shows",
      "whiteSpace" : false
    }, {
      "id" : "s3-t6",
      "begin" : 597,
      "end" : 601,
      "text" : "that",
      "whiteSpace" : false
    }, {
      "id" : "s3-t7",
      "begin" : 602,
      "end" : 605,
      "text" : "the",
      "whiteSpace" : false
    }, {
      "id" : "s3-t8",
      "begin" : 606,
      "end" : 618,
      "text" : "relationship",
      "whiteSpace" : false
    }, {
      "id" : "s3-t9",
      "begin" : 619,
      "end" : 626,
      "text" : "between",
      "whiteSpace" : false
    }, {
      "id" : "s3-t10",
      "begin" : 627,
      "end" : 637,
      "text" : "inequality",
      "whiteSpace" : false
    }, {
      "id" : "s3-t11",
      "begin" : 638,
      "end" : 641,
      "text" : "and",
      "whiteSpace" : false
    }, {
      "id" : "s3-t12",
      "begin" : 642,
      "end" : 648,
      "text" : "growth",
      "whiteSpace" : false
    }, {
      "id" : "s3-t13",
      "begin" : 649,
      "end" : 651,
      "text" : "is",
      "whiteSpace" : false
    }, {
      "id" : "s3-t14",
      "begin" : 652,
      "end" : 655,
      "text" : "not",
      "whiteSpace" : false
    }, {
      "id" : "s3-t15",
      "begin" : 656,
      "end" : 662,
      "text" : "robust",
      "whiteSpace" : false
    }, {
      "id" : "s3-t16",
      "begin" : 663,
      "end" : 666,
      "text" : "and",
      "whiteSpace" : false
    }, {
      "id" : "s3-t17",
      "begin" : 667,
      "end" : 671,
      "text" : "that",
      "whiteSpace" : false
    }, {
      "id" : "s3-t18",
      "begin" : 672,
      "end" : 677,
      "text" : "small",
      "whiteSpace" : false
    }, {
      "id" : "s3-t19",
      "begin" : 678,
      "end" : 689,
      "text" : "differences",
      "whiteSpace" : false
    }, {
      "id" : "s3-t20",
      "begin" : 690,
      "end" : 692,
      "text" : "in",
      "whiteSpace" : false
    }, {
      "id" : "s3-t21",
      "begin" : 693,
      "end" : 696,
      "text" : "the",
      "whiteSpace" : false
    }, {
      "id" : "s3-t22",
      "begin" : 697,
      "end" : 703,
      "text" : "method",
      "whiteSpace" : false
    }, {
      "id" : "s3-t23",
      "begin" : 704,
      "end" : 708,
      "text" : "used",
      "whiteSpace" : false
    }, {
      "id" : "s3-t24",
      "begin" : 709,
      "end" : 711,
      "text" : "to",
      "whiteSpace" : false
    }, {
      "id" : "s3-t25",
      "begin" : 712,
      "end" : 719,
      "text" : "measure",
      "whiteSpace" : false
    }, {
      "id" : "s3-t26",
      "begin" : 720,
      "end" : 730,
      "text" : "inequality",
      "whiteSpace" : false
    }, {
      "id" : "s3-t27",
      "begin" : 731,
      "end" : 734,
      "text" : "can",
      "whiteSpace" : false
    }, {
      "id" : "s3-t28",
      "begin" : 735,
      "end" : 741,
      "text" : "result",
      "whiteSpace" : false
    }, {
      "id" : "s3-t29",
      "begin" : 742,
      "end" : 744,
      "text" : "in",
      "whiteSpace" : false
    }, {
      "id" : "s3-t30",
      "begin" : 745,
      "end" : 750,
      "text" : "large",
      "whiteSpace" : false
    }, {
      "id" : "s3-t31",
      "begin" : 751,
      "end" : 762,
      "text" : "differences",
      "whiteSpace" : false
    }, {
      "id" : "s3-t32",
      "begin" : 763,
      "end" : 765,
      "text" : "in",
      "whiteSpace" : false
    }, {
      "id" : "s3-t33",
      "begin" : 766,
      "end" : 769,
      "text" : "the",
      "whiteSpace" : false
    }, {
      "id" : "s3-t34",
      "begin" : 770,
      "end" : 779,
      "text" : "estimated",
      "whiteSpace" : false
    }, {
      "id" : "s3-t35",
      "begin" : 780,
      "end" : 792,
      "text" : "relationship",
      "whiteSpace" : false
    }, {
      "id" : "s3-t36",
      "begin" : 793,
      "end" : 800,
      "text" : "between",
      "whiteSpace" : false
    }, {
      "id" : "s3-t37",
      "begin" : 801,
      "end" : 811,
      "text" : "inequality",
      "whiteSpace" : false
    }, {
      "id" : "s3-t38",
      "begin" : 812,
      "end" : 815,
      "text" : "and",
      "whiteSpace" : false
    }, {
      "id" : "s3-t39",
      "begin" : 816,
      "end" : 822,
      "text" : "growth",
      "whiteSpace" : false
    }, {
      "id" : "s3-t40",
      "begin" : 822,
      "end" : 823,
      "text" : ".",
      "whiteSpace" : false
    } ]
  } ],
  "mentions" : [ {
    "id" : "m1",
    "properties" : {
      "SIRE_MENTION_ROLE" : "evidence",
      "SIRE_ENTITY_SUBTYPE" : "NONE",
      "SIRE_MENTION_CLASS" : "SPC",
      "SIRE_MENTION_TYPE" : "NONE"
    },
    "type" : "evidence",
    "begin" : 33,
    "end" : 37,
    "inCoref" : false
  }, {
    "id" : "m23",
    "properties" : {
      "SIRE_ENTITY_LEVEL" : "NONE",
      "SIRE_MENTION_ROLE" : "relation",
      "SIRE_ENTITY_CLASS" : "SPC",
      "SIRE_ENTITY_SUBTYPE" : "NONE",
      "SIRE_MENTION_CLASS" : "SPC",
      "SIRE_MENTION_TYPE" : "NONE"
    },
    "type" : "relation",
    "begin" : 49,
    "end" : 69,
    "inCoref" : false
  }, {
    "id" : "m2",
    "properties" : {
      "SIRE_MENTION_ROLE" : "Variable",
      "SIRE_ENTITY_SUBTYPE" : "NONE",
      "SIRE_MENTION_CLASS" : "SPC",
      "SIRE_MENTION_TYPE" : "NONE"
    },
    "type" : "Variable",
    "begin" : 70,
    "end" : 87,
    "inCoref" : true
  }, {
    "id" : "m3",
    "properties" : {
      "SIRE_MENTION_ROLE" : "Variable",
      "SIRE_ENTITY_SUBTYPE" : "NONE",
      "SIRE_MENTION_CLASS" : "SPC",
      "SIRE_MENTION_TYPE" : "NONE"
    },
    "type" : "Variable",
    "begin" : 92,
    "end" : 107,
    "inCoref" : true
  }, {
    "id" : "m4",
    "properties" : {
      "SIRE_MENTION_ROLE" : "evidence",
      "SIRE_ENTITY_SUBTYPE" : "NONE",
      "SIRE_MENTION_CLASS" : "SPC",
      "SIRE_MENTION_TYPE" : "NONE"
    },
    "type" : "evidence",
    "begin" : 137,
    "end" : 144,
    "inCoref" : false
  }, {
    "id" : "m24",
    "properties" : {
      "SIRE_ENTITY_LEVEL" : "NONE",
      "SIRE_MENTION_ROLE" : "relation",
      "SIRE_ENTITY_CLASS" : "SPC",
      "SIRE_ENTITY_SUBTYPE" : "NONE",
      "SIRE_MENTION_CLASS" : "SPC",
      "SIRE_MENTION_TYPE" : "NONE"
    },
    "type" : "relation",
    "begin" : 172,
    "end" : 192,
    "inCoref" : false
  }, {
    "id" : "m5",
    "properties" : {
      "SIRE_MENTION_ROLE" : "Variable",
      "SIRE_ENTITY_SUBTYPE" : "NONE",
      "SIRE_MENTION_CLASS" : "SPC",
      "SIRE_MENTION_TYPE" : "NONE"
    },
    "type" : "Variable",
    "begin" : 193,
    "end" : 203,
    "inCoref" : true
  }, {
    "id" : "m6",
    "properties" : {
      "SIRE_MENTION_ROLE" : "Variable",
      "SIRE_ENTITY_SUBTYPE" : "NONE",
      "SIRE_MENTION_CLASS" : "SPC",
      "SIRE_MENTION_TYPE" : "NONE"
    },
    "type" : "Variable",
    "begin" : 208,
    "end" : 214,
    "inCoref" : true
  }, {
    "id" : "m7",
    "properties" : {
      "SIRE_MENTION_ROLE" : "evidence",
      "SIRE_ENTITY_SUBTYPE" : "NONE",
      "SIRE_MENTION_CLASS" : "SPC",
      "SIRE_MENTION_TYPE" : "NONE"
    },
    "type" : "evidence",
    "begin" : 277,
    "end" : 283,
    "inCoref" : false
  }, {
    "id" : "m25",
    "properties" : {
      "SIRE_ENTITY_LEVEL" : "NONE",
      "SIRE_MENTION_ROLE" : "relation",
      "SIRE_ENTITY_CLASS" : "SPC",
      "SIRE_ENTITY_SUBTYPE" : "NONE",
      "SIRE_MENTION_CLASS" : "SPC",
      "SIRE_MENTION_TYPE" : "NONE"
    },
    "type" : "relation",
    "begin" : 288,
    "end" : 308,
    "inCoref" : false
  }, {
    "id" : "m8",
    "properties" : {
      "SIRE_MENTION_ROLE" : "Variable",
      "SIRE_ENTITY_SUBTYPE" : "NONE",
      "SIRE_MENTION_CLASS" : "SPC",
      "SIRE_MENTION_TYPE" : "NONE"
    },
    "type" : "Variable",
    "begin" : 309,
    "end" : 319,
    "inCoref" : true
  }, {
    "id" : "m9",
    "properties" : {
      "SIRE_MENTION_ROLE" : "Variable",
      "SIRE_ENTITY_SUBTYPE" : "NONE",
      "SIRE_MENTION_CLASS" : "SPC",
      "SIRE_MENTION_TYPE" : "NONE"
    },
    "type" : "Variable",
    "begin" : 324,
    "end" : 330,
    "inCoref" : true
  }, {
    "id" : "m26",
    "properties" : {
      "SIRE_ENTITY_LEVEL" : "NONE",
      "SIRE_MENTION_ROLE" : "negation",
      "SIRE_ENTITY_CLASS" : "SPC",
      "SIRE_ENTITY_SUBTYPE" : "NONE",
      "SIRE_MENTION_CLASS" : "SPC",
      "SIRE_MENTION_TYPE" : "NONE"
    },
    "type" : "negation",
    "begin" : 403,
    "end" : 406,
    "inCoref" : false
  }, {
    "id" : "m10",
    "properties" : {
      "SIRE_MENTION_ROLE" : "evidence",
      "SIRE_ENTITY_SUBTYPE" : "NONE",
      "SIRE_MENTION_CLASS" : "SPC",
      "SIRE_MENTION_TYPE" : "NONE"
    },
    "type" : "evidence",
    "begin" : 407,
    "end" : 411,
    "inCoref" : false
  }, {
    "id" : "m11",
    "properties" : {
      "SIRE_MENTION_ROLE" : "evidence",
      "SIRE_ENTITY_SUBTYPE" : "NONE",
      "SIRE_MENTION_CLASS" : "SPC",
      "SIRE_MENTION_TYPE" : "NONE"
    },
    "type" : "evidence",
    "begin" : 412,
    "end" : 420,
    "inCoref" : false
  }, {
    "id" : "m27",
    "properties" : {
      "SIRE_ENTITY_LEVEL" : "NONE",
      "SIRE_MENTION_ROLE" : "relation",
      "SIRE_ENTITY_CLASS" : "SPC",
      "SIRE_ENTITY_SUBTYPE" : "NONE",
      "SIRE_MENTION_CLASS" : "SPC",
      "SIRE_MENTION_TYPE" : "NONE"
    },
    "type" : "relation",
    "begin" : 435,
    "end" : 455,
    "inCoref" : false
  }, {
    "id" : "m12",
    "properties" : {
      "SIRE_MENTION_ROLE" : "Variable",
      "SIRE_ENTITY_SUBTYPE" : "NONE",
      "SIRE_MENTION_CLASS" : "SPC",
      "SIRE_MENTION_TYPE" : "NONE"
    },
    "type" : "Variable",
    "begin" : 456,
    "end" : 466,
    "inCoref" : true
  }, {
    "id" : "m13",
    "properties" : {
      "SIRE_MENTION_ROLE" : "Variable",
      "SIRE_ENTITY_SUBTYPE" : "NONE",
      "SIRE_MENTION_CLASS" : "SPC",
      "SIRE_MENTION_TYPE" : "NONE"
    },
    "type" : "Variable",
    "begin" : 471,
    "end" : 477,
    "inCoref" : true
  }, {
    "id" : "m28",
    "properties" : {
      "SIRE_ENTITY_LEVEL" : "NONE",
      "SIRE_MENTION_ROLE" : "evidence",
      "SIRE_ENTITY_CLASS" : "SPC",
      "SIRE_ENTITY_SUBTYPE" : "NONE",
      "SIRE_MENTION_CLASS" : "SPC",
      "SIRE_MENTION_TYPE" : "NONE"
    },
    "type" : "evidence",
    "begin" : 482,
    "end" : 487,
    "inCoref" : false
  }, {
    "id" : "m14",
    "properties" : {
      "SIRE_MENTION_ROLE" : "evidence",
      "SIRE_ENTITY_SUBTYPE" : "NONE",
      "SIRE_MENTION_CLASS" : "SPC",
      "SIRE_MENTION_TYPE" : "NONE"
    },
    "type" : "evidence",
    "begin" : 493,
    "end" : 501,
    "inCoref" : false
  }, {
    "id" : "m29",
    "properties" : {
      "SIRE_ENTITY_LEVEL" : "NONE",
      "SIRE_MENTION_ROLE" : "relation",
      "SIRE_ENTITY_CLASS" : "SPC",
      "SIRE_ENTITY_SUBTYPE" : "NONE",
      "SIRE_MENTION_CLASS" : "SPC",
      "SIRE_MENTION_TYPE" : "NONE"
    },
    "type" : "relation",
    "begin" : 527,
    "end" : 547,
    "inCoref" : false
  }, {
    "id" : "m15",
    "properties" : {
      "SIRE_MENTION_ROLE" : "Variable",
      "SIRE_ENTITY_SUBTYPE" : "NONE",
      "SIRE_MENTION_CLASS" : "SPC",
      "SIRE_MENTION_TYPE" : "NONE"
    },
    "type" : "Variable",
    "begin" : 548,
    "end" : 558,
    "inCoref" : true
  }, {
    "id" : "m16",
    "properties" : {
      "SIRE_MENTION_ROLE" : "Variable",
      "SIRE_ENTITY_SUBTYPE" : "NONE",
      "SIRE_MENTION_CLASS" : "SPC",
      "SIRE_MENTION_TYPE" : "NONE"
    },
    "type" : "Variable",
    "begin" : 563,
    "end" : 569,
    "inCoref" : true
  }, {
    "id" : "m30",
    "properties" : {
      "SIRE_ENTITY_LEVEL" : "NONE",
      "SIRE_MENTION_ROLE" : "evidence",
      "SIRE_ENTITY_CLASS" : "SPC",
      "SIRE_ENTITY_SUBTYPE" : "NONE",
      "SIRE_MENTION_CLASS" : "SPC",
      "SIRE_MENTION_TYPE" : "NONE"
    },
    "type" : "evidence",
    "begin" : 591,
    "end" : 596,
    "inCoref" : false
  }, {
    "id" : "m31",
    "properties" : {
      "SIRE_ENTITY_LEVEL" : "NONE",
      "SIRE_MENTION_ROLE" : "relation",
      "SIRE_ENTITY_CLASS" : "SPC",
      "SIRE_ENTITY_SUBTYPE" : "NONE",
      "SIRE_MENTION_CLASS" : "SPC",
      "SIRE_MENTION_TYPE" : "NONE"
    },
    "type" : "relation",
    "begin" : 606,
    "end" : 626,
    "inCoref" : false
  }, {
    "id" : "m17",
    "properties" : {
      "SIRE_MENTION_ROLE" : "Variable",
      "SIRE_ENTITY_SUBTYPE" : "NONE",
      "SIRE_MENTION_CLASS" : "SPC",
      "SIRE_MENTION_TYPE" : "NONE"
    },
    "type" : "Variable",
    "begin" : 627,
    "end" : 637,
    "inCoref" : true
  }, {
    "id" : "m18",
    "properties" : {
      "SIRE_MENTION_ROLE" : "Variable",
      "SIRE_ENTITY_SUBTYPE" : "NONE",
      "SIRE_MENTION_CLASS" : "SPC",
      "SIRE_MENTION_TYPE" : "NONE"
    },
    "type" : "Variable",
    "begin" : 642,
    "end" : 648,
    "inCoref" : true
  }, {
    "id" : "m32",
    "properties" : {
      "SIRE_ENTITY_LEVEL" : "NONE",
      "SIRE_MENTION_ROLE" : "negation",
      "SIRE_ENTITY_CLASS" : "SPC",
      "SIRE_ENTITY_SUBTYPE" : "NONE",
      "SIRE_MENTION_CLASS" : "SPC",
      "SIRE_MENTION_TYPE" : "NONE"
    },
    "type" : "negation",
    "begin" : 652,
    "end" : 662,
    "inCoref" : false
  }, {
    "id" : "m19",
    "properties" : {
      "SIRE_MENTION_ROLE" : "Variable",
      "SIRE_ENTITY_SUBTYPE" : "NONE",
      "SIRE_MENTION_CLASS" : "SPC",
      "SIRE_MENTION_TYPE" : "NONE"
    },
    "type" : "Variable",
    "begin" : 720,
    "end" : 730,
    "inCoref" : true
  }, {
    "id" : "m20",
    "properties" : {
      "SIRE_MENTION_ROLE" : "relation",
      "SIRE_ENTITY_SUBTYPE" : "NONE",
      "SIRE_MENTION_CLASS" : "SPC",
      "SIRE_MENTION_TYPE" : "NONE"
    },
    "type" : "relation",
    "begin" : 735,
    "end" : 744,
    "inCoref" : false
  }, {
    "id" : "m33",
    "properties" : {
      "SIRE_ENTITY_LEVEL" : "NONE",
      "SIRE_MENTION_ROLE" : "relation",
      "SIRE_ENTITY_CLASS" : "SPC",
      "SIRE_ENTITY_SUBTYPE" : "NONE",
      "SIRE_MENTION_CLASS" : "SPC",
      "SIRE_MENTION_TYPE" : "NONE"
    },
    "type" : "relation",
    "begin" : 780,
    "end" : 800,
    "inCoref" : false
  }, {
    "id" : "m21",
    "properties" : {
      "SIRE_MENTION_ROLE" : "Variable",
      "SIRE_ENTITY_SUBTYPE" : "NONE",
      "SIRE_MENTION_CLASS" : "SPC",
      "SIRE_MENTION_TYPE" : "NONE"
    },
    "type" : "Variable",
    "begin" : 801,
    "end" : 811,
    "inCoref" : true
  }, {
    "id" : "m22",
    "properties" : {
      "SIRE_MENTION_ROLE" : "Variable",
      "SIRE_ENTITY_SUBTYPE" : "NONE",
      "SIRE_MENTION_CLASS" : "SPC",
      "SIRE_MENTION_TYPE" : "NONE"
    },
    "type" : "Variable",
    "begin" : 816,
    "end" : 822,
    "inCoref" : true
  } ],
  "relations" : [ {
    "id" : "r1",
    "properties" : {
      "SIRE_RELATION_TENSE" : "UNSPECIFIED",
      "SIRE_RELATION_CLASS" : "SPECIFIC",
      "SIRE_RELATION_MODALITY" : "ASSERTED",
      "SIRE_RELATION_SUBTYPE" : "OTHER"
    },
    "type" : "RelateCorrelation",
    "args" : [ "m5", "m6" ]
  }, {
    "id" : "s0-r1",
    "properties" : { },
    "type" : "RelateCorrelation",
    "args" : [ "m2", "m3" ]
  }, {
    "id" : "s2-r1",
    "properties" : { },
    "type" : "NoRelation",
    "args" : [ "m12", "m13" ]
  }, {
    "id" : "s2-r2",
    "properties" : { },
    "type" : "Causal",
    "args" : [ "m15", "m16" ]
  }, {
    "id" : "r6",
    "properties" : {
      "SIRE_RELATION_TENSE" : "UNSPECIFIED",
      "SIRE_RELATION_CLASS" : "SPECIFIC",
      "SIRE_RELATION_MODALITY" : "ASSERTED",
      "SIRE_RELATION_SUBTYPE" : "OTHER"
    },
    "type" : "RelateCorrelation",
    "args" : [ "m21", "m22" ]
  }, {
    "id" : "s3-r1",
    "properties" : { },
    "type" : "NoRelation",
    "args" : [ "m17", "m18" ]
  } ],
  "corefs" : [ {
    "id" : "c1",
    "properties" : { },
    "mentions" : [ "m5", "m8", "m12", "m15", "m17", "m19", "m21", "m2" ]
  }, {
    "id" : "c2",
    "properties" : { },
    "mentions" : [ "m3", "m6", "m9", "m13", "m16", "m18", "m22" ]
  } ],
  "typeResolved" : true,
  "userResolved" : false
}