{
  "id" : "27254b60-5128-11ec-a727-c91aef4b6ba6-8",
  "name" : "22. A. Chong , M. Gradstein 2007.docx",
  "createdDate" : 0,
  "version" : 3,
  "text" : "This paper presents theory and evidence on the relationship between inequality and institutional quality. We exhibit a model in which the two may dynamically reinforce each other and set to test this relationship with a broad array of institutional measures. The double causality between institutional strength and a more equal distribution of income is empirically established using dynamic panel and linear feedback analysis.\n\n",
  "docLength" : 0,
  "language" : "EN",
  "status" : "IN_PROGRESS",
  "modifiedDate" : 1638282208833,
  "documentSet" : [ ],
  "preannotation" : [ "PRE_LW", "PRE_SIRE" ],
  "sentences" : [ {
    "id" : "s0",
    "begin" : 0,
    "end" : 105,
    "text" : "This paper presents theory and evidence on the relationship between inequality and institutional quality.",
    "tokens" : [ {
      "id" : "s0-t0",
      "begin" : 0,
      "end" : 4,
      "text" : "This",
      "whiteSpace" : false
    }, {
      "id" : "s0-t1",
      "begin" : 5,
      "end" : 10,
      "text" : "paper",
      "whiteSpace" : false
    }, {
      "id" : "s0-t2",
      "begin" : 11,
      "end" : 19,
      "text" : "presents",
      "whiteSpace" : false
    }, {
      "id" : "s0-t3",
      "begin" : 20,
      "end" : 26,
      "text" : "theory",
      "whiteSpace" : false
    }, {
      "id" : "s0-t4",
      "begin" : 27,
      "end" : 30,
      "text" : "and",
      "whiteSpace" : false
    }, {
      "id" : "s0-t5",
      "begin" : 31,
      "end" : 39,
      "text" : "evidence",
      "whiteSpace" : false
    }, {
      "id" : "s0-t6",
      "begin" : 40,
      "end" : 42,
      "text" : "on",
      "whiteSpace" : false
    }, {
      "id" : "s0-t7",
      "begin" : 43,
      "end" : 46,
      "text" : "the",
      "whiteSpace" : false
    }, {
      "id" : "s0-t8",
      "begin" : 47,
      "end" : 59,
      "text" : "relationship",
      "whiteSpace" : false
    }, {
      "id" : "s0-t9",
      "begin" : 60,
      "end" : 67,
      "text" : "between",
      "whiteSpace" : false
    }, {
      "id" : "s0-t10",
      "begin" : 68,
      "end" : 78,
      "text" : "inequality",
      "whiteSpace" : false
    }, {
      "id" : "s0-t11",
      "begin" : 79,
      "end" : 82,
      "text" : "and",
      "whiteSpace" : false
    }, {
      "id" : "s0-t12",
      "begin" : 83,
      "end" : 96,
      "text" : "institutional",
      "whiteSpace" : false
    }, {
      "id" : "s0-t13",
      "begin" : 97,
      "end" : 104,
      "text" : "quality",
      "whiteSpace" : false
    }, {
      "id" : "s0-t14",
      "begin" : 104,
      "end" : 105,
      "text" : ".",
      "whiteSpace" : false
    } ]
  }, {
    "id" : "s1",
    "begin" : 106,
    "end" : 258,
    "text" : "We exhibit a model in which the two may dynamically reinforce each other and set to test this relationship with a broad array of institutional measures.",
    "tokens" : [ {
      "id" : "s1-t0",
      "begin" : 106,
      "end" : 108,
      "text" : "We",
      "whiteSpace" : false
    }, {
      "id" : "s1-t1",
      "begin" : 109,
      "end" : 116,
      "text" : "exhibit",
      "whiteSpace" : false
    }, {
      "id" : "s1-t2",
      "begin" : 117,
      "end" : 118,
      "text" : "a",
      "whiteSpace" : false
    }, {
      "id" : "s1-t3",
      "begin" : 119,
      "end" : 124,
      "text" : "model",
      "whiteSpace" : false
    }, {
      "id" : "s1-t4",
      "begin" : 125,
      "end" : 127,
      "text" : "in",
      "whiteSpace" : false
    }, {
      "id" : "s1-t5",
      "begin" : 128,
      "end" : 133,
      "text" : "which",
      "whiteSpace" : false
    }, {
      "id" : "s1-t6",
      "begin" : 134,
      "end" : 137,
      "text" : "the",
      "whiteSpace" : false
    }, {
      "id" : "s1-t7",
      "begin" : 138,
      "end" : 141,
      "text" : "two",
      "whiteSpace" : false
    }, {
      "id" : "s1-t8",
      "begin" : 142,
      "end" : 145,
      "text" : "may",
      "whiteSpace" : false
    }, {
      "id" : "s1-t9",
      "begin" : 146,
      "end" : 157,
      "text" : "dynamically",
      "whiteSpace" : false
    }, {
      "id" : "s1-t10",
      "begin" : 158,
      "end" : 167,
      "text" : "reinforce",
      "whiteSpace" : false
    }, {
      "id" : "s1-t11",
      "begin" : 168,
      "end" : 172,
      "text" : "each",
      "whiteSpace" : false
    }, {
      "id" : "s1-t12",
      "begin" : 173,
      "end" : 178,
      "text" : "other",
      "whiteSpace" : false
    }, {
      "id" : "s1-t13",
      "begin" : 179,
      "end" : 182,
      "text" : "and",
      "whiteSpace" : false
    }, {
      "id" : "s1-t14",
      "begin" : 183,
      "end" : 186,
      "text" : "set",
      "whiteSpace" : false
    }, {
      "id" : "s1-t15",
      "begin" : 187,
      "end" : 189,
      "text" : "to",
      "whiteSpace" : false
    }, {
      "id" : "s1-t16",
      "begin" : 190,
      "end" : 194,
      "text" : "test",
      "whiteSpace" : false
    }, {
      "id" : "s1-t17",
      "begin" : 195,
      "end" : 199,
      "text" : "this",
      "whiteSpace" : false
    }, {
      "id" : "s1-t18",
      "begin" : 200,
      "end" : 212,
      "text" : "relationship",
      "whiteSpace" : false
    }, {
      "id" : "s1-t19",
      "begin" : 213,
      "end" : 217,
      "text" : "with",
      "whiteSpace" : false
    }, {
      "id" : "s1-t20",
      "begin" : 218,
      "end" : 219,
      "text" : "a",
      "whiteSpace" : false
    }, {
      "id" : "s1-t21",
      "begin" : 220,
      "end" : 225,
      "text" : "broad",
      "whiteSpace" : false
    }, {
      "id" : "s1-t22",
      "begin" : 226,
      "end" : 231,
      "text" : "array",
      "whiteSpace" : false
    }, {
      "id" : "s1-t23",
      "begin" : 232,
      "end" : 234,
      "text" : "of",
      "whiteSpace" : false
    }, {
      "id" : "s1-t24",
      "begin" : 235,
      "end" : 248,
      "text" : "institutional",
      "whiteSpace" : false
    }, {
      "id" : "s1-t25",
      "begin" : 249,
      "end" : 257,
      "text" : "measures",
      "whiteSpace" : false
    }, {
      "id" : "s1-t26",
      "begin" : 257,
      "end" : 258,
      "text" : ".",
      "whiteSpace" : false
    } ]
  }, {
    "id" : "s2",
    "begin" : 259,
    "end" : 427,
    "text" : "The double causality between institutional strength and a more equal distribution of income is empirically established using dynamic panel and linear feedback analysis.",
    "tokens" : [ {
      "id" : "s2-t0",
      "begin" : 259,
      "end" : 262,
      "text" : "The",
      "whiteSpace" : false
    }, {
      "id" : "s2-t1",
      "begin" : 263,
      "end" : 269,
      "text" : "double",
      "whiteSpace" : false
    }, {
      "id" : "s2-t2",
      "begin" : 270,
      "end" : 279,
      "text" : "causality",
      "whiteSpace" : false
    }, {
      "id" : "s2-t3",
      "begin" : 280,
      "end" : 287,
      "text" : "between",
      "whiteSpace" : false
    }, {
      "id" : "s2-t4",
      "begin" : 288,
      "end" : 301,
      "text" : "institutional",
      "whiteSpace" : false
    }, {
      "id" : "s2-t5",
      "begin" : 302,
      "end" : 310,
      "text" : "strength",
      "whiteSpace" : false
    }, {
      "id" : "s2-t6",
      "begin" : 311,
      "end" : 314,
      "text" : "and",
      "whiteSpace" : false
    }, {
      "id" : "s2-t7",
      "begin" : 315,
      "end" : 316,
      "text" : "a",
      "whiteSpace" : false
    }, {
      "id" : "s2-t8",
      "begin" : 317,
      "end" : 321,
      "text" : "more",
      "whiteSpace" : false
    }, {
      "id" : "s2-t9",
      "begin" : 322,
      "end" : 327,
      "text" : "equal",
      "whiteSpace" : false
    }, {
      "id" : "s2-t10",
      "begin" : 328,
      "end" : 340,
      "text" : "distribution",
      "whiteSpace" : false
    }, {
      "id" : "s2-t11",
      "begin" : 341,
      "end" : 343,
      "text" : "of",
      "whiteSpace" : false
    }, {
      "id" : "s2-t12",
      "begin" : 344,
      "end" : 350,
      "text" : "income",
      "whiteSpace" : false
    }, {
      "id" : "s2-t13",
      "begin" : 351,
      "end" : 353,
      "text" : "is",
      "whiteSpace" : false
    }, {
      "id" : "s2-t14",
      "begin" : 354,
      "end" : 365,
      "text" : "empirically",
      "whiteSpace" : false
    }, {
      "id" : "s2-t15",
      "begin" : 366,
      "end" : 377,
      "text" : "established",
      "whiteSpace" : false
    }, {
      "id" : "s2-t16",
      "begin" : 378,
      "end" : 383,
      "text" : "using",
      "whiteSpace" : false
    }, {
      "id" : "s2-t17",
      "begin" : 384,
      "end" : 391,
      "text" : "dynamic",
      "whiteSpace" : false
    }, {
      "id" : "s2-t18",
      "begin" : 392,
      "end" : 397,
      "text" : "panel",
      "whiteSpace" : false
    }, {
      "id" : "s2-t19",
      "begin" : 398,
      "end" : 401,
      "text" : "and",
      "whiteSpace" : false
    }, {
      "id" : "s2-t20",
      "begin" : 402,
      "end" : 408,
      "text" : "linear",
      "whiteSpace" : false
    }, {
      "id" : "s2-t21",
      "begin" : 409,
      "end" : 417,
      "text" : "feedback",
      "whiteSpace" : false
    }, {
      "id" : "s2-t22",
      "begin" : 418,
      "end" : 426,
      "text" : "analysis",
      "whiteSpace" : false
    }, {
      "id" : "s2-t23",
      "begin" : 426,
      "end" : 427,
      "text" : ".",
      "whiteSpace" : false
    } ]
  } ],
  "mentions" : [ {
    "id" : "m7",
    "properties" : {
      "SIRE_ENTITY_LEVEL" : "NONE",
      "SIRE_MENTION_ROLE" : "evidence",
      "SIRE_ENTITY_CLASS" : "SPC",
      "SIRE_ENTITY_SUBTYPE" : "NONE",
      "SIRE_MENTION_CLASS" : "SPC",
      "SIRE_MENTION_TYPE" : "NONE"
    },
    "type" : "evidence",
    "begin" : 11,
    "end" : 19,
    "inCoref" : false
  }, {
    "id" : "m1",
    "properties" : {
      "SIRE_MENTION_ROLE" : "evidence",
      "SIRE_ENTITY_SUBTYPE" : "NONE",
      "SIRE_MENTION_CLASS" : "SPC",
      "SIRE_MENTION_TYPE" : "NONE"
    },
    "type" : "evidence",
    "begin" : 31,
    "end" : 39,
    "inCoref" : false
  }, {
    "id" : "m8",
    "properties" : {
      "SIRE_ENTITY_LEVEL" : "NONE",
      "SIRE_MENTION_ROLE" : "relation",
      "SIRE_ENTITY_CLASS" : "SPC",
      "SIRE_ENTITY_SUBTYPE" : "NONE",
      "SIRE_MENTION_CLASS" : "SPC",
      "SIRE_MENTION_TYPE" : "NONE"
    },
    "type" : "relation",
    "begin" : 47,
    "end" : 67,
    "inCoref" : false
  }, {
    "id" : "m2",
    "properties" : {
      "SIRE_MENTION_ROLE" : "Variable",
      "SIRE_ENTITY_SUBTYPE" : "NONE",
      "SIRE_MENTION_CLASS" : "SPC",
      "SIRE_MENTION_TYPE" : "NONE"
    },
    "type" : "Variable",
    "begin" : 68,
    "end" : 78,
    "inCoref" : false
  }, {
    "id" : "m3",
    "properties" : {
      "SIRE_MENTION_ROLE" : "Variable",
      "SIRE_ENTITY_SUBTYPE" : "NONE",
      "SIRE_MENTION_CLASS" : "SPC",
      "SIRE_MENTION_TYPE" : "NONE"
    },
    "type" : "Variable",
    "begin" : 83,
    "end" : 104,
    "inCoref" : true
  }, {
    "id" : "m9",
    "properties" : {
      "SIRE_ENTITY_LEVEL" : "NONE",
      "SIRE_MENTION_ROLE" : "relation",
      "SIRE_ENTITY_CLASS" : "SPC",
      "SIRE_ENTITY_SUBTYPE" : "NONE",
      "SIRE_MENTION_CLASS" : "SPC",
      "SIRE_MENTION_TYPE" : "NONE"
    },
    "type" : "relation",
    "begin" : 200,
    "end" : 217,
    "inCoref" : false
  }, {
    "id" : "m4",
    "properties" : {
      "SIRE_MENTION_ROLE" : "Variable",
      "SIRE_ENTITY_SUBTYPE" : "NONE",
      "SIRE_MENTION_CLASS" : "SPC",
      "SIRE_MENTION_TYPE" : "NONE"
    },
    "type" : "Variable",
    "begin" : 235,
    "end" : 248,
    "inCoref" : false
  }, {
    "id" : "m10",
    "properties" : {
      "SIRE_ENTITY_LEVEL" : "NONE",
      "SIRE_MENTION_ROLE" : "relation",
      "SIRE_ENTITY_CLASS" : "SPC",
      "SIRE_ENTITY_SUBTYPE" : "NONE",
      "SIRE_MENTION_CLASS" : "SPC",
      "SIRE_MENTION_TYPE" : "NONE"
    },
    "type" : "relation",
    "begin" : 270,
    "end" : 287,
    "inCoref" : false
  }, {
    "id" : "m5",
    "properties" : {
      "SIRE_MENTION_ROLE" : "Variable",
      "SIRE_ENTITY_SUBTYPE" : "NONE",
      "SIRE_MENTION_CLASS" : "SPC",
      "SIRE_MENTION_TYPE" : "NONE"
    },
    "type" : "Variable",
    "begin" : 288,
    "end" : 310,
    "inCoref" : true
  }, {
    "id" : "m6",
    "properties" : {
      "SIRE_MENTION_ROLE" : "Variable",
      "SIRE_ENTITY_SUBTYPE" : "NONE",
      "SIRE_MENTION_CLASS" : "SPC",
      "SIRE_MENTION_TYPE" : "NONE"
    },
    "type" : "Variable",
    "begin" : 328,
    "end" : 350,
    "inCoref" : false
  } ],
  "relations" : [ {
    "id" : "s0-r1",
    "properties" : { },
    "type" : "RelateCorrelation",
    "args" : [ "m2", "m3" ]
  }, {
    "id" : "s2-r1",
    "properties" : { },
    "type" : "Causal",
    "args" : [ "m5", "m6" ]
  } ],
  "corefs" : [ {
    "id" : "c1",
    "properties" : { },
    "mentions" : [ "m5", "m3" ]
  } ],
  "typeResolved" : true,
  "userResolved" : false
}