{
  "id" : "27254b60-5128-11ec-a727-c91aef4b6ba6-0",
  "name" : "3. [3] P. Aghion , E. Caroli , C. García-Peñalosa 1999.docx",
  "createdDate" : 0,
  "version" : 3,
  "text" : "We analyze the relationship between inequality and economic growth from two directions. The first part of the survey examines the effect of inequality on growth, showing that when capital markets are imperfect, there is not necessarily a trade-off between equity and efficiency. It therefore provides an explanation for two recent empirical findings, namely, the negative impact of inequality and the positive effect of redistribution upon growth. The second part analyzes several mechanisms whereby growth may increase wage inequality, both across and within education cohorts. Technical change, and in particular the implementation of \"General Purpose Technologies,\" stands as a crucial factor in explaining the recent upsurge in wage inequality.\n\n",
  "docLength" : 0,
  "language" : "EN",
  "status" : "IN_PROGRESS",
  "modifiedDate" : 1638282629036,
  "documentSet" : [ ],
  "preannotation" : [ "PRE_LW", "PRE_SIRE" ],
  "sentences" : [ {
    "id" : "s0",
    "begin" : 0,
    "end" : 87,
    "text" : "We analyze the relationship between inequality and economic growth from two directions.",
    "tokens" : [ {
      "id" : "s0-t0",
      "begin" : 0,
      "end" : 2,
      "text" : "We",
      "whiteSpace" : false
    }, {
      "id" : "s0-t1",
      "begin" : 3,
      "end" : 10,
      "text" : "analyze",
      "whiteSpace" : false
    }, {
      "id" : "s0-t2",
      "begin" : 11,
      "end" : 14,
      "text" : "the",
      "whiteSpace" : false
    }, {
      "id" : "s0-t3",
      "begin" : 15,
      "end" : 27,
      "text" : "relationship",
      "whiteSpace" : false
    }, {
      "id" : "s0-t4",
      "begin" : 28,
      "end" : 35,
      "text" : "between",
      "whiteSpace" : false
    }, {
      "id" : "s0-t5",
      "begin" : 36,
      "end" : 46,
      "text" : "inequality",
      "whiteSpace" : false
    }, {
      "id" : "s0-t6",
      "begin" : 47,
      "end" : 50,
      "text" : "and",
      "whiteSpace" : false
    }, {
      "id" : "s0-t7",
      "begin" : 51,
      "end" : 59,
      "text" : "economic",
      "whiteSpace" : false
    }, {
      "id" : "s0-t8",
      "begin" : 60,
      "end" : 66,
      "text" : "growth",
      "whiteSpace" : false
    }, {
      "id" : "s0-t9",
      "begin" : 67,
      "end" : 71,
      "text" : "from",
      "whiteSpace" : false
    }, {
      "id" : "s0-t10",
      "begin" : 72,
      "end" : 75,
      "text" : "two",
      "whiteSpace" : false
    }, {
      "id" : "s0-t11",
      "begin" : 76,
      "end" : 86,
      "text" : "directions",
      "whiteSpace" : false
    }, {
      "id" : "s0-t12",
      "begin" : 86,
      "end" : 87,
      "text" : ".",
      "whiteSpace" : false
    } ]
  }, {
    "id" : "s1",
    "begin" : 88,
    "end" : 278,
    "text" : "The first part of the survey examines the effect of inequality on growth, showing that when capital markets are imperfect, there is not necessarily a trade-off between equity and efficiency.",
    "tokens" : [ {
      "id" : "s1-t0",
      "begin" : 88,
      "end" : 91,
      "text" : "The",
      "whiteSpace" : false
    }, {
      "id" : "s1-t1",
      "begin" : 92,
      "end" : 97,
      "text" : "first",
      "whiteSpace" : false
    }, {
      "id" : "s1-t2",
      "begin" : 98,
      "end" : 102,
      "text" : "part",
      "whiteSpace" : false
    }, {
      "id" : "s1-t3",
      "begin" : 103,
      "end" : 105,
      "text" : "of",
      "whiteSpace" : false
    }, {
      "id" : "s1-t4",
      "begin" : 106,
      "end" : 109,
      "text" : "the",
      "whiteSpace" : false
    }, {
      "id" : "s1-t5",
      "begin" : 110,
      "end" : 116,
      "text" : "survey",
      "whiteSpace" : false
    }, {
      "id" : "s1-t6",
      "begin" : 117,
      "end" : 125,
      "text" : "examines",
      "whiteSpace" : false
    }, {
      "id" : "s1-t7",
      "begin" : 126,
      "end" : 129,
      "text" : "the",
      "whiteSpace" : false
    }, {
      "id" : "s1-t8",
      "begin" : 130,
      "end" : 136,
      "text" : "effect",
      "whiteSpace" : false
    }, {
      "id" : "s1-t9",
      "begin" : 137,
      "end" : 139,
      "text" : "of",
      "whiteSpace" : false
    }, {
      "id" : "s1-t10",
      "begin" : 140,
      "end" : 150,
      "text" : "inequality",
      "whiteSpace" : false
    }, {
      "id" : "s1-t11",
      "begin" : 151,
      "end" : 153,
      "text" : "on",
      "whiteSpace" : false
    }, {
      "id" : "s1-t12",
      "begin" : 154,
      "end" : 160,
      "text" : "growth",
      "whiteSpace" : false
    }, {
      "id" : "s1-t13",
      "begin" : 160,
      "end" : 161,
      "text" : ",",
      "whiteSpace" : false
    }, {
      "id" : "s1-t14",
      "begin" : 162,
      "end" : 169,
      "text" : "showing",
      "whiteSpace" : false
    }, {
      "id" : "s1-t15",
      "begin" : 170,
      "end" : 174,
      "text" : "that",
      "whiteSpace" : false
    }, {
      "id" : "s1-t16",
      "begin" : 175,
      "end" : 179,
      "text" : "when",
      "whiteSpace" : false
    }, {
      "id" : "s1-t17",
      "begin" : 180,
      "end" : 187,
      "text" : "capital",
      "whiteSpace" : false
    }, {
      "id" : "s1-t18",
      "begin" : 188,
      "end" : 195,
      "text" : "markets",
      "whiteSpace" : false
    }, {
      "id" : "s1-t19",
      "begin" : 196,
      "end" : 199,
      "text" : "are",
      "whiteSpace" : false
    }, {
      "id" : "s1-t20",
      "begin" : 200,
      "end" : 209,
      "text" : "imperfect",
      "whiteSpace" : false
    }, {
      "id" : "s1-t21",
      "begin" : 209,
      "end" : 210,
      "text" : ",",
      "whiteSpace" : false
    }, {
      "id" : "s1-t22",
      "begin" : 211,
      "end" : 216,
      "text" : "there",
      "whiteSpace" : false
    }, {
      "id" : "s1-t23",
      "begin" : 217,
      "end" : 219,
      "text" : "is",
      "whiteSpace" : false
    }, {
      "id" : "s1-t24",
      "begin" : 220,
      "end" : 223,
      "text" : "not",
      "whiteSpace" : false
    }, {
      "id" : "s1-t25",
      "begin" : 224,
      "end" : 235,
      "text" : "necessarily",
      "whiteSpace" : false
    }, {
      "id" : "s1-t26",
      "begin" : 236,
      "end" : 237,
      "text" : "a",
      "whiteSpace" : false
    }, {
      "id" : "s1-t27",
      "begin" : 238,
      "end" : 247,
      "text" : "trade-off",
      "whiteSpace" : false
    }, {
      "id" : "s1-t28",
      "begin" : 248,
      "end" : 255,
      "text" : "between",
      "whiteSpace" : false
    }, {
      "id" : "s1-t29",
      "begin" : 256,
      "end" : 262,
      "text" : "equity",
      "whiteSpace" : false
    }, {
      "id" : "s1-t30",
      "begin" : 263,
      "end" : 266,
      "text" : "and",
      "whiteSpace" : false
    }, {
      "id" : "s1-t31",
      "begin" : 267,
      "end" : 277,
      "text" : "efficiency",
      "whiteSpace" : false
    }, {
      "id" : "s1-t32",
      "begin" : 277,
      "end" : 278,
      "text" : ".",
      "whiteSpace" : false
    } ]
  }, {
    "id" : "s2",
    "begin" : 279,
    "end" : 447,
    "text" : "It therefore provides an explanation for two recent empirical findings, namely, the negative impact of inequality and the positive effect of redistribution upon growth.",
    "tokens" : [ {
      "id" : "s2-t0",
      "begin" : 279,
      "end" : 281,
      "text" : "It",
      "whiteSpace" : false
    }, {
      "id" : "s2-t1",
      "begin" : 282,
      "end" : 291,
      "text" : "therefore",
      "whiteSpace" : false
    }, {
      "id" : "s2-t2",
      "begin" : 292,
      "end" : 300,
      "text" : "provides",
      "whiteSpace" : false
    }, {
      "id" : "s2-t3",
      "begin" : 301,
      "end" : 303,
      "text" : "an",
      "whiteSpace" : false
    }, {
      "id" : "s2-t4",
      "begin" : 304,
      "end" : 315,
      "text" : "explanation",
      "whiteSpace" : false
    }, {
      "id" : "s2-t5",
      "begin" : 316,
      "end" : 319,
      "text" : "for",
      "whiteSpace" : false
    }, {
      "id" : "s2-t6",
      "begin" : 320,
      "end" : 323,
      "text" : "two",
      "whiteSpace" : false
    }, {
      "id" : "s2-t7",
      "begin" : 324,
      "end" : 330,
      "text" : "recent",
      "whiteSpace" : false
    }, {
      "id" : "s2-t8",
      "begin" : 331,
      "end" : 340,
      "text" : "empirical",
      "whiteSpace" : false
    }, {
      "id" : "s2-t9",
      "begin" : 341,
      "end" : 349,
      "text" : "findings",
      "whiteSpace" : false
    }, {
      "id" : "s2-t10",
      "begin" : 349,
      "end" : 350,
      "text" : ",",
      "whiteSpace" : false
    }, {
      "id" : "s2-t11",
      "begin" : 351,
      "end" : 357,
      "text" : "namely",
      "whiteSpace" : false
    }, {
      "id" : "s2-t12",
      "begin" : 357,
      "end" : 358,
      "text" : ",",
      "whiteSpace" : false
    }, {
      "id" : "s2-t13",
      "begin" : 359,
      "end" : 362,
      "text" : "the",
      "whiteSpace" : false
    }, {
      "id" : "s2-t14",
      "begin" : 363,
      "end" : 371,
      "text" : "negative",
      "whiteSpace" : false
    }, {
      "id" : "s2-t15",
      "begin" : 372,
      "end" : 378,
      "text" : "impact",
      "whiteSpace" : false
    }, {
      "id" : "s2-t16",
      "begin" : 379,
      "end" : 381,
      "text" : "of",
      "whiteSpace" : false
    }, {
      "id" : "s2-t17",
      "begin" : 382,
      "end" : 392,
      "text" : "inequality",
      "whiteSpace" : false
    }, {
      "id" : "s2-t18",
      "begin" : 393,
      "end" : 396,
      "text" : "and",
      "whiteSpace" : false
    }, {
      "id" : "s2-t19",
      "begin" : 397,
      "end" : 400,
      "text" : "the",
      "whiteSpace" : false
    }, {
      "id" : "s2-t20",
      "begin" : 401,
      "end" : 409,
      "text" : "positive",
      "whiteSpace" : false
    }, {
      "id" : "s2-t21",
      "begin" : 410,
      "end" : 416,
      "text" : "effect",
      "whiteSpace" : false
    }, {
      "id" : "s2-t22",
      "begin" : 417,
      "end" : 419,
      "text" : "of",
      "whiteSpace" : false
    }, {
      "id" : "s2-t23",
      "begin" : 420,
      "end" : 434,
      "text" : "redistribution",
      "whiteSpace" : false
    }, {
      "id" : "s2-t24",
      "begin" : 435,
      "end" : 439,
      "text" : "upon",
      "whiteSpace" : false
    }, {
      "id" : "s2-t25",
      "begin" : 440,
      "end" : 446,
      "text" : "growth",
      "whiteSpace" : false
    }, {
      "id" : "s2-t26",
      "begin" : 446,
      "end" : 447,
      "text" : ".",
      "whiteSpace" : false
    } ]
  }, {
    "id" : "s3",
    "begin" : 448,
    "end" : 578,
    "text" : "The second part analyzes several mechanisms whereby growth may increase wage inequality, both across and within education cohorts.",
    "tokens" : [ {
      "id" : "s3-t0",
      "begin" : 448,
      "end" : 451,
      "text" : "The",
      "whiteSpace" : false
    }, {
      "id" : "s3-t1",
      "begin" : 452,
      "end" : 458,
      "text" : "second",
      "whiteSpace" : false
    }, {
      "id" : "s3-t2",
      "begin" : 459,
      "end" : 463,
      "text" : "part",
      "whiteSpace" : false
    }, {
      "id" : "s3-t3",
      "begin" : 464,
      "end" : 472,
      "text" : "analyzes",
      "whiteSpace" : false
    }, {
      "id" : "s3-t4",
      "begin" : 473,
      "end" : 480,
      "text" : "several",
      "whiteSpace" : false
    }, {
      "id" : "s3-t5",
      "begin" : 481,
      "end" : 491,
      "text" : "mechanisms",
      "whiteSpace" : false
    }, {
      "id" : "s3-t6",
      "begin" : 492,
      "end" : 499,
      "text" : "whereby",
      "whiteSpace" : false
    }, {
      "id" : "s3-t7",
      "begin" : 500,
      "end" : 506,
      "text" : "growth",
      "whiteSpace" : false
    }, {
      "id" : "s3-t8",
      "begin" : 507,
      "end" : 510,
      "text" : "may",
      "whiteSpace" : false
    }, {
      "id" : "s3-t9",
      "begin" : 511,
      "end" : 519,
      "text" : "increase",
      "whiteSpace" : false
    }, {
      "id" : "s3-t10",
      "begin" : 520,
      "end" : 524,
      "text" : "wage",
      "whiteSpace" : false
    }, {
      "id" : "s3-t11",
      "begin" : 525,
      "end" : 535,
      "text" : "inequality",
      "whiteSpace" : false
    }, {
      "id" : "s3-t12",
      "begin" : 535,
      "end" : 536,
      "text" : ",",
      "whiteSpace" : false
    }, {
      "id" : "s3-t13",
      "begin" : 537,
      "end" : 541,
      "text" : "both",
      "whiteSpace" : false
    }, {
      "id" : "s3-t14",
      "begin" : 542,
      "end" : 548,
      "text" : "across",
      "whiteSpace" : false
    }, {
      "id" : "s3-t15",
      "begin" : 549,
      "end" : 552,
      "text" : "and",
      "whiteSpace" : false
    }, {
      "id" : "s3-t16",
      "begin" : 553,
      "end" : 559,
      "text" : "within",
      "whiteSpace" : false
    }, {
      "id" : "s3-t17",
      "begin" : 560,
      "end" : 569,
      "text" : "education",
      "whiteSpace" : false
    }, {
      "id" : "s3-t18",
      "begin" : 570,
      "end" : 577,
      "text" : "cohorts",
      "whiteSpace" : false
    }, {
      "id" : "s3-t19",
      "begin" : 577,
      "end" : 578,
      "text" : ".",
      "whiteSpace" : false
    } ]
  }, {
    "id" : "s4",
    "begin" : 579,
    "end" : 748,
    "text" : "Technical change, and in particular the implementation of \"General Purpose Technologies,\" stands as a crucial factor in explaining the recent upsurge in wage inequality.",
    "tokens" : [ {
      "id" : "s4-t0",
      "begin" : 579,
      "end" : 588,
      "text" : "Technical",
      "whiteSpace" : false
    }, {
      "id" : "s4-t1",
      "begin" : 589,
      "end" : 595,
      "text" : "change",
      "whiteSpace" : false
    }, {
      "id" : "s4-t2",
      "begin" : 595,
      "end" : 596,
      "text" : ",",
      "whiteSpace" : false
    }, {
      "id" : "s4-t3",
      "begin" : 597,
      "end" : 600,
      "text" : "and",
      "whiteSpace" : false
    }, {
      "id" : "s4-t4",
      "begin" : 601,
      "end" : 603,
      "text" : "in",
      "whiteSpace" : false
    }, {
      "id" : "s4-t5",
      "begin" : 604,
      "end" : 614,
      "text" : "particular",
      "whiteSpace" : false
    }, {
      "id" : "s4-t6",
      "begin" : 615,
      "end" : 618,
      "text" : "the",
      "whiteSpace" : false
    }, {
      "id" : "s4-t7",
      "begin" : 619,
      "end" : 633,
      "text" : "implementation",
      "whiteSpace" : false
    }, {
      "id" : "s4-t8",
      "begin" : 634,
      "end" : 636,
      "text" : "of",
      "whiteSpace" : false
    }, {
      "id" : "s4-t9",
      "begin" : 637,
      "end" : 638,
      "text" : "\"",
      "whiteSpace" : false
    }, {
      "id" : "s4-t10",
      "begin" : 638,
      "end" : 645,
      "text" : "General",
      "whiteSpace" : false
    }, {
      "id" : "s4-t11",
      "begin" : 646,
      "end" : 653,
      "text" : "Purpose",
      "whiteSpace" : false
    }, {
      "id" : "s4-t12",
      "begin" : 654,
      "end" : 666,
      "text" : "Technologies",
      "whiteSpace" : false
    }, {
      "id" : "s4-t13",
      "begin" : 666,
      "end" : 667,
      "text" : ",",
      "whiteSpace" : false
    }, {
      "id" : "s4-t14",
      "begin" : 667,
      "end" : 668,
      "text" : "\"",
      "whiteSpace" : false
    }, {
      "id" : "s4-t15",
      "begin" : 669,
      "end" : 675,
      "text" : "stands",
      "whiteSpace" : false
    }, {
      "id" : "s4-t16",
      "begin" : 676,
      "end" : 678,
      "text" : "as",
      "whiteSpace" : false
    }, {
      "id" : "s4-t17",
      "begin" : 679,
      "end" : 680,
      "text" : "a",
      "whiteSpace" : false
    }, {
      "id" : "s4-t18",
      "begin" : 681,
      "end" : 688,
      "text" : "crucial",
      "whiteSpace" : false
    }, {
      "id" : "s4-t19",
      "begin" : 689,
      "end" : 695,
      "text" : "factor",
      "whiteSpace" : false
    }, {
      "id" : "s4-t20",
      "begin" : 696,
      "end" : 698,
      "text" : "in",
      "whiteSpace" : false
    }, {
      "id" : "s4-t21",
      "begin" : 699,
      "end" : 709,
      "text" : "explaining",
      "whiteSpace" : false
    }, {
      "id" : "s4-t22",
      "begin" : 710,
      "end" : 713,
      "text" : "the",
      "whiteSpace" : false
    }, {
      "id" : "s4-t23",
      "begin" : 714,
      "end" : 720,
      "text" : "recent",
      "whiteSpace" : false
    }, {
      "id" : "s4-t24",
      "begin" : 721,
      "end" : 728,
      "text" : "upsurge",
      "whiteSpace" : false
    }, {
      "id" : "s4-t25",
      "begin" : 729,
      "end" : 731,
      "text" : "in",
      "whiteSpace" : false
    }, {
      "id" : "s4-t26",
      "begin" : 732,
      "end" : 736,
      "text" : "wage",
      "whiteSpace" : false
    }, {
      "id" : "s4-t27",
      "begin" : 737,
      "end" : 747,
      "text" : "inequality",
      "whiteSpace" : false
    }, {
      "id" : "s4-t28",
      "begin" : 747,
      "end" : 748,
      "text" : ".",
      "whiteSpace" : false
    } ]
  } ],
  "mentions" : [ {
    "id" : "m1",
    "properties" : {
      "SIRE_MENTION_ROLE" : "evidence",
      "SIRE_ENTITY_SUBTYPE" : "NONE",
      "SIRE_MENTION_CLASS" : "SPC",
      "SIRE_MENTION_TYPE" : "NONE"
    },
    "type" : "evidence",
    "begin" : 3,
    "end" : 10,
    "inCoref" : false
  }, {
    "id" : "m20",
    "properties" : {
      "SIRE_ENTITY_LEVEL" : "NONE",
      "SIRE_MENTION_ROLE" : "relation",
      "SIRE_ENTITY_CLASS" : "SPC",
      "SIRE_ENTITY_SUBTYPE" : "NONE",
      "SIRE_MENTION_CLASS" : "SPC",
      "SIRE_MENTION_TYPE" : "NONE"
    },
    "type" : "relation",
    "begin" : 15,
    "end" : 35,
    "inCoref" : false
  }, {
    "id" : "m2",
    "properties" : {
      "SIRE_MENTION_ROLE" : "Variable",
      "SIRE_ENTITY_SUBTYPE" : "NONE",
      "SIRE_MENTION_CLASS" : "SPC",
      "SIRE_MENTION_TYPE" : "NONE"
    },
    "type" : "Variable",
    "begin" : 36,
    "end" : 46,
    "inCoref" : true
  }, {
    "id" : "m3",
    "properties" : {
      "SIRE_MENTION_ROLE" : "Variable",
      "SIRE_ENTITY_SUBTYPE" : "NONE",
      "SIRE_MENTION_CLASS" : "SPC",
      "SIRE_MENTION_TYPE" : "NONE"
    },
    "type" : "Variable",
    "begin" : 51,
    "end" : 66,
    "inCoref" : true
  }, {
    "id" : "m4",
    "properties" : {
      "SIRE_MENTION_ROLE" : "evidence",
      "SIRE_ENTITY_SUBTYPE" : "NONE",
      "SIRE_MENTION_CLASS" : "SPC",
      "SIRE_MENTION_TYPE" : "NONE"
    },
    "type" : "evidence",
    "begin" : 117,
    "end" : 125,
    "inCoref" : false
  }, {
    "id" : "m5",
    "properties" : {
      "SIRE_MENTION_ROLE" : "relation",
      "SIRE_ENTITY_SUBTYPE" : "NONE",
      "SIRE_MENTION_CLASS" : "SPC",
      "SIRE_MENTION_TYPE" : "NONE"
    },
    "type" : "relation",
    "begin" : 130,
    "end" : 139,
    "inCoref" : false
  }, {
    "id" : "m6",
    "properties" : {
      "SIRE_MENTION_ROLE" : "Variable",
      "SIRE_ENTITY_SUBTYPE" : "NONE",
      "SIRE_MENTION_CLASS" : "SPC",
      "SIRE_MENTION_TYPE" : "NONE"
    },
    "type" : "Variable",
    "begin" : 140,
    "end" : 150,
    "inCoref" : true
  }, {
    "id" : "m7",
    "properties" : {
      "SIRE_MENTION_ROLE" : "Variable",
      "SIRE_ENTITY_SUBTYPE" : "NONE",
      "SIRE_MENTION_CLASS" : "SPC",
      "SIRE_MENTION_TYPE" : "NONE"
    },
    "type" : "Variable",
    "begin" : 154,
    "end" : 160,
    "inCoref" : true
  }, {
    "id" : "m8",
    "properties" : {
      "SIRE_MENTION_ROLE" : "evidence",
      "SIRE_ENTITY_SUBTYPE" : "NONE",
      "SIRE_MENTION_CLASS" : "SPC",
      "SIRE_MENTION_TYPE" : "NONE"
    },
    "type" : "evidence",
    "begin" : 341,
    "end" : 349,
    "inCoref" : false
  }, {
    "id" : "m9",
    "properties" : {
      "SIRE_MENTION_ROLE" : "relation",
      "SIRE_ENTITY_SUBTYPE" : "NONE",
      "SIRE_MENTION_CLASS" : "SPC",
      "SIRE_MENTION_TYPE" : "NONE"
    },
    "type" : "relation",
    "begin" : 372,
    "end" : 381,
    "inCoref" : false
  }, {
    "id" : "m10",
    "properties" : {
      "SIRE_MENTION_ROLE" : "Variable",
      "SIRE_ENTITY_SUBTYPE" : "NONE",
      "SIRE_MENTION_CLASS" : "SPC",
      "SIRE_MENTION_TYPE" : "NONE"
    },
    "type" : "Variable",
    "begin" : 382,
    "end" : 392,
    "inCoref" : true
  }, {
    "id" : "m11",
    "properties" : {
      "SIRE_MENTION_ROLE" : "relation",
      "SIRE_ENTITY_SUBTYPE" : "NONE",
      "SIRE_MENTION_CLASS" : "SPC",
      "SIRE_MENTION_TYPE" : "NONE"
    },
    "type" : "relation",
    "begin" : 410,
    "end" : 419,
    "inCoref" : false
  }, {
    "id" : "m12",
    "properties" : {
      "SIRE_MENTION_ROLE" : "Variable",
      "SIRE_ENTITY_SUBTYPE" : "NONE",
      "SIRE_MENTION_CLASS" : "SPC",
      "SIRE_MENTION_TYPE" : "NONE"
    },
    "type" : "Variable",
    "begin" : 420,
    "end" : 434,
    "inCoref" : false
  }, {
    "id" : "m13",
    "properties" : {
      "SIRE_MENTION_ROLE" : "Variable",
      "SIRE_ENTITY_SUBTYPE" : "NONE",
      "SIRE_MENTION_CLASS" : "SPC",
      "SIRE_MENTION_TYPE" : "NONE"
    },
    "type" : "Variable",
    "begin" : 440,
    "end" : 446,
    "inCoref" : true
  }, {
    "id" : "m14",
    "properties" : {
      "SIRE_MENTION_ROLE" : "evidence",
      "SIRE_ENTITY_SUBTYPE" : "NONE",
      "SIRE_MENTION_CLASS" : "SPC",
      "SIRE_MENTION_TYPE" : "NONE"
    },
    "type" : "evidence",
    "begin" : 464,
    "end" : 472,
    "inCoref" : false
  }, {
    "id" : "m15",
    "properties" : {
      "SIRE_MENTION_ROLE" : "Variable",
      "SIRE_ENTITY_SUBTYPE" : "NONE",
      "SIRE_MENTION_CLASS" : "SPC",
      "SIRE_MENTION_TYPE" : "NONE"
    },
    "type" : "Variable",
    "begin" : 500,
    "end" : 506,
    "inCoref" : true
  }, {
    "id" : "m16",
    "properties" : {
      "SIRE_MENTION_ROLE" : "relation",
      "SIRE_ENTITY_SUBTYPE" : "NONE",
      "SIRE_MENTION_CLASS" : "SPC",
      "SIRE_MENTION_TYPE" : "NONE"
    },
    "type" : "relation",
    "begin" : 511,
    "end" : 519,
    "inCoref" : false
  }, {
    "id" : "m17",
    "properties" : {
      "SIRE_MENTION_ROLE" : "Variable",
      "SIRE_ENTITY_SUBTYPE" : "NONE",
      "SIRE_MENTION_CLASS" : "SPC",
      "SIRE_MENTION_TYPE" : "NONE"
    },
    "type" : "Variable",
    "begin" : 520,
    "end" : 535,
    "inCoref" : true
  }, {
    "id" : "m18",
    "properties" : {
      "SIRE_MENTION_ROLE" : "Variable",
      "SIRE_ENTITY_SUBTYPE" : "NONE",
      "SIRE_MENTION_CLASS" : "SPC",
      "SIRE_MENTION_TYPE" : "NONE"
    },
    "type" : "Variable",
    "begin" : 560,
    "end" : 569,
    "inCoref" : false
  }, {
    "id" : "m19",
    "properties" : {
      "SIRE_MENTION_ROLE" : "Variable",
      "SIRE_ENTITY_SUBTYPE" : "NONE",
      "SIRE_MENTION_CLASS" : "SPC",
      "SIRE_MENTION_TYPE" : "NONE"
    },
    "type" : "Variable",
    "begin" : 732,
    "end" : 747,
    "inCoref" : true
  } ],
  "relations" : [ {
    "id" : "r5",
    "properties" : {
      "SIRE_RELATION_TENSE" : "UNSPECIFIED",
      "SIRE_RELATION_CLASS" : "SPECIFIC",
      "SIRE_RELATION_MODALITY" : "ASSERTED",
      "SIRE_RELATION_SUBTYPE" : "OTHER"
    },
    "type" : "Causal",
    "args" : [ "m12", "m13" ]
  } ],
  "corefs" : [ {
    "id" : "c1",
    "properties" : { },
    "mentions" : [ "m17", "m19" ]
  }, {
    "id" : "c2",
    "properties" : { },
    "mentions" : [ "m2", "m6", "m10" ]
  }, {
    "id" : "c3",
    "properties" : { },
    "mentions" : [ "m3", "m7", "m13", "m15" ]
  } ],
  "typeResolved" : true,
  "userResolved" : false
}