{
  "id" : "27254b60-5128-11ec-a727-c91aef4b6ba6-15",
  "name" : "36. S. Knowles 2005.docx",
  "createdDate" : 0,
  "version" : 3,
  "text" : "Almost all the recent empirical work on the relationship between income inequality and economic growth has used inequality data that are not consistently measured. This article argues that this is inappropriate and shows that the significant negative correlation often found between income inequality and growth across countries may not be robust when income inequality is measured in a consistent manner. However, evidence is found of a significant negative correlation between consistently measured inequality of expenditure data and economic growth for a sample of developing countries.\n\n",
  "docLength" : 0,
  "language" : "EN",
  "status" : "IN_PROGRESS",
  "modifiedDate" : 1638283196249,
  "documentSet" : [ ],
  "preannotation" : [ "PRE_LW", "PRE_SIRE" ],
  "sentences" : [ {
    "id" : "s0",
    "begin" : 0,
    "end" : 163,
    "text" : "Almost all the recent empirical work on the relationship between income inequality and economic growth has used inequality data that are not consistently measured.",
    "tokens" : [ {
      "id" : "s0-t0",
      "begin" : 0,
      "end" : 6,
      "text" : "Almost",
      "whiteSpace" : false
    }, {
      "id" : "s0-t1",
      "begin" : 7,
      "end" : 10,
      "text" : "all",
      "whiteSpace" : false
    }, {
      "id" : "s0-t2",
      "begin" : 11,
      "end" : 14,
      "text" : "the",
      "whiteSpace" : false
    }, {
      "id" : "s0-t3",
      "begin" : 15,
      "end" : 21,
      "text" : "recent",
      "whiteSpace" : false
    }, {
      "id" : "s0-t4",
      "begin" : 22,
      "end" : 31,
      "text" : "empirical",
      "whiteSpace" : false
    }, {
      "id" : "s0-t5",
      "begin" : 32,
      "end" : 36,
      "text" : "work",
      "whiteSpace" : false
    }, {
      "id" : "s0-t6",
      "begin" : 37,
      "end" : 39,
      "text" : "on",
      "whiteSpace" : false
    }, {
      "id" : "s0-t7",
      "begin" : 40,
      "end" : 43,
      "text" : "the",
      "whiteSpace" : false
    }, {
      "id" : "s0-t8",
      "begin" : 44,
      "end" : 56,
      "text" : "relationship",
      "whiteSpace" : false
    }, {
      "id" : "s0-t9",
      "begin" : 57,
      "end" : 64,
      "text" : "between",
      "whiteSpace" : false
    }, {
      "id" : "s0-t10",
      "begin" : 65,
      "end" : 71,
      "text" : "income",
      "whiteSpace" : false
    }, {
      "id" : "s0-t11",
      "begin" : 72,
      "end" : 82,
      "text" : "inequality",
      "whiteSpace" : false
    }, {
      "id" : "s0-t12",
      "begin" : 83,
      "end" : 86,
      "text" : "and",
      "whiteSpace" : false
    }, {
      "id" : "s0-t13",
      "begin" : 87,
      "end" : 95,
      "text" : "economic",
      "whiteSpace" : false
    }, {
      "id" : "s0-t14",
      "begin" : 96,
      "end" : 102,
      "text" : "growth",
      "whiteSpace" : false
    }, {
      "id" : "s0-t15",
      "begin" : 103,
      "end" : 106,
      "text" : "has",
      "whiteSpace" : false
    }, {
      "id" : "s0-t16",
      "begin" : 107,
      "end" : 111,
      "text" : "used",
      "whiteSpace" : false
    }, {
      "id" : "s0-t17",
      "begin" : 112,
      "end" : 122,
      "text" : "inequality",
      "whiteSpace" : false
    }, {
      "id" : "s0-t18",
      "begin" : 123,
      "end" : 127,
      "text" : "data",
      "whiteSpace" : false
    }, {
      "id" : "s0-t19",
      "begin" : 128,
      "end" : 132,
      "text" : "that",
      "whiteSpace" : false
    }, {
      "id" : "s0-t20",
      "begin" : 133,
      "end" : 136,
      "text" : "are",
      "whiteSpace" : false
    }, {
      "id" : "s0-t21",
      "begin" : 137,
      "end" : 140,
      "text" : "not",
      "whiteSpace" : false
    }, {
      "id" : "s0-t22",
      "begin" : 141,
      "end" : 153,
      "text" : "consistently",
      "whiteSpace" : false
    }, {
      "id" : "s0-t23",
      "begin" : 154,
      "end" : 162,
      "text" : "measured",
      "whiteSpace" : false
    }, {
      "id" : "s0-t24",
      "begin" : 162,
      "end" : 163,
      "text" : ".",
      "whiteSpace" : false
    } ]
  }, {
    "id" : "s1",
    "begin" : 164,
    "end" : 405,
    "text" : "This article argues that this is inappropriate and shows that the significant negative correlation often found between income inequality and growth across countries may not be robust when income inequality is measured in a consistent manner.",
    "tokens" : [ {
      "id" : "s1-t0",
      "begin" : 164,
      "end" : 168,
      "text" : "This",
      "whiteSpace" : false
    }, {
      "id" : "s1-t1",
      "begin" : 169,
      "end" : 176,
      "text" : "article",
      "whiteSpace" : false
    }, {
      "id" : "s1-t2",
      "begin" : 177,
      "end" : 183,
      "text" : "argues",
      "whiteSpace" : false
    }, {
      "id" : "s1-t3",
      "begin" : 184,
      "end" : 188,
      "text" : "that",
      "whiteSpace" : false
    }, {
      "id" : "s1-t4",
      "begin" : 189,
      "end" : 193,
      "text" : "this",
      "whiteSpace" : false
    }, {
      "id" : "s1-t5",
      "begin" : 194,
      "end" : 196,
      "text" : "is",
      "whiteSpace" : false
    }, {
      "id" : "s1-t6",
      "begin" : 197,
      "end" : 210,
      "text" : "inappropriate",
      "whiteSpace" : false
    }, {
      "id" : "s1-t7",
      "begin" : 211,
      "end" : 214,
      "text" : "and",
      "whiteSpace" : false
    }, {
      "id" : "s1-t8",
      "begin" : 215,
      "end" : 220,
      "text" : "shows",
      "whiteSpace" : false
    }, {
      "id" : "s1-t9",
      "begin" : 221,
      "end" : 225,
      "text" : "that",
      "whiteSpace" : false
    }, {
      "id" : "s1-t10",
      "begin" : 226,
      "end" : 229,
      "text" : "the",
      "whiteSpace" : false
    }, {
      "id" : "s1-t11",
      "begin" : 230,
      "end" : 241,
      "text" : "significant",
      "whiteSpace" : false
    }, {
      "id" : "s1-t12",
      "begin" : 242,
      "end" : 250,
      "text" : "negative",
      "whiteSpace" : false
    }, {
      "id" : "s1-t13",
      "begin" : 251,
      "end" : 262,
      "text" : "correlation",
      "whiteSpace" : false
    }, {
      "id" : "s1-t14",
      "begin" : 263,
      "end" : 268,
      "text" : "often",
      "whiteSpace" : false
    }, {
      "id" : "s1-t15",
      "begin" : 269,
      "end" : 274,
      "text" : "found",
      "whiteSpace" : false
    }, {
      "id" : "s1-t16",
      "begin" : 275,
      "end" : 282,
      "text" : "between",
      "whiteSpace" : false
    }, {
      "id" : "s1-t17",
      "begin" : 283,
      "end" : 289,
      "text" : "income",
      "whiteSpace" : false
    }, {
      "id" : "s1-t18",
      "begin" : 290,
      "end" : 300,
      "text" : "inequality",
      "whiteSpace" : false
    }, {
      "id" : "s1-t19",
      "begin" : 301,
      "end" : 304,
      "text" : "and",
      "whiteSpace" : false
    }, {
      "id" : "s1-t20",
      "begin" : 305,
      "end" : 311,
      "text" : "growth",
      "whiteSpace" : false
    }, {
      "id" : "s1-t21",
      "begin" : 312,
      "end" : 318,
      "text" : "across",
      "whiteSpace" : false
    }, {
      "id" : "s1-t22",
      "begin" : 319,
      "end" : 328,
      "text" : "countries",
      "whiteSpace" : false
    }, {
      "id" : "s1-t23",
      "begin" : 329,
      "end" : 332,
      "text" : "may",
      "whiteSpace" : false
    }, {
      "id" : "s1-t24",
      "begin" : 333,
      "end" : 336,
      "text" : "not",
      "whiteSpace" : false
    }, {
      "id" : "s1-t25",
      "begin" : 337,
      "end" : 339,
      "text" : "be",
      "whiteSpace" : false
    }, {
      "id" : "s1-t26",
      "begin" : 340,
      "end" : 346,
      "text" : "robust",
      "whiteSpace" : false
    }, {
      "id" : "s1-t27",
      "begin" : 347,
      "end" : 351,
      "text" : "when",
      "whiteSpace" : false
    }, {
      "id" : "s1-t28",
      "begin" : 352,
      "end" : 358,
      "text" : "income",
      "whiteSpace" : false
    }, {
      "id" : "s1-t29",
      "begin" : 359,
      "end" : 369,
      "text" : "inequality",
      "whiteSpace" : false
    }, {
      "id" : "s1-t30",
      "begin" : 370,
      "end" : 372,
      "text" : "is",
      "whiteSpace" : false
    }, {
      "id" : "s1-t31",
      "begin" : 373,
      "end" : 381,
      "text" : "measured",
      "whiteSpace" : false
    }, {
      "id" : "s1-t32",
      "begin" : 382,
      "end" : 384,
      "text" : "in",
      "whiteSpace" : false
    }, {
      "id" : "s1-t33",
      "begin" : 385,
      "end" : 386,
      "text" : "a",
      "whiteSpace" : false
    }, {
      "id" : "s1-t34",
      "begin" : 387,
      "end" : 397,
      "text" : "consistent",
      "whiteSpace" : false
    }, {
      "id" : "s1-t35",
      "begin" : 398,
      "end" : 404,
      "text" : "manner",
      "whiteSpace" : false
    }, {
      "id" : "s1-t36",
      "begin" : 404,
      "end" : 405,
      "text" : ".",
      "whiteSpace" : false
    } ]
  }, {
    "id" : "s2",
    "begin" : 406,
    "end" : 589,
    "text" : "However, evidence is found of a significant negative correlation between consistently measured inequality of expenditure data and economic growth for a sample of developing countries.",
    "tokens" : [ {
      "id" : "s2-t0",
      "begin" : 406,
      "end" : 413,
      "text" : "However",
      "whiteSpace" : false
    }, {
      "id" : "s2-t1",
      "begin" : 413,
      "end" : 414,
      "text" : ",",
      "whiteSpace" : false
    }, {
      "id" : "s2-t2",
      "begin" : 415,
      "end" : 423,
      "text" : "evidence",
      "whiteSpace" : false
    }, {
      "id" : "s2-t3",
      "begin" : 424,
      "end" : 426,
      "text" : "is",
      "whiteSpace" : false
    }, {
      "id" : "s2-t4",
      "begin" : 427,
      "end" : 432,
      "text" : "found",
      "whiteSpace" : false
    }, {
      "id" : "s2-t5",
      "begin" : 433,
      "end" : 435,
      "text" : "of",
      "whiteSpace" : false
    }, {
      "id" : "s2-t6",
      "begin" : 436,
      "end" : 437,
      "text" : "a",
      "whiteSpace" : false
    }, {
      "id" : "s2-t7",
      "begin" : 438,
      "end" : 449,
      "text" : "significant",
      "whiteSpace" : false
    }, {
      "id" : "s2-t8",
      "begin" : 450,
      "end" : 458,
      "text" : "negative",
      "whiteSpace" : false
    }, {
      "id" : "s2-t9",
      "begin" : 459,
      "end" : 470,
      "text" : "correlation",
      "whiteSpace" : false
    }, {
      "id" : "s2-t10",
      "begin" : 471,
      "end" : 478,
      "text" : "between",
      "whiteSpace" : false
    }, {
      "id" : "s2-t11",
      "begin" : 479,
      "end" : 491,
      "text" : "consistently",
      "whiteSpace" : false
    }, {
      "id" : "s2-t12",
      "begin" : 492,
      "end" : 500,
      "text" : "measured",
      "whiteSpace" : false
    }, {
      "id" : "s2-t13",
      "begin" : 501,
      "end" : 511,
      "text" : "inequality",
      "whiteSpace" : false
    }, {
      "id" : "s2-t14",
      "begin" : 512,
      "end" : 514,
      "text" : "of",
      "whiteSpace" : false
    }, {
      "id" : "s2-t15",
      "begin" : 515,
      "end" : 526,
      "text" : "expenditure",
      "whiteSpace" : false
    }, {
      "id" : "s2-t16",
      "begin" : 527,
      "end" : 531,
      "text" : "data",
      "whiteSpace" : false
    }, {
      "id" : "s2-t17",
      "begin" : 532,
      "end" : 535,
      "text" : "and",
      "whiteSpace" : false
    }, {
      "id" : "s2-t18",
      "begin" : 536,
      "end" : 544,
      "text" : "economic",
      "whiteSpace" : false
    }, {
      "id" : "s2-t19",
      "begin" : 545,
      "end" : 551,
      "text" : "growth",
      "whiteSpace" : false
    }, {
      "id" : "s2-t20",
      "begin" : 552,
      "end" : 555,
      "text" : "for",
      "whiteSpace" : false
    }, {
      "id" : "s2-t21",
      "begin" : 556,
      "end" : 557,
      "text" : "a",
      "whiteSpace" : false
    }, {
      "id" : "s2-t22",
      "begin" : 558,
      "end" : 564,
      "text" : "sample",
      "whiteSpace" : false
    }, {
      "id" : "s2-t23",
      "begin" : 565,
      "end" : 567,
      "text" : "of",
      "whiteSpace" : false
    }, {
      "id" : "s2-t24",
      "begin" : 568,
      "end" : 578,
      "text" : "developing",
      "whiteSpace" : false
    }, {
      "id" : "s2-t25",
      "begin" : 579,
      "end" : 588,
      "text" : "countries",
      "whiteSpace" : false
    }, {
      "id" : "s2-t26",
      "begin" : 588,
      "end" : 589,
      "text" : ".",
      "whiteSpace" : false
    } ]
  } ],
  "mentions" : [ {
    "id" : "m14",
    "properties" : {
      "SIRE_ENTITY_LEVEL" : "NONE",
      "SIRE_MENTION_ROLE" : "relation",
      "SIRE_ENTITY_CLASS" : "SPC",
      "SIRE_ENTITY_SUBTYPE" : "NONE",
      "SIRE_MENTION_CLASS" : "SPC",
      "SIRE_MENTION_TYPE" : "NONE"
    },
    "type" : "relation",
    "begin" : 44,
    "end" : 64,
    "inCoref" : false
  }, {
    "id" : "m1",
    "properties" : {
      "SIRE_MENTION_ROLE" : "Variable",
      "SIRE_ENTITY_SUBTYPE" : "NONE",
      "SIRE_MENTION_CLASS" : "SPC",
      "SIRE_MENTION_TYPE" : "NONE"
    },
    "type" : "Variable",
    "begin" : 65,
    "end" : 82,
    "inCoref" : true
  }, {
    "id" : "m2",
    "properties" : {
      "SIRE_MENTION_ROLE" : "Variable",
      "SIRE_ENTITY_SUBTYPE" : "NONE",
      "SIRE_MENTION_CLASS" : "SPC",
      "SIRE_MENTION_TYPE" : "NONE"
    },
    "type" : "Variable",
    "begin" : 87,
    "end" : 102,
    "inCoref" : true
  }, {
    "id" : "m3",
    "properties" : {
      "SIRE_MENTION_ROLE" : "Variable",
      "SIRE_ENTITY_SUBTYPE" : "NONE",
      "SIRE_MENTION_CLASS" : "SPC",
      "SIRE_MENTION_TYPE" : "NONE"
    },
    "type" : "Variable",
    "begin" : 112,
    "end" : 122,
    "inCoref" : true
  }, {
    "id" : "m15",
    "properties" : {
      "SIRE_ENTITY_LEVEL" : "NONE",
      "SIRE_MENTION_ROLE" : "evidence",
      "SIRE_ENTITY_CLASS" : "SPC",
      "SIRE_ENTITY_SUBTYPE" : "NONE",
      "SIRE_MENTION_CLASS" : "SPC",
      "SIRE_MENTION_TYPE" : "NONE"
    },
    "type" : "evidence",
    "begin" : 177,
    "end" : 183,
    "inCoref" : false
  }, {
    "id" : "m16",
    "properties" : {
      "SIRE_ENTITY_LEVEL" : "NONE",
      "SIRE_MENTION_ROLE" : "evidence",
      "SIRE_ENTITY_CLASS" : "SPC",
      "SIRE_ENTITY_SUBTYPE" : "NONE",
      "SIRE_MENTION_CLASS" : "SPC",
      "SIRE_MENTION_TYPE" : "NONE"
    },
    "type" : "evidence",
    "begin" : 215,
    "end" : 220,
    "inCoref" : false
  }, {
    "id" : "m4",
    "properties" : {
      "SIRE_MENTION_ROLE" : "relation",
      "SIRE_ENTITY_SUBTYPE" : "NONE",
      "SIRE_MENTION_CLASS" : "SPC",
      "SIRE_MENTION_TYPE" : "NONE"
    },
    "type" : "relation",
    "begin" : 251,
    "end" : 262,
    "inCoref" : false
  }, {
    "id" : "m5",
    "properties" : {
      "SIRE_MENTION_ROLE" : "evidence",
      "SIRE_ENTITY_SUBTYPE" : "NONE",
      "SIRE_MENTION_CLASS" : "SPC",
      "SIRE_MENTION_TYPE" : "NONE"
    },
    "type" : "evidence",
    "begin" : 269,
    "end" : 274,
    "inCoref" : false
  }, {
    "id" : "m6",
    "properties" : {
      "SIRE_MENTION_ROLE" : "Variable",
      "SIRE_ENTITY_SUBTYPE" : "NONE",
      "SIRE_MENTION_CLASS" : "SPC",
      "SIRE_MENTION_TYPE" : "NONE"
    },
    "type" : "Variable",
    "begin" : 283,
    "end" : 300,
    "inCoref" : true
  }, {
    "id" : "m7",
    "properties" : {
      "SIRE_MENTION_ROLE" : "Variable",
      "SIRE_ENTITY_SUBTYPE" : "NONE",
      "SIRE_MENTION_CLASS" : "SPC",
      "SIRE_MENTION_TYPE" : "NONE"
    },
    "type" : "Variable",
    "begin" : 305,
    "end" : 311,
    "inCoref" : true
  }, {
    "id" : "s1-m8",
    "properties" : {
      "SIRE_MENTION_ROLE" : "negation",
      "SIRE_ENTITY_SUBTYPE" : "NONE",
      "SIRE_MENTION_TYPE" : "NONE",
      "SIRE_MENTION_CLASS" : "SPC"
    },
    "type" : "negation",
    "begin" : 333,
    "end" : 336,
    "inCoref" : false
  }, {
    "id" : "m8",
    "properties" : {
      "SIRE_MENTION_ROLE" : "Variable",
      "SIRE_ENTITY_SUBTYPE" : "NONE",
      "SIRE_MENTION_CLASS" : "SPC",
      "SIRE_MENTION_TYPE" : "NONE"
    },
    "type" : "Variable",
    "begin" : 359,
    "end" : 369,
    "inCoref" : true
  }, {
    "id" : "m9",
    "properties" : {
      "SIRE_MENTION_ROLE" : "evidence",
      "SIRE_ENTITY_SUBTYPE" : "NONE",
      "SIRE_MENTION_CLASS" : "SPC",
      "SIRE_MENTION_TYPE" : "NONE"
    },
    "type" : "evidence",
    "begin" : 415,
    "end" : 423,
    "inCoref" : false
  }, {
    "id" : "m10",
    "properties" : {
      "SIRE_MENTION_ROLE" : "evidence",
      "SIRE_ENTITY_SUBTYPE" : "NONE",
      "SIRE_MENTION_CLASS" : "SPC",
      "SIRE_MENTION_TYPE" : "NONE"
    },
    "type" : "evidence",
    "begin" : 427,
    "end" : 432,
    "inCoref" : false
  }, {
    "id" : "m11",
    "properties" : {
      "SIRE_MENTION_ROLE" : "relation",
      "SIRE_ENTITY_SUBTYPE" : "NONE",
      "SIRE_MENTION_CLASS" : "SPC",
      "SIRE_MENTION_TYPE" : "NONE"
    },
    "type" : "relation",
    "begin" : 459,
    "end" : 478,
    "inCoref" : false
  }, {
    "id" : "m12",
    "properties" : {
      "SIRE_MENTION_ROLE" : "Variable",
      "SIRE_ENTITY_SUBTYPE" : "NONE",
      "SIRE_MENTION_CLASS" : "SPC",
      "SIRE_MENTION_TYPE" : "NONE"
    },
    "type" : "Variable",
    "begin" : 501,
    "end" : 526,
    "inCoref" : false
  }, {
    "id" : "m13",
    "properties" : {
      "SIRE_MENTION_ROLE" : "Variable",
      "SIRE_ENTITY_SUBTYPE" : "NONE",
      "SIRE_MENTION_CLASS" : "SPC",
      "SIRE_MENTION_TYPE" : "NONE"
    },
    "type" : "Variable",
    "begin" : 536,
    "end" : 551,
    "inCoref" : true
  } ],
  "relations" : [ {
    "id" : "r1",
    "properties" : {
      "SIRE_RELATION_TENSE" : "UNSPECIFIED",
      "SIRE_RELATION_CLASS" : "SPECIFIC",
      "SIRE_RELATION_MODALITY" : "ASSERTED",
      "SIRE_RELATION_SUBTYPE" : "OTHER"
    },
    "type" : "Causal",
    "args" : [ "m2", "m3" ]
  }, {
    "id" : "s1-r1",
    "properties" : { },
    "type" : "NoRelation",
    "args" : [ "m6", "m7" ]
  }, {
    "id" : "s2-r1",
    "properties" : { },
    "type" : "Causal",
    "args" : [ "m12", "m13" ]
  } ],
  "corefs" : [ {
    "id" : "c1",
    "properties" : { },
    "mentions" : [ "m3" ]
  }, {
    "id" : "c2",
    "properties" : { },
    "mentions" : [ "m2", "m7", "m13" ]
  }, {
    "id" : "c3",
    "properties" : { },
    "mentions" : [ "m1", "m6", "m8" ]
  } ],
  "typeResolved" : true,
  "userResolved" : false
}