{
  "id" : "27254b60-5128-11ec-a727-c91aef4b6ba6-12",
  "name" : "28.K. Forbes 2000.docx",
  "createdDate" : 0,
  "version" : 3,
  "text" : "This paper challenges the current belief that income inequality has a negative relationship with economic growth. It uses an improved data set on income inequality, which not only reduces measurement error, but also allows estimation via a panel technique. Panel estimation makes it possible to control for time-invariant country-specific effects, therefore eliminating a potential source of omitted-variable bias. Results suggest that in the short and medium term, an increase in a country's level of income inequality has a significant positive relationship with subsequent economic growth. This relationship is highly robust across samples, variable definitions, and model specifications.\n\n",
  "docLength" : 0,
  "language" : "EN",
  "status" : "IN_PROGRESS",
  "modifiedDate" : 1638282418994,
  "documentSet" : [ ],
  "preannotation" : [ "PRE_LW", "PRE_SIRE" ],
  "sentences" : [ {
    "id" : "s0",
    "begin" : 0,
    "end" : 113,
    "text" : "This paper challenges the current belief that income inequality has a negative relationship with economic growth.",
    "tokens" : [ {
      "id" : "s0-t0",
      "begin" : 0,
      "end" : 4,
      "text" : "This",
      "whiteSpace" : false
    }, {
      "id" : "s0-t1",
      "begin" : 5,
      "end" : 10,
      "text" : "paper",
      "whiteSpace" : false
    }, {
      "id" : "s0-t2",
      "begin" : 11,
      "end" : 21,
      "text" : "challenges",
      "whiteSpace" : false
    }, {
      "id" : "s0-t3",
      "begin" : 22,
      "end" : 25,
      "text" : "the",
      "whiteSpace" : false
    }, {
      "id" : "s0-t4",
      "begin" : 26,
      "end" : 33,
      "text" : "current",
      "whiteSpace" : false
    }, {
      "id" : "s0-t5",
      "begin" : 34,
      "end" : 40,
      "text" : "belief",
      "whiteSpace" : false
    }, {
      "id" : "s0-t6",
      "begin" : 41,
      "end" : 45,
      "text" : "that",
      "whiteSpace" : false
    }, {
      "id" : "s0-t7",
      "begin" : 46,
      "end" : 52,
      "text" : "income",
      "whiteSpace" : false
    }, {
      "id" : "s0-t8",
      "begin" : 53,
      "end" : 63,
      "text" : "inequality",
      "whiteSpace" : false
    }, {
      "id" : "s0-t9",
      "begin" : 64,
      "end" : 67,
      "text" : "has",
      "whiteSpace" : false
    }, {
      "id" : "s0-t10",
      "begin" : 68,
      "end" : 69,
      "text" : "a",
      "whiteSpace" : false
    }, {
      "id" : "s0-t11",
      "begin" : 70,
      "end" : 78,
      "text" : "negative",
      "whiteSpace" : false
    }, {
      "id" : "s0-t12",
      "begin" : 79,
      "end" : 91,
      "text" : "relationship",
      "whiteSpace" : false
    }, {
      "id" : "s0-t13",
      "begin" : 92,
      "end" : 96,
      "text" : "with",
      "whiteSpace" : false
    }, {
      "id" : "s0-t14",
      "begin" : 97,
      "end" : 105,
      "text" : "economic",
      "whiteSpace" : false
    }, {
      "id" : "s0-t15",
      "begin" : 106,
      "end" : 112,
      "text" : "growth",
      "whiteSpace" : false
    }, {
      "id" : "s0-t16",
      "begin" : 112,
      "end" : 113,
      "text" : ".",
      "whiteSpace" : false
    } ]
  }, {
    "id" : "s1",
    "begin" : 114,
    "end" : 256,
    "text" : "It uses an improved data set on income inequality, which not only reduces measurement error, but also allows estimation via a panel technique.",
    "tokens" : [ {
      "id" : "s1-t0",
      "begin" : 114,
      "end" : 116,
      "text" : "It",
      "whiteSpace" : false
    }, {
      "id" : "s1-t1",
      "begin" : 117,
      "end" : 121,
      "text" : "uses",
      "whiteSpace" : false
    }, {
      "id" : "s1-t2",
      "begin" : 122,
      "end" : 124,
      "text" : "an",
      "whiteSpace" : false
    }, {
      "id" : "s1-t3",
      "begin" : 125,
      "end" : 133,
      "text" : "improved",
      "whiteSpace" : false
    }, {
      "id" : "s1-t4",
      "begin" : 134,
      "end" : 138,
      "text" : "data",
      "whiteSpace" : false
    }, {
      "id" : "s1-t5",
      "begin" : 139,
      "end" : 142,
      "text" : "set",
      "whiteSpace" : false
    }, {
      "id" : "s1-t6",
      "begin" : 143,
      "end" : 145,
      "text" : "on",
      "whiteSpace" : false
    }, {
      "id" : "s1-t7",
      "begin" : 146,
      "end" : 152,
      "text" : "income",
      "whiteSpace" : false
    }, {
      "id" : "s1-t8",
      "begin" : 153,
      "end" : 163,
      "text" : "inequality",
      "whiteSpace" : false
    }, {
      "id" : "s1-t9",
      "begin" : 163,
      "end" : 164,
      "text" : ",",
      "whiteSpace" : false
    }, {
      "id" : "s1-t10",
      "begin" : 165,
      "end" : 170,
      "text" : "which",
      "whiteSpace" : false
    }, {
      "id" : "s1-t11",
      "begin" : 171,
      "end" : 174,
      "text" : "not",
      "whiteSpace" : false
    }, {
      "id" : "s1-t12",
      "begin" : 175,
      "end" : 179,
      "text" : "only",
      "whiteSpace" : false
    }, {
      "id" : "s1-t13",
      "begin" : 180,
      "end" : 187,
      "text" : "reduces",
      "whiteSpace" : false
    }, {
      "id" : "s1-t14",
      "begin" : 188,
      "end" : 199,
      "text" : "measurement",
      "whiteSpace" : false
    }, {
      "id" : "s1-t15",
      "begin" : 200,
      "end" : 205,
      "text" : "error",
      "whiteSpace" : false
    }, {
      "id" : "s1-t16",
      "begin" : 205,
      "end" : 206,
      "text" : ",",
      "whiteSpace" : false
    }, {
      "id" : "s1-t17",
      "begin" : 207,
      "end" : 210,
      "text" : "but",
      "whiteSpace" : false
    }, {
      "id" : "s1-t18",
      "begin" : 211,
      "end" : 215,
      "text" : "also",
      "whiteSpace" : false
    }, {
      "id" : "s1-t19",
      "begin" : 216,
      "end" : 222,
      "text" : "allows",
      "whiteSpace" : false
    }, {
      "id" : "s1-t20",
      "begin" : 223,
      "end" : 233,
      "text" : "estimation",
      "whiteSpace" : false
    }, {
      "id" : "s1-t21",
      "begin" : 234,
      "end" : 237,
      "text" : "via",
      "whiteSpace" : false
    }, {
      "id" : "s1-t22",
      "begin" : 238,
      "end" : 239,
      "text" : "a",
      "whiteSpace" : false
    }, {
      "id" : "s1-t23",
      "begin" : 240,
      "end" : 245,
      "text" : "panel",
      "whiteSpace" : false
    }, {
      "id" : "s1-t24",
      "begin" : 246,
      "end" : 255,
      "text" : "technique",
      "whiteSpace" : false
    }, {
      "id" : "s1-t25",
      "begin" : 255,
      "end" : 256,
      "text" : ".",
      "whiteSpace" : false
    } ]
  }, {
    "id" : "s2",
    "begin" : 257,
    "end" : 414,
    "text" : "Panel estimation makes it possible to control for time-invariant country-specific effects, therefore eliminating a potential source of omitted-variable bias.",
    "tokens" : [ {
      "id" : "s2-t0",
      "begin" : 257,
      "end" : 262,
      "text" : "Panel",
      "whiteSpace" : false
    }, {
      "id" : "s2-t1",
      "begin" : 263,
      "end" : 273,
      "text" : "estimation",
      "whiteSpace" : false
    }, {
      "id" : "s2-t2",
      "begin" : 274,
      "end" : 279,
      "text" : "makes",
      "whiteSpace" : false
    }, {
      "id" : "s2-t3",
      "begin" : 280,
      "end" : 282,
      "text" : "it",
      "whiteSpace" : false
    }, {
      "id" : "s2-t4",
      "begin" : 283,
      "end" : 291,
      "text" : "possible",
      "whiteSpace" : false
    }, {
      "id" : "s2-t5",
      "begin" : 292,
      "end" : 294,
      "text" : "to",
      "whiteSpace" : false
    }, {
      "id" : "s2-t6",
      "begin" : 295,
      "end" : 302,
      "text" : "control",
      "whiteSpace" : false
    }, {
      "id" : "s2-t7",
      "begin" : 303,
      "end" : 306,
      "text" : "for",
      "whiteSpace" : false
    }, {
      "id" : "s2-t8",
      "begin" : 307,
      "end" : 311,
      "text" : "time",
      "whiteSpace" : false
    }, {
      "id" : "s2-t9",
      "begin" : 311,
      "end" : 312,
      "text" : "-",
      "whiteSpace" : false
    }, {
      "id" : "s2-t10",
      "begin" : 312,
      "end" : 321,
      "text" : "invariant",
      "whiteSpace" : false
    }, {
      "id" : "s2-t11",
      "begin" : 322,
      "end" : 338,
      "text" : "country-specific",
      "whiteSpace" : false
    }, {
      "id" : "s2-t12",
      "begin" : 339,
      "end" : 346,
      "text" : "effects",
      "whiteSpace" : false
    }, {
      "id" : "s2-t13",
      "begin" : 346,
      "end" : 347,
      "text" : ",",
      "whiteSpace" : false
    }, {
      "id" : "s2-t14",
      "begin" : 348,
      "end" : 357,
      "text" : "therefore",
      "whiteSpace" : false
    }, {
      "id" : "s2-t15",
      "begin" : 358,
      "end" : 369,
      "text" : "eliminating",
      "whiteSpace" : false
    }, {
      "id" : "s2-t16",
      "begin" : 370,
      "end" : 371,
      "text" : "a",
      "whiteSpace" : false
    }, {
      "id" : "s2-t17",
      "begin" : 372,
      "end" : 381,
      "text" : "potential",
      "whiteSpace" : false
    }, {
      "id" : "s2-t18",
      "begin" : 382,
      "end" : 388,
      "text" : "source",
      "whiteSpace" : false
    }, {
      "id" : "s2-t19",
      "begin" : 389,
      "end" : 391,
      "text" : "of",
      "whiteSpace" : false
    }, {
      "id" : "s2-t20",
      "begin" : 392,
      "end" : 399,
      "text" : "omitted",
      "whiteSpace" : false
    }, {
      "id" : "s2-t21",
      "begin" : 399,
      "end" : 400,
      "text" : "-",
      "whiteSpace" : false
    }, {
      "id" : "s2-t22",
      "begin" : 400,
      "end" : 408,
      "text" : "variable",
      "whiteSpace" : false
    }, {
      "id" : "s2-t23",
      "begin" : 409,
      "end" : 413,
      "text" : "bias",
      "whiteSpace" : false
    }, {
      "id" : "s2-t24",
      "begin" : 413,
      "end" : 414,
      "text" : ".",
      "whiteSpace" : false
    } ]
  }, {
    "id" : "s3",
    "begin" : 415,
    "end" : 592,
    "text" : "Results suggest that in the short and medium term, an increase in a country's level of income inequality has a significant positive relationship with subsequent economic growth.",
    "tokens" : [ {
      "id" : "s3-t0",
      "begin" : 415,
      "end" : 422,
      "text" : "Results",
      "whiteSpace" : false
    }, {
      "id" : "s3-t1",
      "begin" : 423,
      "end" : 430,
      "text" : "suggest",
      "whiteSpace" : false
    }, {
      "id" : "s3-t2",
      "begin" : 431,
      "end" : 435,
      "text" : "that",
      "whiteSpace" : false
    }, {
      "id" : "s3-t3",
      "begin" : 436,
      "end" : 438,
      "text" : "in",
      "whiteSpace" : false
    }, {
      "id" : "s3-t4",
      "begin" : 439,
      "end" : 442,
      "text" : "the",
      "whiteSpace" : false
    }, {
      "id" : "s3-t5",
      "begin" : 443,
      "end" : 448,
      "text" : "short",
      "whiteSpace" : false
    }, {
      "id" : "s3-t6",
      "begin" : 449,
      "end" : 452,
      "text" : "and",
      "whiteSpace" : false
    }, {
      "id" : "s3-t7",
      "begin" : 453,
      "end" : 459,
      "text" : "medium",
      "whiteSpace" : false
    }, {
      "id" : "s3-t8",
      "begin" : 460,
      "end" : 464,
      "text" : "term",
      "whiteSpace" : false
    }, {
      "id" : "s3-t9",
      "begin" : 464,
      "end" : 465,
      "text" : ",",
      "whiteSpace" : false
    }, {
      "id" : "s3-t10",
      "begin" : 466,
      "end" : 468,
      "text" : "an",
      "whiteSpace" : false
    }, {
      "id" : "s3-t11",
      "begin" : 469,
      "end" : 477,
      "text" : "increase",
      "whiteSpace" : false
    }, {
      "id" : "s3-t12",
      "begin" : 478,
      "end" : 480,
      "text" : "in",
      "whiteSpace" : false
    }, {
      "id" : "s3-t13",
      "begin" : 481,
      "end" : 482,
      "text" : "a",
      "whiteSpace" : false
    }, {
      "id" : "s3-t14",
      "begin" : 483,
      "end" : 490,
      "text" : "country",
      "whiteSpace" : false
    }, {
      "id" : "s3-t15",
      "begin" : 490,
      "end" : 492,
      "text" : "'s",
      "whiteSpace" : false
    }, {
      "id" : "s3-t16",
      "begin" : 493,
      "end" : 498,
      "text" : "level",
      "whiteSpace" : false
    }, {
      "id" : "s3-t17",
      "begin" : 499,
      "end" : 501,
      "text" : "of",
      "whiteSpace" : false
    }, {
      "id" : "s3-t18",
      "begin" : 502,
      "end" : 508,
      "text" : "income",
      "whiteSpace" : false
    }, {
      "id" : "s3-t19",
      "begin" : 509,
      "end" : 519,
      "text" : "inequality",
      "whiteSpace" : false
    }, {
      "id" : "s3-t20",
      "begin" : 520,
      "end" : 523,
      "text" : "has",
      "whiteSpace" : false
    }, {
      "id" : "s3-t21",
      "begin" : 524,
      "end" : 525,
      "text" : "a",
      "whiteSpace" : false
    }, {
      "id" : "s3-t22",
      "begin" : 526,
      "end" : 537,
      "text" : "significant",
      "whiteSpace" : false
    }, {
      "id" : "s3-t23",
      "begin" : 538,
      "end" : 546,
      "text" : "positive",
      "whiteSpace" : false
    }, {
      "id" : "s3-t24",
      "begin" : 547,
      "end" : 559,
      "text" : "relationship",
      "whiteSpace" : false
    }, {
      "id" : "s3-t25",
      "begin" : 560,
      "end" : 564,
      "text" : "with",
      "whiteSpace" : false
    }, {
      "id" : "s3-t26",
      "begin" : 565,
      "end" : 575,
      "text" : "subsequent",
      "whiteSpace" : false
    }, {
      "id" : "s3-t27",
      "begin" : 576,
      "end" : 584,
      "text" : "economic",
      "whiteSpace" : false
    }, {
      "id" : "s3-t28",
      "begin" : 585,
      "end" : 591,
      "text" : "growth",
      "whiteSpace" : false
    }, {
      "id" : "s3-t29",
      "begin" : 591,
      "end" : 592,
      "text" : ".",
      "whiteSpace" : false
    } ]
  }, {
    "id" : "s4",
    "begin" : 593,
    "end" : 691,
    "text" : "This relationship is highly robust across samples, variable definitions, and model specifications.",
    "tokens" : [ {
      "id" : "s4-t0",
      "begin" : 593,
      "end" : 597,
      "text" : "This",
      "whiteSpace" : false
    }, {
      "id" : "s4-t1",
      "begin" : 598,
      "end" : 610,
      "text" : "relationship",
      "whiteSpace" : false
    }, {
      "id" : "s4-t2",
      "begin" : 611,
      "end" : 613,
      "text" : "is",
      "whiteSpace" : false
    }, {
      "id" : "s4-t3",
      "begin" : 614,
      "end" : 620,
      "text" : "highly",
      "whiteSpace" : false
    }, {
      "id" : "s4-t4",
      "begin" : 621,
      "end" : 627,
      "text" : "robust",
      "whiteSpace" : false
    }, {
      "id" : "s4-t5",
      "begin" : 628,
      "end" : 634,
      "text" : "across",
      "whiteSpace" : false
    }, {
      "id" : "s4-t6",
      "begin" : 635,
      "end" : 642,
      "text" : "samples",
      "whiteSpace" : false
    }, {
      "id" : "s4-t7",
      "begin" : 642,
      "end" : 643,
      "text" : ",",
      "whiteSpace" : false
    }, {
      "id" : "s4-t8",
      "begin" : 644,
      "end" : 652,
      "text" : "variable",
      "whiteSpace" : false
    }, {
      "id" : "s4-t9",
      "begin" : 653,
      "end" : 664,
      "text" : "definitions",
      "whiteSpace" : false
    }, {
      "id" : "s4-t10",
      "begin" : 664,
      "end" : 665,
      "text" : ",",
      "whiteSpace" : false
    }, {
      "id" : "s4-t11",
      "begin" : 666,
      "end" : 669,
      "text" : "and",
      "whiteSpace" : false
    }, {
      "id" : "s4-t12",
      "begin" : 670,
      "end" : 675,
      "text" : "model",
      "whiteSpace" : false
    }, {
      "id" : "s4-t13",
      "begin" : 676,
      "end" : 690,
      "text" : "specifications",
      "whiteSpace" : false
    }, {
      "id" : "s4-t14",
      "begin" : 690,
      "end" : 691,
      "text" : ".",
      "whiteSpace" : false
    } ]
  } ],
  "mentions" : [ {
    "id" : "m1",
    "properties" : {
      "SIRE_MENTION_ROLE" : "Variable",
      "SIRE_ENTITY_SUBTYPE" : "NONE",
      "SIRE_MENTION_CLASS" : "SPC",
      "SIRE_MENTION_TYPE" : "NONE"
    },
    "type" : "Variable",
    "begin" : 46,
    "end" : 63,
    "inCoref" : true
  }, {
    "id" : "m10",
    "properties" : {
      "SIRE_ENTITY_LEVEL" : "NONE",
      "SIRE_MENTION_ROLE" : "relation",
      "SIRE_ENTITY_CLASS" : "SPC",
      "SIRE_ENTITY_SUBTYPE" : "NONE",
      "SIRE_MENTION_CLASS" : "SPC",
      "SIRE_MENTION_TYPE" : "NONE"
    },
    "type" : "relation",
    "begin" : 79,
    "end" : 96,
    "inCoref" : false
  }, {
    "id" : "m2",
    "properties" : {
      "SIRE_MENTION_ROLE" : "Variable",
      "SIRE_ENTITY_SUBTYPE" : "NONE",
      "SIRE_MENTION_CLASS" : "SPC",
      "SIRE_MENTION_TYPE" : "NONE"
    },
    "type" : "Variable",
    "begin" : 97,
    "end" : 112,
    "inCoref" : true
  }, {
    "id" : "m3",
    "properties" : {
      "SIRE_MENTION_ROLE" : "Variable",
      "SIRE_ENTITY_SUBTYPE" : "NONE",
      "SIRE_MENTION_CLASS" : "SPC",
      "SIRE_MENTION_TYPE" : "NONE"
    },
    "type" : "Variable",
    "begin" : 146,
    "end" : 163,
    "inCoref" : true
  }, {
    "id" : "m4",
    "properties" : {
      "SIRE_MENTION_ROLE" : "relation",
      "SIRE_ENTITY_SUBTYPE" : "NONE",
      "SIRE_MENTION_CLASS" : "SPC",
      "SIRE_MENTION_TYPE" : "NONE"
    },
    "type" : "relation",
    "begin" : 180,
    "end" : 187,
    "inCoref" : false
  }, {
    "id" : "m5",
    "properties" : {
      "SIRE_MENTION_ROLE" : "evidence",
      "SIRE_ENTITY_SUBTYPE" : "NONE",
      "SIRE_MENTION_CLASS" : "SPC",
      "SIRE_MENTION_TYPE" : "NONE"
    },
    "type" : "evidence",
    "begin" : 415,
    "end" : 422,
    "inCoref" : false
  }, {
    "id" : "m6",
    "properties" : {
      "SIRE_MENTION_ROLE" : "evidence",
      "SIRE_ENTITY_SUBTYPE" : "NONE",
      "SIRE_MENTION_CLASS" : "SPC",
      "SIRE_MENTION_TYPE" : "NONE"
    },
    "type" : "evidence",
    "begin" : 423,
    "end" : 430,
    "inCoref" : false
  }, {
    "id" : "m7",
    "properties" : {
      "SIRE_MENTION_ROLE" : "relation",
      "SIRE_ENTITY_SUBTYPE" : "NONE",
      "SIRE_MENTION_CLASS" : "SPC",
      "SIRE_MENTION_TYPE" : "NONE"
    },
    "type" : "relation",
    "begin" : 469,
    "end" : 480,
    "inCoref" : false
  }, {
    "id" : "m8",
    "properties" : {
      "SIRE_MENTION_ROLE" : "Variable",
      "SIRE_ENTITY_SUBTYPE" : "NONE",
      "SIRE_MENTION_CLASS" : "SPC",
      "SIRE_MENTION_TYPE" : "NONE"
    },
    "type" : "Variable",
    "begin" : 502,
    "end" : 519,
    "inCoref" : true
  }, {
    "id" : "s3-m6",
    "properties" : {
      "SIRE_MENTION_ROLE" : "relation",
      "SIRE_ENTITY_SUBTYPE" : "NONE",
      "SIRE_MENTION_TYPE" : "NONE",
      "SIRE_MENTION_CLASS" : "SPC"
    },
    "type" : "relation",
    "begin" : 547,
    "end" : 564,
    "inCoref" : false
  }, {
    "id" : "m9",
    "properties" : {
      "SIRE_MENTION_ROLE" : "Variable",
      "SIRE_ENTITY_SUBTYPE" : "NONE",
      "SIRE_MENTION_CLASS" : "SPC",
      "SIRE_MENTION_TYPE" : "NONE"
    },
    "type" : "Variable",
    "begin" : 576,
    "end" : 591,
    "inCoref" : true
  }, {
    "id" : "m11",
    "properties" : {
      "SIRE_ENTITY_LEVEL" : "NONE",
      "SIRE_MENTION_ROLE" : "relation",
      "SIRE_ENTITY_CLASS" : "SPC",
      "SIRE_ENTITY_SUBTYPE" : "NONE",
      "SIRE_MENTION_CLASS" : "SPC",
      "SIRE_MENTION_TYPE" : "NONE"
    },
    "type" : "relation",
    "begin" : 598,
    "end" : 610,
    "inCoref" : false
  } ],
  "relations" : [ {
    "id" : "s3-r1",
    "properties" : { },
    "type" : "RelateCorrelation",
    "args" : [ "m8", "m9" ]
  } ],
  "corefs" : [ {
    "id" : "c1",
    "properties" : { },
    "mentions" : [ "m2", "m9" ]
  }, {
    "id" : "c2",
    "properties" : { },
    "mentions" : [ "m1", "m3", "m8" ]
  } ],
  "typeResolved" : true,
  "userResolved" : false
}