{
  "id" : "3fa673c0-30e5-11ec-9ec9-37837bd054ad-0",
  "name" : "16. Chu AC, Cozzi G (2018.docx",
  "createdDate" : 0,
  "version" : 3,
  "text" : "This study explores the effects of patent protection and R&D subsidies on innovation and income inequality using a Schumpeterian growth model with heterogeneous households. We find that although strengthening patent protection and raising R&D subsidies have the same macroeconomic effects of stimulating innovation and economic growth, they have drastically different microeconomic implications on income inequality. Specifically, strengthening patent protection increases income inequality whereas raising R&D subsidies decreases it if the quality step size is sufficiently small. An empirically realistic quality step size is smaller than the threshold, implying a negative effect of R&D subsidies on income inequality. We also calibrate the model to provide a quantitative analysis and find that strengthening patent protection causes a moderate increase in income inequality and a negligible increase in consumption inequality whereas raising R&D subsidies causes a relatively large decrease in both income inequality and consumption inequality.\n\n",
  "docLength" : 0,
  "language" : "EN",
  "status" : "IN_PROGRESS",
  "modifiedDate" : 1634893184126,
  "documentSet" : [ ],
  "preannotation" : [ ],
  "sentences" : [ {
    "id" : "s0",
    "begin" : 0,
    "end" : 172,
    "text" : "This study explores the effects of patent protection and R&D subsidies on innovation and income inequality using a Schumpeterian growth model with heterogeneous households.",
    "tokens" : [ {
      "id" : "s0-t0",
      "begin" : 0,
      "end" : 4,
      "text" : "This",
      "whiteSpace" : false
    }, {
      "id" : "s0-t1",
      "begin" : 5,
      "end" : 10,
      "text" : "study",
      "whiteSpace" : false
    }, {
      "id" : "s0-t2",
      "begin" : 11,
      "end" : 19,
      "text" : "explores",
      "whiteSpace" : false
    }, {
      "id" : "s0-t3",
      "begin" : 20,
      "end" : 23,
      "text" : "the",
      "whiteSpace" : false
    }, {
      "id" : "s0-t4",
      "begin" : 24,
      "end" : 31,
      "text" : "effects",
      "whiteSpace" : false
    }, {
      "id" : "s0-t5",
      "begin" : 32,
      "end" : 34,
      "text" : "of",
      "whiteSpace" : false
    }, {
      "id" : "s0-t6",
      "begin" : 35,
      "end" : 41,
      "text" : "patent",
      "whiteSpace" : false
    }, {
      "id" : "s0-t7",
      "begin" : 42,
      "end" : 52,
      "text" : "protection",
      "whiteSpace" : false
    }, {
      "id" : "s0-t8",
      "begin" : 53,
      "end" : 56,
      "text" : "and",
      "whiteSpace" : false
    }, {
      "id" : "s0-t9",
      "begin" : 57,
      "end" : 60,
      "text" : "R&D",
      "whiteSpace" : false
    }, {
      "id" : "s0-t10",
      "begin" : 61,
      "end" : 70,
      "text" : "subsidies",
      "whiteSpace" : false
    }, {
      "id" : "s0-t11",
      "begin" : 71,
      "end" : 73,
      "text" : "on",
      "whiteSpace" : false
    }, {
      "id" : "s0-t12",
      "begin" : 74,
      "end" : 84,
      "text" : "innovation",
      "whiteSpace" : false
    }, {
      "id" : "s0-t13",
      "begin" : 85,
      "end" : 88,
      "text" : "and",
      "whiteSpace" : false
    }, {
      "id" : "s0-t14",
      "begin" : 89,
      "end" : 95,
      "text" : "income",
      "whiteSpace" : false
    }, {
      "id" : "s0-t15",
      "begin" : 96,
      "end" : 106,
      "text" : "inequality",
      "whiteSpace" : false
    }, {
      "id" : "s0-t16",
      "begin" : 107,
      "end" : 112,
      "text" : "using",
      "whiteSpace" : false
    }, {
      "id" : "s0-t17",
      "begin" : 113,
      "end" : 114,
      "text" : "a",
      "whiteSpace" : false
    }, {
      "id" : "s0-t18",
      "begin" : 115,
      "end" : 128,
      "text" : "Schumpeterian",
      "whiteSpace" : false
    }, {
      "id" : "s0-t19",
      "begin" : 129,
      "end" : 135,
      "text" : "growth",
      "whiteSpace" : false
    }, {
      "id" : "s0-t20",
      "begin" : 136,
      "end" : 141,
      "text" : "model",
      "whiteSpace" : false
    }, {
      "id" : "s0-t21",
      "begin" : 142,
      "end" : 146,
      "text" : "with",
      "whiteSpace" : false
    }, {
      "id" : "s0-t22",
      "begin" : 147,
      "end" : 160,
      "text" : "heterogeneous",
      "whiteSpace" : false
    }, {
      "id" : "s0-t23",
      "begin" : 161,
      "end" : 171,
      "text" : "households",
      "whiteSpace" : false
    }, {
      "id" : "s0-t24",
      "begin" : 171,
      "end" : 172,
      "text" : ".",
      "whiteSpace" : false
    } ]
  }, {
    "id" : "s1",
    "begin" : 173,
    "end" : 416,
    "text" : "We find that although strengthening patent protection and raising R&D subsidies have the same macroeconomic effects of stimulating innovation and economic growth, they have drastically different microeconomic implications on income inequality.",
    "tokens" : [ {
      "id" : "s1-t0",
      "begin" : 173,
      "end" : 175,
      "text" : "We",
      "whiteSpace" : false
    }, {
      "id" : "s1-t1",
      "begin" : 176,
      "end" : 180,
      "text" : "find",
      "whiteSpace" : false
    }, {
      "id" : "s1-t2",
      "begin" : 181,
      "end" : 185,
      "text" : "that",
      "whiteSpace" : false
    }, {
      "id" : "s1-t3",
      "begin" : 186,
      "end" : 194,
      "text" : "although",
      "whiteSpace" : false
    }, {
      "id" : "s1-t4",
      "begin" : 195,
      "end" : 208,
      "text" : "strengthening",
      "whiteSpace" : false
    }, {
      "id" : "s1-t5",
      "begin" : 209,
      "end" : 215,
      "text" : "patent",
      "whiteSpace" : false
    }, {
      "id" : "s1-t6",
      "begin" : 216,
      "end" : 226,
      "text" : "protection",
      "whiteSpace" : false
    }, {
      "id" : "s1-t7",
      "begin" : 227,
      "end" : 230,
      "text" : "and",
      "whiteSpace" : false
    }, {
      "id" : "s1-t8",
      "begin" : 231,
      "end" : 238,
      "text" : "raising",
      "whiteSpace" : false
    }, {
      "id" : "s1-t9",
      "begin" : 239,
      "end" : 242,
      "text" : "R&D",
      "whiteSpace" : false
    }, {
      "id" : "s1-t10",
      "begin" : 243,
      "end" : 252,
      "text" : "subsidies",
      "whiteSpace" : false
    }, {
      "id" : "s1-t11",
      "begin" : 253,
      "end" : 257,
      "text" : "have",
      "whiteSpace" : false
    }, {
      "id" : "s1-t12",
      "begin" : 258,
      "end" : 261,
      "text" : "the",
      "whiteSpace" : false
    }, {
      "id" : "s1-t13",
      "begin" : 262,
      "end" : 266,
      "text" : "same",
      "whiteSpace" : false
    }, {
      "id" : "s1-t14",
      "begin" : 267,
      "end" : 280,
      "text" : "macroeconomic",
      "whiteSpace" : false
    }, {
      "id" : "s1-t15",
      "begin" : 281,
      "end" : 288,
      "text" : "effects",
      "whiteSpace" : false
    }, {
      "id" : "s1-t16",
      "begin" : 289,
      "end" : 291,
      "text" : "of",
      "whiteSpace" : false
    }, {
      "id" : "s1-t17",
      "begin" : 292,
      "end" : 303,
      "text" : "stimulating",
      "whiteSpace" : false
    }, {
      "id" : "s1-t18",
      "begin" : 304,
      "end" : 314,
      "text" : "innovation",
      "whiteSpace" : false
    }, {
      "id" : "s1-t19",
      "begin" : 315,
      "end" : 318,
      "text" : "and",
      "whiteSpace" : false
    }, {
      "id" : "s1-t20",
      "begin" : 319,
      "end" : 327,
      "text" : "economic",
      "whiteSpace" : false
    }, {
      "id" : "s1-t21",
      "begin" : 328,
      "end" : 334,
      "text" : "growth",
      "whiteSpace" : false
    }, {
      "id" : "s1-t22",
      "begin" : 334,
      "end" : 335,
      "text" : ",",
      "whiteSpace" : false
    }, {
      "id" : "s1-t23",
      "begin" : 336,
      "end" : 340,
      "text" : "they",
      "whiteSpace" : false
    }, {
      "id" : "s1-t24",
      "begin" : 341,
      "end" : 345,
      "text" : "have",
      "whiteSpace" : false
    }, {
      "id" : "s1-t25",
      "begin" : 346,
      "end" : 357,
      "text" : "drastically",
      "whiteSpace" : false
    }, {
      "id" : "s1-t26",
      "begin" : 358,
      "end" : 367,
      "text" : "different",
      "whiteSpace" : false
    }, {
      "id" : "s1-t27",
      "begin" : 368,
      "end" : 381,
      "text" : "microeconomic",
      "whiteSpace" : false
    }, {
      "id" : "s1-t28",
      "begin" : 382,
      "end" : 394,
      "text" : "implications",
      "whiteSpace" : false
    }, {
      "id" : "s1-t29",
      "begin" : 395,
      "end" : 397,
      "text" : "on",
      "whiteSpace" : false
    }, {
      "id" : "s1-t30",
      "begin" : 398,
      "end" : 404,
      "text" : "income",
      "whiteSpace" : false
    }, {
      "id" : "s1-t31",
      "begin" : 405,
      "end" : 415,
      "text" : "inequality",
      "whiteSpace" : false
    }, {
      "id" : "s1-t32",
      "begin" : 415,
      "end" : 416,
      "text" : ".",
      "whiteSpace" : false
    } ]
  }, {
    "id" : "s2",
    "begin" : 417,
    "end" : 581,
    "text" : "Specifically, strengthening patent protection increases income inequality whereas raising R&D subsidies decreases it if the quality step size is sufficiently small.",
    "tokens" : [ {
      "id" : "s2-t0",
      "begin" : 417,
      "end" : 429,
      "text" : "Specifically",
      "whiteSpace" : false
    }, {
      "id" : "s2-t1",
      "begin" : 429,
      "end" : 430,
      "text" : ",",
      "whiteSpace" : false
    }, {
      "id" : "s2-t2",
      "begin" : 431,
      "end" : 444,
      "text" : "strengthening",
      "whiteSpace" : false
    }, {
      "id" : "s2-t3",
      "begin" : 445,
      "end" : 451,
      "text" : "patent",
      "whiteSpace" : false
    }, {
      "id" : "s2-t4",
      "begin" : 452,
      "end" : 462,
      "text" : "protection",
      "whiteSpace" : false
    }, {
      "id" : "s2-t5",
      "begin" : 463,
      "end" : 472,
      "text" : "increases",
      "whiteSpace" : false
    }, {
      "id" : "s2-t6",
      "begin" : 473,
      "end" : 479,
      "text" : "income",
      "whiteSpace" : false
    }, {
      "id" : "s2-t7",
      "begin" : 480,
      "end" : 490,
      "text" : "inequality",
      "whiteSpace" : false
    }, {
      "id" : "s2-t8",
      "begin" : 491,
      "end" : 498,
      "text" : "whereas",
      "whiteSpace" : false
    }, {
      "id" : "s2-t9",
      "begin" : 499,
      "end" : 506,
      "text" : "raising",
      "whiteSpace" : false
    }, {
      "id" : "s2-t10",
      "begin" : 507,
      "end" : 510,
      "text" : "R&D",
      "whiteSpace" : false
    }, {
      "id" : "s2-t11",
      "begin" : 511,
      "end" : 520,
      "text" : "subsidies",
      "whiteSpace" : false
    }, {
      "id" : "s2-t12",
      "begin" : 521,
      "end" : 530,
      "text" : "decreases",
      "whiteSpace" : false
    }, {
      "id" : "s2-t13",
      "begin" : 531,
      "end" : 533,
      "text" : "it",
      "whiteSpace" : false
    }, {
      "id" : "s2-t14",
      "begin" : 534,
      "end" : 536,
      "text" : "if",
      "whiteSpace" : false
    }, {
      "id" : "s2-t15",
      "begin" : 537,
      "end" : 540,
      "text" : "the",
      "whiteSpace" : false
    }, {
      "id" : "s2-t16",
      "begin" : 541,
      "end" : 548,
      "text" : "quality",
      "whiteSpace" : false
    }, {
      "id" : "s2-t17",
      "begin" : 549,
      "end" : 553,
      "text" : "step",
      "whiteSpace" : false
    }, {
      "id" : "s2-t18",
      "begin" : 554,
      "end" : 558,
      "text" : "size",
      "whiteSpace" : false
    }, {
      "id" : "s2-t19",
      "begin" : 559,
      "end" : 561,
      "text" : "is",
      "whiteSpace" : false
    }, {
      "id" : "s2-t20",
      "begin" : 562,
      "end" : 574,
      "text" : "sufficiently",
      "whiteSpace" : false
    }, {
      "id" : "s2-t21",
      "begin" : 575,
      "end" : 580,
      "text" : "small",
      "whiteSpace" : false
    }, {
      "id" : "s2-t22",
      "begin" : 580,
      "end" : 581,
      "text" : ".",
      "whiteSpace" : false
    } ]
  }, {
    "id" : "s3",
    "begin" : 582,
    "end" : 721,
    "text" : "An empirically realistic quality step size is smaller than the threshold, implying a negative effect of R&D subsidies on income inequality.",
    "tokens" : [ {
      "id" : "s3-t0",
      "begin" : 582,
      "end" : 584,
      "text" : "An",
      "whiteSpace" : false
    }, {
      "id" : "s3-t1",
      "begin" : 585,
      "end" : 596,
      "text" : "empirically",
      "whiteSpace" : false
    }, {
      "id" : "s3-t2",
      "begin" : 597,
      "end" : 606,
      "text" : "realistic",
      "whiteSpace" : false
    }, {
      "id" : "s3-t3",
      "begin" : 607,
      "end" : 614,
      "text" : "quality",
      "whiteSpace" : false
    }, {
      "id" : "s3-t4",
      "begin" : 615,
      "end" : 619,
      "text" : "step",
      "whiteSpace" : false
    }, {
      "id" : "s3-t5",
      "begin" : 620,
      "end" : 624,
      "text" : "size",
      "whiteSpace" : false
    }, {
      "id" : "s3-t6",
      "begin" : 625,
      "end" : 627,
      "text" : "is",
      "whiteSpace" : false
    }, {
      "id" : "s3-t7",
      "begin" : 628,
      "end" : 635,
      "text" : "smaller",
      "whiteSpace" : false
    }, {
      "id" : "s3-t8",
      "begin" : 636,
      "end" : 640,
      "text" : "than",
      "whiteSpace" : false
    }, {
      "id" : "s3-t9",
      "begin" : 641,
      "end" : 644,
      "text" : "the",
      "whiteSpace" : false
    }, {
      "id" : "s3-t10",
      "begin" : 645,
      "end" : 654,
      "text" : "threshold",
      "whiteSpace" : false
    }, {
      "id" : "s3-t11",
      "begin" : 654,
      "end" : 655,
      "text" : ",",
      "whiteSpace" : false
    }, {
      "id" : "s3-t12",
      "begin" : 656,
      "end" : 664,
      "text" : "implying",
      "whiteSpace" : false
    }, {
      "id" : "s3-t13",
      "begin" : 665,
      "end" : 666,
      "text" : "a",
      "whiteSpace" : false
    }, {
      "id" : "s3-t14",
      "begin" : 667,
      "end" : 675,
      "text" : "negative",
      "whiteSpace" : false
    }, {
      "id" : "s3-t15",
      "begin" : 676,
      "end" : 682,
      "text" : "effect",
      "whiteSpace" : false
    }, {
      "id" : "s3-t16",
      "begin" : 683,
      "end" : 685,
      "text" : "of",
      "whiteSpace" : false
    }, {
      "id" : "s3-t17",
      "begin" : 686,
      "end" : 689,
      "text" : "R&D",
      "whiteSpace" : false
    }, {
      "id" : "s3-t18",
      "begin" : 690,
      "end" : 699,
      "text" : "subsidies",
      "whiteSpace" : false
    }, {
      "id" : "s3-t19",
      "begin" : 700,
      "end" : 702,
      "text" : "on",
      "whiteSpace" : false
    }, {
      "id" : "s3-t20",
      "begin" : 703,
      "end" : 709,
      "text" : "income",
      "whiteSpace" : false
    }, {
      "id" : "s3-t21",
      "begin" : 710,
      "end" : 720,
      "text" : "inequality",
      "whiteSpace" : false
    }, {
      "id" : "s3-t22",
      "begin" : 720,
      "end" : 721,
      "text" : ".",
      "whiteSpace" : false
    } ]
  }, {
    "id" : "s4",
    "begin" : 722,
    "end" : 1049,
    "text" : "We also calibrate the model to provide a quantitative analysis and find that strengthening patent protection causes a moderate increase in income inequality and a negligible increase in consumption inequality whereas raising R&D subsidies causes a relatively large decrease in both income inequality and consumption inequality.",
    "tokens" : [ {
      "id" : "s4-t0",
      "begin" : 722,
      "end" : 724,
      "text" : "We",
      "whiteSpace" : false
    }, {
      "id" : "s4-t1",
      "begin" : 725,
      "end" : 729,
      "text" : "also",
      "whiteSpace" : false
    }, {
      "id" : "s4-t2",
      "begin" : 730,
      "end" : 739,
      "text" : "calibrate",
      "whiteSpace" : false
    }, {
      "id" : "s4-t3",
      "begin" : 740,
      "end" : 743,
      "text" : "the",
      "whiteSpace" : false
    }, {
      "id" : "s4-t4",
      "begin" : 744,
      "end" : 749,
      "text" : "model",
      "whiteSpace" : false
    }, {
      "id" : "s4-t5",
      "begin" : 750,
      "end" : 752,
      "text" : "to",
      "whiteSpace" : false
    }, {
      "id" : "s4-t6",
      "begin" : 753,
      "end" : 760,
      "text" : "provide",
      "whiteSpace" : false
    }, {
      "id" : "s4-t7",
      "begin" : 761,
      "end" : 762,
      "text" : "a",
      "whiteSpace" : false
    }, {
      "id" : "s4-t8",
      "begin" : 763,
      "end" : 775,
      "text" : "quantitative",
      "whiteSpace" : false
    }, {
      "id" : "s4-t9",
      "begin" : 776,
      "end" : 784,
      "text" : "analysis",
      "whiteSpace" : false
    }, {
      "id" : "s4-t10",
      "begin" : 785,
      "end" : 788,
      "text" : "and",
      "whiteSpace" : false
    }, {
      "id" : "s4-t11",
      "begin" : 789,
      "end" : 793,
      "text" : "find",
      "whiteSpace" : false
    }, {
      "id" : "s4-t12",
      "begin" : 794,
      "end" : 798,
      "text" : "that",
      "whiteSpace" : false
    }, {
      "id" : "s4-t13",
      "begin" : 799,
      "end" : 812,
      "text" : "strengthening",
      "whiteSpace" : false
    }, {
      "id" : "s4-t14",
      "begin" : 813,
      "end" : 819,
      "text" : "patent",
      "whiteSpace" : false
    }, {
      "id" : "s4-t15",
      "begin" : 820,
      "end" : 830,
      "text" : "protection",
      "whiteSpace" : false
    }, {
      "id" : "s4-t16",
      "begin" : 831,
      "end" : 837,
      "text" : "causes",
      "whiteSpace" : false
    }, {
      "id" : "s4-t17",
      "begin" : 838,
      "end" : 839,
      "text" : "a",
      "whiteSpace" : false
    }, {
      "id" : "s4-t18",
      "begin" : 840,
      "end" : 848,
      "text" : "moderate",
      "whiteSpace" : false
    }, {
      "id" : "s4-t19",
      "begin" : 849,
      "end" : 857,
      "text" : "increase",
      "whiteSpace" : false
    }, {
      "id" : "s4-t20",
      "begin" : 858,
      "end" : 860,
      "text" : "in",
      "whiteSpace" : false
    }, {
      "id" : "s4-t21",
      "begin" : 861,
      "end" : 867,
      "text" : "income",
      "whiteSpace" : false
    }, {
      "id" : "s4-t22",
      "begin" : 868,
      "end" : 878,
      "text" : "inequality",
      "whiteSpace" : false
    }, {
      "id" : "s4-t23",
      "begin" : 879,
      "end" : 882,
      "text" : "and",
      "whiteSpace" : false
    }, {
      "id" : "s4-t24",
      "begin" : 883,
      "end" : 884,
      "text" : "a",
      "whiteSpace" : false
    }, {
      "id" : "s4-t25",
      "begin" : 885,
      "end" : 895,
      "text" : "negligible",
      "whiteSpace" : false
    }, {
      "id" : "s4-t26",
      "begin" : 896,
      "end" : 904,
      "text" : "increase",
      "whiteSpace" : false
    }, {
      "id" : "s4-t27",
      "begin" : 905,
      "end" : 907,
      "text" : "in",
      "whiteSpace" : false
    }, {
      "id" : "s4-t28",
      "begin" : 908,
      "end" : 919,
      "text" : "consumption",
      "whiteSpace" : false
    }, {
      "id" : "s4-t29",
      "begin" : 920,
      "end" : 930,
      "text" : "inequality",
      "whiteSpace" : false
    }, {
      "id" : "s4-t30",
      "begin" : 931,
      "end" : 938,
      "text" : "whereas",
      "whiteSpace" : false
    }, {
      "id" : "s4-t31",
      "begin" : 939,
      "end" : 946,
      "text" : "raising",
      "whiteSpace" : false
    }, {
      "id" : "s4-t32",
      "begin" : 947,
      "end" : 950,
      "text" : "R&D",
      "whiteSpace" : false
    }, {
      "id" : "s4-t33",
      "begin" : 951,
      "end" : 960,
      "text" : "subsidies",
      "whiteSpace" : false
    }, {
      "id" : "s4-t34",
      "begin" : 961,
      "end" : 967,
      "text" : "causes",
      "whiteSpace" : false
    }, {
      "id" : "s4-t35",
      "begin" : 968,
      "end" : 969,
      "text" : "a",
      "whiteSpace" : false
    }, {
      "id" : "s4-t36",
      "begin" : 970,
      "end" : 980,
      "text" : "relatively",
      "whiteSpace" : false
    }, {
      "id" : "s4-t37",
      "begin" : 981,
      "end" : 986,
      "text" : "large",
      "whiteSpace" : false
    }, {
      "id" : "s4-t38",
      "begin" : 987,
      "end" : 995,
      "text" : "decrease",
      "whiteSpace" : false
    }, {
      "id" : "s4-t39",
      "begin" : 996,
      "end" : 998,
      "text" : "in",
      "whiteSpace" : false
    }, {
      "id" : "s4-t40",
      "begin" : 999,
      "end" : 1003,
      "text" : "both",
      "whiteSpace" : false
    }, {
      "id" : "s4-t41",
      "begin" : 1004,
      "end" : 1010,
      "text" : "income",
      "whiteSpace" : false
    }, {
      "id" : "s4-t42",
      "begin" : 1011,
      "end" : 1021,
      "text" : "inequality",
      "whiteSpace" : false
    }, {
      "id" : "s4-t43",
      "begin" : 1022,
      "end" : 1025,
      "text" : "and",
      "whiteSpace" : false
    }, {
      "id" : "s4-t44",
      "begin" : 1026,
      "end" : 1037,
      "text" : "consumption",
      "whiteSpace" : false
    }, {
      "id" : "s4-t45",
      "begin" : 1038,
      "end" : 1048,
      "text" : "inequality",
      "whiteSpace" : false
    }, {
      "id" : "s4-t46",
      "begin" : 1048,
      "end" : 1049,
      "text" : ".",
      "whiteSpace" : false
    } ]
  } ],
  "mentions" : [ {
    "id" : "s0-m1",
    "properties" : {
      "SIRE_MENTION_ROLE" : "evidence",
      "SIRE_ENTITY_SUBTYPE" : "NONE",
      "SIRE_MENTION_TYPE" : "NONE",
      "SIRE_MENTION_CLASS" : "SPC"
    },
    "type" : "evidence",
    "begin" : 11,
    "end" : 19,
    "inCoref" : false
  }, {
    "id" : "s0-m6",
    "properties" : {
      "SIRE_MENTION_ROLE" : "relation",
      "SIRE_ENTITY_SUBTYPE" : "NONE",
      "SIRE_MENTION_TYPE" : "NONE",
      "SIRE_MENTION_CLASS" : "SPC"
    },
    "type" : "relation",
    "begin" : 24,
    "end" : 34,
    "inCoref" : false
  }, {
    "id" : "s0-m2",
    "properties" : {
      "SIRE_MENTION_ROLE" : "Variable",
      "SIRE_ENTITY_SUBTYPE" : "NONE",
      "SIRE_MENTION_TYPE" : "NONE",
      "SIRE_MENTION_CLASS" : "SPC"
    },
    "type" : "Variable",
    "begin" : 35,
    "end" : 52,
    "inCoref" : true
  }, {
    "id" : "s0-m3",
    "properties" : {
      "SIRE_MENTION_ROLE" : "Variable",
      "SIRE_ENTITY_SUBTYPE" : "NONE",
      "SIRE_MENTION_TYPE" : "NONE",
      "SIRE_MENTION_CLASS" : "SPC"
    },
    "type" : "Variable",
    "begin" : 57,
    "end" : 70,
    "inCoref" : true
  }, {
    "id" : "s0-m4",
    "properties" : {
      "SIRE_MENTION_ROLE" : "Variable",
      "SIRE_ENTITY_SUBTYPE" : "NONE",
      "SIRE_MENTION_TYPE" : "NONE",
      "SIRE_MENTION_CLASS" : "SPC"
    },
    "type" : "Variable",
    "begin" : 74,
    "end" : 84,
    "inCoref" : true
  }, {
    "id" : "s0-m5",
    "properties" : {
      "SIRE_MENTION_ROLE" : "Variable",
      "SIRE_ENTITY_SUBTYPE" : "NONE",
      "SIRE_MENTION_TYPE" : "NONE",
      "SIRE_MENTION_CLASS" : "SPC"
    },
    "type" : "Variable",
    "begin" : 89,
    "end" : 106,
    "inCoref" : true
  }, {
    "id" : "s1-m1",
    "properties" : {
      "SIRE_MENTION_ROLE" : "evidence",
      "SIRE_ENTITY_SUBTYPE" : "NONE",
      "SIRE_MENTION_TYPE" : "NONE",
      "SIRE_MENTION_CLASS" : "SPC"
    },
    "type" : "evidence",
    "begin" : 176,
    "end" : 180,
    "inCoref" : false
  }, {
    "id" : "s1-m8",
    "properties" : {
      "SIRE_MENTION_ROLE" : "Variable",
      "SIRE_ENTITY_SUBTYPE" : "NONE",
      "SIRE_MENTION_TYPE" : "NONE",
      "SIRE_MENTION_CLASS" : "SPC"
    },
    "type" : "Variable",
    "begin" : 209,
    "end" : 226,
    "inCoref" : true
  }, {
    "id" : "s1-m2",
    "properties" : {
      "SIRE_MENTION_ROLE" : "Variable",
      "SIRE_ENTITY_SUBTYPE" : "NONE",
      "SIRE_MENTION_TYPE" : "NONE",
      "SIRE_MENTION_CLASS" : "SPC"
    },
    "type" : "Variable",
    "begin" : 239,
    "end" : 252,
    "inCoref" : true
  }, {
    "id" : "s1-m6",
    "properties" : {
      "SIRE_MENTION_ROLE" : "relation",
      "SIRE_ENTITY_SUBTYPE" : "NONE",
      "SIRE_MENTION_TYPE" : "NONE",
      "SIRE_MENTION_CLASS" : "SPC"
    },
    "type" : "relation",
    "begin" : 281,
    "end" : 291,
    "inCoref" : false
  }, {
    "id" : "s1-m3",
    "properties" : {
      "SIRE_MENTION_ROLE" : "Variable",
      "SIRE_ENTITY_SUBTYPE" : "NONE",
      "SIRE_MENTION_TYPE" : "NONE",
      "SIRE_MENTION_CLASS" : "SPC"
    },
    "type" : "Variable",
    "begin" : 304,
    "end" : 314,
    "inCoref" : true
  }, {
    "id" : "s1-m4",
    "properties" : {
      "SIRE_MENTION_ROLE" : "Variable",
      "SIRE_ENTITY_SUBTYPE" : "NONE",
      "SIRE_MENTION_TYPE" : "NONE",
      "SIRE_MENTION_CLASS" : "SPC"
    },
    "type" : "Variable",
    "begin" : 319,
    "end" : 334,
    "inCoref" : false
  }, {
    "id" : "s1-m7",
    "properties" : {
      "SIRE_MENTION_ROLE" : "relation",
      "SIRE_ENTITY_SUBTYPE" : "NONE",
      "SIRE_MENTION_TYPE" : "NONE",
      "SIRE_MENTION_CLASS" : "SPC"
    },
    "type" : "relation",
    "begin" : 382,
    "end" : 397,
    "inCoref" : false
  }, {
    "id" : "s1-m5",
    "properties" : {
      "SIRE_MENTION_ROLE" : "Variable",
      "SIRE_ENTITY_SUBTYPE" : "NONE",
      "SIRE_MENTION_TYPE" : "NONE",
      "SIRE_MENTION_CLASS" : "SPC"
    },
    "type" : "Variable",
    "begin" : 398,
    "end" : 415,
    "inCoref" : true
  }, {
    "id" : "s2-m1",
    "properties" : {
      "SIRE_MENTION_ROLE" : "Variable",
      "SIRE_ENTITY_SUBTYPE" : "NONE",
      "SIRE_MENTION_TYPE" : "NONE",
      "SIRE_MENTION_CLASS" : "SPC"
    },
    "type" : "Variable",
    "begin" : 445,
    "end" : 462,
    "inCoref" : true
  }, {
    "id" : "s2-m3",
    "properties" : {
      "SIRE_MENTION_ROLE" : "relation",
      "SIRE_ENTITY_SUBTYPE" : "NONE",
      "SIRE_MENTION_TYPE" : "NONE",
      "SIRE_MENTION_CLASS" : "SPC"
    },
    "type" : "relation",
    "begin" : 463,
    "end" : 472,
    "inCoref" : false
  }, {
    "id" : "s2-m2",
    "properties" : {
      "SIRE_MENTION_ROLE" : "Variable",
      "SIRE_ENTITY_SUBTYPE" : "NONE",
      "SIRE_MENTION_TYPE" : "NONE",
      "SIRE_MENTION_CLASS" : "SPC"
    },
    "type" : "Variable",
    "begin" : 473,
    "end" : 490,
    "inCoref" : true
  }, {
    "id" : "s2-m5",
    "properties" : {
      "SIRE_MENTION_ROLE" : "relation",
      "SIRE_ENTITY_SUBTYPE" : "NONE",
      "SIRE_MENTION_TYPE" : "NONE",
      "SIRE_MENTION_CLASS" : "SPC"
    },
    "type" : "relation",
    "begin" : 499,
    "end" : 506,
    "inCoref" : false
  }, {
    "id" : "s2-m4",
    "properties" : {
      "SIRE_MENTION_ROLE" : "Variable",
      "SIRE_ENTITY_SUBTYPE" : "NONE",
      "SIRE_MENTION_TYPE" : "NONE",
      "SIRE_MENTION_CLASS" : "SPC"
    },
    "type" : "Variable",
    "begin" : 507,
    "end" : 520,
    "inCoref" : true
  }, {
    "id" : "s2-m7",
    "properties" : {
      "SIRE_MENTION_ROLE" : "relation",
      "SIRE_ENTITY_SUBTYPE" : "NONE",
      "SIRE_MENTION_TYPE" : "NONE",
      "SIRE_MENTION_CLASS" : "SPC"
    },
    "type" : "relation",
    "begin" : 521,
    "end" : 530,
    "inCoref" : false
  }, {
    "id" : "s2-m6",
    "properties" : {
      "SIRE_MENTION_ROLE" : "Variable",
      "SIRE_ENTITY_SUBTYPE" : "NONE",
      "SIRE_MENTION_TYPE" : "NONE",
      "SIRE_MENTION_CLASS" : "SPC"
    },
    "type" : "Variable",
    "begin" : 531,
    "end" : 533,
    "inCoref" : true
  }, {
    "id" : "s3-m1",
    "properties" : {
      "SIRE_MENTION_ROLE" : "relation",
      "SIRE_ENTITY_SUBTYPE" : "NONE",
      "SIRE_MENTION_TYPE" : "NONE",
      "SIRE_MENTION_CLASS" : "SPC"
    },
    "type" : "relation",
    "begin" : 676,
    "end" : 685,
    "inCoref" : false
  }, {
    "id" : "s3-m2",
    "properties" : {
      "SIRE_MENTION_ROLE" : "Variable",
      "SIRE_ENTITY_SUBTYPE" : "NONE",
      "SIRE_MENTION_TYPE" : "NONE",
      "SIRE_MENTION_CLASS" : "SPC"
    },
    "type" : "Variable",
    "begin" : 686,
    "end" : 699,
    "inCoref" : true
  }, {
    "id" : "s3-m3",
    "properties" : {
      "SIRE_MENTION_ROLE" : "Variable",
      "SIRE_ENTITY_SUBTYPE" : "NONE",
      "SIRE_MENTION_TYPE" : "NONE",
      "SIRE_MENTION_CLASS" : "SPC"
    },
    "type" : "Variable",
    "begin" : 703,
    "end" : 720,
    "inCoref" : true
  }, {
    "id" : "s4-m1",
    "properties" : {
      "SIRE_MENTION_ROLE" : "evidence",
      "SIRE_ENTITY_SUBTYPE" : "NONE",
      "SIRE_MENTION_TYPE" : "NONE",
      "SIRE_MENTION_CLASS" : "SPC"
    },
    "type" : "evidence",
    "begin" : 789,
    "end" : 793,
    "inCoref" : false
  }, {
    "id" : "s4-m2",
    "properties" : {
      "SIRE_MENTION_ROLE" : "Variable",
      "SIRE_ENTITY_SUBTYPE" : "NONE",
      "SIRE_MENTION_TYPE" : "NONE",
      "SIRE_MENTION_CLASS" : "SPC"
    },
    "type" : "Variable",
    "begin" : 813,
    "end" : 830,
    "inCoref" : true
  }, {
    "id" : "s4-m3",
    "properties" : {
      "SIRE_MENTION_ROLE" : "relation",
      "SIRE_ENTITY_SUBTYPE" : "NONE",
      "SIRE_MENTION_TYPE" : "NONE",
      "SIRE_MENTION_CLASS" : "SPC"
    },
    "type" : "relation",
    "begin" : 831,
    "end" : 837,
    "inCoref" : false
  }, {
    "id" : "s4-m11",
    "properties" : {
      "SIRE_MENTION_ROLE" : "relation",
      "SIRE_ENTITY_SUBTYPE" : "NONE",
      "SIRE_MENTION_TYPE" : "NONE",
      "SIRE_MENTION_CLASS" : "SPC"
    },
    "type" : "relation",
    "begin" : 849,
    "end" : 860,
    "inCoref" : false
  }, {
    "id" : "s4-m4",
    "properties" : {
      "SIRE_MENTION_ROLE" : "Variable",
      "SIRE_ENTITY_SUBTYPE" : "NONE",
      "SIRE_MENTION_TYPE" : "NONE",
      "SIRE_MENTION_CLASS" : "SPC"
    },
    "type" : "Variable",
    "begin" : 861,
    "end" : 878,
    "inCoref" : true
  }, {
    "id" : "s4-m5",
    "properties" : {
      "SIRE_MENTION_ROLE" : "relation",
      "SIRE_ENTITY_SUBTYPE" : "NONE",
      "SIRE_MENTION_TYPE" : "NONE",
      "SIRE_MENTION_CLASS" : "SPC"
    },
    "type" : "relation",
    "begin" : 896,
    "end" : 907,
    "inCoref" : false
  }, {
    "id" : "s4-m6",
    "properties" : {
      "SIRE_MENTION_ROLE" : "Variable",
      "SIRE_ENTITY_SUBTYPE" : "NONE",
      "SIRE_MENTION_TYPE" : "NONE",
      "SIRE_MENTION_CLASS" : "SPC"
    },
    "type" : "Variable",
    "begin" : 908,
    "end" : 930,
    "inCoref" : true
  }, {
    "id" : "s4-m7",
    "properties" : {
      "SIRE_MENTION_ROLE" : "Variable",
      "SIRE_ENTITY_SUBTYPE" : "NONE",
      "SIRE_MENTION_TYPE" : "NONE",
      "SIRE_MENTION_CLASS" : "SPC"
    },
    "type" : "Variable",
    "begin" : 947,
    "end" : 960,
    "inCoref" : true
  }, {
    "id" : "s4-m8",
    "properties" : {
      "SIRE_MENTION_ROLE" : "relation",
      "SIRE_ENTITY_SUBTYPE" : "NONE",
      "SIRE_MENTION_TYPE" : "NONE",
      "SIRE_MENTION_CLASS" : "SPC"
    },
    "type" : "relation",
    "begin" : 961,
    "end" : 967,
    "inCoref" : false
  }, {
    "id" : "s4-m9",
    "properties" : {
      "SIRE_MENTION_ROLE" : "Variable",
      "SIRE_ENTITY_SUBTYPE" : "NONE",
      "SIRE_MENTION_TYPE" : "NONE",
      "SIRE_MENTION_CLASS" : "SPC"
    },
    "type" : "Variable",
    "begin" : 1004,
    "end" : 1021,
    "inCoref" : true
  }, {
    "id" : "s4-m10",
    "properties" : {
      "SIRE_MENTION_ROLE" : "Variable",
      "SIRE_ENTITY_SUBTYPE" : "NONE",
      "SIRE_MENTION_TYPE" : "NONE",
      "SIRE_MENTION_CLASS" : "SPC"
    },
    "type" : "Variable",
    "begin" : 1026,
    "end" : 1048,
    "inCoref" : true
  } ],
  "relations" : [ {
    "id" : "s1-r1",
    "properties" : { },
    "type" : "Causal",
    "args" : [ "s1-m8", "s1-m3" ]
  }, {
    "id" : "s1-r2",
    "properties" : { },
    "type" : "Causal",
    "args" : [ "s1-m8", "s1-m4" ]
  }, {
    "id" : "s1-r3",
    "properties" : { },
    "type" : "Causal",
    "args" : [ "s1-m2", "s1-m3" ]
  }, {
    "id" : "s1-r4",
    "properties" : { },
    "type" : "Causal",
    "args" : [ "s1-m2", "s1-m4" ]
  }, {
    "id" : "s2-r1",
    "properties" : { },
    "type" : "Causal",
    "args" : [ "s2-m1", "s2-m2" ]
  }, {
    "id" : "s2-r2",
    "properties" : { },
    "type" : "Causal",
    "args" : [ "s2-m4", "s2-m6" ]
  }, {
    "id" : "s3-r1",
    "properties" : { },
    "type" : "Causal",
    "args" : [ "s3-m2", "s3-m3" ]
  }, {
    "id" : "s4-r1",
    "properties" : { },
    "type" : "Causal",
    "args" : [ "s4-m2", "s4-m4" ]
  }, {
    "id" : "s4-r2",
    "properties" : { },
    "type" : "Causal",
    "args" : [ "s4-m2", "s4-m6" ]
  }, {
    "id" : "s4-r3",
    "properties" : { },
    "type" : "Causal",
    "args" : [ "s4-m7", "s4-m9" ]
  }, {
    "id" : "s4-r4",
    "properties" : { },
    "type" : "Causal",
    "args" : [ "s4-m7", "s4-m10" ]
  } ],
  "corefs" : [ {
    "id" : "c1",
    "properties" : { },
    "mentions" : [ "s4-m7", "s3-m2", "s2-m4", "s1-m2", "s0-m3" ]
  }, {
    "id" : "c2",
    "properties" : { },
    "mentions" : [ "s0-m2", "s1-m8", "s2-m1", "s4-m2" ]
  }, {
    "id" : "c3",
    "properties" : { },
    "mentions" : [ "s2-m6", "s2-m2", "s3-m3", "s4-m4", "s4-m9", "s0-m5", "s1-m5" ]
  }, {
    "id" : "c4",
    "properties" : { },
    "mentions" : [ "s4-m6", "s4-m10" ]
  }, {
    "id" : "c5",
    "properties" : { },
    "mentions" : [ "s0-m4", "s1-m3" ]
  } ],
  "typeResolved" : true,
  "userResolved" : false
}