{
  "id" : "40f1b1e0-3329-11ec-aeb1-4f7a687954bf-19",
  "name" : "57. Loken, K. V. (2007, January). .docx",
  "createdDate" : 0,
  "version" : 3,
  "text" : "\nParental income is positively correlated with children's educational attainment. This paper addresses the causality of this observed link. We have a unique data set for Norwegians born in the period 1967–1969, with a measure of permanent family income in the children's adolescence. This enables us to examine the long-term effect of family income on children's educational attainment. The Norwegian oil shock in the 1970s is used as an instrument, because this – in some regions but not in others – implied a general increase in income unrelated to parents' abilities. This variation in income is used to estimate the causal effect of family income on children's educational attainment. We find no such causal relationship. This result is robust with respect to different specification tests.\n\n",
  "docLength" : 0,
  "language" : "EN",
  "status" : "IN_PROGRESS",
  "modifiedDate" : 1638275268306,
  "documentSet" : [ ],
  "preannotation" : [ "PRE_LW", "PRE_SIRE" ],
  "sentences" : [ {
    "id" : "s0",
    "begin" : 1,
    "end" : 81,
    "text" : "Parental income is positively correlated with children's educational attainment.",
    "tokens" : [ {
      "id" : "s0-t0",
      "begin" : 1,
      "end" : 9,
      "text" : "Parental",
      "whiteSpace" : false
    }, {
      "id" : "s0-t1",
      "begin" : 10,
      "end" : 16,
      "text" : "income",
      "whiteSpace" : false
    }, {
      "id" : "s0-t2",
      "begin" : 17,
      "end" : 19,
      "text" : "is",
      "whiteSpace" : false
    }, {
      "id" : "s0-t3",
      "begin" : 20,
      "end" : 30,
      "text" : "positively",
      "whiteSpace" : false
    }, {
      "id" : "s0-t4",
      "begin" : 31,
      "end" : 41,
      "text" : "correlated",
      "whiteSpace" : false
    }, {
      "id" : "s0-t5",
      "begin" : 42,
      "end" : 46,
      "text" : "with",
      "whiteSpace" : false
    }, {
      "id" : "s0-t6",
      "begin" : 47,
      "end" : 55,
      "text" : "children",
      "whiteSpace" : false
    }, {
      "id" : "s0-t7",
      "begin" : 55,
      "end" : 57,
      "text" : "'s",
      "whiteSpace" : false
    }, {
      "id" : "s0-t8",
      "begin" : 58,
      "end" : 69,
      "text" : "educational",
      "whiteSpace" : false
    }, {
      "id" : "s0-t9",
      "begin" : 70,
      "end" : 80,
      "text" : "attainment",
      "whiteSpace" : false
    }, {
      "id" : "s0-t10",
      "begin" : 80,
      "end" : 81,
      "text" : ".",
      "whiteSpace" : false
    } ]
  }, {
    "id" : "s1",
    "begin" : 82,
    "end" : 139,
    "text" : "This paper addresses the causality of this observed link.",
    "tokens" : [ {
      "id" : "s1-t0",
      "begin" : 82,
      "end" : 86,
      "text" : "This",
      "whiteSpace" : false
    }, {
      "id" : "s1-t1",
      "begin" : 87,
      "end" : 92,
      "text" : "paper",
      "whiteSpace" : false
    }, {
      "id" : "s1-t2",
      "begin" : 93,
      "end" : 102,
      "text" : "addresses",
      "whiteSpace" : false
    }, {
      "id" : "s1-t3",
      "begin" : 103,
      "end" : 106,
      "text" : "the",
      "whiteSpace" : false
    }, {
      "id" : "s1-t4",
      "begin" : 107,
      "end" : 116,
      "text" : "causality",
      "whiteSpace" : false
    }, {
      "id" : "s1-t5",
      "begin" : 117,
      "end" : 119,
      "text" : "of",
      "whiteSpace" : false
    }, {
      "id" : "s1-t6",
      "begin" : 120,
      "end" : 124,
      "text" : "this",
      "whiteSpace" : false
    }, {
      "id" : "s1-t7",
      "begin" : 125,
      "end" : 133,
      "text" : "observed",
      "whiteSpace" : false
    }, {
      "id" : "s1-t8",
      "begin" : 134,
      "end" : 138,
      "text" : "link",
      "whiteSpace" : false
    }, {
      "id" : "s1-t9",
      "begin" : 138,
      "end" : 139,
      "text" : ".",
      "whiteSpace" : false
    } ]
  }, {
    "id" : "s2",
    "begin" : 140,
    "end" : 283,
    "text" : "We have a unique data set for Norwegians born in the period 1967–1969, with a measure of permanent family income in the children's adolescence.",
    "tokens" : [ {
      "id" : "s2-t0",
      "begin" : 140,
      "end" : 142,
      "text" : "We",
      "whiteSpace" : false
    }, {
      "id" : "s2-t1",
      "begin" : 143,
      "end" : 147,
      "text" : "have",
      "whiteSpace" : false
    }, {
      "id" : "s2-t2",
      "begin" : 148,
      "end" : 149,
      "text" : "a",
      "whiteSpace" : false
    }, {
      "id" : "s2-t3",
      "begin" : 150,
      "end" : 156,
      "text" : "unique",
      "whiteSpace" : false
    }, {
      "id" : "s2-t4",
      "begin" : 157,
      "end" : 161,
      "text" : "data",
      "whiteSpace" : false
    }, {
      "id" : "s2-t5",
      "begin" : 162,
      "end" : 165,
      "text" : "set",
      "whiteSpace" : false
    }, {
      "id" : "s2-t6",
      "begin" : 166,
      "end" : 169,
      "text" : "for",
      "whiteSpace" : false
    }, {
      "id" : "s2-t7",
      "begin" : 170,
      "end" : 180,
      "text" : "Norwegians",
      "whiteSpace" : false
    }, {
      "id" : "s2-t8",
      "begin" : 181,
      "end" : 185,
      "text" : "born",
      "whiteSpace" : false
    }, {
      "id" : "s2-t9",
      "begin" : 186,
      "end" : 188,
      "text" : "in",
      "whiteSpace" : false
    }, {
      "id" : "s2-t10",
      "begin" : 189,
      "end" : 192,
      "text" : "the",
      "whiteSpace" : false
    }, {
      "id" : "s2-t11",
      "begin" : 193,
      "end" : 199,
      "text" : "period",
      "whiteSpace" : false
    }, {
      "id" : "s2-t12",
      "begin" : 200,
      "end" : 209,
      "text" : "1967–1969",
      "whiteSpace" : false
    }, {
      "id" : "s2-t13",
      "begin" : 209,
      "end" : 210,
      "text" : ",",
      "whiteSpace" : false
    }, {
      "id" : "s2-t14",
      "begin" : 211,
      "end" : 215,
      "text" : "with",
      "whiteSpace" : false
    }, {
      "id" : "s2-t15",
      "begin" : 216,
      "end" : 217,
      "text" : "a",
      "whiteSpace" : false
    }, {
      "id" : "s2-t16",
      "begin" : 218,
      "end" : 225,
      "text" : "measure",
      "whiteSpace" : false
    }, {
      "id" : "s2-t17",
      "begin" : 226,
      "end" : 228,
      "text" : "of",
      "whiteSpace" : false
    }, {
      "id" : "s2-t18",
      "begin" : 229,
      "end" : 238,
      "text" : "permanent",
      "whiteSpace" : false
    }, {
      "id" : "s2-t19",
      "begin" : 239,
      "end" : 245,
      "text" : "family",
      "whiteSpace" : false
    }, {
      "id" : "s2-t20",
      "begin" : 246,
      "end" : 252,
      "text" : "income",
      "whiteSpace" : false
    }, {
      "id" : "s2-t21",
      "begin" : 253,
      "end" : 255,
      "text" : "in",
      "whiteSpace" : false
    }, {
      "id" : "s2-t22",
      "begin" : 256,
      "end" : 259,
      "text" : "the",
      "whiteSpace" : false
    }, {
      "id" : "s2-t23",
      "begin" : 260,
      "end" : 268,
      "text" : "children",
      "whiteSpace" : false
    }, {
      "id" : "s2-t24",
      "begin" : 268,
      "end" : 270,
      "text" : "'s",
      "whiteSpace" : false
    }, {
      "id" : "s2-t25",
      "begin" : 271,
      "end" : 282,
      "text" : "adolescence",
      "whiteSpace" : false
    }, {
      "id" : "s2-t26",
      "begin" : 282,
      "end" : 283,
      "text" : ".",
      "whiteSpace" : false
    } ]
  }, {
    "id" : "s3",
    "begin" : 284,
    "end" : 386,
    "text" : "This enables us to examine the long-term effect of family income on children's educational attainment.",
    "tokens" : [ {
      "id" : "s3-t0",
      "begin" : 284,
      "end" : 288,
      "text" : "This",
      "whiteSpace" : false
    }, {
      "id" : "s3-t1",
      "begin" : 289,
      "end" : 296,
      "text" : "enables",
      "whiteSpace" : false
    }, {
      "id" : "s3-t2",
      "begin" : 297,
      "end" : 299,
      "text" : "us",
      "whiteSpace" : false
    }, {
      "id" : "s3-t3",
      "begin" : 300,
      "end" : 302,
      "text" : "to",
      "whiteSpace" : false
    }, {
      "id" : "s3-t4",
      "begin" : 303,
      "end" : 310,
      "text" : "examine",
      "whiteSpace" : false
    }, {
      "id" : "s3-t5",
      "begin" : 311,
      "end" : 314,
      "text" : "the",
      "whiteSpace" : false
    }, {
      "id" : "s3-t6",
      "begin" : 315,
      "end" : 324,
      "text" : "long-term",
      "whiteSpace" : false
    }, {
      "id" : "s3-t7",
      "begin" : 325,
      "end" : 331,
      "text" : "effect",
      "whiteSpace" : false
    }, {
      "id" : "s3-t8",
      "begin" : 332,
      "end" : 334,
      "text" : "of",
      "whiteSpace" : false
    }, {
      "id" : "s3-t9",
      "begin" : 335,
      "end" : 341,
      "text" : "family",
      "whiteSpace" : false
    }, {
      "id" : "s3-t10",
      "begin" : 342,
      "end" : 348,
      "text" : "income",
      "whiteSpace" : false
    }, {
      "id" : "s3-t11",
      "begin" : 349,
      "end" : 351,
      "text" : "on",
      "whiteSpace" : false
    }, {
      "id" : "s3-t12",
      "begin" : 352,
      "end" : 360,
      "text" : "children",
      "whiteSpace" : false
    }, {
      "id" : "s3-t13",
      "begin" : 360,
      "end" : 362,
      "text" : "'s",
      "whiteSpace" : false
    }, {
      "id" : "s3-t14",
      "begin" : 363,
      "end" : 374,
      "text" : "educational",
      "whiteSpace" : false
    }, {
      "id" : "s3-t15",
      "begin" : 375,
      "end" : 385,
      "text" : "attainment",
      "whiteSpace" : false
    }, {
      "id" : "s3-t16",
      "begin" : 385,
      "end" : 386,
      "text" : ".",
      "whiteSpace" : false
    } ]
  }, {
    "id" : "s4",
    "begin" : 387,
    "end" : 570,
    "text" : "The Norwegian oil shock in the 1970s is used as an instrument, because this – in some regions but not in others – implied a general increase in income unrelated to parents' abilities.",
    "tokens" : [ {
      "id" : "s4-t0",
      "begin" : 387,
      "end" : 390,
      "text" : "The",
      "whiteSpace" : false
    }, {
      "id" : "s4-t1",
      "begin" : 391,
      "end" : 400,
      "text" : "Norwegian",
      "whiteSpace" : false
    }, {
      "id" : "s4-t2",
      "begin" : 401,
      "end" : 404,
      "text" : "oil",
      "whiteSpace" : false
    }, {
      "id" : "s4-t3",
      "begin" : 405,
      "end" : 410,
      "text" : "shock",
      "whiteSpace" : false
    }, {
      "id" : "s4-t4",
      "begin" : 411,
      "end" : 413,
      "text" : "in",
      "whiteSpace" : false
    }, {
      "id" : "s4-t5",
      "begin" : 414,
      "end" : 417,
      "text" : "the",
      "whiteSpace" : false
    }, {
      "id" : "s4-t6",
      "begin" : 418,
      "end" : 423,
      "text" : "1970s",
      "whiteSpace" : false
    }, {
      "id" : "s4-t7",
      "begin" : 424,
      "end" : 426,
      "text" : "is",
      "whiteSpace" : false
    }, {
      "id" : "s4-t8",
      "begin" : 427,
      "end" : 431,
      "text" : "used",
      "whiteSpace" : false
    }, {
      "id" : "s4-t9",
      "begin" : 432,
      "end" : 434,
      "text" : "as",
      "whiteSpace" : false
    }, {
      "id" : "s4-t10",
      "begin" : 435,
      "end" : 437,
      "text" : "an",
      "whiteSpace" : false
    }, {
      "id" : "s4-t11",
      "begin" : 438,
      "end" : 448,
      "text" : "instrument",
      "whiteSpace" : false
    }, {
      "id" : "s4-t12",
      "begin" : 448,
      "end" : 449,
      "text" : ",",
      "whiteSpace" : false
    }, {
      "id" : "s4-t13",
      "begin" : 450,
      "end" : 457,
      "text" : "because",
      "whiteSpace" : false
    }, {
      "id" : "s4-t14",
      "begin" : 458,
      "end" : 462,
      "text" : "this",
      "whiteSpace" : false
    }, {
      "id" : "s4-t15",
      "begin" : 463,
      "end" : 464,
      "text" : "–",
      "whiteSpace" : false
    }, {
      "id" : "s4-t16",
      "begin" : 465,
      "end" : 467,
      "text" : "in",
      "whiteSpace" : false
    }, {
      "id" : "s4-t17",
      "begin" : 468,
      "end" : 472,
      "text" : "some",
      "whiteSpace" : false
    }, {
      "id" : "s4-t18",
      "begin" : 473,
      "end" : 480,
      "text" : "regions",
      "whiteSpace" : false
    }, {
      "id" : "s4-t19",
      "begin" : 481,
      "end" : 484,
      "text" : "but",
      "whiteSpace" : false
    }, {
      "id" : "s4-t20",
      "begin" : 485,
      "end" : 488,
      "text" : "not",
      "whiteSpace" : false
    }, {
      "id" : "s4-t21",
      "begin" : 489,
      "end" : 491,
      "text" : "in",
      "whiteSpace" : false
    }, {
      "id" : "s4-t22",
      "begin" : 492,
      "end" : 498,
      "text" : "others",
      "whiteSpace" : false
    }, {
      "id" : "s4-t23",
      "begin" : 499,
      "end" : 500,
      "text" : "–",
      "whiteSpace" : false
    }, {
      "id" : "s4-t24",
      "begin" : 501,
      "end" : 508,
      "text" : "implied",
      "whiteSpace" : false
    }, {
      "id" : "s4-t25",
      "begin" : 509,
      "end" : 510,
      "text" : "a",
      "whiteSpace" : false
    }, {
      "id" : "s4-t26",
      "begin" : 511,
      "end" : 518,
      "text" : "general",
      "whiteSpace" : false
    }, {
      "id" : "s4-t27",
      "begin" : 519,
      "end" : 527,
      "text" : "increase",
      "whiteSpace" : false
    }, {
      "id" : "s4-t28",
      "begin" : 528,
      "end" : 530,
      "text" : "in",
      "whiteSpace" : false
    }, {
      "id" : "s4-t29",
      "begin" : 531,
      "end" : 537,
      "text" : "income",
      "whiteSpace" : false
    }, {
      "id" : "s4-t30",
      "begin" : 538,
      "end" : 547,
      "text" : "unrelated",
      "whiteSpace" : false
    }, {
      "id" : "s4-t31",
      "begin" : 548,
      "end" : 550,
      "text" : "to",
      "whiteSpace" : false
    }, {
      "id" : "s4-t32",
      "begin" : 551,
      "end" : 558,
      "text" : "parents",
      "whiteSpace" : false
    }, {
      "id" : "s4-t33",
      "begin" : 558,
      "end" : 559,
      "text" : "'",
      "whiteSpace" : false
    }, {
      "id" : "s4-t34",
      "begin" : 560,
      "end" : 569,
      "text" : "abilities",
      "whiteSpace" : false
    }, {
      "id" : "s4-t35",
      "begin" : 569,
      "end" : 570,
      "text" : ".",
      "whiteSpace" : false
    } ]
  }, {
    "id" : "s5",
    "begin" : 571,
    "end" : 688,
    "text" : "This variation in income is used to estimate the causal effect of family income on children's educational attainment.",
    "tokens" : [ {
      "id" : "s5-t0",
      "begin" : 571,
      "end" : 575,
      "text" : "This",
      "whiteSpace" : false
    }, {
      "id" : "s5-t1",
      "begin" : 576,
      "end" : 585,
      "text" : "variation",
      "whiteSpace" : false
    }, {
      "id" : "s5-t2",
      "begin" : 586,
      "end" : 588,
      "text" : "in",
      "whiteSpace" : false
    }, {
      "id" : "s5-t3",
      "begin" : 589,
      "end" : 595,
      "text" : "income",
      "whiteSpace" : false
    }, {
      "id" : "s5-t4",
      "begin" : 596,
      "end" : 598,
      "text" : "is",
      "whiteSpace" : false
    }, {
      "id" : "s5-t5",
      "begin" : 599,
      "end" : 603,
      "text" : "used",
      "whiteSpace" : false
    }, {
      "id" : "s5-t6",
      "begin" : 604,
      "end" : 606,
      "text" : "to",
      "whiteSpace" : false
    }, {
      "id" : "s5-t7",
      "begin" : 607,
      "end" : 615,
      "text" : "estimate",
      "whiteSpace" : false
    }, {
      "id" : "s5-t8",
      "begin" : 616,
      "end" : 619,
      "text" : "the",
      "whiteSpace" : false
    }, {
      "id" : "s5-t9",
      "begin" : 620,
      "end" : 626,
      "text" : "causal",
      "whiteSpace" : false
    }, {
      "id" : "s5-t10",
      "begin" : 627,
      "end" : 633,
      "text" : "effect",
      "whiteSpace" : false
    }, {
      "id" : "s5-t11",
      "begin" : 634,
      "end" : 636,
      "text" : "of",
      "whiteSpace" : false
    }, {
      "id" : "s5-t12",
      "begin" : 637,
      "end" : 643,
      "text" : "family",
      "whiteSpace" : false
    }, {
      "id" : "s5-t13",
      "begin" : 644,
      "end" : 650,
      "text" : "income",
      "whiteSpace" : false
    }, {
      "id" : "s5-t14",
      "begin" : 651,
      "end" : 653,
      "text" : "on",
      "whiteSpace" : false
    }, {
      "id" : "s5-t15",
      "begin" : 654,
      "end" : 662,
      "text" : "children",
      "whiteSpace" : false
    }, {
      "id" : "s5-t16",
      "begin" : 662,
      "end" : 664,
      "text" : "'s",
      "whiteSpace" : false
    }, {
      "id" : "s5-t17",
      "begin" : 665,
      "end" : 676,
      "text" : "educational",
      "whiteSpace" : false
    }, {
      "id" : "s5-t18",
      "begin" : 677,
      "end" : 687,
      "text" : "attainment",
      "whiteSpace" : false
    }, {
      "id" : "s5-t19",
      "begin" : 687,
      "end" : 688,
      "text" : ".",
      "whiteSpace" : false
    } ]
  }, {
    "id" : "s6",
    "begin" : 689,
    "end" : 725,
    "text" : "We find no such causal relationship.",
    "tokens" : [ {
      "id" : "s6-t0",
      "begin" : 689,
      "end" : 691,
      "text" : "We",
      "whiteSpace" : false
    }, {
      "id" : "s6-t1",
      "begin" : 692,
      "end" : 696,
      "text" : "find",
      "whiteSpace" : false
    }, {
      "id" : "s6-t2",
      "begin" : 697,
      "end" : 699,
      "text" : "no",
      "whiteSpace" : false
    }, {
      "id" : "s6-t3",
      "begin" : 700,
      "end" : 704,
      "text" : "such",
      "whiteSpace" : false
    }, {
      "id" : "s6-t4",
      "begin" : 705,
      "end" : 711,
      "text" : "causal",
      "whiteSpace" : false
    }, {
      "id" : "s6-t5",
      "begin" : 712,
      "end" : 724,
      "text" : "relationship",
      "whiteSpace" : false
    }, {
      "id" : "s6-t6",
      "begin" : 724,
      "end" : 725,
      "text" : ".",
      "whiteSpace" : false
    } ]
  }, {
    "id" : "s7",
    "begin" : 726,
    "end" : 794,
    "text" : "This result is robust with respect to different specification tests.",
    "tokens" : [ {
      "id" : "s7-t0",
      "begin" : 726,
      "end" : 730,
      "text" : "This",
      "whiteSpace" : false
    }, {
      "id" : "s7-t1",
      "begin" : 731,
      "end" : 737,
      "text" : "result",
      "whiteSpace" : false
    }, {
      "id" : "s7-t2",
      "begin" : 738,
      "end" : 740,
      "text" : "is",
      "whiteSpace" : false
    }, {
      "id" : "s7-t3",
      "begin" : 741,
      "end" : 747,
      "text" : "robust",
      "whiteSpace" : false
    }, {
      "id" : "s7-t4",
      "begin" : 748,
      "end" : 752,
      "text" : "with",
      "whiteSpace" : false
    }, {
      "id" : "s7-t5",
      "begin" : 753,
      "end" : 760,
      "text" : "respect",
      "whiteSpace" : false
    }, {
      "id" : "s7-t6",
      "begin" : 761,
      "end" : 763,
      "text" : "to",
      "whiteSpace" : false
    }, {
      "id" : "s7-t7",
      "begin" : 764,
      "end" : 773,
      "text" : "different",
      "whiteSpace" : false
    }, {
      "id" : "s7-t8",
      "begin" : 774,
      "end" : 787,
      "text" : "specification",
      "whiteSpace" : false
    }, {
      "id" : "s7-t9",
      "begin" : 788,
      "end" : 793,
      "text" : "tests",
      "whiteSpace" : false
    }, {
      "id" : "s7-t10",
      "begin" : 793,
      "end" : 794,
      "text" : ".",
      "whiteSpace" : false
    } ]
  } ],
  "mentions" : [ {
    "id" : "s0-m2",
    "properties" : {
      "SIRE_MENTION_ROLE" : "Variable",
      "SIRE_ENTITY_SUBTYPE" : "NONE",
      "SIRE_MENTION_TYPE" : "NONE",
      "SIRE_MENTION_CLASS" : "SPC"
    },
    "type" : "Variable",
    "begin" : 1,
    "end" : 16,
    "inCoref" : true
  }, {
    "id" : "m1",
    "properties" : {
      "SIRE_MENTION_ROLE" : "relation",
      "SIRE_MENTION_CLASS" : "SPC",
      "SIRE_MENTION_TYPE" : "NONE",
      "SIRE_ENTITY_SUBTYPE" : "NONE"
    },
    "type" : "relation",
    "begin" : 31,
    "end" : 46,
    "inCoref" : false
  }, {
    "id" : "s0-m3",
    "properties" : {
      "SIRE_MENTION_ROLE" : "Variable",
      "SIRE_ENTITY_SUBTYPE" : "NONE",
      "SIRE_MENTION_TYPE" : "NONE",
      "SIRE_MENTION_CLASS" : "SPC"
    },
    "type" : "Variable",
    "begin" : 47,
    "end" : 80,
    "inCoref" : true
  }, {
    "id" : "m10",
    "properties" : {
      "SIRE_ENTITY_LEVEL" : "NONE",
      "SIRE_MENTION_ROLE" : "evidence",
      "SIRE_MENTION_CLASS" : "SPC",
      "SIRE_MENTION_TYPE" : "NONE",
      "SIRE_ENTITY_CLASS" : "SPC",
      "SIRE_ENTITY_SUBTYPE" : "NONE"
    },
    "type" : "evidence",
    "begin" : 93,
    "end" : 102,
    "inCoref" : false
  }, {
    "id" : "s1-m3",
    "properties" : {
      "SIRE_MENTION_ROLE" : "relation",
      "SIRE_ENTITY_SUBTYPE" : "NONE",
      "SIRE_MENTION_TYPE" : "NONE",
      "SIRE_MENTION_CLASS" : "SPC"
    },
    "type" : "relation",
    "begin" : 107,
    "end" : 116,
    "inCoref" : false
  }, {
    "id" : "m2",
    "properties" : {
      "SIRE_MENTION_ROLE" : "relation",
      "SIRE_MENTION_CLASS" : "SPC",
      "SIRE_MENTION_TYPE" : "NONE",
      "SIRE_ENTITY_SUBTYPE" : "NONE"
    },
    "type" : "relation",
    "begin" : 134,
    "end" : 138,
    "inCoref" : false
  }, {
    "id" : "s2-m1",
    "properties" : {
      "SIRE_MENTION_ROLE" : "Variable",
      "SIRE_ENTITY_SUBTYPE" : "NONE",
      "SIRE_MENTION_TYPE" : "NONE",
      "SIRE_MENTION_CLASS" : "SPC"
    },
    "type" : "Variable",
    "begin" : 239,
    "end" : 282,
    "inCoref" : false
  }, {
    "id" : "m3",
    "properties" : {
      "SIRE_MENTION_ROLE" : "evidence",
      "SIRE_MENTION_CLASS" : "SPC",
      "SIRE_MENTION_TYPE" : "NONE",
      "SIRE_ENTITY_SUBTYPE" : "NONE"
    },
    "type" : "evidence",
    "begin" : 303,
    "end" : 310,
    "inCoref" : false
  }, {
    "id" : "m4",
    "properties" : {
      "SIRE_MENTION_ROLE" : "relation",
      "SIRE_MENTION_CLASS" : "SPC",
      "SIRE_MENTION_TYPE" : "NONE",
      "SIRE_ENTITY_SUBTYPE" : "NONE"
    },
    "type" : "relation",
    "begin" : 325,
    "end" : 334,
    "inCoref" : false
  }, {
    "id" : "m11",
    "properties" : {
      "SIRE_ENTITY_LEVEL" : "NONE",
      "SIRE_MENTION_ROLE" : "Variable",
      "SIRE_MENTION_CLASS" : "SPC",
      "SIRE_MENTION_TYPE" : "NONE",
      "SIRE_ENTITY_CLASS" : "SPC",
      "SIRE_ENTITY_SUBTYPE" : "NONE"
    },
    "type" : "Variable",
    "begin" : 335,
    "end" : 348,
    "inCoref" : true
  }, {
    "id" : "s3-m4",
    "properties" : {
      "SIRE_MENTION_ROLE" : "Variable",
      "SIRE_ENTITY_SUBTYPE" : "NONE",
      "SIRE_MENTION_TYPE" : "NONE",
      "SIRE_MENTION_CLASS" : "SPC"
    },
    "type" : "Variable",
    "begin" : 352,
    "end" : 385,
    "inCoref" : true
  }, {
    "id" : "s4-m3",
    "properties" : {
      "SIRE_MENTION_ROLE" : "Variable",
      "SIRE_ENTITY_SUBTYPE" : "NONE",
      "SIRE_MENTION_TYPE" : "NONE",
      "SIRE_MENTION_CLASS" : "SPC"
    },
    "type" : "Variable",
    "begin" : 401,
    "end" : 410,
    "inCoref" : false
  }, {
    "id" : "m5",
    "properties" : {
      "SIRE_MENTION_ROLE" : "relation",
      "SIRE_MENTION_CLASS" : "SPC",
      "SIRE_MENTION_TYPE" : "NONE",
      "SIRE_ENTITY_SUBTYPE" : "NONE"
    },
    "type" : "relation",
    "begin" : 519,
    "end" : 530,
    "inCoref" : false
  }, {
    "id" : "m12",
    "properties" : {
      "SIRE_ENTITY_LEVEL" : "NONE",
      "SIRE_MENTION_ROLE" : "Variable",
      "SIRE_MENTION_CLASS" : "SPC",
      "SIRE_MENTION_TYPE" : "NONE",
      "SIRE_ENTITY_CLASS" : "SPC",
      "SIRE_ENTITY_SUBTYPE" : "NONE"
    },
    "type" : "Variable",
    "begin" : 531,
    "end" : 537,
    "inCoref" : true
  }, {
    "id" : "m13",
    "properties" : {
      "SIRE_ENTITY_LEVEL" : "NONE",
      "SIRE_MENTION_ROLE" : "Variable",
      "SIRE_MENTION_CLASS" : "SPC",
      "SIRE_MENTION_TYPE" : "NONE",
      "SIRE_ENTITY_CLASS" : "SPC",
      "SIRE_ENTITY_SUBTYPE" : "NONE"
    },
    "type" : "Variable",
    "begin" : 589,
    "end" : 595,
    "inCoref" : true
  }, {
    "id" : "m6",
    "properties" : {
      "SIRE_MENTION_ROLE" : "evidence",
      "SIRE_MENTION_CLASS" : "SPC",
      "SIRE_MENTION_TYPE" : "NONE",
      "SIRE_ENTITY_SUBTYPE" : "NONE"
    },
    "type" : "evidence",
    "begin" : 607,
    "end" : 615,
    "inCoref" : false
  }, {
    "id" : "s5-m5",
    "properties" : {
      "SIRE_MENTION_ROLE" : "relation",
      "SIRE_ENTITY_SUBTYPE" : "NONE",
      "SIRE_MENTION_TYPE" : "NONE",
      "SIRE_MENTION_CLASS" : "SPC"
    },
    "type" : "relation",
    "begin" : 620,
    "end" : 626,
    "inCoref" : false
  }, {
    "id" : "m7",
    "properties" : {
      "SIRE_MENTION_ROLE" : "relation",
      "SIRE_MENTION_CLASS" : "SPC",
      "SIRE_MENTION_TYPE" : "NONE",
      "SIRE_ENTITY_SUBTYPE" : "NONE"
    },
    "type" : "relation",
    "begin" : 627,
    "end" : 636,
    "inCoref" : false
  }, {
    "id" : "m14",
    "properties" : {
      "SIRE_ENTITY_LEVEL" : "NONE",
      "SIRE_MENTION_ROLE" : "Variable",
      "SIRE_MENTION_CLASS" : "SPC",
      "SIRE_MENTION_TYPE" : "NONE",
      "SIRE_ENTITY_CLASS" : "SPC",
      "SIRE_ENTITY_SUBTYPE" : "NONE"
    },
    "type" : "Variable",
    "begin" : 637,
    "end" : 650,
    "inCoref" : true
  }, {
    "id" : "s5-m6",
    "properties" : {
      "SIRE_MENTION_ROLE" : "Variable",
      "SIRE_ENTITY_SUBTYPE" : "NONE",
      "SIRE_MENTION_TYPE" : "NONE",
      "SIRE_MENTION_CLASS" : "SPC"
    },
    "type" : "Variable",
    "begin" : 654,
    "end" : 687,
    "inCoref" : true
  }, {
    "id" : "m8",
    "properties" : {
      "SIRE_MENTION_ROLE" : "evidence",
      "SIRE_MENTION_CLASS" : "SPC",
      "SIRE_MENTION_TYPE" : "NONE",
      "SIRE_ENTITY_SUBTYPE" : "NONE"
    },
    "type" : "evidence",
    "begin" : 692,
    "end" : 696,
    "inCoref" : false
  }, {
    "id" : "s6-m2",
    "properties" : {
      "SIRE_MENTION_ROLE" : "negation",
      "SIRE_ENTITY_SUBTYPE" : "NONE",
      "SIRE_MENTION_TYPE" : "NONE",
      "SIRE_MENTION_CLASS" : "SPC"
    },
    "type" : "negation",
    "begin" : 697,
    "end" : 699,
    "inCoref" : false
  }, {
    "id" : "s6-m3",
    "properties" : {
      "SIRE_MENTION_ROLE" : "relation",
      "SIRE_ENTITY_SUBTYPE" : "NONE",
      "SIRE_MENTION_TYPE" : "NONE",
      "SIRE_MENTION_CLASS" : "SPC"
    },
    "type" : "relation",
    "begin" : 705,
    "end" : 724,
    "inCoref" : false
  }, {
    "id" : "m9",
    "properties" : {
      "SIRE_MENTION_ROLE" : "evidence",
      "SIRE_MENTION_CLASS" : "SPC",
      "SIRE_MENTION_TYPE" : "NONE",
      "SIRE_ENTITY_SUBTYPE" : "NONE"
    },
    "type" : "evidence",
    "begin" : 731,
    "end" : 737,
    "inCoref" : false
  } ],
  "relations" : [ {
    "id" : "s0-r1",
    "properties" : { },
    "type" : "RelateCorrelation",
    "args" : [ "s0-m2", "s0-m3" ]
  }, {
    "id" : "s4-r1",
    "properties" : { },
    "type" : "Causal",
    "args" : [ "s4-m3", "m12" ]
  } ],
  "corefs" : [ {
    "id" : "c1",
    "properties" : { },
    "mentions" : [ "m11", "m14", "s0-m2" ]
  }, {
    "id" : "c2",
    "properties" : { },
    "mentions" : [ "m12", "m13" ]
  }, {
    "id" : "c3",
    "properties" : { },
    "mentions" : [ "s3-m4", "s5-m6", "s0-m3" ]
  } ],
  "typeResolved" : true,
  "userResolved" : false
}