{
  "id" : "40f1b1e0-3329-11ec-aeb1-4f7a687954bf-2",
  "name" : "10. Bjørnskov, C. (2006). .docx",
  "createdDate" : 0,
  "version" : 3,
  "text" : "The paper explores the determinants of generalized trust across countries. The findings suggest that only few variables can be considered significant. Social polarization in the form of income inequality and ethnic diversity reduces trust, Protestantism and having a monarchy increases trust while post-communist societies are less trusting than other. The findings also provide support for the use of a standard indicator as a stable measure of generalized trust and emphasize the importance of taking endogeneity seriously.\n\n",
  "docLength" : 0,
  "language" : "EN",
  "status" : "IN_PROGRESS",
  "modifiedDate" : 1639403247409,
  "documentSet" : [ ],
  "preannotation" : [ "PRE_LW", "PRE_SIRE" ],
  "sentences" : [ {
    "id" : "s0",
    "begin" : 0,
    "end" : 74,
    "text" : "The paper explores the determinants of generalized trust across countries.",
    "tokens" : [ {
      "id" : "s0-t0",
      "begin" : 0,
      "end" : 3,
      "text" : "The",
      "whiteSpace" : false
    }, {
      "id" : "s0-t1",
      "begin" : 4,
      "end" : 9,
      "text" : "paper",
      "whiteSpace" : false
    }, {
      "id" : "s0-t2",
      "begin" : 10,
      "end" : 18,
      "text" : "explores",
      "whiteSpace" : false
    }, {
      "id" : "s0-t3",
      "begin" : 19,
      "end" : 22,
      "text" : "the",
      "whiteSpace" : false
    }, {
      "id" : "s0-t4",
      "begin" : 23,
      "end" : 35,
      "text" : "determinants",
      "whiteSpace" : false
    }, {
      "id" : "s0-t5",
      "begin" : 36,
      "end" : 38,
      "text" : "of",
      "whiteSpace" : false
    }, {
      "id" : "s0-t6",
      "begin" : 39,
      "end" : 50,
      "text" : "generalized",
      "whiteSpace" : false
    }, {
      "id" : "s0-t7",
      "begin" : 51,
      "end" : 56,
      "text" : "trust",
      "whiteSpace" : false
    }, {
      "id" : "s0-t8",
      "begin" : 57,
      "end" : 63,
      "text" : "across",
      "whiteSpace" : false
    }, {
      "id" : "s0-t9",
      "begin" : 64,
      "end" : 73,
      "text" : "countries",
      "whiteSpace" : false
    }, {
      "id" : "s0-t10",
      "begin" : 73,
      "end" : 74,
      "text" : ".",
      "whiteSpace" : false
    } ]
  }, {
    "id" : "s1",
    "begin" : 75,
    "end" : 150,
    "text" : "The findings suggest that only few variables can be considered significant.",
    "tokens" : [ {
      "id" : "s1-t0",
      "begin" : 75,
      "end" : 78,
      "text" : "The",
      "whiteSpace" : false
    }, {
      "id" : "s1-t1",
      "begin" : 79,
      "end" : 87,
      "text" : "findings",
      "whiteSpace" : false
    }, {
      "id" : "s1-t2",
      "begin" : 88,
      "end" : 95,
      "text" : "suggest",
      "whiteSpace" : false
    }, {
      "id" : "s1-t3",
      "begin" : 96,
      "end" : 100,
      "text" : "that",
      "whiteSpace" : false
    }, {
      "id" : "s1-t4",
      "begin" : 101,
      "end" : 105,
      "text" : "only",
      "whiteSpace" : false
    }, {
      "id" : "s1-t5",
      "begin" : 106,
      "end" : 109,
      "text" : "few",
      "whiteSpace" : false
    }, {
      "id" : "s1-t6",
      "begin" : 110,
      "end" : 119,
      "text" : "variables",
      "whiteSpace" : false
    }, {
      "id" : "s1-t7",
      "begin" : 120,
      "end" : 123,
      "text" : "can",
      "whiteSpace" : false
    }, {
      "id" : "s1-t8",
      "begin" : 124,
      "end" : 126,
      "text" : "be",
      "whiteSpace" : false
    }, {
      "id" : "s1-t9",
      "begin" : 127,
      "end" : 137,
      "text" : "considered",
      "whiteSpace" : false
    }, {
      "id" : "s1-t10",
      "begin" : 138,
      "end" : 149,
      "text" : "significant",
      "whiteSpace" : false
    }, {
      "id" : "s1-t11",
      "begin" : 149,
      "end" : 150,
      "text" : ".",
      "whiteSpace" : false
    } ]
  }, {
    "id" : "s2",
    "begin" : 151,
    "end" : 352,
    "text" : "Social polarization in the form of income inequality and ethnic diversity reduces trust, Protestantism and having a monarchy increases trust while post-communist societies are less trusting than other.",
    "tokens" : [ {
      "id" : "s2-t0",
      "begin" : 151,
      "end" : 157,
      "text" : "Social",
      "whiteSpace" : false
    }, {
      "id" : "s2-t1",
      "begin" : 158,
      "end" : 170,
      "text" : "polarization",
      "whiteSpace" : false
    }, {
      "id" : "s2-t2",
      "begin" : 171,
      "end" : 173,
      "text" : "in",
      "whiteSpace" : false
    }, {
      "id" : "s2-t3",
      "begin" : 174,
      "end" : 177,
      "text" : "the",
      "whiteSpace" : false
    }, {
      "id" : "s2-t4",
      "begin" : 178,
      "end" : 182,
      "text" : "form",
      "whiteSpace" : false
    }, {
      "id" : "s2-t5",
      "begin" : 183,
      "end" : 185,
      "text" : "of",
      "whiteSpace" : false
    }, {
      "id" : "s2-t6",
      "begin" : 186,
      "end" : 192,
      "text" : "income",
      "whiteSpace" : false
    }, {
      "id" : "s2-t7",
      "begin" : 193,
      "end" : 203,
      "text" : "inequality",
      "whiteSpace" : false
    }, {
      "id" : "s2-t8",
      "begin" : 204,
      "end" : 207,
      "text" : "and",
      "whiteSpace" : false
    }, {
      "id" : "s2-t9",
      "begin" : 208,
      "end" : 214,
      "text" : "ethnic",
      "whiteSpace" : false
    }, {
      "id" : "s2-t10",
      "begin" : 215,
      "end" : 224,
      "text" : "diversity",
      "whiteSpace" : false
    }, {
      "id" : "s2-t11",
      "begin" : 225,
      "end" : 232,
      "text" : "reduces",
      "whiteSpace" : false
    }, {
      "id" : "s2-t12",
      "begin" : 233,
      "end" : 238,
      "text" : "trust",
      "whiteSpace" : false
    }, {
      "id" : "s2-t13",
      "begin" : 238,
      "end" : 239,
      "text" : ",",
      "whiteSpace" : false
    }, {
      "id" : "s2-t14",
      "begin" : 240,
      "end" : 253,
      "text" : "Protestantism",
      "whiteSpace" : false
    }, {
      "id" : "s2-t15",
      "begin" : 254,
      "end" : 257,
      "text" : "and",
      "whiteSpace" : false
    }, {
      "id" : "s2-t16",
      "begin" : 258,
      "end" : 264,
      "text" : "having",
      "whiteSpace" : false
    }, {
      "id" : "s2-t17",
      "begin" : 265,
      "end" : 266,
      "text" : "a",
      "whiteSpace" : false
    }, {
      "id" : "s2-t18",
      "begin" : 267,
      "end" : 275,
      "text" : "monarchy",
      "whiteSpace" : false
    }, {
      "id" : "s2-t19",
      "begin" : 276,
      "end" : 285,
      "text" : "increases",
      "whiteSpace" : false
    }, {
      "id" : "s2-t20",
      "begin" : 286,
      "end" : 291,
      "text" : "trust",
      "whiteSpace" : false
    }, {
      "id" : "s2-t21",
      "begin" : 292,
      "end" : 297,
      "text" : "while",
      "whiteSpace" : false
    }, {
      "id" : "s2-t22",
      "begin" : 298,
      "end" : 312,
      "text" : "post-communist",
      "whiteSpace" : false
    }, {
      "id" : "s2-t23",
      "begin" : 313,
      "end" : 322,
      "text" : "societies",
      "whiteSpace" : false
    }, {
      "id" : "s2-t24",
      "begin" : 323,
      "end" : 326,
      "text" : "are",
      "whiteSpace" : false
    }, {
      "id" : "s2-t25",
      "begin" : 327,
      "end" : 331,
      "text" : "less",
      "whiteSpace" : false
    }, {
      "id" : "s2-t26",
      "begin" : 332,
      "end" : 340,
      "text" : "trusting",
      "whiteSpace" : false
    }, {
      "id" : "s2-t27",
      "begin" : 341,
      "end" : 345,
      "text" : "than",
      "whiteSpace" : false
    }, {
      "id" : "s2-t28",
      "begin" : 346,
      "end" : 351,
      "text" : "other",
      "whiteSpace" : false
    }, {
      "id" : "s2-t29",
      "begin" : 351,
      "end" : 352,
      "text" : ".",
      "whiteSpace" : false
    } ]
  }, {
    "id" : "s3",
    "begin" : 353,
    "end" : 525,
    "text" : "The findings also provide support for the use of a standard indicator as a stable measure of generalized trust and emphasize the importance of taking endogeneity seriously.",
    "tokens" : [ {
      "id" : "s3-t0",
      "begin" : 353,
      "end" : 356,
      "text" : "The",
      "whiteSpace" : false
    }, {
      "id" : "s3-t1",
      "begin" : 357,
      "end" : 365,
      "text" : "findings",
      "whiteSpace" : false
    }, {
      "id" : "s3-t2",
      "begin" : 366,
      "end" : 370,
      "text" : "also",
      "whiteSpace" : false
    }, {
      "id" : "s3-t3",
      "begin" : 371,
      "end" : 378,
      "text" : "provide",
      "whiteSpace" : false
    }, {
      "id" : "s3-t4",
      "begin" : 379,
      "end" : 386,
      "text" : "support",
      "whiteSpace" : false
    }, {
      "id" : "s3-t5",
      "begin" : 387,
      "end" : 390,
      "text" : "for",
      "whiteSpace" : false
    }, {
      "id" : "s3-t6",
      "begin" : 391,
      "end" : 394,
      "text" : "the",
      "whiteSpace" : false
    }, {
      "id" : "s3-t7",
      "begin" : 395,
      "end" : 398,
      "text" : "use",
      "whiteSpace" : false
    }, {
      "id" : "s3-t8",
      "begin" : 399,
      "end" : 401,
      "text" : "of",
      "whiteSpace" : false
    }, {
      "id" : "s3-t9",
      "begin" : 402,
      "end" : 403,
      "text" : "a",
      "whiteSpace" : false
    }, {
      "id" : "s3-t10",
      "begin" : 404,
      "end" : 412,
      "text" : "standard",
      "whiteSpace" : false
    }, {
      "id" : "s3-t11",
      "begin" : 413,
      "end" : 422,
      "text" : "indicator",
      "whiteSpace" : false
    }, {
      "id" : "s3-t12",
      "begin" : 423,
      "end" : 425,
      "text" : "as",
      "whiteSpace" : false
    }, {
      "id" : "s3-t13",
      "begin" : 426,
      "end" : 427,
      "text" : "a",
      "whiteSpace" : false
    }, {
      "id" : "s3-t14",
      "begin" : 428,
      "end" : 434,
      "text" : "stable",
      "whiteSpace" : false
    }, {
      "id" : "s3-t15",
      "begin" : 435,
      "end" : 442,
      "text" : "measure",
      "whiteSpace" : false
    }, {
      "id" : "s3-t16",
      "begin" : 443,
      "end" : 445,
      "text" : "of",
      "whiteSpace" : false
    }, {
      "id" : "s3-t17",
      "begin" : 446,
      "end" : 457,
      "text" : "generalized",
      "whiteSpace" : false
    }, {
      "id" : "s3-t18",
      "begin" : 458,
      "end" : 463,
      "text" : "trust",
      "whiteSpace" : false
    }, {
      "id" : "s3-t19",
      "begin" : 464,
      "end" : 467,
      "text" : "and",
      "whiteSpace" : false
    }, {
      "id" : "s3-t20",
      "begin" : 468,
      "end" : 477,
      "text" : "emphasize",
      "whiteSpace" : false
    }, {
      "id" : "s3-t21",
      "begin" : 478,
      "end" : 481,
      "text" : "the",
      "whiteSpace" : false
    }, {
      "id" : "s3-t22",
      "begin" : 482,
      "end" : 492,
      "text" : "importance",
      "whiteSpace" : false
    }, {
      "id" : "s3-t23",
      "begin" : 493,
      "end" : 495,
      "text" : "of",
      "whiteSpace" : false
    }, {
      "id" : "s3-t24",
      "begin" : 496,
      "end" : 502,
      "text" : "taking",
      "whiteSpace" : false
    }, {
      "id" : "s3-t25",
      "begin" : 503,
      "end" : 514,
      "text" : "endogeneity",
      "whiteSpace" : false
    }, {
      "id" : "s3-t26",
      "begin" : 515,
      "end" : 524,
      "text" : "seriously",
      "whiteSpace" : false
    }, {
      "id" : "s3-t27",
      "begin" : 524,
      "end" : 525,
      "text" : ".",
      "whiteSpace" : false
    } ]
  } ],
  "mentions" : [ {
    "id" : "m1",
    "properties" : {
      "SIRE_MENTION_ROLE" : "evidence",
      "SIRE_MENTION_CLASS" : "SPC",
      "SIRE_MENTION_TYPE" : "NONE",
      "SIRE_ENTITY_SUBTYPE" : "NONE"
    },
    "type" : "evidence",
    "begin" : 10,
    "end" : 18,
    "inCoref" : false
  }, {
    "id" : "s0-m2",
    "properties" : {
      "SIRE_MENTION_ROLE" : "Variable",
      "SIRE_ENTITY_SUBTYPE" : "NONE",
      "SIRE_MENTION_TYPE" : "NONE",
      "SIRE_MENTION_CLASS" : "SPC"
    },
    "type" : "Variable",
    "begin" : 51,
    "end" : 56,
    "inCoref" : true
  }, {
    "id" : "m2",
    "properties" : {
      "SIRE_MENTION_ROLE" : "evidence",
      "SIRE_MENTION_CLASS" : "SPC",
      "SIRE_MENTION_TYPE" : "NONE",
      "SIRE_ENTITY_SUBTYPE" : "NONE"
    },
    "type" : "evidence",
    "begin" : 79,
    "end" : 87,
    "inCoref" : false
  }, {
    "id" : "m3",
    "properties" : {
      "SIRE_MENTION_ROLE" : "evidence",
      "SIRE_MENTION_CLASS" : "SPC",
      "SIRE_MENTION_TYPE" : "NONE",
      "SIRE_ENTITY_SUBTYPE" : "NONE"
    },
    "type" : "evidence",
    "begin" : 88,
    "end" : 95,
    "inCoref" : false
  }, {
    "id" : "s2-m12",
    "properties" : {
      "SIRE_MENTION_ROLE" : "Variable",
      "SIRE_ENTITY_SUBTYPE" : "NONE",
      "SIRE_MENTION_TYPE" : "NONE",
      "SIRE_MENTION_CLASS" : "SPC"
    },
    "type" : "Variable",
    "begin" : 151,
    "end" : 170,
    "inCoref" : false
  }, {
    "id" : "m4",
    "properties" : {
      "SIRE_MENTION_ROLE" : "Variable",
      "SIRE_MENTION_CLASS" : "SPC",
      "SIRE_MENTION_TYPE" : "NONE",
      "SIRE_ENTITY_SUBTYPE" : "NONE"
    },
    "type" : "Variable",
    "begin" : 186,
    "end" : 203,
    "inCoref" : false
  }, {
    "id" : "s2-m5",
    "properties" : {
      "SIRE_MENTION_ROLE" : "Variable",
      "SIRE_ENTITY_SUBTYPE" : "NONE",
      "SIRE_MENTION_TYPE" : "NONE",
      "SIRE_MENTION_CLASS" : "SPC"
    },
    "type" : "Variable",
    "begin" : 208,
    "end" : 224,
    "inCoref" : false
  }, {
    "id" : "m5",
    "properties" : {
      "SIRE_MENTION_ROLE" : "relation",
      "SIRE_MENTION_CLASS" : "SPC",
      "SIRE_MENTION_TYPE" : "NONE",
      "SIRE_ENTITY_SUBTYPE" : "NONE"
    },
    "type" : "relation",
    "begin" : 225,
    "end" : 232,
    "inCoref" : false
  }, {
    "id" : "s2-m6",
    "properties" : {
      "SIRE_MENTION_ROLE" : "Variable",
      "SIRE_ENTITY_SUBTYPE" : "NONE",
      "SIRE_MENTION_TYPE" : "NONE",
      "SIRE_MENTION_CLASS" : "SPC"
    },
    "type" : "Variable",
    "begin" : 233,
    "end" : 238,
    "inCoref" : true
  }, {
    "id" : "s2-m7",
    "properties" : {
      "SIRE_MENTION_ROLE" : "Variable",
      "SIRE_ENTITY_SUBTYPE" : "NONE",
      "SIRE_MENTION_TYPE" : "NONE",
      "SIRE_MENTION_CLASS" : "SPC"
    },
    "type" : "Variable",
    "begin" : 240,
    "end" : 253,
    "inCoref" : false
  }, {
    "id" : "s2-m8",
    "properties" : {
      "SIRE_MENTION_ROLE" : "Variable",
      "SIRE_ENTITY_SUBTYPE" : "NONE",
      "SIRE_MENTION_TYPE" : "NONE",
      "SIRE_MENTION_CLASS" : "SPC"
    },
    "type" : "Variable",
    "begin" : 267,
    "end" : 275,
    "inCoref" : false
  }, {
    "id" : "m6",
    "properties" : {
      "SIRE_MENTION_ROLE" : "relation",
      "SIRE_MENTION_CLASS" : "SPC",
      "SIRE_MENTION_TYPE" : "NONE",
      "SIRE_ENTITY_SUBTYPE" : "NONE"
    },
    "type" : "relation",
    "begin" : 276,
    "end" : 285,
    "inCoref" : false
  }, {
    "id" : "s2-m9",
    "properties" : {
      "SIRE_MENTION_ROLE" : "Variable",
      "SIRE_ENTITY_SUBTYPE" : "NONE",
      "SIRE_MENTION_TYPE" : "NONE",
      "SIRE_MENTION_CLASS" : "SPC"
    },
    "type" : "Variable",
    "begin" : 286,
    "end" : 291,
    "inCoref" : true
  }, {
    "id" : "s2-m10",
    "properties" : {
      "SIRE_MENTION_ROLE" : "Variable",
      "SIRE_ENTITY_SUBTYPE" : "NONE",
      "SIRE_MENTION_TYPE" : "NONE",
      "SIRE_MENTION_CLASS" : "SPC"
    },
    "type" : "Variable",
    "begin" : 298,
    "end" : 322,
    "inCoref" : false
  }, {
    "id" : "m7",
    "properties" : {
      "SIRE_MENTION_ROLE" : "relation",
      "SIRE_MENTION_CLASS" : "SPC",
      "SIRE_MENTION_TYPE" : "NONE",
      "SIRE_ENTITY_SUBTYPE" : "NONE"
    },
    "type" : "relation",
    "begin" : 327,
    "end" : 331,
    "inCoref" : false
  }, {
    "id" : "s2-m11",
    "properties" : {
      "SIRE_MENTION_ROLE" : "Variable",
      "SIRE_ENTITY_SUBTYPE" : "NONE",
      "SIRE_MENTION_TYPE" : "NONE",
      "SIRE_MENTION_CLASS" : "SPC"
    },
    "type" : "Variable",
    "begin" : 332,
    "end" : 340,
    "inCoref" : true
  }, {
    "id" : "m8",
    "properties" : {
      "SIRE_MENTION_ROLE" : "evidence",
      "SIRE_MENTION_CLASS" : "SPC",
      "SIRE_MENTION_TYPE" : "NONE",
      "SIRE_ENTITY_SUBTYPE" : "NONE"
    },
    "type" : "evidence",
    "begin" : 357,
    "end" : 365,
    "inCoref" : false
  }, {
    "id" : "s3-m2",
    "properties" : {
      "SIRE_MENTION_ROLE" : "Variable",
      "SIRE_ENTITY_SUBTYPE" : "NONE",
      "SIRE_MENTION_TYPE" : "NONE",
      "SIRE_MENTION_CLASS" : "SPC"
    },
    "type" : "Variable",
    "begin" : 458,
    "end" : 463,
    "inCoref" : false
  } ],
  "relations" : [ {
    "id" : "s2-r1",
    "properties" : { },
    "type" : "Causal",
    "args" : [ "m4", "s2-m6" ]
  }, {
    "id" : "s2-r2",
    "properties" : { },
    "type" : "Causal",
    "args" : [ "s2-m5", "s2-m6" ]
  }, {
    "id" : "s2-r3",
    "properties" : { },
    "type" : "Causal",
    "args" : [ "s2-m7", "s2-m9" ]
  }, {
    "id" : "s2-r4",
    "properties" : { },
    "type" : "Causal",
    "args" : [ "s2-m8", "s2-m9" ]
  }, {
    "id" : "s2-r5",
    "properties" : { },
    "type" : "RelateCorrelation",
    "args" : [ "s2-m10", "s2-m11" ]
  } ],
  "corefs" : [ {
    "id" : "c1",
    "properties" : { },
    "mentions" : [ "s0-m2", "s2-m6", "s2-m9", "s2-m11" ]
  } ],
  "typeResolved" : true,
  "userResolved" : false
}