{
  "id" : "40f1b1e0-3329-11ec-aeb1-4f7a687954bf-31",
  "name" : "80. Schwarze, J., & Harpfer, M. (2007.docx",
  "createdDate" : 0,
  "version" : 3,
  "text" : "\nWe link life-satisfaction data to inequality of the pre- and post-government income distribution at the regional level, to estimate the degree of inequality aversion. Three different inequality measures are used. In addition, we investigate whether a reduction in inequality by the state increases individual well-being. We find evidence that Germans are inequality averse. Inequality reduction by the state does not increase well-being. On the contrary, inequality reduction imposes an excess burden on middle-income earners. The paper uses data from the German Socio-economic Panel Study (GSOEP) from 1985 to 1998. \n\n",
  "docLength" : 0,
  "language" : "EN",
  "status" : "IN_PROGRESS",
  "modifiedDate" : 1638276955337,
  "documentSet" : [ ],
  "preannotation" : [ "PRE_LW", "PRE_SIRE" ],
  "sentences" : [ {
    "id" : "s0",
    "begin" : 1,
    "end" : 167,
    "text" : "We link life-satisfaction data to inequality of the pre- and post-government income distribution at the regional level, to estimate the degree of inequality aversion.",
    "tokens" : [ {
      "id" : "s0-t0",
      "begin" : 1,
      "end" : 3,
      "text" : "We",
      "whiteSpace" : false
    }, {
      "id" : "s0-t1",
      "begin" : 4,
      "end" : 8,
      "text" : "link",
      "whiteSpace" : false
    }, {
      "id" : "s0-t2",
      "begin" : 9,
      "end" : 13,
      "text" : "life",
      "whiteSpace" : false
    }, {
      "id" : "s0-t3",
      "begin" : 13,
      "end" : 14,
      "text" : "-",
      "whiteSpace" : false
    }, {
      "id" : "s0-t4",
      "begin" : 14,
      "end" : 26,
      "text" : "satisfaction",
      "whiteSpace" : false
    }, {
      "id" : "s0-t5",
      "begin" : 27,
      "end" : 31,
      "text" : "data",
      "whiteSpace" : false
    }, {
      "id" : "s0-t6",
      "begin" : 32,
      "end" : 34,
      "text" : "to",
      "whiteSpace" : false
    }, {
      "id" : "s0-t7",
      "begin" : 35,
      "end" : 45,
      "text" : "inequality",
      "whiteSpace" : false
    }, {
      "id" : "s0-t8",
      "begin" : 46,
      "end" : 48,
      "text" : "of",
      "whiteSpace" : false
    }, {
      "id" : "s0-t9",
      "begin" : 49,
      "end" : 52,
      "text" : "the",
      "whiteSpace" : false
    }, {
      "id" : "s0-t10",
      "begin" : 53,
      "end" : 57,
      "text" : "pre-",
      "whiteSpace" : false
    }, {
      "id" : "s0-t11",
      "begin" : 58,
      "end" : 61,
      "text" : "and",
      "whiteSpace" : false
    }, {
      "id" : "s0-t12",
      "begin" : 62,
      "end" : 77,
      "text" : "post-government",
      "whiteSpace" : false
    }, {
      "id" : "s0-t13",
      "begin" : 78,
      "end" : 84,
      "text" : "income",
      "whiteSpace" : false
    }, {
      "id" : "s0-t14",
      "begin" : 85,
      "end" : 97,
      "text" : "distribution",
      "whiteSpace" : false
    }, {
      "id" : "s0-t15",
      "begin" : 98,
      "end" : 100,
      "text" : "at",
      "whiteSpace" : false
    }, {
      "id" : "s0-t16",
      "begin" : 101,
      "end" : 104,
      "text" : "the",
      "whiteSpace" : false
    }, {
      "id" : "s0-t17",
      "begin" : 105,
      "end" : 113,
      "text" : "regional",
      "whiteSpace" : false
    }, {
      "id" : "s0-t18",
      "begin" : 114,
      "end" : 119,
      "text" : "level",
      "whiteSpace" : false
    }, {
      "id" : "s0-t19",
      "begin" : 119,
      "end" : 120,
      "text" : ",",
      "whiteSpace" : false
    }, {
      "id" : "s0-t20",
      "begin" : 121,
      "end" : 123,
      "text" : "to",
      "whiteSpace" : false
    }, {
      "id" : "s0-t21",
      "begin" : 124,
      "end" : 132,
      "text" : "estimate",
      "whiteSpace" : false
    }, {
      "id" : "s0-t22",
      "begin" : 133,
      "end" : 136,
      "text" : "the",
      "whiteSpace" : false
    }, {
      "id" : "s0-t23",
      "begin" : 137,
      "end" : 143,
      "text" : "degree",
      "whiteSpace" : false
    }, {
      "id" : "s0-t24",
      "begin" : 144,
      "end" : 146,
      "text" : "of",
      "whiteSpace" : false
    }, {
      "id" : "s0-t25",
      "begin" : 147,
      "end" : 157,
      "text" : "inequality",
      "whiteSpace" : false
    }, {
      "id" : "s0-t26",
      "begin" : 158,
      "end" : 166,
      "text" : "aversion",
      "whiteSpace" : false
    }, {
      "id" : "s0-t27",
      "begin" : 166,
      "end" : 167,
      "text" : ".",
      "whiteSpace" : false
    } ]
  }, {
    "id" : "s1",
    "begin" : 168,
    "end" : 213,
    "text" : "Three different inequality measures are used.",
    "tokens" : [ {
      "id" : "s1-t0",
      "begin" : 168,
      "end" : 173,
      "text" : "Three",
      "whiteSpace" : false
    }, {
      "id" : "s1-t1",
      "begin" : 174,
      "end" : 183,
      "text" : "different",
      "whiteSpace" : false
    }, {
      "id" : "s1-t2",
      "begin" : 184,
      "end" : 194,
      "text" : "inequality",
      "whiteSpace" : false
    }, {
      "id" : "s1-t3",
      "begin" : 195,
      "end" : 203,
      "text" : "measures",
      "whiteSpace" : false
    }, {
      "id" : "s1-t4",
      "begin" : 204,
      "end" : 207,
      "text" : "are",
      "whiteSpace" : false
    }, {
      "id" : "s1-t5",
      "begin" : 208,
      "end" : 212,
      "text" : "used",
      "whiteSpace" : false
    }, {
      "id" : "s1-t6",
      "begin" : 212,
      "end" : 213,
      "text" : ".",
      "whiteSpace" : false
    } ]
  }, {
    "id" : "s2",
    "begin" : 214,
    "end" : 321,
    "text" : "In addition, we investigate whether a reduction in inequality by the state increases individual well-being.",
    "tokens" : [ {
      "id" : "s2-t0",
      "begin" : 214,
      "end" : 216,
      "text" : "In",
      "whiteSpace" : false
    }, {
      "id" : "s2-t1",
      "begin" : 217,
      "end" : 225,
      "text" : "addition",
      "whiteSpace" : false
    }, {
      "id" : "s2-t2",
      "begin" : 225,
      "end" : 226,
      "text" : ",",
      "whiteSpace" : false
    }, {
      "id" : "s2-t3",
      "begin" : 227,
      "end" : 229,
      "text" : "we",
      "whiteSpace" : false
    }, {
      "id" : "s2-t4",
      "begin" : 230,
      "end" : 241,
      "text" : "investigate",
      "whiteSpace" : false
    }, {
      "id" : "s2-t5",
      "begin" : 242,
      "end" : 249,
      "text" : "whether",
      "whiteSpace" : false
    }, {
      "id" : "s2-t6",
      "begin" : 250,
      "end" : 251,
      "text" : "a",
      "whiteSpace" : false
    }, {
      "id" : "s2-t7",
      "begin" : 252,
      "end" : 261,
      "text" : "reduction",
      "whiteSpace" : false
    }, {
      "id" : "s2-t8",
      "begin" : 262,
      "end" : 264,
      "text" : "in",
      "whiteSpace" : false
    }, {
      "id" : "s2-t9",
      "begin" : 265,
      "end" : 275,
      "text" : "inequality",
      "whiteSpace" : false
    }, {
      "id" : "s2-t10",
      "begin" : 276,
      "end" : 278,
      "text" : "by",
      "whiteSpace" : false
    }, {
      "id" : "s2-t11",
      "begin" : 279,
      "end" : 282,
      "text" : "the",
      "whiteSpace" : false
    }, {
      "id" : "s2-t12",
      "begin" : 283,
      "end" : 288,
      "text" : "state",
      "whiteSpace" : false
    }, {
      "id" : "s2-t13",
      "begin" : 289,
      "end" : 298,
      "text" : "increases",
      "whiteSpace" : false
    }, {
      "id" : "s2-t14",
      "begin" : 299,
      "end" : 309,
      "text" : "individual",
      "whiteSpace" : false
    }, {
      "id" : "s2-t15",
      "begin" : 310,
      "end" : 314,
      "text" : "well",
      "whiteSpace" : false
    }, {
      "id" : "s2-t16",
      "begin" : 314,
      "end" : 315,
      "text" : "-",
      "whiteSpace" : false
    }, {
      "id" : "s2-t17",
      "begin" : 315,
      "end" : 320,
      "text" : "being",
      "whiteSpace" : false
    }, {
      "id" : "s2-t18",
      "begin" : 320,
      "end" : 321,
      "text" : ".",
      "whiteSpace" : false
    } ]
  }, {
    "id" : "s3",
    "begin" : 322,
    "end" : 374,
    "text" : "We find evidence that Germans are inequality averse.",
    "tokens" : [ {
      "id" : "s3-t0",
      "begin" : 322,
      "end" : 324,
      "text" : "We",
      "whiteSpace" : false
    }, {
      "id" : "s3-t1",
      "begin" : 325,
      "end" : 329,
      "text" : "find",
      "whiteSpace" : false
    }, {
      "id" : "s3-t2",
      "begin" : 330,
      "end" : 338,
      "text" : "evidence",
      "whiteSpace" : false
    }, {
      "id" : "s3-t3",
      "begin" : 339,
      "end" : 343,
      "text" : "that",
      "whiteSpace" : false
    }, {
      "id" : "s3-t4",
      "begin" : 344,
      "end" : 351,
      "text" : "Germans",
      "whiteSpace" : false
    }, {
      "id" : "s3-t5",
      "begin" : 352,
      "end" : 355,
      "text" : "are",
      "whiteSpace" : false
    }, {
      "id" : "s3-t6",
      "begin" : 356,
      "end" : 366,
      "text" : "inequality",
      "whiteSpace" : false
    }, {
      "id" : "s3-t7",
      "begin" : 367,
      "end" : 373,
      "text" : "averse",
      "whiteSpace" : false
    }, {
      "id" : "s3-t8",
      "begin" : 373,
      "end" : 374,
      "text" : ".",
      "whiteSpace" : false
    } ]
  }, {
    "id" : "s4",
    "begin" : 375,
    "end" : 438,
    "text" : "Inequality reduction by the state does not increase well-being.",
    "tokens" : [ {
      "id" : "s4-t0",
      "begin" : 375,
      "end" : 385,
      "text" : "Inequality",
      "whiteSpace" : false
    }, {
      "id" : "s4-t1",
      "begin" : 386,
      "end" : 395,
      "text" : "reduction",
      "whiteSpace" : false
    }, {
      "id" : "s4-t2",
      "begin" : 396,
      "end" : 398,
      "text" : "by",
      "whiteSpace" : false
    }, {
      "id" : "s4-t3",
      "begin" : 399,
      "end" : 402,
      "text" : "the",
      "whiteSpace" : false
    }, {
      "id" : "s4-t4",
      "begin" : 403,
      "end" : 408,
      "text" : "state",
      "whiteSpace" : false
    }, {
      "id" : "s4-t5",
      "begin" : 409,
      "end" : 413,
      "text" : "does",
      "whiteSpace" : false
    }, {
      "id" : "s4-t6",
      "begin" : 414,
      "end" : 417,
      "text" : "not",
      "whiteSpace" : false
    }, {
      "id" : "s4-t7",
      "begin" : 418,
      "end" : 426,
      "text" : "increase",
      "whiteSpace" : false
    }, {
      "id" : "s4-t8",
      "begin" : 427,
      "end" : 431,
      "text" : "well",
      "whiteSpace" : false
    }, {
      "id" : "s4-t9",
      "begin" : 431,
      "end" : 432,
      "text" : "-",
      "whiteSpace" : false
    }, {
      "id" : "s4-t10",
      "begin" : 432,
      "end" : 437,
      "text" : "being",
      "whiteSpace" : false
    }, {
      "id" : "s4-t11",
      "begin" : 437,
      "end" : 438,
      "text" : ".",
      "whiteSpace" : false
    } ]
  }, {
    "id" : "s5",
    "begin" : 439,
    "end" : 527,
    "text" : "On the contrary, inequality reduction imposes an excess burden on middle-income earners.",
    "tokens" : [ {
      "id" : "s5-t0",
      "begin" : 439,
      "end" : 441,
      "text" : "On",
      "whiteSpace" : false
    }, {
      "id" : "s5-t1",
      "begin" : 442,
      "end" : 445,
      "text" : "the",
      "whiteSpace" : false
    }, {
      "id" : "s5-t2",
      "begin" : 446,
      "end" : 454,
      "text" : "contrary",
      "whiteSpace" : false
    }, {
      "id" : "s5-t3",
      "begin" : 454,
      "end" : 455,
      "text" : ",",
      "whiteSpace" : false
    }, {
      "id" : "s5-t4",
      "begin" : 456,
      "end" : 466,
      "text" : "inequality",
      "whiteSpace" : false
    }, {
      "id" : "s5-t5",
      "begin" : 467,
      "end" : 476,
      "text" : "reduction",
      "whiteSpace" : false
    }, {
      "id" : "s5-t6",
      "begin" : 477,
      "end" : 484,
      "text" : "imposes",
      "whiteSpace" : false
    }, {
      "id" : "s5-t7",
      "begin" : 485,
      "end" : 487,
      "text" : "an",
      "whiteSpace" : false
    }, {
      "id" : "s5-t8",
      "begin" : 488,
      "end" : 494,
      "text" : "excess",
      "whiteSpace" : false
    }, {
      "id" : "s5-t9",
      "begin" : 495,
      "end" : 501,
      "text" : "burden",
      "whiteSpace" : false
    }, {
      "id" : "s5-t10",
      "begin" : 502,
      "end" : 504,
      "text" : "on",
      "whiteSpace" : false
    }, {
      "id" : "s5-t11",
      "begin" : 505,
      "end" : 518,
      "text" : "middle-income",
      "whiteSpace" : false
    }, {
      "id" : "s5-t12",
      "begin" : 519,
      "end" : 526,
      "text" : "earners",
      "whiteSpace" : false
    }, {
      "id" : "s5-t13",
      "begin" : 526,
      "end" : 527,
      "text" : ".",
      "whiteSpace" : false
    } ]
  }, {
    "id" : "s6",
    "begin" : 528,
    "end" : 617,
    "text" : "The paper uses data from the German Socio-economic Panel Study (GSOEP) from 1985 to 1998.",
    "tokens" : [ {
      "id" : "s6-t0",
      "begin" : 528,
      "end" : 531,
      "text" : "The",
      "whiteSpace" : false
    }, {
      "id" : "s6-t1",
      "begin" : 532,
      "end" : 537,
      "text" : "paper",
      "whiteSpace" : false
    }, {
      "id" : "s6-t2",
      "begin" : 538,
      "end" : 542,
      "text" : "uses",
      "whiteSpace" : false
    }, {
      "id" : "s6-t3",
      "begin" : 543,
      "end" : 547,
      "text" : "data",
      "whiteSpace" : false
    }, {
      "id" : "s6-t4",
      "begin" : 548,
      "end" : 552,
      "text" : "from",
      "whiteSpace" : false
    }, {
      "id" : "s6-t5",
      "begin" : 553,
      "end" : 556,
      "text" : "the",
      "whiteSpace" : false
    }, {
      "id" : "s6-t6",
      "begin" : 557,
      "end" : 563,
      "text" : "German",
      "whiteSpace" : false
    }, {
      "id" : "s6-t7",
      "begin" : 564,
      "end" : 578,
      "text" : "Socio-economic",
      "whiteSpace" : false
    }, {
      "id" : "s6-t8",
      "begin" : 579,
      "end" : 584,
      "text" : "Panel",
      "whiteSpace" : false
    }, {
      "id" : "s6-t9",
      "begin" : 585,
      "end" : 590,
      "text" : "Study",
      "whiteSpace" : false
    }, {
      "id" : "s6-t10",
      "begin" : 591,
      "end" : 592,
      "text" : "(",
      "whiteSpace" : false
    }, {
      "id" : "s6-t11",
      "begin" : 592,
      "end" : 597,
      "text" : "GSOEP",
      "whiteSpace" : false
    }, {
      "id" : "s6-t12",
      "begin" : 597,
      "end" : 598,
      "text" : ")",
      "whiteSpace" : false
    }, {
      "id" : "s6-t13",
      "begin" : 599,
      "end" : 603,
      "text" : "from",
      "whiteSpace" : false
    }, {
      "id" : "s6-t14",
      "begin" : 604,
      "end" : 608,
      "text" : "1985",
      "whiteSpace" : false
    }, {
      "id" : "s6-t15",
      "begin" : 609,
      "end" : 611,
      "text" : "to",
      "whiteSpace" : false
    }, {
      "id" : "s6-t16",
      "begin" : 612,
      "end" : 616,
      "text" : "1998",
      "whiteSpace" : false
    }, {
      "id" : "s6-t17",
      "begin" : 616,
      "end" : 617,
      "text" : ".",
      "whiteSpace" : false
    } ]
  } ],
  "mentions" : [ {
    "id" : "m1",
    "properties" : {
      "SIRE_MENTION_ROLE" : "relation",
      "SIRE_MENTION_CLASS" : "SPC",
      "SIRE_MENTION_TYPE" : "NONE",
      "SIRE_ENTITY_SUBTYPE" : "NONE"
    },
    "type" : "relation",
    "begin" : 4,
    "end" : 8,
    "inCoref" : false
  }, {
    "id" : "s0-m6",
    "properties" : {
      "SIRE_MENTION_ROLE" : "Variable",
      "SIRE_ENTITY_SUBTYPE" : "NONE",
      "SIRE_MENTION_TYPE" : "NONE",
      "SIRE_MENTION_CLASS" : "SPC"
    },
    "type" : "Variable",
    "begin" : 9,
    "end" : 26,
    "inCoref" : false
  }, {
    "id" : "m2",
    "properties" : {
      "SIRE_MENTION_ROLE" : "Variable",
      "SIRE_MENTION_CLASS" : "SPC",
      "SIRE_MENTION_TYPE" : "NONE",
      "SIRE_ENTITY_SUBTYPE" : "NONE"
    },
    "type" : "Variable",
    "begin" : 35,
    "end" : 45,
    "inCoref" : true
  }, {
    "id" : "m3",
    "properties" : {
      "SIRE_MENTION_ROLE" : "Variable",
      "SIRE_MENTION_CLASS" : "SPC",
      "SIRE_MENTION_TYPE" : "NONE",
      "SIRE_ENTITY_SUBTYPE" : "NONE"
    },
    "type" : "Variable",
    "begin" : 78,
    "end" : 97,
    "inCoref" : false
  }, {
    "id" : "m4",
    "properties" : {
      "SIRE_MENTION_ROLE" : "evidence",
      "SIRE_MENTION_CLASS" : "SPC",
      "SIRE_MENTION_TYPE" : "NONE",
      "SIRE_ENTITY_SUBTYPE" : "NONE"
    },
    "type" : "evidence",
    "begin" : 124,
    "end" : 132,
    "inCoref" : false
  }, {
    "id" : "m5",
    "properties" : {
      "SIRE_MENTION_ROLE" : "Variable",
      "SIRE_MENTION_CLASS" : "SPC",
      "SIRE_MENTION_TYPE" : "NONE",
      "SIRE_ENTITY_SUBTYPE" : "NONE"
    },
    "type" : "Variable",
    "begin" : 147,
    "end" : 166,
    "inCoref" : true
  }, {
    "id" : "m6",
    "properties" : {
      "SIRE_MENTION_ROLE" : "Variable",
      "SIRE_MENTION_CLASS" : "SPC",
      "SIRE_MENTION_TYPE" : "NONE",
      "SIRE_ENTITY_SUBTYPE" : "NONE"
    },
    "type" : "Variable",
    "begin" : 184,
    "end" : 194,
    "inCoref" : true
  }, {
    "id" : "m17",
    "properties" : {
      "SIRE_ENTITY_LEVEL" : "NONE",
      "SIRE_MENTION_ROLE" : "evidence",
      "SIRE_MENTION_CLASS" : "SPC",
      "SIRE_MENTION_TYPE" : "NONE",
      "SIRE_ENTITY_CLASS" : "SPC",
      "SIRE_ENTITY_SUBTYPE" : "NONE"
    },
    "type" : "evidence",
    "begin" : 230,
    "end" : 241,
    "inCoref" : false
  }, {
    "id" : "m7",
    "properties" : {
      "SIRE_MENTION_ROLE" : "relation",
      "SIRE_MENTION_CLASS" : "SPC",
      "SIRE_MENTION_TYPE" : "NONE",
      "SIRE_ENTITY_SUBTYPE" : "NONE"
    },
    "type" : "relation",
    "begin" : 252,
    "end" : 264,
    "inCoref" : false
  }, {
    "id" : "m8",
    "properties" : {
      "SIRE_MENTION_ROLE" : "Variable",
      "SIRE_MENTION_CLASS" : "SPC",
      "SIRE_MENTION_TYPE" : "NONE",
      "SIRE_ENTITY_SUBTYPE" : "NONE"
    },
    "type" : "Variable",
    "begin" : 265,
    "end" : 275,
    "inCoref" : true
  }, {
    "id" : "m9",
    "properties" : {
      "SIRE_MENTION_ROLE" : "relation",
      "SIRE_MENTION_CLASS" : "SPC",
      "SIRE_MENTION_TYPE" : "NONE",
      "SIRE_ENTITY_SUBTYPE" : "NONE"
    },
    "type" : "relation",
    "begin" : 289,
    "end" : 298,
    "inCoref" : false
  }, {
    "id" : "m18",
    "properties" : {
      "SIRE_ENTITY_LEVEL" : "NONE",
      "SIRE_MENTION_ROLE" : "Variable",
      "SIRE_MENTION_CLASS" : "SPC",
      "SIRE_MENTION_TYPE" : "NONE",
      "SIRE_ENTITY_CLASS" : "SPC",
      "SIRE_ENTITY_SUBTYPE" : "NONE"
    },
    "type" : "Variable",
    "begin" : 299,
    "end" : 320,
    "inCoref" : true
  }, {
    "id" : "m10",
    "properties" : {
      "SIRE_MENTION_ROLE" : "evidence",
      "SIRE_MENTION_CLASS" : "SPC",
      "SIRE_MENTION_TYPE" : "NONE",
      "SIRE_ENTITY_SUBTYPE" : "NONE"
    },
    "type" : "evidence",
    "begin" : 325,
    "end" : 329,
    "inCoref" : false
  }, {
    "id" : "m11",
    "properties" : {
      "SIRE_MENTION_ROLE" : "evidence",
      "SIRE_MENTION_CLASS" : "SPC",
      "SIRE_MENTION_TYPE" : "NONE",
      "SIRE_ENTITY_SUBTYPE" : "NONE"
    },
    "type" : "evidence",
    "begin" : 330,
    "end" : 338,
    "inCoref" : false
  }, {
    "id" : "m12",
    "properties" : {
      "SIRE_MENTION_ROLE" : "Variable",
      "SIRE_MENTION_CLASS" : "SPC",
      "SIRE_MENTION_TYPE" : "NONE",
      "SIRE_ENTITY_SUBTYPE" : "NONE"
    },
    "type" : "Variable",
    "begin" : 356,
    "end" : 373,
    "inCoref" : true
  }, {
    "id" : "m13",
    "properties" : {
      "SIRE_MENTION_ROLE" : "Variable",
      "SIRE_MENTION_CLASS" : "SPC",
      "SIRE_MENTION_TYPE" : "NONE",
      "SIRE_ENTITY_SUBTYPE" : "NONE"
    },
    "type" : "Variable",
    "begin" : 375,
    "end" : 385,
    "inCoref" : true
  }, {
    "id" : "s4-m5",
    "properties" : {
      "SIRE_MENTION_ROLE" : "relation",
      "SIRE_ENTITY_SUBTYPE" : "NONE",
      "SIRE_MENTION_TYPE" : "NONE",
      "SIRE_MENTION_CLASS" : "SPC"
    },
    "type" : "relation",
    "begin" : 386,
    "end" : 395,
    "inCoref" : false
  }, {
    "id" : "s4-m3",
    "properties" : {
      "SIRE_MENTION_ROLE" : "negation",
      "SIRE_ENTITY_SUBTYPE" : "NONE",
      "SIRE_MENTION_TYPE" : "NONE",
      "SIRE_MENTION_CLASS" : "SPC"
    },
    "type" : "negation",
    "begin" : 414,
    "end" : 417,
    "inCoref" : false
  }, {
    "id" : "m14",
    "properties" : {
      "SIRE_MENTION_ROLE" : "relation",
      "SIRE_MENTION_CLASS" : "SPC",
      "SIRE_MENTION_TYPE" : "NONE",
      "SIRE_ENTITY_SUBTYPE" : "NONE"
    },
    "type" : "relation",
    "begin" : 418,
    "end" : 426,
    "inCoref" : false
  }, {
    "id" : "s4-m4",
    "properties" : {
      "SIRE_MENTION_ROLE" : "Variable",
      "SIRE_ENTITY_SUBTYPE" : "NONE",
      "SIRE_MENTION_TYPE" : "NONE",
      "SIRE_MENTION_CLASS" : "SPC"
    },
    "type" : "Variable",
    "begin" : 427,
    "end" : 437,
    "inCoref" : true
  }, {
    "id" : "m15",
    "properties" : {
      "SIRE_MENTION_ROLE" : "Variable",
      "SIRE_MENTION_CLASS" : "SPC",
      "SIRE_MENTION_TYPE" : "NONE",
      "SIRE_ENTITY_SUBTYPE" : "NONE"
    },
    "type" : "Variable",
    "begin" : 456,
    "end" : 466,
    "inCoref" : true
  }, {
    "id" : "m16",
    "properties" : {
      "SIRE_MENTION_ROLE" : "evidence",
      "SIRE_MENTION_CLASS" : "SPC",
      "SIRE_MENTION_TYPE" : "NONE",
      "SIRE_ENTITY_SUBTYPE" : "NONE"
    },
    "type" : "evidence",
    "begin" : 585,
    "end" : 590,
    "inCoref" : false
  } ],
  "relations" : [ {
    "id" : "r1",
    "properties" : {
      "SIRE_RELATION_TENSE" : "UNSPECIFIED",
      "SIRE_RELATION_CLASS" : "SPECIFIC",
      "SIRE_RELATION_MODALITY" : "ASSERTED",
      "SIRE_RELATION_SUBTYPE" : "OTHER"
    },
    "type" : "Causal",
    "args" : [ "m8", "m18" ]
  }, {
    "id" : "s4-r1",
    "properties" : { },
    "type" : "NoRelation",
    "args" : [ "m13", "s4-m4" ]
  } ],
  "corefs" : [ {
    "id" : "c2",
    "properties" : { },
    "mentions" : [ "m2", "m6", "m8", "m13", "m15" ]
  }, {
    "id" : "c3",
    "properties" : { },
    "mentions" : [ "m18", "s4-m4" ]
  }, {
    "id" : "c4",
    "properties" : { },
    "mentions" : [ "m12", "m5" ]
  } ],
  "typeResolved" : true,
  "userResolved" : false
}