{
  "id" : "40f1b1e0-3329-11ec-aeb1-4f7a687954bf-0",
  "name" : "1. Acemoglu, D., & Pischke, J.-S. (2001, .docx",
  "createdDate" : 0,
  "version" : 3,
  "text" : "We exploit the changes in the distribution of family income to estimate the effect of parental resources on college education. Our strategy exploits the fact that families at the bottom of the incomedistribution were much poorer in the 1990s than they were in the 1970s, while the opposite is true for families in the top quartile of the distribution. Our estimates suggest large effects of family income on enrollments. For example, we find that a 10 percent increase in family income is associated with a 1.4 percent increase in the probability of attending a four-year college.\n\n",
  "docLength" : 0,
  "language" : "EN",
  "status" : "IN_PROGRESS",
  "modifiedDate" : 1638273132061,
  "documentSet" : [ ],
  "preannotation" : [ "PRE_LW", "PRE_SIRE" ],
  "sentences" : [ {
    "id" : "s0",
    "begin" : 0,
    "end" : 126,
    "text" : "We exploit the changes in the distribution of family income to estimate the effect of parental resources on college education.",
    "tokens" : [ {
      "id" : "s0-t0",
      "begin" : 0,
      "end" : 2,
      "text" : "We",
      "whiteSpace" : false
    }, {
      "id" : "s0-t1",
      "begin" : 3,
      "end" : 10,
      "text" : "exploit",
      "whiteSpace" : false
    }, {
      "id" : "s0-t2",
      "begin" : 11,
      "end" : 14,
      "text" : "the",
      "whiteSpace" : false
    }, {
      "id" : "s0-t3",
      "begin" : 15,
      "end" : 22,
      "text" : "changes",
      "whiteSpace" : false
    }, {
      "id" : "s0-t4",
      "begin" : 23,
      "end" : 25,
      "text" : "in",
      "whiteSpace" : false
    }, {
      "id" : "s0-t5",
      "begin" : 26,
      "end" : 29,
      "text" : "the",
      "whiteSpace" : false
    }, {
      "id" : "s0-t6",
      "begin" : 30,
      "end" : 42,
      "text" : "distribution",
      "whiteSpace" : false
    }, {
      "id" : "s0-t7",
      "begin" : 43,
      "end" : 45,
      "text" : "of",
      "whiteSpace" : false
    }, {
      "id" : "s0-t8",
      "begin" : 46,
      "end" : 52,
      "text" : "family",
      "whiteSpace" : false
    }, {
      "id" : "s0-t9",
      "begin" : 53,
      "end" : 59,
      "text" : "income",
      "whiteSpace" : false
    }, {
      "id" : "s0-t10",
      "begin" : 60,
      "end" : 62,
      "text" : "to",
      "whiteSpace" : false
    }, {
      "id" : "s0-t11",
      "begin" : 63,
      "end" : 71,
      "text" : "estimate",
      "whiteSpace" : false
    }, {
      "id" : "s0-t12",
      "begin" : 72,
      "end" : 75,
      "text" : "the",
      "whiteSpace" : false
    }, {
      "id" : "s0-t13",
      "begin" : 76,
      "end" : 82,
      "text" : "effect",
      "whiteSpace" : false
    }, {
      "id" : "s0-t14",
      "begin" : 83,
      "end" : 85,
      "text" : "of",
      "whiteSpace" : false
    }, {
      "id" : "s0-t15",
      "begin" : 86,
      "end" : 94,
      "text" : "parental",
      "whiteSpace" : false
    }, {
      "id" : "s0-t16",
      "begin" : 95,
      "end" : 104,
      "text" : "resources",
      "whiteSpace" : false
    }, {
      "id" : "s0-t17",
      "begin" : 105,
      "end" : 107,
      "text" : "on",
      "whiteSpace" : false
    }, {
      "id" : "s0-t18",
      "begin" : 108,
      "end" : 115,
      "text" : "college",
      "whiteSpace" : false
    }, {
      "id" : "s0-t19",
      "begin" : 116,
      "end" : 125,
      "text" : "education",
      "whiteSpace" : false
    }, {
      "id" : "s0-t20",
      "begin" : 125,
      "end" : 126,
      "text" : ".",
      "whiteSpace" : false
    } ]
  }, {
    "id" : "s1",
    "begin" : 127,
    "end" : 351,
    "text" : "Our strategy exploits the fact that families at the bottom of the incomedistribution were much poorer in the 1990s than they were in the 1970s, while the opposite is true for families in the top quartile of the distribution.",
    "tokens" : [ {
      "id" : "s1-t0",
      "begin" : 127,
      "end" : 130,
      "text" : "Our",
      "whiteSpace" : false
    }, {
      "id" : "s1-t1",
      "begin" : 131,
      "end" : 139,
      "text" : "strategy",
      "whiteSpace" : false
    }, {
      "id" : "s1-t2",
      "begin" : 140,
      "end" : 148,
      "text" : "exploits",
      "whiteSpace" : false
    }, {
      "id" : "s1-t3",
      "begin" : 149,
      "end" : 152,
      "text" : "the",
      "whiteSpace" : false
    }, {
      "id" : "s1-t4",
      "begin" : 153,
      "end" : 157,
      "text" : "fact",
      "whiteSpace" : false
    }, {
      "id" : "s1-t5",
      "begin" : 158,
      "end" : 162,
      "text" : "that",
      "whiteSpace" : false
    }, {
      "id" : "s1-t6",
      "begin" : 163,
      "end" : 171,
      "text" : "families",
      "whiteSpace" : false
    }, {
      "id" : "s1-t7",
      "begin" : 172,
      "end" : 174,
      "text" : "at",
      "whiteSpace" : false
    }, {
      "id" : "s1-t8",
      "begin" : 175,
      "end" : 178,
      "text" : "the",
      "whiteSpace" : false
    }, {
      "id" : "s1-t9",
      "begin" : 179,
      "end" : 185,
      "text" : "bottom",
      "whiteSpace" : false
    }, {
      "id" : "s1-t10",
      "begin" : 186,
      "end" : 188,
      "text" : "of",
      "whiteSpace" : false
    }, {
      "id" : "s1-t11",
      "begin" : 189,
      "end" : 192,
      "text" : "the",
      "whiteSpace" : false
    }, {
      "id" : "s1-t12",
      "begin" : 193,
      "end" : 211,
      "text" : "incomedistribution",
      "whiteSpace" : false
    }, {
      "id" : "s1-t13",
      "begin" : 212,
      "end" : 216,
      "text" : "were",
      "whiteSpace" : false
    }, {
      "id" : "s1-t14",
      "begin" : 217,
      "end" : 221,
      "text" : "much",
      "whiteSpace" : false
    }, {
      "id" : "s1-t15",
      "begin" : 222,
      "end" : 228,
      "text" : "poorer",
      "whiteSpace" : false
    }, {
      "id" : "s1-t16",
      "begin" : 229,
      "end" : 231,
      "text" : "in",
      "whiteSpace" : false
    }, {
      "id" : "s1-t17",
      "begin" : 232,
      "end" : 235,
      "text" : "the",
      "whiteSpace" : false
    }, {
      "id" : "s1-t18",
      "begin" : 236,
      "end" : 241,
      "text" : "1990s",
      "whiteSpace" : false
    }, {
      "id" : "s1-t19",
      "begin" : 242,
      "end" : 246,
      "text" : "than",
      "whiteSpace" : false
    }, {
      "id" : "s1-t20",
      "begin" : 247,
      "end" : 251,
      "text" : "they",
      "whiteSpace" : false
    }, {
      "id" : "s1-t21",
      "begin" : 252,
      "end" : 256,
      "text" : "were",
      "whiteSpace" : false
    }, {
      "id" : "s1-t22",
      "begin" : 257,
      "end" : 259,
      "text" : "in",
      "whiteSpace" : false
    }, {
      "id" : "s1-t23",
      "begin" : 260,
      "end" : 263,
      "text" : "the",
      "whiteSpace" : false
    }, {
      "id" : "s1-t24",
      "begin" : 264,
      "end" : 269,
      "text" : "1970s",
      "whiteSpace" : false
    }, {
      "id" : "s1-t25",
      "begin" : 269,
      "end" : 270,
      "text" : ",",
      "whiteSpace" : false
    }, {
      "id" : "s1-t26",
      "begin" : 271,
      "end" : 276,
      "text" : "while",
      "whiteSpace" : false
    }, {
      "id" : "s1-t27",
      "begin" : 277,
      "end" : 280,
      "text" : "the",
      "whiteSpace" : false
    }, {
      "id" : "s1-t28",
      "begin" : 281,
      "end" : 289,
      "text" : "opposite",
      "whiteSpace" : false
    }, {
      "id" : "s1-t29",
      "begin" : 290,
      "end" : 292,
      "text" : "is",
      "whiteSpace" : false
    }, {
      "id" : "s1-t30",
      "begin" : 293,
      "end" : 297,
      "text" : "true",
      "whiteSpace" : false
    }, {
      "id" : "s1-t31",
      "begin" : 298,
      "end" : 301,
      "text" : "for",
      "whiteSpace" : false
    }, {
      "id" : "s1-t32",
      "begin" : 302,
      "end" : 310,
      "text" : "families",
      "whiteSpace" : false
    }, {
      "id" : "s1-t33",
      "begin" : 311,
      "end" : 313,
      "text" : "in",
      "whiteSpace" : false
    }, {
      "id" : "s1-t34",
      "begin" : 314,
      "end" : 317,
      "text" : "the",
      "whiteSpace" : false
    }, {
      "id" : "s1-t35",
      "begin" : 318,
      "end" : 321,
      "text" : "top",
      "whiteSpace" : false
    }, {
      "id" : "s1-t36",
      "begin" : 322,
      "end" : 330,
      "text" : "quartile",
      "whiteSpace" : false
    }, {
      "id" : "s1-t37",
      "begin" : 331,
      "end" : 333,
      "text" : "of",
      "whiteSpace" : false
    }, {
      "id" : "s1-t38",
      "begin" : 334,
      "end" : 337,
      "text" : "the",
      "whiteSpace" : false
    }, {
      "id" : "s1-t39",
      "begin" : 338,
      "end" : 350,
      "text" : "distribution",
      "whiteSpace" : false
    }, {
      "id" : "s1-t40",
      "begin" : 350,
      "end" : 351,
      "text" : ".",
      "whiteSpace" : false
    } ]
  }, {
    "id" : "s2",
    "begin" : 352,
    "end" : 420,
    "text" : "Our estimates suggest large effects of family income on enrollments.",
    "tokens" : [ {
      "id" : "s2-t0",
      "begin" : 352,
      "end" : 355,
      "text" : "Our",
      "whiteSpace" : false
    }, {
      "id" : "s2-t1",
      "begin" : 356,
      "end" : 365,
      "text" : "estimates",
      "whiteSpace" : false
    }, {
      "id" : "s2-t2",
      "begin" : 366,
      "end" : 373,
      "text" : "suggest",
      "whiteSpace" : false
    }, {
      "id" : "s2-t3",
      "begin" : 374,
      "end" : 379,
      "text" : "large",
      "whiteSpace" : false
    }, {
      "id" : "s2-t4",
      "begin" : 380,
      "end" : 387,
      "text" : "effects",
      "whiteSpace" : false
    }, {
      "id" : "s2-t5",
      "begin" : 388,
      "end" : 390,
      "text" : "of",
      "whiteSpace" : false
    }, {
      "id" : "s2-t6",
      "begin" : 391,
      "end" : 397,
      "text" : "family",
      "whiteSpace" : false
    }, {
      "id" : "s2-t7",
      "begin" : 398,
      "end" : 404,
      "text" : "income",
      "whiteSpace" : false
    }, {
      "id" : "s2-t8",
      "begin" : 405,
      "end" : 407,
      "text" : "on",
      "whiteSpace" : false
    }, {
      "id" : "s2-t9",
      "begin" : 408,
      "end" : 419,
      "text" : "enrollments",
      "whiteSpace" : false
    }, {
      "id" : "s2-t10",
      "begin" : 419,
      "end" : 420,
      "text" : ".",
      "whiteSpace" : false
    } ]
  }, {
    "id" : "s3",
    "begin" : 421,
    "end" : 580,
    "text" : "For example, we find that a 10 percent increase in family income is associated with a 1.4 percent increase in the probability of attending a four-year college.",
    "tokens" : [ {
      "id" : "s3-t0",
      "begin" : 421,
      "end" : 424,
      "text" : "For",
      "whiteSpace" : false
    }, {
      "id" : "s3-t1",
      "begin" : 425,
      "end" : 432,
      "text" : "example",
      "whiteSpace" : false
    }, {
      "id" : "s3-t2",
      "begin" : 432,
      "end" : 433,
      "text" : ",",
      "whiteSpace" : false
    }, {
      "id" : "s3-t3",
      "begin" : 434,
      "end" : 436,
      "text" : "we",
      "whiteSpace" : false
    }, {
      "id" : "s3-t4",
      "begin" : 437,
      "end" : 441,
      "text" : "find",
      "whiteSpace" : false
    }, {
      "id" : "s3-t5",
      "begin" : 442,
      "end" : 446,
      "text" : "that",
      "whiteSpace" : false
    }, {
      "id" : "s3-t6",
      "begin" : 447,
      "end" : 448,
      "text" : "a",
      "whiteSpace" : false
    }, {
      "id" : "s3-t7",
      "begin" : 449,
      "end" : 451,
      "text" : "10",
      "whiteSpace" : false
    }, {
      "id" : "s3-t8",
      "begin" : 452,
      "end" : 459,
      "text" : "percent",
      "whiteSpace" : false
    }, {
      "id" : "s3-t9",
      "begin" : 460,
      "end" : 468,
      "text" : "increase",
      "whiteSpace" : false
    }, {
      "id" : "s3-t10",
      "begin" : 469,
      "end" : 471,
      "text" : "in",
      "whiteSpace" : false
    }, {
      "id" : "s3-t11",
      "begin" : 472,
      "end" : 478,
      "text" : "family",
      "whiteSpace" : false
    }, {
      "id" : "s3-t12",
      "begin" : 479,
      "end" : 485,
      "text" : "income",
      "whiteSpace" : false
    }, {
      "id" : "s3-t13",
      "begin" : 486,
      "end" : 488,
      "text" : "is",
      "whiteSpace" : false
    }, {
      "id" : "s3-t14",
      "begin" : 489,
      "end" : 499,
      "text" : "associated",
      "whiteSpace" : false
    }, {
      "id" : "s3-t15",
      "begin" : 500,
      "end" : 504,
      "text" : "with",
      "whiteSpace" : false
    }, {
      "id" : "s3-t16",
      "begin" : 505,
      "end" : 506,
      "text" : "a",
      "whiteSpace" : false
    }, {
      "id" : "s3-t17",
      "begin" : 507,
      "end" : 510,
      "text" : "1.4",
      "whiteSpace" : false
    }, {
      "id" : "s3-t18",
      "begin" : 511,
      "end" : 518,
      "text" : "percent",
      "whiteSpace" : false
    }, {
      "id" : "s3-t19",
      "begin" : 519,
      "end" : 527,
      "text" : "increase",
      "whiteSpace" : false
    }, {
      "id" : "s3-t20",
      "begin" : 528,
      "end" : 530,
      "text" : "in",
      "whiteSpace" : false
    }, {
      "id" : "s3-t21",
      "begin" : 531,
      "end" : 534,
      "text" : "the",
      "whiteSpace" : false
    }, {
      "id" : "s3-t22",
      "begin" : 535,
      "end" : 546,
      "text" : "probability",
      "whiteSpace" : false
    }, {
      "id" : "s3-t23",
      "begin" : 547,
      "end" : 549,
      "text" : "of",
      "whiteSpace" : false
    }, {
      "id" : "s3-t24",
      "begin" : 550,
      "end" : 559,
      "text" : "attending",
      "whiteSpace" : false
    }, {
      "id" : "s3-t25",
      "begin" : 560,
      "end" : 561,
      "text" : "a",
      "whiteSpace" : false
    }, {
      "id" : "s3-t26",
      "begin" : 562,
      "end" : 571,
      "text" : "four-year",
      "whiteSpace" : false
    }, {
      "id" : "s3-t27",
      "begin" : 572,
      "end" : 579,
      "text" : "college",
      "whiteSpace" : false
    }, {
      "id" : "s3-t28",
      "begin" : 579,
      "end" : 580,
      "text" : ".",
      "whiteSpace" : false
    } ]
  } ],
  "mentions" : [ {
    "id" : "m11",
    "properties" : {
      "SIRE_ENTITY_LEVEL" : "NONE",
      "SIRE_MENTION_ROLE" : "evidence",
      "SIRE_MENTION_CLASS" : "SPC",
      "SIRE_MENTION_TYPE" : "NONE",
      "SIRE_ENTITY_CLASS" : "SPC",
      "SIRE_ENTITY_SUBTYPE" : "NONE"
    },
    "type" : "evidence",
    "begin" : 3,
    "end" : 10,
    "inCoref" : false
  }, {
    "id" : "m1",
    "properties" : {
      "SIRE_MENTION_ROLE" : "relation",
      "SIRE_MENTION_CLASS" : "SPC",
      "SIRE_MENTION_TYPE" : "NONE",
      "SIRE_ENTITY_SUBTYPE" : "NONE"
    },
    "type" : "relation",
    "begin" : 15,
    "end" : 25,
    "inCoref" : false
  }, {
    "id" : "m12",
    "properties" : {
      "SIRE_ENTITY_LEVEL" : "NONE",
      "SIRE_MENTION_ROLE" : "Variable",
      "SIRE_MENTION_CLASS" : "SPC",
      "SIRE_MENTION_TYPE" : "NONE",
      "SIRE_ENTITY_CLASS" : "SPC",
      "SIRE_ENTITY_SUBTYPE" : "NONE"
    },
    "type" : "Variable",
    "begin" : 46,
    "end" : 59,
    "inCoref" : true
  }, {
    "id" : "m2",
    "properties" : {
      "SIRE_MENTION_ROLE" : "evidence",
      "SIRE_MENTION_CLASS" : "SPC",
      "SIRE_MENTION_TYPE" : "NONE",
      "SIRE_ENTITY_SUBTYPE" : "NONE"
    },
    "type" : "evidence",
    "begin" : 63,
    "end" : 71,
    "inCoref" : false
  }, {
    "id" : "m3",
    "properties" : {
      "SIRE_MENTION_ROLE" : "relation",
      "SIRE_MENTION_CLASS" : "SPC",
      "SIRE_MENTION_TYPE" : "NONE",
      "SIRE_ENTITY_SUBTYPE" : "NONE"
    },
    "type" : "relation",
    "begin" : 76,
    "end" : 85,
    "inCoref" : false
  }, {
    "id" : "m13",
    "properties" : {
      "SIRE_ENTITY_LEVEL" : "NONE",
      "SIRE_MENTION_ROLE" : "Variable",
      "SIRE_MENTION_CLASS" : "SPC",
      "SIRE_MENTION_TYPE" : "NONE",
      "SIRE_ENTITY_CLASS" : "SPC",
      "SIRE_ENTITY_SUBTYPE" : "NONE"
    },
    "type" : "Variable",
    "begin" : 86,
    "end" : 104,
    "inCoref" : false
  }, {
    "id" : "m4",
    "properties" : {
      "SIRE_MENTION_ROLE" : "Variable",
      "SIRE_MENTION_CLASS" : "SPC",
      "SIRE_MENTION_TYPE" : "NONE",
      "SIRE_ENTITY_SUBTYPE" : "NONE"
    },
    "type" : "Variable",
    "begin" : 116,
    "end" : 125,
    "inCoref" : false
  }, {
    "id" : "m5",
    "properties" : {
      "SIRE_MENTION_ROLE" : "evidence",
      "SIRE_MENTION_CLASS" : "SPC",
      "SIRE_MENTION_TYPE" : "NONE",
      "SIRE_ENTITY_SUBTYPE" : "NONE"
    },
    "type" : "evidence",
    "begin" : 356,
    "end" : 365,
    "inCoref" : false
  }, {
    "id" : "m6",
    "properties" : {
      "SIRE_MENTION_ROLE" : "evidence",
      "SIRE_MENTION_CLASS" : "SPC",
      "SIRE_MENTION_TYPE" : "NONE",
      "SIRE_ENTITY_SUBTYPE" : "NONE"
    },
    "type" : "evidence",
    "begin" : 366,
    "end" : 373,
    "inCoref" : false
  }, {
    "id" : "s2-m5",
    "properties" : {
      "SIRE_MENTION_ROLE" : "relation",
      "SIRE_ENTITY_SUBTYPE" : "NONE",
      "SIRE_MENTION_TYPE" : "NONE",
      "SIRE_MENTION_CLASS" : "SPC"
    },
    "type" : "relation",
    "begin" : 380,
    "end" : 390,
    "inCoref" : false
  }, {
    "id" : "m14",
    "properties" : {
      "SIRE_ENTITY_LEVEL" : "NONE",
      "SIRE_MENTION_ROLE" : "Variable",
      "SIRE_MENTION_CLASS" : "SPC",
      "SIRE_MENTION_TYPE" : "NONE",
      "SIRE_ENTITY_CLASS" : "SPC",
      "SIRE_ENTITY_SUBTYPE" : "NONE"
    },
    "type" : "Variable",
    "begin" : 391,
    "end" : 404,
    "inCoref" : true
  }, {
    "id" : "s2-m4",
    "properties" : {
      "SIRE_MENTION_ROLE" : "Variable",
      "SIRE_ENTITY_SUBTYPE" : "NONE",
      "SIRE_MENTION_TYPE" : "NONE",
      "SIRE_MENTION_CLASS" : "SPC"
    },
    "type" : "Variable",
    "begin" : 408,
    "end" : 419,
    "inCoref" : true
  }, {
    "id" : "m7",
    "properties" : {
      "SIRE_MENTION_ROLE" : "evidence",
      "SIRE_MENTION_CLASS" : "SPC",
      "SIRE_MENTION_TYPE" : "NONE",
      "SIRE_ENTITY_SUBTYPE" : "NONE"
    },
    "type" : "evidence",
    "begin" : 437,
    "end" : 441,
    "inCoref" : false
  }, {
    "id" : "m8",
    "properties" : {
      "SIRE_MENTION_ROLE" : "relation",
      "SIRE_MENTION_CLASS" : "SPC",
      "SIRE_MENTION_TYPE" : "NONE",
      "SIRE_ENTITY_SUBTYPE" : "NONE"
    },
    "type" : "relation",
    "begin" : 460,
    "end" : 471,
    "inCoref" : false
  }, {
    "id" : "m15",
    "properties" : {
      "SIRE_ENTITY_LEVEL" : "NONE",
      "SIRE_MENTION_ROLE" : "Variable",
      "SIRE_MENTION_CLASS" : "SPC",
      "SIRE_MENTION_TYPE" : "NONE",
      "SIRE_ENTITY_CLASS" : "SPC",
      "SIRE_ENTITY_SUBTYPE" : "NONE"
    },
    "type" : "Variable",
    "begin" : 472,
    "end" : 485,
    "inCoref" : true
  }, {
    "id" : "m9",
    "properties" : {
      "SIRE_MENTION_ROLE" : "relation",
      "SIRE_MENTION_CLASS" : "SPC",
      "SIRE_MENTION_TYPE" : "NONE",
      "SIRE_ENTITY_SUBTYPE" : "NONE"
    },
    "type" : "relation",
    "begin" : 489,
    "end" : 504,
    "inCoref" : false
  }, {
    "id" : "m10",
    "properties" : {
      "SIRE_MENTION_ROLE" : "relation",
      "SIRE_MENTION_CLASS" : "SPC",
      "SIRE_MENTION_TYPE" : "NONE",
      "SIRE_ENTITY_SUBTYPE" : "NONE"
    },
    "type" : "relation",
    "begin" : 519,
    "end" : 530,
    "inCoref" : false
  }, {
    "id" : "s3-m6",
    "properties" : {
      "SIRE_MENTION_ROLE" : "Variable",
      "SIRE_ENTITY_SUBTYPE" : "NONE",
      "SIRE_MENTION_TYPE" : "NONE",
      "SIRE_MENTION_CLASS" : "SPC"
    },
    "type" : "Variable",
    "begin" : 550,
    "end" : 579,
    "inCoref" : true
  } ],
  "relations" : [ {
    "id" : "s2-r1",
    "properties" : { },
    "type" : "Causal",
    "args" : [ "m14", "s2-m4" ]
  }, {
    "id" : "s3-r1",
    "properties" : { },
    "type" : "Causal",
    "args" : [ "m15", "s3-m6" ]
  } ],
  "corefs" : [ {
    "id" : "c1",
    "properties" : { },
    "mentions" : [ "m12", "m14", "m15" ]
  }, {
    "id" : "c2",
    "properties" : { },
    "mentions" : [ "s2-m4", "s3-m6" ]
  } ],
  "typeResolved" : true,
  "userResolved" : false
}