{
  "id" : "40f1b1e0-3329-11ec-aeb1-4f7a687954bf-23",
  "name" : "67. Morgan, K. (2000). .docx",
  "createdDate" : 0,
  "version" : 3,
  "text" : "This paper considers the relationship between inequality and crime using data from urban counties. The behavior of property and violent crime are quite different. Inequality has no effect on property crime but a strong and robust impact on violent crime, with an elasticity above 0.5. By contrast, poverty and police activity have significant effects on property crime, but little on violent crime. Property crime is well explained by the economic theory of crime, while violent crime is better explained by strain and social disorganization theories.\n\n",
  "docLength" : 0,
  "language" : "EN",
  "status" : "IN_PROGRESS",
  "modifiedDate" : 1639403969996,
  "documentSet" : [ ],
  "preannotation" : [ "PRE_LW", "PRE_SIRE" ],
  "sentences" : [ {
    "id" : "s0",
    "begin" : 0,
    "end" : 98,
    "text" : "This paper considers the relationship between inequality and crime using data from urban counties.",
    "tokens" : [ {
      "id" : "s0-t0",
      "begin" : 0,
      "end" : 4,
      "text" : "This",
      "whiteSpace" : false
    }, {
      "id" : "s0-t1",
      "begin" : 5,
      "end" : 10,
      "text" : "paper",
      "whiteSpace" : false
    }, {
      "id" : "s0-t2",
      "begin" : 11,
      "end" : 20,
      "text" : "considers",
      "whiteSpace" : false
    }, {
      "id" : "s0-t3",
      "begin" : 21,
      "end" : 24,
      "text" : "the",
      "whiteSpace" : false
    }, {
      "id" : "s0-t4",
      "begin" : 25,
      "end" : 37,
      "text" : "relationship",
      "whiteSpace" : false
    }, {
      "id" : "s0-t5",
      "begin" : 38,
      "end" : 45,
      "text" : "between",
      "whiteSpace" : false
    }, {
      "id" : "s0-t6",
      "begin" : 46,
      "end" : 56,
      "text" : "inequality",
      "whiteSpace" : false
    }, {
      "id" : "s0-t7",
      "begin" : 57,
      "end" : 60,
      "text" : "and",
      "whiteSpace" : false
    }, {
      "id" : "s0-t8",
      "begin" : 61,
      "end" : 66,
      "text" : "crime",
      "whiteSpace" : false
    }, {
      "id" : "s0-t9",
      "begin" : 67,
      "end" : 72,
      "text" : "using",
      "whiteSpace" : false
    }, {
      "id" : "s0-t10",
      "begin" : 73,
      "end" : 77,
      "text" : "data",
      "whiteSpace" : false
    }, {
      "id" : "s0-t11",
      "begin" : 78,
      "end" : 82,
      "text" : "from",
      "whiteSpace" : false
    }, {
      "id" : "s0-t12",
      "begin" : 83,
      "end" : 88,
      "text" : "urban",
      "whiteSpace" : false
    }, {
      "id" : "s0-t13",
      "begin" : 89,
      "end" : 97,
      "text" : "counties",
      "whiteSpace" : false
    }, {
      "id" : "s0-t14",
      "begin" : 97,
      "end" : 98,
      "text" : ".",
      "whiteSpace" : false
    } ]
  }, {
    "id" : "s1",
    "begin" : 99,
    "end" : 162,
    "text" : "The behavior of property and violent crime are quite different.",
    "tokens" : [ {
      "id" : "s1-t0",
      "begin" : 99,
      "end" : 102,
      "text" : "The",
      "whiteSpace" : false
    }, {
      "id" : "s1-t1",
      "begin" : 103,
      "end" : 111,
      "text" : "behavior",
      "whiteSpace" : false
    }, {
      "id" : "s1-t2",
      "begin" : 112,
      "end" : 114,
      "text" : "of",
      "whiteSpace" : false
    }, {
      "id" : "s1-t3",
      "begin" : 115,
      "end" : 123,
      "text" : "property",
      "whiteSpace" : false
    }, {
      "id" : "s1-t4",
      "begin" : 124,
      "end" : 127,
      "text" : "and",
      "whiteSpace" : false
    }, {
      "id" : "s1-t5",
      "begin" : 128,
      "end" : 135,
      "text" : "violent",
      "whiteSpace" : false
    }, {
      "id" : "s1-t6",
      "begin" : 136,
      "end" : 141,
      "text" : "crime",
      "whiteSpace" : false
    }, {
      "id" : "s1-t7",
      "begin" : 142,
      "end" : 145,
      "text" : "are",
      "whiteSpace" : false
    }, {
      "id" : "s1-t8",
      "begin" : 146,
      "end" : 151,
      "text" : "quite",
      "whiteSpace" : false
    }, {
      "id" : "s1-t9",
      "begin" : 152,
      "end" : 161,
      "text" : "different",
      "whiteSpace" : false
    }, {
      "id" : "s1-t10",
      "begin" : 161,
      "end" : 162,
      "text" : ".",
      "whiteSpace" : false
    } ]
  }, {
    "id" : "s2",
    "begin" : 163,
    "end" : 284,
    "text" : "Inequality has no effect on property crime but a strong and robust impact on violent crime, with an elasticity above 0.5.",
    "tokens" : [ {
      "id" : "s2-t0",
      "begin" : 163,
      "end" : 173,
      "text" : "Inequality",
      "whiteSpace" : false
    }, {
      "id" : "s2-t1",
      "begin" : 174,
      "end" : 177,
      "text" : "has",
      "whiteSpace" : false
    }, {
      "id" : "s2-t2",
      "begin" : 178,
      "end" : 180,
      "text" : "no",
      "whiteSpace" : false
    }, {
      "id" : "s2-t3",
      "begin" : 181,
      "end" : 187,
      "text" : "effect",
      "whiteSpace" : false
    }, {
      "id" : "s2-t4",
      "begin" : 188,
      "end" : 190,
      "text" : "on",
      "whiteSpace" : false
    }, {
      "id" : "s2-t5",
      "begin" : 191,
      "end" : 199,
      "text" : "property",
      "whiteSpace" : false
    }, {
      "id" : "s2-t6",
      "begin" : 200,
      "end" : 205,
      "text" : "crime",
      "whiteSpace" : false
    }, {
      "id" : "s2-t7",
      "begin" : 206,
      "end" : 209,
      "text" : "but",
      "whiteSpace" : false
    }, {
      "id" : "s2-t8",
      "begin" : 210,
      "end" : 211,
      "text" : "a",
      "whiteSpace" : false
    }, {
      "id" : "s2-t9",
      "begin" : 212,
      "end" : 218,
      "text" : "strong",
      "whiteSpace" : false
    }, {
      "id" : "s2-t10",
      "begin" : 219,
      "end" : 222,
      "text" : "and",
      "whiteSpace" : false
    }, {
      "id" : "s2-t11",
      "begin" : 223,
      "end" : 229,
      "text" : "robust",
      "whiteSpace" : false
    }, {
      "id" : "s2-t12",
      "begin" : 230,
      "end" : 236,
      "text" : "impact",
      "whiteSpace" : false
    }, {
      "id" : "s2-t13",
      "begin" : 237,
      "end" : 239,
      "text" : "on",
      "whiteSpace" : false
    }, {
      "id" : "s2-t14",
      "begin" : 240,
      "end" : 247,
      "text" : "violent",
      "whiteSpace" : false
    }, {
      "id" : "s2-t15",
      "begin" : 248,
      "end" : 253,
      "text" : "crime",
      "whiteSpace" : false
    }, {
      "id" : "s2-t16",
      "begin" : 253,
      "end" : 254,
      "text" : ",",
      "whiteSpace" : false
    }, {
      "id" : "s2-t17",
      "begin" : 255,
      "end" : 259,
      "text" : "with",
      "whiteSpace" : false
    }, {
      "id" : "s2-t18",
      "begin" : 260,
      "end" : 262,
      "text" : "an",
      "whiteSpace" : false
    }, {
      "id" : "s2-t19",
      "begin" : 263,
      "end" : 273,
      "text" : "elasticity",
      "whiteSpace" : false
    }, {
      "id" : "s2-t20",
      "begin" : 274,
      "end" : 279,
      "text" : "above",
      "whiteSpace" : false
    }, {
      "id" : "s2-t21",
      "begin" : 280,
      "end" : 283,
      "text" : "0.5",
      "whiteSpace" : false
    }, {
      "id" : "s2-t22",
      "begin" : 283,
      "end" : 284,
      "text" : ".",
      "whiteSpace" : false
    } ]
  }, {
    "id" : "s3",
    "begin" : 285,
    "end" : 398,
    "text" : "By contrast, poverty and police activity have significant effects on property crime, but little on violent crime.",
    "tokens" : [ {
      "id" : "s3-t0",
      "begin" : 285,
      "end" : 287,
      "text" : "By",
      "whiteSpace" : false
    }, {
      "id" : "s3-t1",
      "begin" : 288,
      "end" : 296,
      "text" : "contrast",
      "whiteSpace" : false
    }, {
      "id" : "s3-t2",
      "begin" : 296,
      "end" : 297,
      "text" : ",",
      "whiteSpace" : false
    }, {
      "id" : "s3-t3",
      "begin" : 298,
      "end" : 305,
      "text" : "poverty",
      "whiteSpace" : false
    }, {
      "id" : "s3-t4",
      "begin" : 306,
      "end" : 309,
      "text" : "and",
      "whiteSpace" : false
    }, {
      "id" : "s3-t5",
      "begin" : 310,
      "end" : 316,
      "text" : "police",
      "whiteSpace" : false
    }, {
      "id" : "s3-t6",
      "begin" : 317,
      "end" : 325,
      "text" : "activity",
      "whiteSpace" : false
    }, {
      "id" : "s3-t7",
      "begin" : 326,
      "end" : 330,
      "text" : "have",
      "whiteSpace" : false
    }, {
      "id" : "s3-t8",
      "begin" : 331,
      "end" : 342,
      "text" : "significant",
      "whiteSpace" : false
    }, {
      "id" : "s3-t9",
      "begin" : 343,
      "end" : 350,
      "text" : "effects",
      "whiteSpace" : false
    }, {
      "id" : "s3-t10",
      "begin" : 351,
      "end" : 353,
      "text" : "on",
      "whiteSpace" : false
    }, {
      "id" : "s3-t11",
      "begin" : 354,
      "end" : 362,
      "text" : "property",
      "whiteSpace" : false
    }, {
      "id" : "s3-t12",
      "begin" : 363,
      "end" : 368,
      "text" : "crime",
      "whiteSpace" : false
    }, {
      "id" : "s3-t13",
      "begin" : 368,
      "end" : 369,
      "text" : ",",
      "whiteSpace" : false
    }, {
      "id" : "s3-t14",
      "begin" : 370,
      "end" : 373,
      "text" : "but",
      "whiteSpace" : false
    }, {
      "id" : "s3-t15",
      "begin" : 374,
      "end" : 380,
      "text" : "little",
      "whiteSpace" : false
    }, {
      "id" : "s3-t16",
      "begin" : 381,
      "end" : 383,
      "text" : "on",
      "whiteSpace" : false
    }, {
      "id" : "s3-t17",
      "begin" : 384,
      "end" : 391,
      "text" : "violent",
      "whiteSpace" : false
    }, {
      "id" : "s3-t18",
      "begin" : 392,
      "end" : 397,
      "text" : "crime",
      "whiteSpace" : false
    }, {
      "id" : "s3-t19",
      "begin" : 397,
      "end" : 398,
      "text" : ".",
      "whiteSpace" : false
    } ]
  }, {
    "id" : "s4",
    "begin" : 399,
    "end" : 551,
    "text" : "Property crime is well explained by the economic theory of crime, while violent crime is better explained by strain and social disorganization theories.",
    "tokens" : [ {
      "id" : "s4-t0",
      "begin" : 399,
      "end" : 407,
      "text" : "Property",
      "whiteSpace" : false
    }, {
      "id" : "s4-t1",
      "begin" : 408,
      "end" : 413,
      "text" : "crime",
      "whiteSpace" : false
    }, {
      "id" : "s4-t2",
      "begin" : 414,
      "end" : 416,
      "text" : "is",
      "whiteSpace" : false
    }, {
      "id" : "s4-t3",
      "begin" : 417,
      "end" : 421,
      "text" : "well",
      "whiteSpace" : false
    }, {
      "id" : "s4-t4",
      "begin" : 422,
      "end" : 431,
      "text" : "explained",
      "whiteSpace" : false
    }, {
      "id" : "s4-t5",
      "begin" : 432,
      "end" : 434,
      "text" : "by",
      "whiteSpace" : false
    }, {
      "id" : "s4-t6",
      "begin" : 435,
      "end" : 438,
      "text" : "the",
      "whiteSpace" : false
    }, {
      "id" : "s4-t7",
      "begin" : 439,
      "end" : 447,
      "text" : "economic",
      "whiteSpace" : false
    }, {
      "id" : "s4-t8",
      "begin" : 448,
      "end" : 454,
      "text" : "theory",
      "whiteSpace" : false
    }, {
      "id" : "s4-t9",
      "begin" : 455,
      "end" : 457,
      "text" : "of",
      "whiteSpace" : false
    }, {
      "id" : "s4-t10",
      "begin" : 458,
      "end" : 463,
      "text" : "crime",
      "whiteSpace" : false
    }, {
      "id" : "s4-t11",
      "begin" : 463,
      "end" : 464,
      "text" : ",",
      "whiteSpace" : false
    }, {
      "id" : "s4-t12",
      "begin" : 465,
      "end" : 470,
      "text" : "while",
      "whiteSpace" : false
    }, {
      "id" : "s4-t13",
      "begin" : 471,
      "end" : 478,
      "text" : "violent",
      "whiteSpace" : false
    }, {
      "id" : "s4-t14",
      "begin" : 479,
      "end" : 484,
      "text" : "crime",
      "whiteSpace" : false
    }, {
      "id" : "s4-t15",
      "begin" : 485,
      "end" : 487,
      "text" : "is",
      "whiteSpace" : false
    }, {
      "id" : "s4-t16",
      "begin" : 488,
      "end" : 494,
      "text" : "better",
      "whiteSpace" : false
    }, {
      "id" : "s4-t17",
      "begin" : 495,
      "end" : 504,
      "text" : "explained",
      "whiteSpace" : false
    }, {
      "id" : "s4-t18",
      "begin" : 505,
      "end" : 507,
      "text" : "by",
      "whiteSpace" : false
    }, {
      "id" : "s4-t19",
      "begin" : 508,
      "end" : 514,
      "text" : "strain",
      "whiteSpace" : false
    }, {
      "id" : "s4-t20",
      "begin" : 515,
      "end" : 518,
      "text" : "and",
      "whiteSpace" : false
    }, {
      "id" : "s4-t21",
      "begin" : 519,
      "end" : 525,
      "text" : "social",
      "whiteSpace" : false
    }, {
      "id" : "s4-t22",
      "begin" : 526,
      "end" : 541,
      "text" : "disorganization",
      "whiteSpace" : false
    }, {
      "id" : "s4-t23",
      "begin" : 542,
      "end" : 550,
      "text" : "theories",
      "whiteSpace" : false
    }, {
      "id" : "s4-t24",
      "begin" : 550,
      "end" : 551,
      "text" : ".",
      "whiteSpace" : false
    } ]
  } ],
  "mentions" : [ {
    "id" : "m9",
    "properties" : {
      "SIRE_ENTITY_LEVEL" : "NONE",
      "SIRE_MENTION_ROLE" : "evidence",
      "SIRE_MENTION_CLASS" : "SPC",
      "SIRE_MENTION_TYPE" : "NONE",
      "SIRE_ENTITY_CLASS" : "SPC",
      "SIRE_ENTITY_SUBTYPE" : "NONE"
    },
    "type" : "evidence",
    "begin" : 11,
    "end" : 20,
    "inCoref" : false
  }, {
    "id" : "m10",
    "properties" : {
      "SIRE_ENTITY_LEVEL" : "NONE",
      "SIRE_MENTION_ROLE" : "relation",
      "SIRE_MENTION_CLASS" : "SPC",
      "SIRE_MENTION_TYPE" : "NONE",
      "SIRE_ENTITY_CLASS" : "SPC",
      "SIRE_ENTITY_SUBTYPE" : "NONE"
    },
    "type" : "relation",
    "begin" : 25,
    "end" : 45,
    "inCoref" : false
  }, {
    "id" : "m1",
    "properties" : {
      "SIRE_MENTION_ROLE" : "Variable",
      "SIRE_MENTION_CLASS" : "SPC",
      "SIRE_MENTION_TYPE" : "NONE",
      "SIRE_ENTITY_SUBTYPE" : "NONE"
    },
    "type" : "Variable",
    "begin" : 46,
    "end" : 56,
    "inCoref" : true
  }, {
    "id" : "s0-m4",
    "properties" : {
      "SIRE_MENTION_ROLE" : "Variable",
      "SIRE_ENTITY_SUBTYPE" : "NONE",
      "SIRE_MENTION_TYPE" : "NONE",
      "SIRE_MENTION_CLASS" : "SPC"
    },
    "type" : "Variable",
    "begin" : 61,
    "end" : 66,
    "inCoref" : false
  }, {
    "id" : "s1-m1",
    "properties" : {
      "SIRE_MENTION_ROLE" : "Variable",
      "SIRE_ENTITY_SUBTYPE" : "NONE",
      "SIRE_MENTION_TYPE" : "NONE",
      "SIRE_MENTION_CLASS" : "SPC"
    },
    "type" : "Variable",
    "begin" : 115,
    "end" : 123,
    "inCoref" : false
  }, {
    "id" : "s1-m2",
    "properties" : {
      "SIRE_MENTION_ROLE" : "Variable",
      "SIRE_ENTITY_SUBTYPE" : "NONE",
      "SIRE_MENTION_TYPE" : "NONE",
      "SIRE_MENTION_CLASS" : "SPC"
    },
    "type" : "Variable",
    "begin" : 128,
    "end" : 141,
    "inCoref" : true
  }, {
    "id" : "m2",
    "properties" : {
      "SIRE_MENTION_ROLE" : "Variable",
      "SIRE_MENTION_CLASS" : "SPC",
      "SIRE_MENTION_TYPE" : "NONE",
      "SIRE_ENTITY_SUBTYPE" : "NONE"
    },
    "type" : "Variable",
    "begin" : 163,
    "end" : 173,
    "inCoref" : true
  }, {
    "id" : "s2-m6",
    "properties" : {
      "SIRE_MENTION_ROLE" : "negation",
      "SIRE_ENTITY_SUBTYPE" : "NONE",
      "SIRE_MENTION_TYPE" : "NONE",
      "SIRE_MENTION_CLASS" : "SPC"
    },
    "type" : "negation",
    "begin" : 178,
    "end" : 180,
    "inCoref" : false
  }, {
    "id" : "m3",
    "properties" : {
      "SIRE_MENTION_ROLE" : "relation",
      "SIRE_MENTION_CLASS" : "SPC",
      "SIRE_MENTION_TYPE" : "NONE",
      "SIRE_ENTITY_SUBTYPE" : "NONE"
    },
    "type" : "relation",
    "begin" : 181,
    "end" : 190,
    "inCoref" : false
  }, {
    "id" : "m11",
    "properties" : {
      "SIRE_ENTITY_LEVEL" : "NONE",
      "SIRE_MENTION_ROLE" : "Variable",
      "SIRE_MENTION_CLASS" : "SPC",
      "SIRE_MENTION_TYPE" : "NONE",
      "SIRE_ENTITY_CLASS" : "SPC",
      "SIRE_ENTITY_SUBTYPE" : "NONE"
    },
    "type" : "Variable",
    "begin" : 191,
    "end" : 205,
    "inCoref" : true
  }, {
    "id" : "m4",
    "properties" : {
      "SIRE_MENTION_ROLE" : "relation",
      "SIRE_MENTION_CLASS" : "SPC",
      "SIRE_MENTION_TYPE" : "NONE",
      "SIRE_ENTITY_SUBTYPE" : "NONE"
    },
    "type" : "relation",
    "begin" : 230,
    "end" : 239,
    "inCoref" : false
  }, {
    "id" : "s2-m5",
    "properties" : {
      "SIRE_MENTION_ROLE" : "Variable",
      "SIRE_ENTITY_SUBTYPE" : "NONE",
      "SIRE_MENTION_TYPE" : "NONE",
      "SIRE_MENTION_CLASS" : "SPC"
    },
    "type" : "Variable",
    "begin" : 240,
    "end" : 253,
    "inCoref" : true
  }, {
    "id" : "m5",
    "properties" : {
      "SIRE_MENTION_ROLE" : "Variable",
      "SIRE_MENTION_CLASS" : "SPC",
      "SIRE_MENTION_TYPE" : "NONE",
      "SIRE_ENTITY_SUBTYPE" : "NONE"
    },
    "type" : "Variable",
    "begin" : 298,
    "end" : 305,
    "inCoref" : false
  }, {
    "id" : "m12",
    "properties" : {
      "SIRE_ENTITY_LEVEL" : "NONE",
      "SIRE_MENTION_ROLE" : "Variable",
      "SIRE_MENTION_CLASS" : "SPC",
      "SIRE_MENTION_TYPE" : "NONE",
      "SIRE_ENTITY_CLASS" : "SPC",
      "SIRE_ENTITY_SUBTYPE" : "NONE"
    },
    "type" : "Variable",
    "begin" : 310,
    "end" : 325,
    "inCoref" : false
  }, {
    "id" : "m6",
    "properties" : {
      "SIRE_MENTION_ROLE" : "relation",
      "SIRE_MENTION_CLASS" : "SPC",
      "SIRE_MENTION_TYPE" : "NONE",
      "SIRE_ENTITY_SUBTYPE" : "NONE"
    },
    "type" : "relation",
    "begin" : 343,
    "end" : 353,
    "inCoref" : false
  }, {
    "id" : "s3-m4",
    "properties" : {
      "SIRE_MENTION_ROLE" : "Variable",
      "SIRE_ENTITY_SUBTYPE" : "NONE",
      "SIRE_MENTION_TYPE" : "NONE",
      "SIRE_MENTION_CLASS" : "SPC"
    },
    "type" : "Variable",
    "begin" : 354,
    "end" : 368,
    "inCoref" : true
  }, {
    "id" : "s3-m5",
    "properties" : {
      "SIRE_MENTION_ROLE" : "Variable",
      "SIRE_ENTITY_SUBTYPE" : "NONE",
      "SIRE_MENTION_TYPE" : "NONE",
      "SIRE_MENTION_CLASS" : "SPC"
    },
    "type" : "Variable",
    "begin" : 384,
    "end" : 397,
    "inCoref" : true
  }, {
    "id" : "s4-m3",
    "properties" : {
      "SIRE_MENTION_ROLE" : "Variable",
      "SIRE_ENTITY_SUBTYPE" : "NONE",
      "SIRE_MENTION_TYPE" : "NONE",
      "SIRE_MENTION_CLASS" : "SPC"
    },
    "type" : "Variable",
    "begin" : 399,
    "end" : 413,
    "inCoref" : true
  }, {
    "id" : "m7",
    "properties" : {
      "SIRE_MENTION_ROLE" : "relation",
      "SIRE_MENTION_CLASS" : "SPC",
      "SIRE_MENTION_TYPE" : "NONE",
      "SIRE_ENTITY_SUBTYPE" : "NONE"
    },
    "type" : "relation",
    "begin" : 422,
    "end" : 434,
    "inCoref" : false
  }, {
    "id" : "s4-m5",
    "properties" : {
      "SIRE_MENTION_ROLE" : "Variable",
      "SIRE_ENTITY_SUBTYPE" : "NONE",
      "SIRE_MENTION_TYPE" : "NONE",
      "SIRE_MENTION_CLASS" : "SPC"
    },
    "type" : "Variable",
    "begin" : 458,
    "end" : 463,
    "inCoref" : false
  }, {
    "id" : "s4-m4",
    "properties" : {
      "SIRE_MENTION_ROLE" : "Variable",
      "SIRE_ENTITY_SUBTYPE" : "NONE",
      "SIRE_MENTION_TYPE" : "NONE",
      "SIRE_MENTION_CLASS" : "SPC"
    },
    "type" : "Variable",
    "begin" : 471,
    "end" : 484,
    "inCoref" : true
  }, {
    "id" : "m8",
    "properties" : {
      "SIRE_MENTION_ROLE" : "relation",
      "SIRE_MENTION_CLASS" : "SPC",
      "SIRE_MENTION_TYPE" : "NONE",
      "SIRE_ENTITY_SUBTYPE" : "NONE"
    },
    "type" : "relation",
    "begin" : 495,
    "end" : 507,
    "inCoref" : false
  } ],
  "relations" : [ {
    "id" : "s2-r2",
    "properties" : { },
    "type" : "NoRelation",
    "args" : [ "m2", "m11" ]
  }, {
    "id" : "s2-r3",
    "properties" : { },
    "type" : "Causal",
    "args" : [ "m2", "s2-m5" ]
  }, {
    "id" : "s3-r1",
    "properties" : { },
    "type" : "Causal",
    "args" : [ "m5", "s3-m4" ]
  }, {
    "id" : "s3-r2",
    "properties" : { },
    "type" : "Causal",
    "args" : [ "m12", "s3-m4" ]
  }, {
    "id" : "s3-r3",
    "properties" : { },
    "type" : "Causal",
    "args" : [ "m5", "s3-m5" ]
  }, {
    "id" : "s3-r4",
    "properties" : { },
    "type" : "Causal",
    "args" : [ "m12", "s3-m5" ]
  } ],
  "corefs" : [ {
    "id" : "c1",
    "properties" : { },
    "mentions" : [ "m1", "m2" ]
  }, {
    "id" : "c2",
    "properties" : { },
    "mentions" : [ "m11", "s4-m3", "s3-m4" ]
  }, {
    "id" : "c3",
    "properties" : { },
    "mentions" : [ "s4-m4", "s3-m5", "s2-m5", "s1-m2" ]
  } ],
  "typeResolved" : true,
  "userResolved" : false
}