{
  "id" : "40f1b1e0-3329-11ec-aeb1-4f7a687954bf-26",
  "name" : "73. Perotti, R. (1993, June). .docx",
  "createdDate" : 0,
  "version" : 3,
  "text" : "\nThis paper investigates the relationship between income distribution, democratic institutions, and growth. It does so by addressing three main issues: the properties and reliability of the income distribution data, the robustness of the reduced form relationships between income distribution and growth estimated so far, and the specific channels through which income distribution affects growth. The main conclusion in this regard is that there is strong empirical support for two types of explanations, linking income distribution to sociopolitical instability and to the education/fertility decision. A third channel, based on the interplay of borrowing constraints and investment in human capital, also seems to receive some support by the data, although it is probably the hardest to test with the existing data. By contrast, there appears to be less empirical support for explanations based on the effects of income distribution on fiscal policy.\n\n",
  "docLength" : 0,
  "language" : "EN",
  "status" : "IN_PROGRESS",
  "modifiedDate" : 1638276871486,
  "documentSet" : [ ],
  "preannotation" : [ "PRE_LW", "PRE_SIRE" ],
  "sentences" : [ {
    "id" : "s0",
    "begin" : 1,
    "end" : 107,
    "text" : "This paper investigates the relationship between income distribution, democratic institutions, and growth.",
    "tokens" : [ {
      "id" : "s0-t0",
      "begin" : 1,
      "end" : 5,
      "text" : "This",
      "whiteSpace" : false
    }, {
      "id" : "s0-t1",
      "begin" : 6,
      "end" : 11,
      "text" : "paper",
      "whiteSpace" : false
    }, {
      "id" : "s0-t2",
      "begin" : 12,
      "end" : 24,
      "text" : "investigates",
      "whiteSpace" : false
    }, {
      "id" : "s0-t3",
      "begin" : 25,
      "end" : 28,
      "text" : "the",
      "whiteSpace" : false
    }, {
      "id" : "s0-t4",
      "begin" : 29,
      "end" : 41,
      "text" : "relationship",
      "whiteSpace" : false
    }, {
      "id" : "s0-t5",
      "begin" : 42,
      "end" : 49,
      "text" : "between",
      "whiteSpace" : false
    }, {
      "id" : "s0-t6",
      "begin" : 50,
      "end" : 56,
      "text" : "income",
      "whiteSpace" : false
    }, {
      "id" : "s0-t7",
      "begin" : 57,
      "end" : 69,
      "text" : "distribution",
      "whiteSpace" : false
    }, {
      "id" : "s0-t8",
      "begin" : 69,
      "end" : 70,
      "text" : ",",
      "whiteSpace" : false
    }, {
      "id" : "s0-t9",
      "begin" : 71,
      "end" : 81,
      "text" : "democratic",
      "whiteSpace" : false
    }, {
      "id" : "s0-t10",
      "begin" : 82,
      "end" : 94,
      "text" : "institutions",
      "whiteSpace" : false
    }, {
      "id" : "s0-t11",
      "begin" : 94,
      "end" : 95,
      "text" : ",",
      "whiteSpace" : false
    }, {
      "id" : "s0-t12",
      "begin" : 96,
      "end" : 99,
      "text" : "and",
      "whiteSpace" : false
    }, {
      "id" : "s0-t13",
      "begin" : 100,
      "end" : 106,
      "text" : "growth",
      "whiteSpace" : false
    }, {
      "id" : "s0-t14",
      "begin" : 106,
      "end" : 107,
      "text" : ".",
      "whiteSpace" : false
    } ]
  }, {
    "id" : "s1",
    "begin" : 108,
    "end" : 397,
    "text" : "It does so by addressing three main issues: the properties and reliability of the income distribution data, the robustness of the reduced form relationships between income distribution and growth estimated so far, and the specific channels through which income distribution affects growth.",
    "tokens" : [ {
      "id" : "s1-t0",
      "begin" : 108,
      "end" : 110,
      "text" : "It",
      "whiteSpace" : false
    }, {
      "id" : "s1-t1",
      "begin" : 111,
      "end" : 115,
      "text" : "does",
      "whiteSpace" : false
    }, {
      "id" : "s1-t2",
      "begin" : 116,
      "end" : 118,
      "text" : "so",
      "whiteSpace" : false
    }, {
      "id" : "s1-t3",
      "begin" : 119,
      "end" : 121,
      "text" : "by",
      "whiteSpace" : false
    }, {
      "id" : "s1-t4",
      "begin" : 122,
      "end" : 132,
      "text" : "addressing",
      "whiteSpace" : false
    }, {
      "id" : "s1-t5",
      "begin" : 133,
      "end" : 138,
      "text" : "three",
      "whiteSpace" : false
    }, {
      "id" : "s1-t6",
      "begin" : 139,
      "end" : 143,
      "text" : "main",
      "whiteSpace" : false
    }, {
      "id" : "s1-t7",
      "begin" : 144,
      "end" : 150,
      "text" : "issues",
      "whiteSpace" : false
    }, {
      "id" : "s1-t8",
      "begin" : 150,
      "end" : 151,
      "text" : ":",
      "whiteSpace" : false
    }, {
      "id" : "s1-t9",
      "begin" : 152,
      "end" : 155,
      "text" : "the",
      "whiteSpace" : false
    }, {
      "id" : "s1-t10",
      "begin" : 156,
      "end" : 166,
      "text" : "properties",
      "whiteSpace" : false
    }, {
      "id" : "s1-t11",
      "begin" : 167,
      "end" : 170,
      "text" : "and",
      "whiteSpace" : false
    }, {
      "id" : "s1-t12",
      "begin" : 171,
      "end" : 182,
      "text" : "reliability",
      "whiteSpace" : false
    }, {
      "id" : "s1-t13",
      "begin" : 183,
      "end" : 185,
      "text" : "of",
      "whiteSpace" : false
    }, {
      "id" : "s1-t14",
      "begin" : 186,
      "end" : 189,
      "text" : "the",
      "whiteSpace" : false
    }, {
      "id" : "s1-t15",
      "begin" : 190,
      "end" : 196,
      "text" : "income",
      "whiteSpace" : false
    }, {
      "id" : "s1-t16",
      "begin" : 197,
      "end" : 209,
      "text" : "distribution",
      "whiteSpace" : false
    }, {
      "id" : "s1-t17",
      "begin" : 210,
      "end" : 214,
      "text" : "data",
      "whiteSpace" : false
    }, {
      "id" : "s1-t18",
      "begin" : 214,
      "end" : 215,
      "text" : ",",
      "whiteSpace" : false
    }, {
      "id" : "s1-t19",
      "begin" : 216,
      "end" : 219,
      "text" : "the",
      "whiteSpace" : false
    }, {
      "id" : "s1-t20",
      "begin" : 220,
      "end" : 230,
      "text" : "robustness",
      "whiteSpace" : false
    }, {
      "id" : "s1-t21",
      "begin" : 231,
      "end" : 233,
      "text" : "of",
      "whiteSpace" : false
    }, {
      "id" : "s1-t22",
      "begin" : 234,
      "end" : 237,
      "text" : "the",
      "whiteSpace" : false
    }, {
      "id" : "s1-t23",
      "begin" : 238,
      "end" : 245,
      "text" : "reduced",
      "whiteSpace" : false
    }, {
      "id" : "s1-t24",
      "begin" : 246,
      "end" : 250,
      "text" : "form",
      "whiteSpace" : false
    }, {
      "id" : "s1-t25",
      "begin" : 251,
      "end" : 264,
      "text" : "relationships",
      "whiteSpace" : false
    }, {
      "id" : "s1-t26",
      "begin" : 265,
      "end" : 272,
      "text" : "between",
      "whiteSpace" : false
    }, {
      "id" : "s1-t27",
      "begin" : 273,
      "end" : 279,
      "text" : "income",
      "whiteSpace" : false
    }, {
      "id" : "s1-t28",
      "begin" : 280,
      "end" : 292,
      "text" : "distribution",
      "whiteSpace" : false
    }, {
      "id" : "s1-t29",
      "begin" : 293,
      "end" : 296,
      "text" : "and",
      "whiteSpace" : false
    }, {
      "id" : "s1-t30",
      "begin" : 297,
      "end" : 303,
      "text" : "growth",
      "whiteSpace" : false
    }, {
      "id" : "s1-t31",
      "begin" : 304,
      "end" : 313,
      "text" : "estimated",
      "whiteSpace" : false
    }, {
      "id" : "s1-t32",
      "begin" : 314,
      "end" : 316,
      "text" : "so",
      "whiteSpace" : false
    }, {
      "id" : "s1-t33",
      "begin" : 317,
      "end" : 320,
      "text" : "far",
      "whiteSpace" : false
    }, {
      "id" : "s1-t34",
      "begin" : 320,
      "end" : 321,
      "text" : ",",
      "whiteSpace" : false
    }, {
      "id" : "s1-t35",
      "begin" : 322,
      "end" : 325,
      "text" : "and",
      "whiteSpace" : false
    }, {
      "id" : "s1-t36",
      "begin" : 326,
      "end" : 329,
      "text" : "the",
      "whiteSpace" : false
    }, {
      "id" : "s1-t37",
      "begin" : 330,
      "end" : 338,
      "text" : "specific",
      "whiteSpace" : false
    }, {
      "id" : "s1-t38",
      "begin" : 339,
      "end" : 347,
      "text" : "channels",
      "whiteSpace" : false
    }, {
      "id" : "s1-t39",
      "begin" : 348,
      "end" : 355,
      "text" : "through",
      "whiteSpace" : false
    }, {
      "id" : "s1-t40",
      "begin" : 356,
      "end" : 361,
      "text" : "which",
      "whiteSpace" : false
    }, {
      "id" : "s1-t41",
      "begin" : 362,
      "end" : 368,
      "text" : "income",
      "whiteSpace" : false
    }, {
      "id" : "s1-t42",
      "begin" : 369,
      "end" : 381,
      "text" : "distribution",
      "whiteSpace" : false
    }, {
      "id" : "s1-t43",
      "begin" : 382,
      "end" : 389,
      "text" : "affects",
      "whiteSpace" : false
    }, {
      "id" : "s1-t44",
      "begin" : 390,
      "end" : 396,
      "text" : "growth",
      "whiteSpace" : false
    }, {
      "id" : "s1-t45",
      "begin" : 396,
      "end" : 397,
      "text" : ".",
      "whiteSpace" : false
    } ]
  }, {
    "id" : "s2",
    "begin" : 398,
    "end" : 604,
    "text" : "The main conclusion in this regard is that there is strong empirical support for two types of explanations, linking income distribution to sociopolitical instability and to the education/fertility decision.",
    "tokens" : [ {
      "id" : "s2-t0",
      "begin" : 398,
      "end" : 401,
      "text" : "The",
      "whiteSpace" : false
    }, {
      "id" : "s2-t1",
      "begin" : 402,
      "end" : 406,
      "text" : "main",
      "whiteSpace" : false
    }, {
      "id" : "s2-t2",
      "begin" : 407,
      "end" : 417,
      "text" : "conclusion",
      "whiteSpace" : false
    }, {
      "id" : "s2-t3",
      "begin" : 418,
      "end" : 420,
      "text" : "in",
      "whiteSpace" : false
    }, {
      "id" : "s2-t4",
      "begin" : 421,
      "end" : 425,
      "text" : "this",
      "whiteSpace" : false
    }, {
      "id" : "s2-t5",
      "begin" : 426,
      "end" : 432,
      "text" : "regard",
      "whiteSpace" : false
    }, {
      "id" : "s2-t6",
      "begin" : 433,
      "end" : 435,
      "text" : "is",
      "whiteSpace" : false
    }, {
      "id" : "s2-t7",
      "begin" : 436,
      "end" : 440,
      "text" : "that",
      "whiteSpace" : false
    }, {
      "id" : "s2-t8",
      "begin" : 441,
      "end" : 446,
      "text" : "there",
      "whiteSpace" : false
    }, {
      "id" : "s2-t9",
      "begin" : 447,
      "end" : 449,
      "text" : "is",
      "whiteSpace" : false
    }, {
      "id" : "s2-t10",
      "begin" : 450,
      "end" : 456,
      "text" : "strong",
      "whiteSpace" : false
    }, {
      "id" : "s2-t11",
      "begin" : 457,
      "end" : 466,
      "text" : "empirical",
      "whiteSpace" : false
    }, {
      "id" : "s2-t12",
      "begin" : 467,
      "end" : 474,
      "text" : "support",
      "whiteSpace" : false
    }, {
      "id" : "s2-t13",
      "begin" : 475,
      "end" : 478,
      "text" : "for",
      "whiteSpace" : false
    }, {
      "id" : "s2-t14",
      "begin" : 479,
      "end" : 482,
      "text" : "two",
      "whiteSpace" : false
    }, {
      "id" : "s2-t15",
      "begin" : 483,
      "end" : 488,
      "text" : "types",
      "whiteSpace" : false
    }, {
      "id" : "s2-t16",
      "begin" : 489,
      "end" : 491,
      "text" : "of",
      "whiteSpace" : false
    }, {
      "id" : "s2-t17",
      "begin" : 492,
      "end" : 504,
      "text" : "explanations",
      "whiteSpace" : false
    }, {
      "id" : "s2-t18",
      "begin" : 504,
      "end" : 505,
      "text" : ",",
      "whiteSpace" : false
    }, {
      "id" : "s2-t19",
      "begin" : 506,
      "end" : 513,
      "text" : "linking",
      "whiteSpace" : false
    }, {
      "id" : "s2-t20",
      "begin" : 514,
      "end" : 520,
      "text" : "income",
      "whiteSpace" : false
    }, {
      "id" : "s2-t21",
      "begin" : 521,
      "end" : 533,
      "text" : "distribution",
      "whiteSpace" : false
    }, {
      "id" : "s2-t22",
      "begin" : 534,
      "end" : 536,
      "text" : "to",
      "whiteSpace" : false
    }, {
      "id" : "s2-t23",
      "begin" : 537,
      "end" : 551,
      "text" : "sociopolitical",
      "whiteSpace" : false
    }, {
      "id" : "s2-t24",
      "begin" : 552,
      "end" : 563,
      "text" : "instability",
      "whiteSpace" : false
    }, {
      "id" : "s2-t25",
      "begin" : 564,
      "end" : 567,
      "text" : "and",
      "whiteSpace" : false
    }, {
      "id" : "s2-t26",
      "begin" : 568,
      "end" : 570,
      "text" : "to",
      "whiteSpace" : false
    }, {
      "id" : "s2-t27",
      "begin" : 571,
      "end" : 574,
      "text" : "the",
      "whiteSpace" : false
    }, {
      "id" : "s2-t28",
      "begin" : 575,
      "end" : 584,
      "text" : "education",
      "whiteSpace" : false
    }, {
      "id" : "s2-t29",
      "begin" : 584,
      "end" : 585,
      "text" : "/",
      "whiteSpace" : false
    }, {
      "id" : "s2-t30",
      "begin" : 585,
      "end" : 594,
      "text" : "fertility",
      "whiteSpace" : false
    }, {
      "id" : "s2-t31",
      "begin" : 595,
      "end" : 603,
      "text" : "decision",
      "whiteSpace" : false
    }, {
      "id" : "s2-t32",
      "begin" : 603,
      "end" : 604,
      "text" : ".",
      "whiteSpace" : false
    } ]
  }, {
    "id" : "s3",
    "begin" : 605,
    "end" : 818,
    "text" : "A third channel, based on the interplay of borrowing constraints and investment in human capital, also seems to receive some support by the data, although it is probably the hardest to test with the existing data.",
    "tokens" : [ {
      "id" : "s3-t0",
      "begin" : 605,
      "end" : 606,
      "text" : "A",
      "whiteSpace" : false
    }, {
      "id" : "s3-t1",
      "begin" : 607,
      "end" : 612,
      "text" : "third",
      "whiteSpace" : false
    }, {
      "id" : "s3-t2",
      "begin" : 613,
      "end" : 620,
      "text" : "channel",
      "whiteSpace" : false
    }, {
      "id" : "s3-t3",
      "begin" : 620,
      "end" : 621,
      "text" : ",",
      "whiteSpace" : false
    }, {
      "id" : "s3-t4",
      "begin" : 622,
      "end" : 627,
      "text" : "based",
      "whiteSpace" : false
    }, {
      "id" : "s3-t5",
      "begin" : 628,
      "end" : 630,
      "text" : "on",
      "whiteSpace" : false
    }, {
      "id" : "s3-t6",
      "begin" : 631,
      "end" : 634,
      "text" : "the",
      "whiteSpace" : false
    }, {
      "id" : "s3-t7",
      "begin" : 635,
      "end" : 644,
      "text" : "interplay",
      "whiteSpace" : false
    }, {
      "id" : "s3-t8",
      "begin" : 645,
      "end" : 647,
      "text" : "of",
      "whiteSpace" : false
    }, {
      "id" : "s3-t9",
      "begin" : 648,
      "end" : 657,
      "text" : "borrowing",
      "whiteSpace" : false
    }, {
      "id" : "s3-t10",
      "begin" : 658,
      "end" : 669,
      "text" : "constraints",
      "whiteSpace" : false
    }, {
      "id" : "s3-t11",
      "begin" : 670,
      "end" : 673,
      "text" : "and",
      "whiteSpace" : false
    }, {
      "id" : "s3-t12",
      "begin" : 674,
      "end" : 684,
      "text" : "investment",
      "whiteSpace" : false
    }, {
      "id" : "s3-t13",
      "begin" : 685,
      "end" : 687,
      "text" : "in",
      "whiteSpace" : false
    }, {
      "id" : "s3-t14",
      "begin" : 688,
      "end" : 693,
      "text" : "human",
      "whiteSpace" : false
    }, {
      "id" : "s3-t15",
      "begin" : 694,
      "end" : 701,
      "text" : "capital",
      "whiteSpace" : false
    }, {
      "id" : "s3-t16",
      "begin" : 701,
      "end" : 702,
      "text" : ",",
      "whiteSpace" : false
    }, {
      "id" : "s3-t17",
      "begin" : 703,
      "end" : 707,
      "text" : "also",
      "whiteSpace" : false
    }, {
      "id" : "s3-t18",
      "begin" : 708,
      "end" : 713,
      "text" : "seems",
      "whiteSpace" : false
    }, {
      "id" : "s3-t19",
      "begin" : 714,
      "end" : 716,
      "text" : "to",
      "whiteSpace" : false
    }, {
      "id" : "s3-t20",
      "begin" : 717,
      "end" : 724,
      "text" : "receive",
      "whiteSpace" : false
    }, {
      "id" : "s3-t21",
      "begin" : 725,
      "end" : 729,
      "text" : "some",
      "whiteSpace" : false
    }, {
      "id" : "s3-t22",
      "begin" : 730,
      "end" : 737,
      "text" : "support",
      "whiteSpace" : false
    }, {
      "id" : "s3-t23",
      "begin" : 738,
      "end" : 740,
      "text" : "by",
      "whiteSpace" : false
    }, {
      "id" : "s3-t24",
      "begin" : 741,
      "end" : 744,
      "text" : "the",
      "whiteSpace" : false
    }, {
      "id" : "s3-t25",
      "begin" : 745,
      "end" : 749,
      "text" : "data",
      "whiteSpace" : false
    }, {
      "id" : "s3-t26",
      "begin" : 749,
      "end" : 750,
      "text" : ",",
      "whiteSpace" : false
    }, {
      "id" : "s3-t27",
      "begin" : 751,
      "end" : 759,
      "text" : "although",
      "whiteSpace" : false
    }, {
      "id" : "s3-t28",
      "begin" : 760,
      "end" : 762,
      "text" : "it",
      "whiteSpace" : false
    }, {
      "id" : "s3-t29",
      "begin" : 763,
      "end" : 765,
      "text" : "is",
      "whiteSpace" : false
    }, {
      "id" : "s3-t30",
      "begin" : 766,
      "end" : 774,
      "text" : "probably",
      "whiteSpace" : false
    }, {
      "id" : "s3-t31",
      "begin" : 775,
      "end" : 778,
      "text" : "the",
      "whiteSpace" : false
    }, {
      "id" : "s3-t32",
      "begin" : 779,
      "end" : 786,
      "text" : "hardest",
      "whiteSpace" : false
    }, {
      "id" : "s3-t33",
      "begin" : 787,
      "end" : 789,
      "text" : "to",
      "whiteSpace" : false
    }, {
      "id" : "s3-t34",
      "begin" : 790,
      "end" : 794,
      "text" : "test",
      "whiteSpace" : false
    }, {
      "id" : "s3-t35",
      "begin" : 795,
      "end" : 799,
      "text" : "with",
      "whiteSpace" : false
    }, {
      "id" : "s3-t36",
      "begin" : 800,
      "end" : 803,
      "text" : "the",
      "whiteSpace" : false
    }, {
      "id" : "s3-t37",
      "begin" : 804,
      "end" : 812,
      "text" : "existing",
      "whiteSpace" : false
    }, {
      "id" : "s3-t38",
      "begin" : 813,
      "end" : 817,
      "text" : "data",
      "whiteSpace" : false
    }, {
      "id" : "s3-t39",
      "begin" : 817,
      "end" : 818,
      "text" : ".",
      "whiteSpace" : false
    } ]
  }, {
    "id" : "s4",
    "begin" : 819,
    "end" : 953,
    "text" : "By contrast, there appears to be less empirical support for explanations based on the effects of income distribution on fiscal policy.",
    "tokens" : [ {
      "id" : "s4-t0",
      "begin" : 819,
      "end" : 821,
      "text" : "By",
      "whiteSpace" : false
    }, {
      "id" : "s4-t1",
      "begin" : 822,
      "end" : 830,
      "text" : "contrast",
      "whiteSpace" : false
    }, {
      "id" : "s4-t2",
      "begin" : 830,
      "end" : 831,
      "text" : ",",
      "whiteSpace" : false
    }, {
      "id" : "s4-t3",
      "begin" : 832,
      "end" : 837,
      "text" : "there",
      "whiteSpace" : false
    }, {
      "id" : "s4-t4",
      "begin" : 838,
      "end" : 845,
      "text" : "appears",
      "whiteSpace" : false
    }, {
      "id" : "s4-t5",
      "begin" : 846,
      "end" : 848,
      "text" : "to",
      "whiteSpace" : false
    }, {
      "id" : "s4-t6",
      "begin" : 849,
      "end" : 851,
      "text" : "be",
      "whiteSpace" : false
    }, {
      "id" : "s4-t7",
      "begin" : 852,
      "end" : 856,
      "text" : "less",
      "whiteSpace" : false
    }, {
      "id" : "s4-t8",
      "begin" : 857,
      "end" : 866,
      "text" : "empirical",
      "whiteSpace" : false
    }, {
      "id" : "s4-t9",
      "begin" : 867,
      "end" : 874,
      "text" : "support",
      "whiteSpace" : false
    }, {
      "id" : "s4-t10",
      "begin" : 875,
      "end" : 878,
      "text" : "for",
      "whiteSpace" : false
    }, {
      "id" : "s4-t11",
      "begin" : 879,
      "end" : 891,
      "text" : "explanations",
      "whiteSpace" : false
    }, {
      "id" : "s4-t12",
      "begin" : 892,
      "end" : 897,
      "text" : "based",
      "whiteSpace" : false
    }, {
      "id" : "s4-t13",
      "begin" : 898,
      "end" : 900,
      "text" : "on",
      "whiteSpace" : false
    }, {
      "id" : "s4-t14",
      "begin" : 901,
      "end" : 904,
      "text" : "the",
      "whiteSpace" : false
    }, {
      "id" : "s4-t15",
      "begin" : 905,
      "end" : 912,
      "text" : "effects",
      "whiteSpace" : false
    }, {
      "id" : "s4-t16",
      "begin" : 913,
      "end" : 915,
      "text" : "of",
      "whiteSpace" : false
    }, {
      "id" : "s4-t17",
      "begin" : 916,
      "end" : 922,
      "text" : "income",
      "whiteSpace" : false
    }, {
      "id" : "s4-t18",
      "begin" : 923,
      "end" : 935,
      "text" : "distribution",
      "whiteSpace" : false
    }, {
      "id" : "s4-t19",
      "begin" : 936,
      "end" : 938,
      "text" : "on",
      "whiteSpace" : false
    }, {
      "id" : "s4-t20",
      "begin" : 939,
      "end" : 945,
      "text" : "fiscal",
      "whiteSpace" : false
    }, {
      "id" : "s4-t21",
      "begin" : 946,
      "end" : 952,
      "text" : "policy",
      "whiteSpace" : false
    }, {
      "id" : "s4-t22",
      "begin" : 952,
      "end" : 953,
      "text" : ".",
      "whiteSpace" : false
    } ]
  } ],
  "mentions" : [ {
    "id" : "m14",
    "properties" : {
      "SIRE_ENTITY_LEVEL" : "NONE",
      "SIRE_MENTION_ROLE" : "evidence",
      "SIRE_MENTION_CLASS" : "SPC",
      "SIRE_MENTION_TYPE" : "NONE",
      "SIRE_ENTITY_CLASS" : "SPC",
      "SIRE_ENTITY_SUBTYPE" : "NONE"
    },
    "type" : "evidence",
    "begin" : 12,
    "end" : 24,
    "inCoref" : false
  }, {
    "id" : "m15",
    "properties" : {
      "SIRE_ENTITY_LEVEL" : "NONE",
      "SIRE_MENTION_ROLE" : "relation",
      "SIRE_MENTION_CLASS" : "SPC",
      "SIRE_MENTION_TYPE" : "NONE",
      "SIRE_ENTITY_CLASS" : "SPC",
      "SIRE_ENTITY_SUBTYPE" : "NONE"
    },
    "type" : "relation",
    "begin" : 29,
    "end" : 49,
    "inCoref" : false
  }, {
    "id" : "m1",
    "properties" : {
      "SIRE_MENTION_ROLE" : "Variable",
      "SIRE_MENTION_CLASS" : "SPC",
      "SIRE_MENTION_TYPE" : "NONE",
      "SIRE_ENTITY_SUBTYPE" : "NONE"
    },
    "type" : "Variable",
    "begin" : 50,
    "end" : 69,
    "inCoref" : true
  }, {
    "id" : "m16",
    "properties" : {
      "SIRE_ENTITY_LEVEL" : "NONE",
      "SIRE_MENTION_ROLE" : "Variable",
      "SIRE_MENTION_CLASS" : "SPC",
      "SIRE_MENTION_TYPE" : "NONE",
      "SIRE_ENTITY_CLASS" : "SPC",
      "SIRE_ENTITY_SUBTYPE" : "NONE"
    },
    "type" : "Variable",
    "begin" : 71,
    "end" : 94,
    "inCoref" : false
  }, {
    "id" : "m2",
    "properties" : {
      "SIRE_MENTION_ROLE" : "Variable",
      "SIRE_MENTION_CLASS" : "SPC",
      "SIRE_MENTION_TYPE" : "NONE",
      "SIRE_ENTITY_SUBTYPE" : "NONE"
    },
    "type" : "Variable",
    "begin" : 100,
    "end" : 106,
    "inCoref" : true
  }, {
    "id" : "m3",
    "properties" : {
      "SIRE_MENTION_ROLE" : "Variable",
      "SIRE_MENTION_CLASS" : "SPC",
      "SIRE_MENTION_TYPE" : "NONE",
      "SIRE_ENTITY_SUBTYPE" : "NONE"
    },
    "type" : "Variable",
    "begin" : 190,
    "end" : 209,
    "inCoref" : true
  }, {
    "id" : "m17",
    "properties" : {
      "SIRE_ENTITY_LEVEL" : "NONE",
      "SIRE_MENTION_ROLE" : "relation",
      "SIRE_MENTION_CLASS" : "SPC",
      "SIRE_MENTION_TYPE" : "NONE",
      "SIRE_ENTITY_CLASS" : "SPC",
      "SIRE_ENTITY_SUBTYPE" : "NONE"
    },
    "type" : "relation",
    "begin" : 251,
    "end" : 272,
    "inCoref" : false
  }, {
    "id" : "m4",
    "properties" : {
      "SIRE_MENTION_ROLE" : "Variable",
      "SIRE_MENTION_CLASS" : "SPC",
      "SIRE_MENTION_TYPE" : "NONE",
      "SIRE_ENTITY_SUBTYPE" : "NONE"
    },
    "type" : "Variable",
    "begin" : 273,
    "end" : 292,
    "inCoref" : true
  }, {
    "id" : "m5",
    "properties" : {
      "SIRE_MENTION_ROLE" : "Variable",
      "SIRE_MENTION_CLASS" : "SPC",
      "SIRE_MENTION_TYPE" : "NONE",
      "SIRE_ENTITY_SUBTYPE" : "NONE"
    },
    "type" : "Variable",
    "begin" : 297,
    "end" : 303,
    "inCoref" : true
  }, {
    "id" : "m6",
    "properties" : {
      "SIRE_MENTION_ROLE" : "Variable",
      "SIRE_MENTION_CLASS" : "SPC",
      "SIRE_MENTION_TYPE" : "NONE",
      "SIRE_ENTITY_SUBTYPE" : "NONE"
    },
    "type" : "Variable",
    "begin" : 362,
    "end" : 381,
    "inCoref" : true
  }, {
    "id" : "m18",
    "properties" : {
      "SIRE_ENTITY_LEVEL" : "NONE",
      "SIRE_MENTION_ROLE" : "relation",
      "SIRE_MENTION_CLASS" : "SPC",
      "SIRE_MENTION_TYPE" : "NONE",
      "SIRE_ENTITY_CLASS" : "SPC",
      "SIRE_ENTITY_SUBTYPE" : "NONE"
    },
    "type" : "relation",
    "begin" : 382,
    "end" : 389,
    "inCoref" : false
  }, {
    "id" : "m7",
    "properties" : {
      "SIRE_MENTION_ROLE" : "Variable",
      "SIRE_MENTION_CLASS" : "SPC",
      "SIRE_MENTION_TYPE" : "NONE",
      "SIRE_ENTITY_SUBTYPE" : "NONE"
    },
    "type" : "Variable",
    "begin" : 390,
    "end" : 396,
    "inCoref" : true
  }, {
    "id" : "m8",
    "properties" : {
      "SIRE_MENTION_ROLE" : "evidence",
      "SIRE_MENTION_CLASS" : "SPC",
      "SIRE_MENTION_TYPE" : "NONE",
      "SIRE_ENTITY_SUBTYPE" : "NONE"
    },
    "type" : "evidence",
    "begin" : 407,
    "end" : 417,
    "inCoref" : false
  }, {
    "id" : "s2-m4",
    "properties" : {
      "SIRE_MENTION_ROLE" : "relation",
      "SIRE_ENTITY_SUBTYPE" : "NONE",
      "SIRE_MENTION_TYPE" : "NONE",
      "SIRE_MENTION_CLASS" : "SPC"
    },
    "type" : "relation",
    "begin" : 506,
    "end" : 513,
    "inCoref" : false
  }, {
    "id" : "m9",
    "properties" : {
      "SIRE_MENTION_ROLE" : "Variable",
      "SIRE_MENTION_CLASS" : "SPC",
      "SIRE_MENTION_TYPE" : "NONE",
      "SIRE_ENTITY_SUBTYPE" : "NONE"
    },
    "type" : "Variable",
    "begin" : 514,
    "end" : 533,
    "inCoref" : true
  }, {
    "id" : "s2-m5",
    "properties" : {
      "SIRE_MENTION_ROLE" : "Variable",
      "SIRE_ENTITY_SUBTYPE" : "NONE",
      "SIRE_MENTION_TYPE" : "NONE",
      "SIRE_MENTION_CLASS" : "SPC"
    },
    "type" : "Variable",
    "begin" : 537,
    "end" : 563,
    "inCoref" : false
  }, {
    "id" : "m10",
    "properties" : {
      "SIRE_MENTION_ROLE" : "Variable",
      "SIRE_MENTION_CLASS" : "SPC",
      "SIRE_MENTION_TYPE" : "NONE",
      "SIRE_ENTITY_SUBTYPE" : "NONE"
    },
    "type" : "Variable",
    "begin" : 575,
    "end" : 584,
    "inCoref" : false
  }, {
    "id" : "s2-m6",
    "properties" : {
      "SIRE_MENTION_ROLE" : "Variable",
      "SIRE_ENTITY_SUBTYPE" : "NONE",
      "SIRE_MENTION_TYPE" : "NONE",
      "SIRE_MENTION_CLASS" : "SPC"
    },
    "type" : "Variable",
    "begin" : 585,
    "end" : 594,
    "inCoref" : false
  }, {
    "id" : "m11",
    "properties" : {
      "SIRE_MENTION_ROLE" : "Variable",
      "SIRE_MENTION_CLASS" : "SPC",
      "SIRE_MENTION_TYPE" : "NONE",
      "SIRE_ENTITY_SUBTYPE" : "NONE"
    },
    "type" : "Variable",
    "begin" : 674,
    "end" : 701,
    "inCoref" : false
  }, {
    "id" : "s4-m6",
    "properties" : {
      "SIRE_MENTION_ROLE" : "negation",
      "SIRE_ENTITY_SUBTYPE" : "NONE",
      "SIRE_MENTION_TYPE" : "NONE",
      "SIRE_MENTION_CLASS" : "SPC"
    },
    "type" : "negation",
    "begin" : 852,
    "end" : 856,
    "inCoref" : false
  }, {
    "id" : "m19",
    "properties" : {
      "SIRE_ENTITY_LEVEL" : "NONE",
      "SIRE_MENTION_ROLE" : "relation",
      "SIRE_MENTION_CLASS" : "SPC",
      "SIRE_MENTION_TYPE" : "NONE",
      "SIRE_ENTITY_CLASS" : "SPC",
      "SIRE_ENTITY_SUBTYPE" : "NONE"
    },
    "type" : "relation",
    "begin" : 879,
    "end" : 891,
    "inCoref" : false
  }, {
    "id" : "m20",
    "properties" : {
      "SIRE_ENTITY_LEVEL" : "NONE",
      "SIRE_MENTION_ROLE" : "relation",
      "SIRE_MENTION_CLASS" : "SPC",
      "SIRE_MENTION_TYPE" : "NONE",
      "SIRE_ENTITY_CLASS" : "SPC",
      "SIRE_ENTITY_SUBTYPE" : "NONE"
    },
    "type" : "relation",
    "begin" : 905,
    "end" : 915,
    "inCoref" : false
  }, {
    "id" : "m13",
    "properties" : {
      "SIRE_MENTION_ROLE" : "Variable",
      "SIRE_MENTION_CLASS" : "SPC",
      "SIRE_MENTION_TYPE" : "NONE",
      "SIRE_ENTITY_SUBTYPE" : "NONE"
    },
    "type" : "Variable",
    "begin" : 916,
    "end" : 935,
    "inCoref" : true
  }, {
    "id" : "s4-m5",
    "properties" : {
      "SIRE_MENTION_ROLE" : "Variable",
      "SIRE_ENTITY_SUBTYPE" : "NONE",
      "SIRE_MENTION_TYPE" : "NONE",
      "SIRE_MENTION_CLASS" : "SPC"
    },
    "type" : "Variable",
    "begin" : 939,
    "end" : 952,
    "inCoref" : false
  } ],
  "relations" : [ {
    "id" : "r1",
    "properties" : {
      "SIRE_RELATION_TENSE" : "UNSPECIFIED",
      "SIRE_RELATION_CLASS" : "SPECIFIC",
      "SIRE_RELATION_MODALITY" : "ASSERTED",
      "SIRE_RELATION_SUBTYPE" : "OTHER"
    },
    "type" : "Causal",
    "args" : [ "m1", "m2" ]
  }, {
    "id" : "s2-r1",
    "properties" : { },
    "type" : "RelateCorrelation",
    "args" : [ "m9", "s2-m5" ]
  }, {
    "id" : "s2-r2",
    "properties" : { },
    "type" : "RelateCorrelation",
    "args" : [ "m9", "m10" ]
  }, {
    "id" : "s2-r3",
    "properties" : { },
    "type" : "RelateCorrelation",
    "args" : [ "m9", "s2-m6" ]
  }, {
    "id" : "s4-r1",
    "properties" : { },
    "type" : "NoRelation",
    "args" : [ "m13", "s4-m5" ]
  } ],
  "corefs" : [ {
    "id" : "c1",
    "properties" : { },
    "mentions" : [ "m1", "m3", "m4", "m6", "m9", "m13" ]
  }, {
    "id" : "c2",
    "properties" : { },
    "mentions" : [ "m2", "m5", "m7" ]
  } ],
  "typeResolved" : true,
  "userResolved" : false
}