{
  "id" : "40f1b1e0-3329-11ec-aeb1-4f7a687954bf-9",
  "name" : "35. Galbraith, J. K., & Hale, J. T. (2008). .docx",
  "createdDate" : 0,
  "version" : 3,
  "text" : "\nObjective. This study examines the links among income inequality, voter turnout, and electoral choice at the state level in recent presidential elections. Methods. We introduce two new state-level ecological data sets, estimated annual Gini coefficients of income inequality from 1969 to 2004 and a measure of income segregation across Census tracts within states in 1999. We test for associations among inequality, turnout, and party preference with cross-sectional, fixed-effects, and multilevel analyses. Results. The cross-sectional effect of inequality on voter turnout and electoral choice is ambiguous. However, a fixed-effects analysis links higher income inequality to lower voter turnout and also to a stronger Democratic vote. Multilevel results indicate that higher levels of economic segregation likewise are associated with depressed turnout, after controlling for individual voter characteristics and for state-level income.\n\n",
  "docLength" : 0,
  "language" : "EN",
  "status" : "IN_PROGRESS",
  "modifiedDate" : 1638274659275,
  "documentSet" : [ ],
  "preannotation" : [ "PRE_LW", "PRE_SIRE" ],
  "sentences" : [ {
    "id" : "s0",
    "begin" : 1,
    "end" : 11,
    "text" : "Objective.",
    "tokens" : [ {
      "id" : "s0-t0",
      "begin" : 1,
      "end" : 10,
      "text" : "Objective",
      "whiteSpace" : false
    }, {
      "id" : "s0-t1",
      "begin" : 10,
      "end" : 11,
      "text" : ".",
      "whiteSpace" : false
    } ]
  }, {
    "id" : "s1",
    "begin" : 12,
    "end" : 155,
    "text" : "This study examines the links among income inequality, voter turnout, and electoral choice at the state level in recent presidential elections.",
    "tokens" : [ {
      "id" : "s1-t0",
      "begin" : 12,
      "end" : 16,
      "text" : "This",
      "whiteSpace" : false
    }, {
      "id" : "s1-t1",
      "begin" : 17,
      "end" : 22,
      "text" : "study",
      "whiteSpace" : false
    }, {
      "id" : "s1-t2",
      "begin" : 23,
      "end" : 31,
      "text" : "examines",
      "whiteSpace" : false
    }, {
      "id" : "s1-t3",
      "begin" : 32,
      "end" : 35,
      "text" : "the",
      "whiteSpace" : false
    }, {
      "id" : "s1-t4",
      "begin" : 36,
      "end" : 41,
      "text" : "links",
      "whiteSpace" : false
    }, {
      "id" : "s1-t5",
      "begin" : 42,
      "end" : 47,
      "text" : "among",
      "whiteSpace" : false
    }, {
      "id" : "s1-t6",
      "begin" : 48,
      "end" : 54,
      "text" : "income",
      "whiteSpace" : false
    }, {
      "id" : "s1-t7",
      "begin" : 55,
      "end" : 65,
      "text" : "inequality",
      "whiteSpace" : false
    }, {
      "id" : "s1-t8",
      "begin" : 65,
      "end" : 66,
      "text" : ",",
      "whiteSpace" : false
    }, {
      "id" : "s1-t9",
      "begin" : 67,
      "end" : 72,
      "text" : "voter",
      "whiteSpace" : false
    }, {
      "id" : "s1-t10",
      "begin" : 73,
      "end" : 80,
      "text" : "turnout",
      "whiteSpace" : false
    }, {
      "id" : "s1-t11",
      "begin" : 80,
      "end" : 81,
      "text" : ",",
      "whiteSpace" : false
    }, {
      "id" : "s1-t12",
      "begin" : 82,
      "end" : 85,
      "text" : "and",
      "whiteSpace" : false
    }, {
      "id" : "s1-t13",
      "begin" : 86,
      "end" : 95,
      "text" : "electoral",
      "whiteSpace" : false
    }, {
      "id" : "s1-t14",
      "begin" : 96,
      "end" : 102,
      "text" : "choice",
      "whiteSpace" : false
    }, {
      "id" : "s1-t15",
      "begin" : 103,
      "end" : 105,
      "text" : "at",
      "whiteSpace" : false
    }, {
      "id" : "s1-t16",
      "begin" : 106,
      "end" : 109,
      "text" : "the",
      "whiteSpace" : false
    }, {
      "id" : "s1-t17",
      "begin" : 110,
      "end" : 115,
      "text" : "state",
      "whiteSpace" : false
    }, {
      "id" : "s1-t18",
      "begin" : 116,
      "end" : 121,
      "text" : "level",
      "whiteSpace" : false
    }, {
      "id" : "s1-t19",
      "begin" : 122,
      "end" : 124,
      "text" : "in",
      "whiteSpace" : false
    }, {
      "id" : "s1-t20",
      "begin" : 125,
      "end" : 131,
      "text" : "recent",
      "whiteSpace" : false
    }, {
      "id" : "s1-t21",
      "begin" : 132,
      "end" : 144,
      "text" : "presidential",
      "whiteSpace" : false
    }, {
      "id" : "s1-t22",
      "begin" : 145,
      "end" : 154,
      "text" : "elections",
      "whiteSpace" : false
    }, {
      "id" : "s1-t23",
      "begin" : 154,
      "end" : 155,
      "text" : ".",
      "whiteSpace" : false
    } ]
  }, {
    "id" : "s2",
    "begin" : 156,
    "end" : 164,
    "text" : "Methods.",
    "tokens" : [ {
      "id" : "s2-t0",
      "begin" : 156,
      "end" : 163,
      "text" : "Methods",
      "whiteSpace" : false
    }, {
      "id" : "s2-t1",
      "begin" : 163,
      "end" : 164,
      "text" : ".",
      "whiteSpace" : false
    } ]
  }, {
    "id" : "s3",
    "begin" : 165,
    "end" : 373,
    "text" : "We introduce two new state-level ecological data sets, estimated annual Gini coefficients of income inequality from 1969 to 2004 and a measure of income segregation across Census tracts within states in 1999.",
    "tokens" : [ {
      "id" : "s3-t0",
      "begin" : 165,
      "end" : 167,
      "text" : "We",
      "whiteSpace" : false
    }, {
      "id" : "s3-t1",
      "begin" : 168,
      "end" : 177,
      "text" : "introduce",
      "whiteSpace" : false
    }, {
      "id" : "s3-t2",
      "begin" : 178,
      "end" : 181,
      "text" : "two",
      "whiteSpace" : false
    }, {
      "id" : "s3-t3",
      "begin" : 182,
      "end" : 185,
      "text" : "new",
      "whiteSpace" : false
    }, {
      "id" : "s3-t4",
      "begin" : 186,
      "end" : 197,
      "text" : "state-level",
      "whiteSpace" : false
    }, {
      "id" : "s3-t5",
      "begin" : 198,
      "end" : 208,
      "text" : "ecological",
      "whiteSpace" : false
    }, {
      "id" : "s3-t6",
      "begin" : 209,
      "end" : 213,
      "text" : "data",
      "whiteSpace" : false
    }, {
      "id" : "s3-t7",
      "begin" : 214,
      "end" : 218,
      "text" : "sets",
      "whiteSpace" : false
    }, {
      "id" : "s3-t8",
      "begin" : 218,
      "end" : 219,
      "text" : ",",
      "whiteSpace" : false
    }, {
      "id" : "s3-t9",
      "begin" : 220,
      "end" : 229,
      "text" : "estimated",
      "whiteSpace" : false
    }, {
      "id" : "s3-t10",
      "begin" : 230,
      "end" : 236,
      "text" : "annual",
      "whiteSpace" : false
    }, {
      "id" : "s3-t11",
      "begin" : 237,
      "end" : 241,
      "text" : "Gini",
      "whiteSpace" : false
    }, {
      "id" : "s3-t12",
      "begin" : 242,
      "end" : 254,
      "text" : "coefficients",
      "whiteSpace" : false
    }, {
      "id" : "s3-t13",
      "begin" : 255,
      "end" : 257,
      "text" : "of",
      "whiteSpace" : false
    }, {
      "id" : "s3-t14",
      "begin" : 258,
      "end" : 264,
      "text" : "income",
      "whiteSpace" : false
    }, {
      "id" : "s3-t15",
      "begin" : 265,
      "end" : 275,
      "text" : "inequality",
      "whiteSpace" : false
    }, {
      "id" : "s3-t16",
      "begin" : 276,
      "end" : 280,
      "text" : "from",
      "whiteSpace" : false
    }, {
      "id" : "s3-t17",
      "begin" : 281,
      "end" : 285,
      "text" : "1969",
      "whiteSpace" : false
    }, {
      "id" : "s3-t18",
      "begin" : 286,
      "end" : 288,
      "text" : "to",
      "whiteSpace" : false
    }, {
      "id" : "s3-t19",
      "begin" : 289,
      "end" : 293,
      "text" : "2004",
      "whiteSpace" : false
    }, {
      "id" : "s3-t20",
      "begin" : 294,
      "end" : 297,
      "text" : "and",
      "whiteSpace" : false
    }, {
      "id" : "s3-t21",
      "begin" : 298,
      "end" : 299,
      "text" : "a",
      "whiteSpace" : false
    }, {
      "id" : "s3-t22",
      "begin" : 300,
      "end" : 307,
      "text" : "measure",
      "whiteSpace" : false
    }, {
      "id" : "s3-t23",
      "begin" : 308,
      "end" : 310,
      "text" : "of",
      "whiteSpace" : false
    }, {
      "id" : "s3-t24",
      "begin" : 311,
      "end" : 317,
      "text" : "income",
      "whiteSpace" : false
    }, {
      "id" : "s3-t25",
      "begin" : 318,
      "end" : 329,
      "text" : "segregation",
      "whiteSpace" : false
    }, {
      "id" : "s3-t26",
      "begin" : 330,
      "end" : 336,
      "text" : "across",
      "whiteSpace" : false
    }, {
      "id" : "s3-t27",
      "begin" : 337,
      "end" : 343,
      "text" : "Census",
      "whiteSpace" : false
    }, {
      "id" : "s3-t28",
      "begin" : 344,
      "end" : 350,
      "text" : "tracts",
      "whiteSpace" : false
    }, {
      "id" : "s3-t29",
      "begin" : 351,
      "end" : 357,
      "text" : "within",
      "whiteSpace" : false
    }, {
      "id" : "s3-t30",
      "begin" : 358,
      "end" : 364,
      "text" : "states",
      "whiteSpace" : false
    }, {
      "id" : "s3-t31",
      "begin" : 365,
      "end" : 367,
      "text" : "in",
      "whiteSpace" : false
    }, {
      "id" : "s3-t32",
      "begin" : 368,
      "end" : 372,
      "text" : "1999",
      "whiteSpace" : false
    }, {
      "id" : "s3-t33",
      "begin" : 372,
      "end" : 373,
      "text" : ".",
      "whiteSpace" : false
    } ]
  }, {
    "id" : "s4",
    "begin" : 374,
    "end" : 508,
    "text" : "We test for associations among inequality, turnout, and party preference with cross-sectional, fixed-effects, and multilevel analyses.",
    "tokens" : [ {
      "id" : "s4-t0",
      "begin" : 374,
      "end" : 376,
      "text" : "We",
      "whiteSpace" : false
    }, {
      "id" : "s4-t1",
      "begin" : 377,
      "end" : 381,
      "text" : "test",
      "whiteSpace" : false
    }, {
      "id" : "s4-t2",
      "begin" : 382,
      "end" : 385,
      "text" : "for",
      "whiteSpace" : false
    }, {
      "id" : "s4-t3",
      "begin" : 386,
      "end" : 398,
      "text" : "associations",
      "whiteSpace" : false
    }, {
      "id" : "s4-t4",
      "begin" : 399,
      "end" : 404,
      "text" : "among",
      "whiteSpace" : false
    }, {
      "id" : "s4-t5",
      "begin" : 405,
      "end" : 415,
      "text" : "inequality",
      "whiteSpace" : false
    }, {
      "id" : "s4-t6",
      "begin" : 415,
      "end" : 416,
      "text" : ",",
      "whiteSpace" : false
    }, {
      "id" : "s4-t7",
      "begin" : 417,
      "end" : 424,
      "text" : "turnout",
      "whiteSpace" : false
    }, {
      "id" : "s4-t8",
      "begin" : 424,
      "end" : 425,
      "text" : ",",
      "whiteSpace" : false
    }, {
      "id" : "s4-t9",
      "begin" : 426,
      "end" : 429,
      "text" : "and",
      "whiteSpace" : false
    }, {
      "id" : "s4-t10",
      "begin" : 430,
      "end" : 435,
      "text" : "party",
      "whiteSpace" : false
    }, {
      "id" : "s4-t11",
      "begin" : 436,
      "end" : 446,
      "text" : "preference",
      "whiteSpace" : false
    }, {
      "id" : "s4-t12",
      "begin" : 447,
      "end" : 451,
      "text" : "with",
      "whiteSpace" : false
    }, {
      "id" : "s4-t13",
      "begin" : 452,
      "end" : 457,
      "text" : "cross",
      "whiteSpace" : false
    }, {
      "id" : "s4-t14",
      "begin" : 457,
      "end" : 458,
      "text" : "-",
      "whiteSpace" : false
    }, {
      "id" : "s4-t15",
      "begin" : 458,
      "end" : 467,
      "text" : "sectional",
      "whiteSpace" : false
    }, {
      "id" : "s4-t16",
      "begin" : 467,
      "end" : 468,
      "text" : ",",
      "whiteSpace" : false
    }, {
      "id" : "s4-t17",
      "begin" : 469,
      "end" : 474,
      "text" : "fixed",
      "whiteSpace" : false
    }, {
      "id" : "s4-t18",
      "begin" : 474,
      "end" : 475,
      "text" : "-",
      "whiteSpace" : false
    }, {
      "id" : "s4-t19",
      "begin" : 475,
      "end" : 482,
      "text" : "effects",
      "whiteSpace" : false
    }, {
      "id" : "s4-t20",
      "begin" : 482,
      "end" : 483,
      "text" : ",",
      "whiteSpace" : false
    }, {
      "id" : "s4-t21",
      "begin" : 484,
      "end" : 487,
      "text" : "and",
      "whiteSpace" : false
    }, {
      "id" : "s4-t22",
      "begin" : 488,
      "end" : 498,
      "text" : "multilevel",
      "whiteSpace" : false
    }, {
      "id" : "s4-t23",
      "begin" : 499,
      "end" : 507,
      "text" : "analyses",
      "whiteSpace" : false
    }, {
      "id" : "s4-t24",
      "begin" : 507,
      "end" : 508,
      "text" : ".",
      "whiteSpace" : false
    } ]
  }, {
    "id" : "s5",
    "begin" : 509,
    "end" : 517,
    "text" : "Results.",
    "tokens" : [ {
      "id" : "s5-t0",
      "begin" : 509,
      "end" : 516,
      "text" : "Results",
      "whiteSpace" : false
    }, {
      "id" : "s5-t1",
      "begin" : 516,
      "end" : 517,
      "text" : ".",
      "whiteSpace" : false
    } ]
  }, {
    "id" : "s6",
    "begin" : 518,
    "end" : 610,
    "text" : "The cross-sectional effect of inequality on voter turnout and electoral choice is ambiguous.",
    "tokens" : [ {
      "id" : "s6-t0",
      "begin" : 518,
      "end" : 521,
      "text" : "The",
      "whiteSpace" : false
    }, {
      "id" : "s6-t1",
      "begin" : 522,
      "end" : 537,
      "text" : "cross-sectional",
      "whiteSpace" : false
    }, {
      "id" : "s6-t2",
      "begin" : 538,
      "end" : 544,
      "text" : "effect",
      "whiteSpace" : false
    }, {
      "id" : "s6-t3",
      "begin" : 545,
      "end" : 547,
      "text" : "of",
      "whiteSpace" : false
    }, {
      "id" : "s6-t4",
      "begin" : 548,
      "end" : 558,
      "text" : "inequality",
      "whiteSpace" : false
    }, {
      "id" : "s6-t5",
      "begin" : 559,
      "end" : 561,
      "text" : "on",
      "whiteSpace" : false
    }, {
      "id" : "s6-t6",
      "begin" : 562,
      "end" : 567,
      "text" : "voter",
      "whiteSpace" : false
    }, {
      "id" : "s6-t7",
      "begin" : 568,
      "end" : 575,
      "text" : "turnout",
      "whiteSpace" : false
    }, {
      "id" : "s6-t8",
      "begin" : 576,
      "end" : 579,
      "text" : "and",
      "whiteSpace" : false
    }, {
      "id" : "s6-t9",
      "begin" : 580,
      "end" : 589,
      "text" : "electoral",
      "whiteSpace" : false
    }, {
      "id" : "s6-t10",
      "begin" : 590,
      "end" : 596,
      "text" : "choice",
      "whiteSpace" : false
    }, {
      "id" : "s6-t11",
      "begin" : 597,
      "end" : 599,
      "text" : "is",
      "whiteSpace" : false
    }, {
      "id" : "s6-t12",
      "begin" : 600,
      "end" : 609,
      "text" : "ambiguous",
      "whiteSpace" : false
    }, {
      "id" : "s6-t13",
      "begin" : 609,
      "end" : 610,
      "text" : ".",
      "whiteSpace" : false
    } ]
  }, {
    "id" : "s7",
    "begin" : 611,
    "end" : 738,
    "text" : "However, a fixed-effects analysis links higher income inequality to lower voter turnout and also to a stronger Democratic vote.",
    "tokens" : [ {
      "id" : "s7-t0",
      "begin" : 611,
      "end" : 618,
      "text" : "However",
      "whiteSpace" : false
    }, {
      "id" : "s7-t1",
      "begin" : 618,
      "end" : 619,
      "text" : ",",
      "whiteSpace" : false
    }, {
      "id" : "s7-t2",
      "begin" : 620,
      "end" : 621,
      "text" : "a",
      "whiteSpace" : false
    }, {
      "id" : "s7-t3",
      "begin" : 622,
      "end" : 627,
      "text" : "fixed",
      "whiteSpace" : false
    }, {
      "id" : "s7-t4",
      "begin" : 627,
      "end" : 628,
      "text" : "-",
      "whiteSpace" : false
    }, {
      "id" : "s7-t5",
      "begin" : 628,
      "end" : 635,
      "text" : "effects",
      "whiteSpace" : false
    }, {
      "id" : "s7-t6",
      "begin" : 636,
      "end" : 644,
      "text" : "analysis",
      "whiteSpace" : false
    }, {
      "id" : "s7-t7",
      "begin" : 645,
      "end" : 650,
      "text" : "links",
      "whiteSpace" : false
    }, {
      "id" : "s7-t8",
      "begin" : 651,
      "end" : 657,
      "text" : "higher",
      "whiteSpace" : false
    }, {
      "id" : "s7-t9",
      "begin" : 658,
      "end" : 664,
      "text" : "income",
      "whiteSpace" : false
    }, {
      "id" : "s7-t10",
      "begin" : 665,
      "end" : 675,
      "text" : "inequality",
      "whiteSpace" : false
    }, {
      "id" : "s7-t11",
      "begin" : 676,
      "end" : 678,
      "text" : "to",
      "whiteSpace" : false
    }, {
      "id" : "s7-t12",
      "begin" : 679,
      "end" : 684,
      "text" : "lower",
      "whiteSpace" : false
    }, {
      "id" : "s7-t13",
      "begin" : 685,
      "end" : 690,
      "text" : "voter",
      "whiteSpace" : false
    }, {
      "id" : "s7-t14",
      "begin" : 691,
      "end" : 698,
      "text" : "turnout",
      "whiteSpace" : false
    }, {
      "id" : "s7-t15",
      "begin" : 699,
      "end" : 702,
      "text" : "and",
      "whiteSpace" : false
    }, {
      "id" : "s7-t16",
      "begin" : 703,
      "end" : 707,
      "text" : "also",
      "whiteSpace" : false
    }, {
      "id" : "s7-t17",
      "begin" : 708,
      "end" : 710,
      "text" : "to",
      "whiteSpace" : false
    }, {
      "id" : "s7-t18",
      "begin" : 711,
      "end" : 712,
      "text" : "a",
      "whiteSpace" : false
    }, {
      "id" : "s7-t19",
      "begin" : 713,
      "end" : 721,
      "text" : "stronger",
      "whiteSpace" : false
    }, {
      "id" : "s7-t20",
      "begin" : 722,
      "end" : 732,
      "text" : "Democratic",
      "whiteSpace" : false
    }, {
      "id" : "s7-t21",
      "begin" : 733,
      "end" : 737,
      "text" : "vote",
      "whiteSpace" : false
    }, {
      "id" : "s7-t22",
      "begin" : 737,
      "end" : 738,
      "text" : ".",
      "whiteSpace" : false
    } ]
  }, {
    "id" : "s8",
    "begin" : 739,
    "end" : 940,
    "text" : "Multilevel results indicate that higher levels of economic segregation likewise are associated with depressed turnout, after controlling for individual voter characteristics and for state-level income.",
    "tokens" : [ {
      "id" : "s8-t0",
      "begin" : 739,
      "end" : 749,
      "text" : "Multilevel",
      "whiteSpace" : false
    }, {
      "id" : "s8-t1",
      "begin" : 750,
      "end" : 757,
      "text" : "results",
      "whiteSpace" : false
    }, {
      "id" : "s8-t2",
      "begin" : 758,
      "end" : 766,
      "text" : "indicate",
      "whiteSpace" : false
    }, {
      "id" : "s8-t3",
      "begin" : 767,
      "end" : 771,
      "text" : "that",
      "whiteSpace" : false
    }, {
      "id" : "s8-t4",
      "begin" : 772,
      "end" : 778,
      "text" : "higher",
      "whiteSpace" : false
    }, {
      "id" : "s8-t5",
      "begin" : 779,
      "end" : 785,
      "text" : "levels",
      "whiteSpace" : false
    }, {
      "id" : "s8-t6",
      "begin" : 786,
      "end" : 788,
      "text" : "of",
      "whiteSpace" : false
    }, {
      "id" : "s8-t7",
      "begin" : 789,
      "end" : 797,
      "text" : "economic",
      "whiteSpace" : false
    }, {
      "id" : "s8-t8",
      "begin" : 798,
      "end" : 809,
      "text" : "segregation",
      "whiteSpace" : false
    }, {
      "id" : "s8-t9",
      "begin" : 810,
      "end" : 818,
      "text" : "likewise",
      "whiteSpace" : false
    }, {
      "id" : "s8-t10",
      "begin" : 819,
      "end" : 822,
      "text" : "are",
      "whiteSpace" : false
    }, {
      "id" : "s8-t11",
      "begin" : 823,
      "end" : 833,
      "text" : "associated",
      "whiteSpace" : false
    }, {
      "id" : "s8-t12",
      "begin" : 834,
      "end" : 838,
      "text" : "with",
      "whiteSpace" : false
    }, {
      "id" : "s8-t13",
      "begin" : 839,
      "end" : 848,
      "text" : "depressed",
      "whiteSpace" : false
    }, {
      "id" : "s8-t14",
      "begin" : 849,
      "end" : 856,
      "text" : "turnout",
      "whiteSpace" : false
    }, {
      "id" : "s8-t15",
      "begin" : 856,
      "end" : 857,
      "text" : ",",
      "whiteSpace" : false
    }, {
      "id" : "s8-t16",
      "begin" : 858,
      "end" : 863,
      "text" : "after",
      "whiteSpace" : false
    }, {
      "id" : "s8-t17",
      "begin" : 864,
      "end" : 875,
      "text" : "controlling",
      "whiteSpace" : false
    }, {
      "id" : "s8-t18",
      "begin" : 876,
      "end" : 879,
      "text" : "for",
      "whiteSpace" : false
    }, {
      "id" : "s8-t19",
      "begin" : 880,
      "end" : 890,
      "text" : "individual",
      "whiteSpace" : false
    }, {
      "id" : "s8-t20",
      "begin" : 891,
      "end" : 896,
      "text" : "voter",
      "whiteSpace" : false
    }, {
      "id" : "s8-t21",
      "begin" : 897,
      "end" : 912,
      "text" : "characteristics",
      "whiteSpace" : false
    }, {
      "id" : "s8-t22",
      "begin" : 913,
      "end" : 916,
      "text" : "and",
      "whiteSpace" : false
    }, {
      "id" : "s8-t23",
      "begin" : 917,
      "end" : 920,
      "text" : "for",
      "whiteSpace" : false
    }, {
      "id" : "s8-t24",
      "begin" : 921,
      "end" : 932,
      "text" : "state-level",
      "whiteSpace" : false
    }, {
      "id" : "s8-t25",
      "begin" : 933,
      "end" : 939,
      "text" : "income",
      "whiteSpace" : false
    }, {
      "id" : "s8-t26",
      "begin" : 939,
      "end" : 940,
      "text" : ".",
      "whiteSpace" : false
    } ]
  } ],
  "mentions" : [ {
    "id" : "s0-m1",
    "properties" : {
      "SIRE_MENTION_ROLE" : "evidence",
      "SIRE_ENTITY_SUBTYPE" : "NONE",
      "SIRE_MENTION_TYPE" : "NONE",
      "SIRE_MENTION_CLASS" : "SPC"
    },
    "type" : "evidence",
    "begin" : 1,
    "end" : 10,
    "inCoref" : false
  }, {
    "id" : "m1",
    "properties" : {
      "SIRE_MENTION_ROLE" : "evidence",
      "SIRE_MENTION_CLASS" : "SPC",
      "SIRE_MENTION_TYPE" : "NONE",
      "SIRE_ENTITY_SUBTYPE" : "NONE"
    },
    "type" : "evidence",
    "begin" : 17,
    "end" : 22,
    "inCoref" : false
  }, {
    "id" : "m2",
    "properties" : {
      "SIRE_MENTION_ROLE" : "evidence",
      "SIRE_MENTION_CLASS" : "SPC",
      "SIRE_MENTION_TYPE" : "NONE",
      "SIRE_ENTITY_SUBTYPE" : "NONE"
    },
    "type" : "evidence",
    "begin" : 23,
    "end" : 31,
    "inCoref" : false
  }, {
    "id" : "m16",
    "properties" : {
      "SIRE_ENTITY_LEVEL" : "NONE",
      "SIRE_MENTION_ROLE" : "relation",
      "SIRE_MENTION_CLASS" : "SPC",
      "SIRE_MENTION_TYPE" : "NONE",
      "SIRE_ENTITY_CLASS" : "SPC",
      "SIRE_ENTITY_SUBTYPE" : "NONE"
    },
    "type" : "relation",
    "begin" : 36,
    "end" : 47,
    "inCoref" : false
  }, {
    "id" : "m3",
    "properties" : {
      "SIRE_MENTION_ROLE" : "Variable",
      "SIRE_MENTION_CLASS" : "SPC",
      "SIRE_MENTION_TYPE" : "NONE",
      "SIRE_ENTITY_SUBTYPE" : "NONE"
    },
    "type" : "Variable",
    "begin" : 48,
    "end" : 65,
    "inCoref" : true
  }, {
    "id" : "s1-m5",
    "properties" : {
      "SIRE_MENTION_ROLE" : "Variable",
      "SIRE_ENTITY_SUBTYPE" : "NONE",
      "SIRE_MENTION_TYPE" : "NONE",
      "SIRE_MENTION_CLASS" : "SPC"
    },
    "type" : "Variable",
    "begin" : 67,
    "end" : 80,
    "inCoref" : true
  }, {
    "id" : "s1-m6",
    "properties" : {
      "SIRE_MENTION_ROLE" : "Variable",
      "SIRE_ENTITY_SUBTYPE" : "NONE",
      "SIRE_MENTION_TYPE" : "NONE",
      "SIRE_MENTION_CLASS" : "SPC"
    },
    "type" : "Variable",
    "begin" : 86,
    "end" : 102,
    "inCoref" : true
  }, {
    "id" : "m4",
    "properties" : {
      "SIRE_MENTION_ROLE" : "Variable",
      "SIRE_MENTION_CLASS" : "SPC",
      "SIRE_MENTION_TYPE" : "NONE",
      "SIRE_ENTITY_SUBTYPE" : "NONE"
    },
    "type" : "Variable",
    "begin" : 237,
    "end" : 275,
    "inCoref" : true
  }, {
    "id" : "m17",
    "properties" : {
      "SIRE_ENTITY_LEVEL" : "NONE",
      "SIRE_MENTION_ROLE" : "Variable",
      "SIRE_MENTION_CLASS" : "SPC",
      "SIRE_MENTION_TYPE" : "NONE",
      "SIRE_ENTITY_CLASS" : "SPC",
      "SIRE_ENTITY_SUBTYPE" : "NONE"
    },
    "type" : "Variable",
    "begin" : 311,
    "end" : 329,
    "inCoref" : false
  }, {
    "id" : "s4-m6",
    "properties" : {
      "SIRE_MENTION_ROLE" : "evidence",
      "SIRE_ENTITY_SUBTYPE" : "NONE",
      "SIRE_MENTION_TYPE" : "NONE",
      "SIRE_MENTION_CLASS" : "SPC"
    },
    "type" : "evidence",
    "begin" : 377,
    "end" : 381,
    "inCoref" : false
  }, {
    "id" : "s4-m5",
    "properties" : {
      "SIRE_MENTION_ROLE" : "relation",
      "SIRE_ENTITY_SUBTYPE" : "NONE",
      "SIRE_MENTION_TYPE" : "NONE",
      "SIRE_MENTION_CLASS" : "SPC"
    },
    "type" : "relation",
    "begin" : 386,
    "end" : 404,
    "inCoref" : false
  }, {
    "id" : "m5",
    "properties" : {
      "SIRE_MENTION_ROLE" : "Variable",
      "SIRE_MENTION_CLASS" : "SPC",
      "SIRE_MENTION_TYPE" : "NONE",
      "SIRE_ENTITY_SUBTYPE" : "NONE"
    },
    "type" : "Variable",
    "begin" : 405,
    "end" : 415,
    "inCoref" : true
  }, {
    "id" : "s4-m3",
    "properties" : {
      "SIRE_MENTION_ROLE" : "Variable",
      "SIRE_ENTITY_SUBTYPE" : "NONE",
      "SIRE_MENTION_TYPE" : "NONE",
      "SIRE_MENTION_CLASS" : "SPC"
    },
    "type" : "Variable",
    "begin" : 417,
    "end" : 424,
    "inCoref" : true
  }, {
    "id" : "s4-m4",
    "properties" : {
      "SIRE_MENTION_ROLE" : "Variable",
      "SIRE_ENTITY_SUBTYPE" : "NONE",
      "SIRE_MENTION_TYPE" : "NONE",
      "SIRE_MENTION_CLASS" : "SPC"
    },
    "type" : "Variable",
    "begin" : 430,
    "end" : 446,
    "inCoref" : false
  }, {
    "id" : "m6",
    "properties" : {
      "SIRE_MENTION_ROLE" : "evidence",
      "SIRE_MENTION_CLASS" : "SPC",
      "SIRE_MENTION_TYPE" : "NONE",
      "SIRE_ENTITY_SUBTYPE" : "NONE"
    },
    "type" : "evidence",
    "begin" : 499,
    "end" : 507,
    "inCoref" : false
  }, {
    "id" : "m7",
    "properties" : {
      "SIRE_MENTION_ROLE" : "evidence",
      "SIRE_MENTION_CLASS" : "SPC",
      "SIRE_MENTION_TYPE" : "NONE",
      "SIRE_ENTITY_SUBTYPE" : "NONE"
    },
    "type" : "evidence",
    "begin" : 509,
    "end" : 516,
    "inCoref" : false
  }, {
    "id" : "m8",
    "properties" : {
      "SIRE_MENTION_ROLE" : "relation",
      "SIRE_MENTION_CLASS" : "SPC",
      "SIRE_MENTION_TYPE" : "NONE",
      "SIRE_ENTITY_SUBTYPE" : "NONE"
    },
    "type" : "relation",
    "begin" : 538,
    "end" : 547,
    "inCoref" : false
  }, {
    "id" : "m9",
    "properties" : {
      "SIRE_MENTION_ROLE" : "Variable",
      "SIRE_MENTION_CLASS" : "SPC",
      "SIRE_MENTION_TYPE" : "NONE",
      "SIRE_ENTITY_SUBTYPE" : "NONE"
    },
    "type" : "Variable",
    "begin" : 548,
    "end" : 558,
    "inCoref" : true
  }, {
    "id" : "m18",
    "properties" : {
      "SIRE_ENTITY_LEVEL" : "NONE",
      "SIRE_MENTION_ROLE" : "Variable",
      "SIRE_MENTION_CLASS" : "SPC",
      "SIRE_MENTION_TYPE" : "NONE",
      "SIRE_ENTITY_CLASS" : "SPC",
      "SIRE_ENTITY_SUBTYPE" : "NONE"
    },
    "type" : "Variable",
    "begin" : 562,
    "end" : 575,
    "inCoref" : true
  }, {
    "id" : "s6-m4",
    "properties" : {
      "SIRE_MENTION_ROLE" : "Variable",
      "SIRE_ENTITY_SUBTYPE" : "NONE",
      "SIRE_MENTION_TYPE" : "NONE",
      "SIRE_MENTION_CLASS" : "SPC"
    },
    "type" : "Variable",
    "begin" : 580,
    "end" : 596,
    "inCoref" : true
  }, {
    "id" : "s6-m5",
    "properties" : {
      "SIRE_MENTION_ROLE" : "negation",
      "SIRE_ENTITY_SUBTYPE" : "NONE",
      "SIRE_MENTION_TYPE" : "NONE",
      "SIRE_MENTION_CLASS" : "SPC"
    },
    "type" : "negation",
    "begin" : 600,
    "end" : 609,
    "inCoref" : false
  }, {
    "id" : "s7-m5",
    "properties" : {
      "SIRE_MENTION_ROLE" : "relation",
      "SIRE_ENTITY_SUBTYPE" : "NONE",
      "SIRE_MENTION_TYPE" : "NONE",
      "SIRE_MENTION_CLASS" : "SPC"
    },
    "type" : "relation",
    "begin" : 645,
    "end" : 650,
    "inCoref" : false
  }, {
    "id" : "m10",
    "properties" : {
      "SIRE_MENTION_ROLE" : "relation",
      "SIRE_MENTION_CLASS" : "SPC",
      "SIRE_MENTION_TYPE" : "NONE",
      "SIRE_ENTITY_SUBTYPE" : "NONE"
    },
    "type" : "relation",
    "begin" : 651,
    "end" : 657,
    "inCoref" : false
  }, {
    "id" : "m11",
    "properties" : {
      "SIRE_MENTION_ROLE" : "Variable",
      "SIRE_MENTION_CLASS" : "SPC",
      "SIRE_MENTION_TYPE" : "NONE",
      "SIRE_ENTITY_SUBTYPE" : "NONE"
    },
    "type" : "Variable",
    "begin" : 658,
    "end" : 675,
    "inCoref" : true
  }, {
    "id" : "m12",
    "properties" : {
      "SIRE_MENTION_ROLE" : "relation",
      "SIRE_MENTION_CLASS" : "SPC",
      "SIRE_MENTION_TYPE" : "NONE",
      "SIRE_ENTITY_SUBTYPE" : "NONE"
    },
    "type" : "relation",
    "begin" : 679,
    "end" : 684,
    "inCoref" : false
  }, {
    "id" : "s7-m6",
    "properties" : {
      "SIRE_MENTION_ROLE" : "Variable",
      "SIRE_ENTITY_SUBTYPE" : "NONE",
      "SIRE_MENTION_TYPE" : "NONE",
      "SIRE_MENTION_CLASS" : "SPC"
    },
    "type" : "Variable",
    "begin" : 685,
    "end" : 698,
    "inCoref" : true
  }, {
    "id" : "s7-m8",
    "properties" : {
      "SIRE_MENTION_ROLE" : "relation",
      "SIRE_ENTITY_SUBTYPE" : "NONE",
      "SIRE_MENTION_TYPE" : "NONE",
      "SIRE_MENTION_CLASS" : "SPC"
    },
    "type" : "relation",
    "begin" : 713,
    "end" : 721,
    "inCoref" : false
  }, {
    "id" : "s7-m7",
    "properties" : {
      "SIRE_MENTION_ROLE" : "Variable",
      "SIRE_ENTITY_SUBTYPE" : "NONE",
      "SIRE_MENTION_TYPE" : "NONE",
      "SIRE_MENTION_CLASS" : "SPC"
    },
    "type" : "Variable",
    "begin" : 722,
    "end" : 737,
    "inCoref" : false
  }, {
    "id" : "m13",
    "properties" : {
      "SIRE_MENTION_ROLE" : "evidence",
      "SIRE_MENTION_CLASS" : "SPC",
      "SIRE_MENTION_TYPE" : "NONE",
      "SIRE_ENTITY_SUBTYPE" : "NONE"
    },
    "type" : "evidence",
    "begin" : 750,
    "end" : 757,
    "inCoref" : false
  }, {
    "id" : "m14",
    "properties" : {
      "SIRE_MENTION_ROLE" : "relation",
      "SIRE_MENTION_CLASS" : "SPC",
      "SIRE_MENTION_TYPE" : "NONE",
      "SIRE_ENTITY_SUBTYPE" : "NONE"
    },
    "type" : "relation",
    "begin" : 772,
    "end" : 778,
    "inCoref" : false
  }, {
    "id" : "m19",
    "properties" : {
      "SIRE_ENTITY_LEVEL" : "NONE",
      "SIRE_MENTION_ROLE" : "Variable",
      "SIRE_MENTION_CLASS" : "SPC",
      "SIRE_MENTION_TYPE" : "NONE",
      "SIRE_ENTITY_CLASS" : "SPC",
      "SIRE_ENTITY_SUBTYPE" : "NONE"
    },
    "type" : "Variable",
    "begin" : 789,
    "end" : 809,
    "inCoref" : false
  }, {
    "id" : "m15",
    "properties" : {
      "SIRE_MENTION_ROLE" : "relation",
      "SIRE_MENTION_CLASS" : "SPC",
      "SIRE_MENTION_TYPE" : "NONE",
      "SIRE_ENTITY_SUBTYPE" : "NONE"
    },
    "type" : "relation",
    "begin" : 823,
    "end" : 838,
    "inCoref" : false
  }, {
    "id" : "s8-m6",
    "properties" : {
      "SIRE_MENTION_ROLE" : "Variable",
      "SIRE_ENTITY_SUBTYPE" : "NONE",
      "SIRE_MENTION_TYPE" : "NONE",
      "SIRE_MENTION_CLASS" : "SPC"
    },
    "type" : "Variable",
    "begin" : 849,
    "end" : 856,
    "inCoref" : true
  }, {
    "id" : "m20",
    "properties" : {
      "SIRE_ENTITY_LEVEL" : "NONE",
      "SIRE_MENTION_ROLE" : "Variable",
      "SIRE_MENTION_CLASS" : "SPC",
      "SIRE_MENTION_TYPE" : "NONE",
      "SIRE_ENTITY_CLASS" : "SPC",
      "SIRE_ENTITY_SUBTYPE" : "NONE"
    },
    "type" : "Variable",
    "begin" : 921,
    "end" : 939,
    "inCoref" : false
  } ],
  "relations" : [ {
    "id" : "s6-r1",
    "properties" : { },
    "type" : "NoRelation",
    "args" : [ "m9", "m18" ]
  }, {
    "id" : "s6-r2",
    "properties" : { },
    "type" : "NoRelation",
    "args" : [ "m9", "s6-m4" ]
  }, {
    "id" : "s7-r3",
    "properties" : { },
    "type" : "RelateCorrelation",
    "args" : [ "m11", "s7-m6" ]
  }, {
    "id" : "s7-r4",
    "properties" : { },
    "type" : "RelateCorrelation",
    "args" : [ "m11", "s7-m7" ]
  }, {
    "id" : "s8-r1",
    "properties" : { },
    "type" : "RelateCorrelation",
    "args" : [ "m19", "s8-m6" ]
  } ],
  "corefs" : [ {
    "id" : "c1",
    "properties" : { },
    "mentions" : [ "m5", "m9", "m3", "m4", "m11" ]
  }, {
    "id" : "c2",
    "properties" : { },
    "mentions" : [ "s1-m5", "s4-m3", "m18", "s8-m6", "s7-m6" ]
  }, {
    "id" : "c3",
    "properties" : { },
    "mentions" : [ "s6-m4", "s1-m6" ]
  } ],
  "typeResolved" : true,
  "userResolved" : false
}