{
  "id" : "40f1b1e0-3329-11ec-aeb1-4f7a687954bf-5",
  "name" : "18. Choe, J. (2008). .docx",
  "createdDate" : 0,
  "version" : 3,
  "text" : "This paper investigates the relationship between income inequality and crime. Results show that there is a strong and robust effect of relative income inequality on burglary. Effect on robbery is also strong and robust in most cases.\n\n",
  "docLength" : 0,
  "language" : "EN",
  "status" : "IN_PROGRESS",
  "modifiedDate" : 1638274118185,
  "documentSet" : [ ],
  "preannotation" : [ "PRE_LW", "PRE_SIRE" ],
  "sentences" : [ {
    "id" : "s0",
    "begin" : 0,
    "end" : 77,
    "text" : "This paper investigates the relationship between income inequality and crime.",
    "tokens" : [ {
      "id" : "s0-t0",
      "begin" : 0,
      "end" : 4,
      "text" : "This",
      "whiteSpace" : false
    }, {
      "id" : "s0-t1",
      "begin" : 5,
      "end" : 10,
      "text" : "paper",
      "whiteSpace" : false
    }, {
      "id" : "s0-t2",
      "begin" : 11,
      "end" : 23,
      "text" : "investigates",
      "whiteSpace" : false
    }, {
      "id" : "s0-t3",
      "begin" : 24,
      "end" : 27,
      "text" : "the",
      "whiteSpace" : false
    }, {
      "id" : "s0-t4",
      "begin" : 28,
      "end" : 40,
      "text" : "relationship",
      "whiteSpace" : false
    }, {
      "id" : "s0-t5",
      "begin" : 41,
      "end" : 48,
      "text" : "between",
      "whiteSpace" : false
    }, {
      "id" : "s0-t6",
      "begin" : 49,
      "end" : 55,
      "text" : "income",
      "whiteSpace" : false
    }, {
      "id" : "s0-t7",
      "begin" : 56,
      "end" : 66,
      "text" : "inequality",
      "whiteSpace" : false
    }, {
      "id" : "s0-t8",
      "begin" : 67,
      "end" : 70,
      "text" : "and",
      "whiteSpace" : false
    }, {
      "id" : "s0-t9",
      "begin" : 71,
      "end" : 76,
      "text" : "crime",
      "whiteSpace" : false
    }, {
      "id" : "s0-t10",
      "begin" : 76,
      "end" : 77,
      "text" : ".",
      "whiteSpace" : false
    } ]
  }, {
    "id" : "s1",
    "begin" : 78,
    "end" : 174,
    "text" : "Results show that there is a strong and robust effect of relative income inequality on burglary.",
    "tokens" : [ {
      "id" : "s1-t0",
      "begin" : 78,
      "end" : 85,
      "text" : "Results",
      "whiteSpace" : false
    }, {
      "id" : "s1-t1",
      "begin" : 86,
      "end" : 90,
      "text" : "show",
      "whiteSpace" : false
    }, {
      "id" : "s1-t2",
      "begin" : 91,
      "end" : 95,
      "text" : "that",
      "whiteSpace" : false
    }, {
      "id" : "s1-t3",
      "begin" : 96,
      "end" : 101,
      "text" : "there",
      "whiteSpace" : false
    }, {
      "id" : "s1-t4",
      "begin" : 102,
      "end" : 104,
      "text" : "is",
      "whiteSpace" : false
    }, {
      "id" : "s1-t5",
      "begin" : 105,
      "end" : 106,
      "text" : "a",
      "whiteSpace" : false
    }, {
      "id" : "s1-t6",
      "begin" : 107,
      "end" : 113,
      "text" : "strong",
      "whiteSpace" : false
    }, {
      "id" : "s1-t7",
      "begin" : 114,
      "end" : 117,
      "text" : "and",
      "whiteSpace" : false
    }, {
      "id" : "s1-t8",
      "begin" : 118,
      "end" : 124,
      "text" : "robust",
      "whiteSpace" : false
    }, {
      "id" : "s1-t9",
      "begin" : 125,
      "end" : 131,
      "text" : "effect",
      "whiteSpace" : false
    }, {
      "id" : "s1-t10",
      "begin" : 132,
      "end" : 134,
      "text" : "of",
      "whiteSpace" : false
    }, {
      "id" : "s1-t11",
      "begin" : 135,
      "end" : 143,
      "text" : "relative",
      "whiteSpace" : false
    }, {
      "id" : "s1-t12",
      "begin" : 144,
      "end" : 150,
      "text" : "income",
      "whiteSpace" : false
    }, {
      "id" : "s1-t13",
      "begin" : 151,
      "end" : 161,
      "text" : "inequality",
      "whiteSpace" : false
    }, {
      "id" : "s1-t14",
      "begin" : 162,
      "end" : 164,
      "text" : "on",
      "whiteSpace" : false
    }, {
      "id" : "s1-t15",
      "begin" : 165,
      "end" : 173,
      "text" : "burglary",
      "whiteSpace" : false
    }, {
      "id" : "s1-t16",
      "begin" : 173,
      "end" : 174,
      "text" : ".",
      "whiteSpace" : false
    } ]
  }, {
    "id" : "s2",
    "begin" : 175,
    "end" : 233,
    "text" : "Effect on robbery is also strong and robust in most cases.",
    "tokens" : [ {
      "id" : "s2-t0",
      "begin" : 175,
      "end" : 181,
      "text" : "Effect",
      "whiteSpace" : false
    }, {
      "id" : "s2-t1",
      "begin" : 182,
      "end" : 184,
      "text" : "on",
      "whiteSpace" : false
    }, {
      "id" : "s2-t2",
      "begin" : 185,
      "end" : 192,
      "text" : "robbery",
      "whiteSpace" : false
    }, {
      "id" : "s2-t3",
      "begin" : 193,
      "end" : 195,
      "text" : "is",
      "whiteSpace" : false
    }, {
      "id" : "s2-t4",
      "begin" : 196,
      "end" : 200,
      "text" : "also",
      "whiteSpace" : false
    }, {
      "id" : "s2-t5",
      "begin" : 201,
      "end" : 207,
      "text" : "strong",
      "whiteSpace" : false
    }, {
      "id" : "s2-t6",
      "begin" : 208,
      "end" : 211,
      "text" : "and",
      "whiteSpace" : false
    }, {
      "id" : "s2-t7",
      "begin" : 212,
      "end" : 218,
      "text" : "robust",
      "whiteSpace" : false
    }, {
      "id" : "s2-t8",
      "begin" : 219,
      "end" : 221,
      "text" : "in",
      "whiteSpace" : false
    }, {
      "id" : "s2-t9",
      "begin" : 222,
      "end" : 226,
      "text" : "most",
      "whiteSpace" : false
    }, {
      "id" : "s2-t10",
      "begin" : 227,
      "end" : 232,
      "text" : "cases",
      "whiteSpace" : false
    }, {
      "id" : "s2-t11",
      "begin" : 232,
      "end" : 233,
      "text" : ".",
      "whiteSpace" : false
    } ]
  } ],
  "mentions" : [ {
    "id" : "m7",
    "properties" : {
      "SIRE_ENTITY_LEVEL" : "NONE",
      "SIRE_MENTION_ROLE" : "evidence",
      "SIRE_MENTION_CLASS" : "SPC",
      "SIRE_MENTION_TYPE" : "NONE",
      "SIRE_ENTITY_CLASS" : "SPC",
      "SIRE_ENTITY_SUBTYPE" : "NONE"
    },
    "type" : "evidence",
    "begin" : 11,
    "end" : 23,
    "inCoref" : false
  }, {
    "id" : "m8",
    "properties" : {
      "SIRE_ENTITY_LEVEL" : "NONE",
      "SIRE_MENTION_ROLE" : "relation",
      "SIRE_MENTION_CLASS" : "SPC",
      "SIRE_MENTION_TYPE" : "NONE",
      "SIRE_ENTITY_CLASS" : "SPC",
      "SIRE_ENTITY_SUBTYPE" : "NONE"
    },
    "type" : "relation",
    "begin" : 28,
    "end" : 48,
    "inCoref" : false
  }, {
    "id" : "m1",
    "properties" : {
      "SIRE_MENTION_ROLE" : "Variable",
      "SIRE_MENTION_CLASS" : "SPC",
      "SIRE_MENTION_TYPE" : "NONE",
      "SIRE_ENTITY_SUBTYPE" : "NONE"
    },
    "type" : "Variable",
    "begin" : 49,
    "end" : 66,
    "inCoref" : true
  }, {
    "id" : "s0-m4",
    "properties" : {
      "SIRE_MENTION_ROLE" : "Variable",
      "SIRE_ENTITY_SUBTYPE" : "NONE",
      "SIRE_MENTION_TYPE" : "NONE",
      "SIRE_MENTION_CLASS" : "SPC"
    },
    "type" : "Variable",
    "begin" : 71,
    "end" : 76,
    "inCoref" : false
  }, {
    "id" : "m2",
    "properties" : {
      "SIRE_MENTION_ROLE" : "evidence",
      "SIRE_MENTION_CLASS" : "SPC",
      "SIRE_MENTION_TYPE" : "NONE",
      "SIRE_ENTITY_SUBTYPE" : "NONE"
    },
    "type" : "evidence",
    "begin" : 78,
    "end" : 85,
    "inCoref" : false
  }, {
    "id" : "m3",
    "properties" : {
      "SIRE_MENTION_ROLE" : "evidence",
      "SIRE_MENTION_CLASS" : "SPC",
      "SIRE_MENTION_TYPE" : "NONE",
      "SIRE_ENTITY_SUBTYPE" : "NONE"
    },
    "type" : "evidence",
    "begin" : 86,
    "end" : 90,
    "inCoref" : false
  }, {
    "id" : "m4",
    "properties" : {
      "SIRE_MENTION_ROLE" : "relation",
      "SIRE_MENTION_CLASS" : "SPC",
      "SIRE_MENTION_TYPE" : "NONE",
      "SIRE_ENTITY_SUBTYPE" : "NONE"
    },
    "type" : "relation",
    "begin" : 125,
    "end" : 134,
    "inCoref" : false
  }, {
    "id" : "m5",
    "properties" : {
      "SIRE_MENTION_ROLE" : "Variable",
      "SIRE_MENTION_CLASS" : "SPC",
      "SIRE_MENTION_TYPE" : "NONE",
      "SIRE_ENTITY_SUBTYPE" : "NONE"
    },
    "type" : "Variable",
    "begin" : 144,
    "end" : 161,
    "inCoref" : true
  }, {
    "id" : "s1-m5",
    "properties" : {
      "SIRE_MENTION_ROLE" : "Variable",
      "SIRE_ENTITY_SUBTYPE" : "NONE",
      "SIRE_MENTION_TYPE" : "NONE",
      "SIRE_MENTION_CLASS" : "SPC"
    },
    "type" : "Variable",
    "begin" : 165,
    "end" : 173,
    "inCoref" : false
  }, {
    "id" : "m6",
    "properties" : {
      "SIRE_MENTION_ROLE" : "relation",
      "SIRE_MENTION_CLASS" : "SPC",
      "SIRE_MENTION_TYPE" : "NONE",
      "SIRE_ENTITY_SUBTYPE" : "NONE"
    },
    "type" : "relation",
    "begin" : 175,
    "end" : 184,
    "inCoref" : false
  }, {
    "id" : "m9",
    "properties" : {
      "SIRE_ENTITY_LEVEL" : "NONE",
      "SIRE_MENTION_ROLE" : "Variable",
      "SIRE_MENTION_CLASS" : "SPC",
      "SIRE_MENTION_TYPE" : "NONE",
      "SIRE_ENTITY_CLASS" : "SPC",
      "SIRE_ENTITY_SUBTYPE" : "NONE"
    },
    "type" : "Variable",
    "begin" : 185,
    "end" : 192,
    "inCoref" : false
  } ],
  "relations" : [ {
    "id" : "s1-r1",
    "properties" : { },
    "type" : "Causal",
    "args" : [ "m5", "s1-m5" ]
  } ],
  "corefs" : [ {
    "id" : "c1",
    "properties" : { },
    "mentions" : [ "m1", "m5" ]
  } ],
  "typeResolved" : true,
  "userResolved" : false
}