{
  "id" : "40f1b1e0-3329-11ec-aeb1-4f7a687954bf-22",
  "name" : "62. Mahler, V. A. (2008). .docx",
  "createdDate" : 0,
  "version" : 3,
  "text" : "This article explores the sources of variation in state redistribution across 13 developed democraciesover the period 1979–2000, drawing upon data from the International Institute for Democracy and Electoral Assistance, the Luxembourg Income Study and the Comparative Study of Electoral Systems. The discussion begins with the median voter hypothesis, which predicts that the extent of state redistribution in a country will be positively related to the degree of pre‐government inequality. In seeking to extend the median voter approach, the article takes into account two additional variables: the level of electoral turnout and the degree to which turnout is skewed by income. The analysisconfirms that pre‐government inequality is indeed positively related to state redistribution. However, the predictive power of the median voter approach is significantly improved when account is taken of the level of electoral turnout and the extent to which the turnout rate reflects an income skew – variables that are themselves related. The link between turnout and redistribution is especially strong for social transfers as opposed to taxes, and for the lower and middle, as opposed to the upper, part of the income spectrum.\n\n",
  "docLength" : 0,
  "language" : "EN",
  "status" : "IN_PROGRESS",
  "modifiedDate" : 1638283487978,
  "documentSet" : [ ],
  "preannotation" : [ "PRE_LW", "PRE_SIRE" ],
  "sentences" : [ {
    "id" : "s0",
    "begin" : 0,
    "end" : 295,
    "text" : "This article explores the sources of variation in state redistribution across 13 developed democraciesover the period 1979–2000, drawing upon data from the International Institute for Democracy and Electoral Assistance, the Luxembourg Income Study and the Comparative Study of Electoral Systems.",
    "tokens" : [ {
      "id" : "s0-t0",
      "begin" : 0,
      "end" : 4,
      "text" : "This",
      "whiteSpace" : false
    }, {
      "id" : "s0-t1",
      "begin" : 5,
      "end" : 12,
      "text" : "article",
      "whiteSpace" : false
    }, {
      "id" : "s0-t2",
      "begin" : 13,
      "end" : 21,
      "text" : "explores",
      "whiteSpace" : false
    }, {
      "id" : "s0-t3",
      "begin" : 22,
      "end" : 25,
      "text" : "the",
      "whiteSpace" : false
    }, {
      "id" : "s0-t4",
      "begin" : 26,
      "end" : 33,
      "text" : "sources",
      "whiteSpace" : false
    }, {
      "id" : "s0-t5",
      "begin" : 34,
      "end" : 36,
      "text" : "of",
      "whiteSpace" : false
    }, {
      "id" : "s0-t6",
      "begin" : 37,
      "end" : 46,
      "text" : "variation",
      "whiteSpace" : false
    }, {
      "id" : "s0-t7",
      "begin" : 47,
      "end" : 49,
      "text" : "in",
      "whiteSpace" : false
    }, {
      "id" : "s0-t8",
      "begin" : 50,
      "end" : 55,
      "text" : "state",
      "whiteSpace" : false
    }, {
      "id" : "s0-t9",
      "begin" : 56,
      "end" : 70,
      "text" : "redistribution",
      "whiteSpace" : false
    }, {
      "id" : "s0-t10",
      "begin" : 71,
      "end" : 77,
      "text" : "across",
      "whiteSpace" : false
    }, {
      "id" : "s0-t11",
      "begin" : 78,
      "end" : 80,
      "text" : "13",
      "whiteSpace" : false
    }, {
      "id" : "s0-t12",
      "begin" : 81,
      "end" : 90,
      "text" : "developed",
      "whiteSpace" : false
    }, {
      "id" : "s0-t13",
      "begin" : 91,
      "end" : 106,
      "text" : "democraciesover",
      "whiteSpace" : false
    }, {
      "id" : "s0-t14",
      "begin" : 107,
      "end" : 110,
      "text" : "the",
      "whiteSpace" : false
    }, {
      "id" : "s0-t15",
      "begin" : 111,
      "end" : 117,
      "text" : "period",
      "whiteSpace" : false
    }, {
      "id" : "s0-t16",
      "begin" : 118,
      "end" : 127,
      "text" : "1979–2000",
      "whiteSpace" : false
    }, {
      "id" : "s0-t17",
      "begin" : 127,
      "end" : 128,
      "text" : ",",
      "whiteSpace" : false
    }, {
      "id" : "s0-t18",
      "begin" : 129,
      "end" : 136,
      "text" : "drawing",
      "whiteSpace" : false
    }, {
      "id" : "s0-t19",
      "begin" : 137,
      "end" : 141,
      "text" : "upon",
      "whiteSpace" : false
    }, {
      "id" : "s0-t20",
      "begin" : 142,
      "end" : 146,
      "text" : "data",
      "whiteSpace" : false
    }, {
      "id" : "s0-t21",
      "begin" : 147,
      "end" : 151,
      "text" : "from",
      "whiteSpace" : false
    }, {
      "id" : "s0-t22",
      "begin" : 152,
      "end" : 155,
      "text" : "the",
      "whiteSpace" : false
    }, {
      "id" : "s0-t23",
      "begin" : 156,
      "end" : 169,
      "text" : "International",
      "whiteSpace" : false
    }, {
      "id" : "s0-t24",
      "begin" : 170,
      "end" : 179,
      "text" : "Institute",
      "whiteSpace" : false
    }, {
      "id" : "s0-t25",
      "begin" : 180,
      "end" : 183,
      "text" : "for",
      "whiteSpace" : false
    }, {
      "id" : "s0-t26",
      "begin" : 184,
      "end" : 193,
      "text" : "Democracy",
      "whiteSpace" : false
    }, {
      "id" : "s0-t27",
      "begin" : 194,
      "end" : 197,
      "text" : "and",
      "whiteSpace" : false
    }, {
      "id" : "s0-t28",
      "begin" : 198,
      "end" : 207,
      "text" : "Electoral",
      "whiteSpace" : false
    }, {
      "id" : "s0-t29",
      "begin" : 208,
      "end" : 218,
      "text" : "Assistance",
      "whiteSpace" : false
    }, {
      "id" : "s0-t30",
      "begin" : 218,
      "end" : 219,
      "text" : ",",
      "whiteSpace" : false
    }, {
      "id" : "s0-t31",
      "begin" : 220,
      "end" : 223,
      "text" : "the",
      "whiteSpace" : false
    }, {
      "id" : "s0-t32",
      "begin" : 224,
      "end" : 234,
      "text" : "Luxembourg",
      "whiteSpace" : false
    }, {
      "id" : "s0-t33",
      "begin" : 235,
      "end" : 241,
      "text" : "Income",
      "whiteSpace" : false
    }, {
      "id" : "s0-t34",
      "begin" : 242,
      "end" : 247,
      "text" : "Study",
      "whiteSpace" : false
    }, {
      "id" : "s0-t35",
      "begin" : 248,
      "end" : 251,
      "text" : "and",
      "whiteSpace" : false
    }, {
      "id" : "s0-t36",
      "begin" : 252,
      "end" : 255,
      "text" : "the",
      "whiteSpace" : false
    }, {
      "id" : "s0-t37",
      "begin" : 256,
      "end" : 267,
      "text" : "Comparative",
      "whiteSpace" : false
    }, {
      "id" : "s0-t38",
      "begin" : 268,
      "end" : 273,
      "text" : "Study",
      "whiteSpace" : false
    }, {
      "id" : "s0-t39",
      "begin" : 274,
      "end" : 276,
      "text" : "of",
      "whiteSpace" : false
    }, {
      "id" : "s0-t40",
      "begin" : 277,
      "end" : 286,
      "text" : "Electoral",
      "whiteSpace" : false
    }, {
      "id" : "s0-t41",
      "begin" : 287,
      "end" : 294,
      "text" : "Systems",
      "whiteSpace" : false
    }, {
      "id" : "s0-t42",
      "begin" : 294,
      "end" : 295,
      "text" : ".",
      "whiteSpace" : false
    } ]
  }, {
    "id" : "s1",
    "begin" : 296,
    "end" : 490,
    "text" : "The discussion begins with the median voter hypothesis, which predicts that the extent of state redistribution in a country will be positively related to the degree of pre‐government inequality.",
    "tokens" : [ {
      "id" : "s1-t0",
      "begin" : 296,
      "end" : 299,
      "text" : "The",
      "whiteSpace" : false
    }, {
      "id" : "s1-t1",
      "begin" : 300,
      "end" : 310,
      "text" : "discussion",
      "whiteSpace" : false
    }, {
      "id" : "s1-t2",
      "begin" : 311,
      "end" : 317,
      "text" : "begins",
      "whiteSpace" : false
    }, {
      "id" : "s1-t3",
      "begin" : 318,
      "end" : 322,
      "text" : "with",
      "whiteSpace" : false
    }, {
      "id" : "s1-t4",
      "begin" : 323,
      "end" : 326,
      "text" : "the",
      "whiteSpace" : false
    }, {
      "id" : "s1-t5",
      "begin" : 327,
      "end" : 333,
      "text" : "median",
      "whiteSpace" : false
    }, {
      "id" : "s1-t6",
      "begin" : 334,
      "end" : 339,
      "text" : "voter",
      "whiteSpace" : false
    }, {
      "id" : "s1-t7",
      "begin" : 340,
      "end" : 350,
      "text" : "hypothesis",
      "whiteSpace" : false
    }, {
      "id" : "s1-t8",
      "begin" : 350,
      "end" : 351,
      "text" : ",",
      "whiteSpace" : false
    }, {
      "id" : "s1-t9",
      "begin" : 352,
      "end" : 357,
      "text" : "which",
      "whiteSpace" : false
    }, {
      "id" : "s1-t10",
      "begin" : 358,
      "end" : 366,
      "text" : "predicts",
      "whiteSpace" : false
    }, {
      "id" : "s1-t11",
      "begin" : 367,
      "end" : 371,
      "text" : "that",
      "whiteSpace" : false
    }, {
      "id" : "s1-t12",
      "begin" : 372,
      "end" : 375,
      "text" : "the",
      "whiteSpace" : false
    }, {
      "id" : "s1-t13",
      "begin" : 376,
      "end" : 382,
      "text" : "extent",
      "whiteSpace" : false
    }, {
      "id" : "s1-t14",
      "begin" : 383,
      "end" : 385,
      "text" : "of",
      "whiteSpace" : false
    }, {
      "id" : "s1-t15",
      "begin" : 386,
      "end" : 391,
      "text" : "state",
      "whiteSpace" : false
    }, {
      "id" : "s1-t16",
      "begin" : 392,
      "end" : 406,
      "text" : "redistribution",
      "whiteSpace" : false
    }, {
      "id" : "s1-t17",
      "begin" : 407,
      "end" : 409,
      "text" : "in",
      "whiteSpace" : false
    }, {
      "id" : "s1-t18",
      "begin" : 410,
      "end" : 411,
      "text" : "a",
      "whiteSpace" : false
    }, {
      "id" : "s1-t19",
      "begin" : 412,
      "end" : 419,
      "text" : "country",
      "whiteSpace" : false
    }, {
      "id" : "s1-t20",
      "begin" : 420,
      "end" : 424,
      "text" : "will",
      "whiteSpace" : false
    }, {
      "id" : "s1-t21",
      "begin" : 425,
      "end" : 427,
      "text" : "be",
      "whiteSpace" : false
    }, {
      "id" : "s1-t22",
      "begin" : 428,
      "end" : 438,
      "text" : "positively",
      "whiteSpace" : false
    }, {
      "id" : "s1-t23",
      "begin" : 439,
      "end" : 446,
      "text" : "related",
      "whiteSpace" : false
    }, {
      "id" : "s1-t24",
      "begin" : 447,
      "end" : 449,
      "text" : "to",
      "whiteSpace" : false
    }, {
      "id" : "s1-t25",
      "begin" : 450,
      "end" : 453,
      "text" : "the",
      "whiteSpace" : false
    }, {
      "id" : "s1-t26",
      "begin" : 454,
      "end" : 460,
      "text" : "degree",
      "whiteSpace" : false
    }, {
      "id" : "s1-t27",
      "begin" : 461,
      "end" : 463,
      "text" : "of",
      "whiteSpace" : false
    }, {
      "id" : "s1-t28",
      "begin" : 464,
      "end" : 467,
      "text" : "pre",
      "whiteSpace" : false
    }, {
      "id" : "s1-t29",
      "begin" : 467,
      "end" : 468,
      "text" : "‐",
      "whiteSpace" : false
    }, {
      "id" : "s1-t30",
      "begin" : 468,
      "end" : 478,
      "text" : "government",
      "whiteSpace" : false
    }, {
      "id" : "s1-t31",
      "begin" : 479,
      "end" : 489,
      "text" : "inequality",
      "whiteSpace" : false
    }, {
      "id" : "s1-t32",
      "begin" : 489,
      "end" : 490,
      "text" : ".",
      "whiteSpace" : false
    } ]
  }, {
    "id" : "s2",
    "begin" : 491,
    "end" : 679,
    "text" : "In seeking to extend the median voter approach, the article takes into account two additional variables: the level of electoral turnout and the degree to which turnout is skewed by income.",
    "tokens" : [ {
      "id" : "s2-t0",
      "begin" : 491,
      "end" : 493,
      "text" : "In",
      "whiteSpace" : false
    }, {
      "id" : "s2-t1",
      "begin" : 494,
      "end" : 501,
      "text" : "seeking",
      "whiteSpace" : false
    }, {
      "id" : "s2-t2",
      "begin" : 502,
      "end" : 504,
      "text" : "to",
      "whiteSpace" : false
    }, {
      "id" : "s2-t3",
      "begin" : 505,
      "end" : 511,
      "text" : "extend",
      "whiteSpace" : false
    }, {
      "id" : "s2-t4",
      "begin" : 512,
      "end" : 515,
      "text" : "the",
      "whiteSpace" : false
    }, {
      "id" : "s2-t5",
      "begin" : 516,
      "end" : 522,
      "text" : "median",
      "whiteSpace" : false
    }, {
      "id" : "s2-t6",
      "begin" : 523,
      "end" : 528,
      "text" : "voter",
      "whiteSpace" : false
    }, {
      "id" : "s2-t7",
      "begin" : 529,
      "end" : 537,
      "text" : "approach",
      "whiteSpace" : false
    }, {
      "id" : "s2-t8",
      "begin" : 537,
      "end" : 538,
      "text" : ",",
      "whiteSpace" : false
    }, {
      "id" : "s2-t9",
      "begin" : 539,
      "end" : 542,
      "text" : "the",
      "whiteSpace" : false
    }, {
      "id" : "s2-t10",
      "begin" : 543,
      "end" : 550,
      "text" : "article",
      "whiteSpace" : false
    }, {
      "id" : "s2-t11",
      "begin" : 551,
      "end" : 556,
      "text" : "takes",
      "whiteSpace" : false
    }, {
      "id" : "s2-t12",
      "begin" : 557,
      "end" : 561,
      "text" : "into",
      "whiteSpace" : false
    }, {
      "id" : "s2-t13",
      "begin" : 562,
      "end" : 569,
      "text" : "account",
      "whiteSpace" : false
    }, {
      "id" : "s2-t14",
      "begin" : 570,
      "end" : 573,
      "text" : "two",
      "whiteSpace" : false
    }, {
      "id" : "s2-t15",
      "begin" : 574,
      "end" : 584,
      "text" : "additional",
      "whiteSpace" : false
    }, {
      "id" : "s2-t16",
      "begin" : 585,
      "end" : 594,
      "text" : "variables",
      "whiteSpace" : false
    }, {
      "id" : "s2-t17",
      "begin" : 594,
      "end" : 595,
      "text" : ":",
      "whiteSpace" : false
    }, {
      "id" : "s2-t18",
      "begin" : 596,
      "end" : 599,
      "text" : "the",
      "whiteSpace" : false
    }, {
      "id" : "s2-t19",
      "begin" : 600,
      "end" : 605,
      "text" : "level",
      "whiteSpace" : false
    }, {
      "id" : "s2-t20",
      "begin" : 606,
      "end" : 608,
      "text" : "of",
      "whiteSpace" : false
    }, {
      "id" : "s2-t21",
      "begin" : 609,
      "end" : 618,
      "text" : "electoral",
      "whiteSpace" : false
    }, {
      "id" : "s2-t22",
      "begin" : 619,
      "end" : 626,
      "text" : "turnout",
      "whiteSpace" : false
    }, {
      "id" : "s2-t23",
      "begin" : 627,
      "end" : 630,
      "text" : "and",
      "whiteSpace" : false
    }, {
      "id" : "s2-t24",
      "begin" : 631,
      "end" : 634,
      "text" : "the",
      "whiteSpace" : false
    }, {
      "id" : "s2-t25",
      "begin" : 635,
      "end" : 641,
      "text" : "degree",
      "whiteSpace" : false
    }, {
      "id" : "s2-t26",
      "begin" : 642,
      "end" : 644,
      "text" : "to",
      "whiteSpace" : false
    }, {
      "id" : "s2-t27",
      "begin" : 645,
      "end" : 650,
      "text" : "which",
      "whiteSpace" : false
    }, {
      "id" : "s2-t28",
      "begin" : 651,
      "end" : 658,
      "text" : "turnout",
      "whiteSpace" : false
    }, {
      "id" : "s2-t29",
      "begin" : 659,
      "end" : 661,
      "text" : "is",
      "whiteSpace" : false
    }, {
      "id" : "s2-t30",
      "begin" : 662,
      "end" : 668,
      "text" : "skewed",
      "whiteSpace" : false
    }, {
      "id" : "s2-t31",
      "begin" : 669,
      "end" : 671,
      "text" : "by",
      "whiteSpace" : false
    }, {
      "id" : "s2-t32",
      "begin" : 672,
      "end" : 678,
      "text" : "income",
      "whiteSpace" : false
    }, {
      "id" : "s2-t33",
      "begin" : 678,
      "end" : 679,
      "text" : ".",
      "whiteSpace" : false
    } ]
  }, {
    "id" : "s3",
    "begin" : 680,
    "end" : 785,
    "text" : "The analysisconfirms that pre‐government inequality is indeed positively related to state redistribution.",
    "tokens" : [ {
      "id" : "s3-t0",
      "begin" : 680,
      "end" : 683,
      "text" : "The",
      "whiteSpace" : false
    }, {
      "id" : "s3-t1",
      "begin" : 684,
      "end" : 700,
      "text" : "analysisconfirms",
      "whiteSpace" : false
    }, {
      "id" : "s3-t2",
      "begin" : 701,
      "end" : 705,
      "text" : "that",
      "whiteSpace" : false
    }, {
      "id" : "s3-t3",
      "begin" : 706,
      "end" : 709,
      "text" : "pre",
      "whiteSpace" : false
    }, {
      "id" : "s3-t4",
      "begin" : 709,
      "end" : 710,
      "text" : "‐",
      "whiteSpace" : false
    }, {
      "id" : "s3-t5",
      "begin" : 710,
      "end" : 720,
      "text" : "government",
      "whiteSpace" : false
    }, {
      "id" : "s3-t6",
      "begin" : 721,
      "end" : 731,
      "text" : "inequality",
      "whiteSpace" : false
    }, {
      "id" : "s3-t7",
      "begin" : 732,
      "end" : 734,
      "text" : "is",
      "whiteSpace" : false
    }, {
      "id" : "s3-t8",
      "begin" : 735,
      "end" : 741,
      "text" : "indeed",
      "whiteSpace" : false
    }, {
      "id" : "s3-t9",
      "begin" : 742,
      "end" : 752,
      "text" : "positively",
      "whiteSpace" : false
    }, {
      "id" : "s3-t10",
      "begin" : 753,
      "end" : 760,
      "text" : "related",
      "whiteSpace" : false
    }, {
      "id" : "s3-t11",
      "begin" : 761,
      "end" : 763,
      "text" : "to",
      "whiteSpace" : false
    }, {
      "id" : "s3-t12",
      "begin" : 764,
      "end" : 769,
      "text" : "state",
      "whiteSpace" : false
    }, {
      "id" : "s3-t13",
      "begin" : 770,
      "end" : 784,
      "text" : "redistribution",
      "whiteSpace" : false
    }, {
      "id" : "s3-t14",
      "begin" : 784,
      "end" : 785,
      "text" : ".",
      "whiteSpace" : false
    } ]
  }, {
    "id" : "s4",
    "begin" : 786,
    "end" : 1032,
    "text" : "However, the predictive power of the median voter approach is significantly improved when account is taken of the level of electoral turnout and the extent to which the turnout rate reflects an income skew – variables that are themselves related.",
    "tokens" : [ {
      "id" : "s4-t0",
      "begin" : 786,
      "end" : 793,
      "text" : "However",
      "whiteSpace" : false
    }, {
      "id" : "s4-t1",
      "begin" : 793,
      "end" : 794,
      "text" : ",",
      "whiteSpace" : false
    }, {
      "id" : "s4-t2",
      "begin" : 795,
      "end" : 798,
      "text" : "the",
      "whiteSpace" : false
    }, {
      "id" : "s4-t3",
      "begin" : 799,
      "end" : 809,
      "text" : "predictive",
      "whiteSpace" : false
    }, {
      "id" : "s4-t4",
      "begin" : 810,
      "end" : 815,
      "text" : "power",
      "whiteSpace" : false
    }, {
      "id" : "s4-t5",
      "begin" : 816,
      "end" : 818,
      "text" : "of",
      "whiteSpace" : false
    }, {
      "id" : "s4-t6",
      "begin" : 819,
      "end" : 822,
      "text" : "the",
      "whiteSpace" : false
    }, {
      "id" : "s4-t7",
      "begin" : 823,
      "end" : 829,
      "text" : "median",
      "whiteSpace" : false
    }, {
      "id" : "s4-t8",
      "begin" : 830,
      "end" : 835,
      "text" : "voter",
      "whiteSpace" : false
    }, {
      "id" : "s4-t9",
      "begin" : 836,
      "end" : 844,
      "text" : "approach",
      "whiteSpace" : false
    }, {
      "id" : "s4-t10",
      "begin" : 845,
      "end" : 847,
      "text" : "is",
      "whiteSpace" : false
    }, {
      "id" : "s4-t11",
      "begin" : 848,
      "end" : 861,
      "text" : "significantly",
      "whiteSpace" : false
    }, {
      "id" : "s4-t12",
      "begin" : 862,
      "end" : 870,
      "text" : "improved",
      "whiteSpace" : false
    }, {
      "id" : "s4-t13",
      "begin" : 871,
      "end" : 875,
      "text" : "when",
      "whiteSpace" : false
    }, {
      "id" : "s4-t14",
      "begin" : 876,
      "end" : 883,
      "text" : "account",
      "whiteSpace" : false
    }, {
      "id" : "s4-t15",
      "begin" : 884,
      "end" : 886,
      "text" : "is",
      "whiteSpace" : false
    }, {
      "id" : "s4-t16",
      "begin" : 887,
      "end" : 892,
      "text" : "taken",
      "whiteSpace" : false
    }, {
      "id" : "s4-t17",
      "begin" : 893,
      "end" : 895,
      "text" : "of",
      "whiteSpace" : false
    }, {
      "id" : "s4-t18",
      "begin" : 896,
      "end" : 899,
      "text" : "the",
      "whiteSpace" : false
    }, {
      "id" : "s4-t19",
      "begin" : 900,
      "end" : 905,
      "text" : "level",
      "whiteSpace" : false
    }, {
      "id" : "s4-t20",
      "begin" : 906,
      "end" : 908,
      "text" : "of",
      "whiteSpace" : false
    }, {
      "id" : "s4-t21",
      "begin" : 909,
      "end" : 918,
      "text" : "electoral",
      "whiteSpace" : false
    }, {
      "id" : "s4-t22",
      "begin" : 919,
      "end" : 926,
      "text" : "turnout",
      "whiteSpace" : false
    }, {
      "id" : "s4-t23",
      "begin" : 927,
      "end" : 930,
      "text" : "and",
      "whiteSpace" : false
    }, {
      "id" : "s4-t24",
      "begin" : 931,
      "end" : 934,
      "text" : "the",
      "whiteSpace" : false
    }, {
      "id" : "s4-t25",
      "begin" : 935,
      "end" : 941,
      "text" : "extent",
      "whiteSpace" : false
    }, {
      "id" : "s4-t26",
      "begin" : 942,
      "end" : 944,
      "text" : "to",
      "whiteSpace" : false
    }, {
      "id" : "s4-t27",
      "begin" : 945,
      "end" : 950,
      "text" : "which",
      "whiteSpace" : false
    }, {
      "id" : "s4-t28",
      "begin" : 951,
      "end" : 954,
      "text" : "the",
      "whiteSpace" : false
    }, {
      "id" : "s4-t29",
      "begin" : 955,
      "end" : 962,
      "text" : "turnout",
      "whiteSpace" : false
    }, {
      "id" : "s4-t30",
      "begin" : 963,
      "end" : 967,
      "text" : "rate",
      "whiteSpace" : false
    }, {
      "id" : "s4-t31",
      "begin" : 968,
      "end" : 976,
      "text" : "reflects",
      "whiteSpace" : false
    }, {
      "id" : "s4-t32",
      "begin" : 977,
      "end" : 979,
      "text" : "an",
      "whiteSpace" : false
    }, {
      "id" : "s4-t33",
      "begin" : 980,
      "end" : 986,
      "text" : "income",
      "whiteSpace" : false
    }, {
      "id" : "s4-t34",
      "begin" : 987,
      "end" : 991,
      "text" : "skew",
      "whiteSpace" : false
    }, {
      "id" : "s4-t35",
      "begin" : 992,
      "end" : 993,
      "text" : "–",
      "whiteSpace" : false
    }, {
      "id" : "s4-t36",
      "begin" : 994,
      "end" : 1003,
      "text" : "variables",
      "whiteSpace" : false
    }, {
      "id" : "s4-t37",
      "begin" : 1004,
      "end" : 1008,
      "text" : "that",
      "whiteSpace" : false
    }, {
      "id" : "s4-t38",
      "begin" : 1009,
      "end" : 1012,
      "text" : "are",
      "whiteSpace" : false
    }, {
      "id" : "s4-t39",
      "begin" : 1013,
      "end" : 1023,
      "text" : "themselves",
      "whiteSpace" : false
    }, {
      "id" : "s4-t40",
      "begin" : 1024,
      "end" : 1031,
      "text" : "related",
      "whiteSpace" : false
    }, {
      "id" : "s4-t41",
      "begin" : 1031,
      "end" : 1032,
      "text" : ".",
      "whiteSpace" : false
    } ]
  }, {
    "id" : "s5",
    "begin" : 1033,
    "end" : 1223,
    "text" : "The link between turnout and redistribution is especially strong for social transfers as opposed to taxes, and for the lower and middle, as opposed to the upper, part of the income spectrum.",
    "tokens" : [ {
      "id" : "s5-t0",
      "begin" : 1033,
      "end" : 1036,
      "text" : "The",
      "whiteSpace" : false
    }, {
      "id" : "s5-t1",
      "begin" : 1037,
      "end" : 1041,
      "text" : "link",
      "whiteSpace" : false
    }, {
      "id" : "s5-t2",
      "begin" : 1042,
      "end" : 1049,
      "text" : "between",
      "whiteSpace" : false
    }, {
      "id" : "s5-t3",
      "begin" : 1050,
      "end" : 1057,
      "text" : "turnout",
      "whiteSpace" : false
    }, {
      "id" : "s5-t4",
      "begin" : 1058,
      "end" : 1061,
      "text" : "and",
      "whiteSpace" : false
    }, {
      "id" : "s5-t5",
      "begin" : 1062,
      "end" : 1076,
      "text" : "redistribution",
      "whiteSpace" : false
    }, {
      "id" : "s5-t6",
      "begin" : 1077,
      "end" : 1079,
      "text" : "is",
      "whiteSpace" : false
    }, {
      "id" : "s5-t7",
      "begin" : 1080,
      "end" : 1090,
      "text" : "especially",
      "whiteSpace" : false
    }, {
      "id" : "s5-t8",
      "begin" : 1091,
      "end" : 1097,
      "text" : "strong",
      "whiteSpace" : false
    }, {
      "id" : "s5-t9",
      "begin" : 1098,
      "end" : 1101,
      "text" : "for",
      "whiteSpace" : false
    }, {
      "id" : "s5-t10",
      "begin" : 1102,
      "end" : 1108,
      "text" : "social",
      "whiteSpace" : false
    }, {
      "id" : "s5-t11",
      "begin" : 1109,
      "end" : 1118,
      "text" : "transfers",
      "whiteSpace" : false
    }, {
      "id" : "s5-t12",
      "begin" : 1119,
      "end" : 1121,
      "text" : "as",
      "whiteSpace" : false
    }, {
      "id" : "s5-t13",
      "begin" : 1122,
      "end" : 1129,
      "text" : "opposed",
      "whiteSpace" : false
    }, {
      "id" : "s5-t14",
      "begin" : 1130,
      "end" : 1132,
      "text" : "to",
      "whiteSpace" : false
    }, {
      "id" : "s5-t15",
      "begin" : 1133,
      "end" : 1138,
      "text" : "taxes",
      "whiteSpace" : false
    }, {
      "id" : "s5-t16",
      "begin" : 1138,
      "end" : 1139,
      "text" : ",",
      "whiteSpace" : false
    }, {
      "id" : "s5-t17",
      "begin" : 1140,
      "end" : 1143,
      "text" : "and",
      "whiteSpace" : false
    }, {
      "id" : "s5-t18",
      "begin" : 1144,
      "end" : 1147,
      "text" : "for",
      "whiteSpace" : false
    }, {
      "id" : "s5-t19",
      "begin" : 1148,
      "end" : 1151,
      "text" : "the",
      "whiteSpace" : false
    }, {
      "id" : "s5-t20",
      "begin" : 1152,
      "end" : 1157,
      "text" : "lower",
      "whiteSpace" : false
    }, {
      "id" : "s5-t21",
      "begin" : 1158,
      "end" : 1161,
      "text" : "and",
      "whiteSpace" : false
    }, {
      "id" : "s5-t22",
      "begin" : 1162,
      "end" : 1168,
      "text" : "middle",
      "whiteSpace" : false
    }, {
      "id" : "s5-t23",
      "begin" : 1168,
      "end" : 1169,
      "text" : ",",
      "whiteSpace" : false
    }, {
      "id" : "s5-t24",
      "begin" : 1170,
      "end" : 1172,
      "text" : "as",
      "whiteSpace" : false
    }, {
      "id" : "s5-t25",
      "begin" : 1173,
      "end" : 1180,
      "text" : "opposed",
      "whiteSpace" : false
    }, {
      "id" : "s5-t26",
      "begin" : 1181,
      "end" : 1183,
      "text" : "to",
      "whiteSpace" : false
    }, {
      "id" : "s5-t27",
      "begin" : 1184,
      "end" : 1187,
      "text" : "the",
      "whiteSpace" : false
    }, {
      "id" : "s5-t28",
      "begin" : 1188,
      "end" : 1193,
      "text" : "upper",
      "whiteSpace" : false
    }, {
      "id" : "s5-t29",
      "begin" : 1193,
      "end" : 1194,
      "text" : ",",
      "whiteSpace" : false
    }, {
      "id" : "s5-t30",
      "begin" : 1195,
      "end" : 1199,
      "text" : "part",
      "whiteSpace" : false
    }, {
      "id" : "s5-t31",
      "begin" : 1200,
      "end" : 1202,
      "text" : "of",
      "whiteSpace" : false
    }, {
      "id" : "s5-t32",
      "begin" : 1203,
      "end" : 1206,
      "text" : "the",
      "whiteSpace" : false
    }, {
      "id" : "s5-t33",
      "begin" : 1207,
      "end" : 1213,
      "text" : "income",
      "whiteSpace" : false
    }, {
      "id" : "s5-t34",
      "begin" : 1214,
      "end" : 1222,
      "text" : "spectrum",
      "whiteSpace" : false
    }, {
      "id" : "s5-t35",
      "begin" : 1222,
      "end" : 1223,
      "text" : ".",
      "whiteSpace" : false
    } ]
  } ],
  "mentions" : [ {
    "id" : "m1",
    "properties" : {
      "SIRE_MENTION_ROLE" : "evidence",
      "SIRE_MENTION_CLASS" : "SPC",
      "SIRE_MENTION_TYPE" : "NONE",
      "SIRE_ENTITY_SUBTYPE" : "NONE"
    },
    "type" : "evidence",
    "begin" : 13,
    "end" : 21,
    "inCoref" : false
  }, {
    "id" : "m2",
    "properties" : {
      "SIRE_MENTION_ROLE" : "Variable",
      "SIRE_MENTION_CLASS" : "SPC",
      "SIRE_MENTION_TYPE" : "NONE",
      "SIRE_ENTITY_SUBTYPE" : "NONE"
    },
    "type" : "Variable",
    "begin" : 56,
    "end" : 70,
    "inCoref" : true
  }, {
    "id" : "m3",
    "properties" : {
      "SIRE_MENTION_ROLE" : "evidence",
      "SIRE_MENTION_CLASS" : "SPC",
      "SIRE_MENTION_TYPE" : "NONE",
      "SIRE_ENTITY_SUBTYPE" : "NONE"
    },
    "type" : "evidence",
    "begin" : 242,
    "end" : 247,
    "inCoref" : false
  }, {
    "id" : "m4",
    "properties" : {
      "SIRE_MENTION_ROLE" : "evidence",
      "SIRE_MENTION_CLASS" : "SPC",
      "SIRE_MENTION_TYPE" : "NONE",
      "SIRE_ENTITY_SUBTYPE" : "NONE"
    },
    "type" : "evidence",
    "begin" : 268,
    "end" : 273,
    "inCoref" : false
  }, {
    "id" : "s1-m4",
    "properties" : {
      "SIRE_MENTION_ROLE" : "evidence",
      "SIRE_ENTITY_SUBTYPE" : "NONE",
      "SIRE_MENTION_TYPE" : "NONE",
      "SIRE_MENTION_CLASS" : "SPC"
    },
    "type" : "evidence",
    "begin" : 340,
    "end" : 350,
    "inCoref" : false
  }, {
    "id" : "m5",
    "properties" : {
      "SIRE_MENTION_ROLE" : "Variable",
      "SIRE_MENTION_CLASS" : "SPC",
      "SIRE_MENTION_TYPE" : "NONE",
      "SIRE_ENTITY_SUBTYPE" : "NONE"
    },
    "type" : "Variable",
    "begin" : 392,
    "end" : 406,
    "inCoref" : true
  }, {
    "id" : "m6",
    "properties" : {
      "SIRE_MENTION_ROLE" : "relation",
      "SIRE_MENTION_CLASS" : "SPC",
      "SIRE_MENTION_TYPE" : "NONE",
      "SIRE_ENTITY_SUBTYPE" : "NONE"
    },
    "type" : "relation",
    "begin" : 439,
    "end" : 449,
    "inCoref" : false
  }, {
    "id" : "m7",
    "properties" : {
      "SIRE_MENTION_ROLE" : "Variable",
      "SIRE_MENTION_CLASS" : "SPC",
      "SIRE_MENTION_TYPE" : "NONE",
      "SIRE_ENTITY_SUBTYPE" : "NONE"
    },
    "type" : "Variable",
    "begin" : 464,
    "end" : 489,
    "inCoref" : true
  }, {
    "id" : "s2-m2",
    "properties" : {
      "SIRE_MENTION_ROLE" : "Variable",
      "SIRE_ENTITY_SUBTYPE" : "NONE",
      "SIRE_MENTION_TYPE" : "NONE",
      "SIRE_MENTION_CLASS" : "SPC"
    },
    "type" : "Variable",
    "begin" : 609,
    "end" : 626,
    "inCoref" : true
  }, {
    "id" : "s2-m3",
    "properties" : {
      "SIRE_MENTION_ROLE" : "Variable",
      "SIRE_ENTITY_SUBTYPE" : "NONE",
      "SIRE_MENTION_TYPE" : "NONE",
      "SIRE_MENTION_CLASS" : "SPC"
    },
    "type" : "Variable",
    "begin" : 651,
    "end" : 678,
    "inCoref" : true
  }, {
    "id" : "s3-m4",
    "properties" : {
      "SIRE_MENTION_ROLE" : "evidence",
      "SIRE_ENTITY_SUBTYPE" : "NONE",
      "SIRE_MENTION_TYPE" : "NONE",
      "SIRE_MENTION_CLASS" : "SPC"
    },
    "type" : "evidence",
    "begin" : 684,
    "end" : 692,
    "inCoref" : false
  }, {
    "id" : "m8",
    "properties" : {
      "SIRE_MENTION_ROLE" : "Variable",
      "SIRE_MENTION_CLASS" : "SPC",
      "SIRE_MENTION_TYPE" : "NONE",
      "SIRE_ENTITY_SUBTYPE" : "NONE"
    },
    "type" : "Variable",
    "begin" : 706,
    "end" : 731,
    "inCoref" : true
  }, {
    "id" : "m9",
    "properties" : {
      "SIRE_MENTION_ROLE" : "relation",
      "SIRE_MENTION_CLASS" : "SPC",
      "SIRE_MENTION_TYPE" : "NONE",
      "SIRE_ENTITY_SUBTYPE" : "NONE"
    },
    "type" : "relation",
    "begin" : 753,
    "end" : 763,
    "inCoref" : false
  }, {
    "id" : "m10",
    "properties" : {
      "SIRE_MENTION_ROLE" : "Variable",
      "SIRE_MENTION_CLASS" : "SPC",
      "SIRE_MENTION_TYPE" : "NONE",
      "SIRE_ENTITY_SUBTYPE" : "NONE"
    },
    "type" : "Variable",
    "begin" : 770,
    "end" : 784,
    "inCoref" : true
  }, {
    "id" : "s4-m3",
    "properties" : {
      "SIRE_MENTION_ROLE" : "Variable",
      "SIRE_ENTITY_SUBTYPE" : "NONE",
      "SIRE_MENTION_TYPE" : "NONE",
      "SIRE_MENTION_CLASS" : "SPC"
    },
    "type" : "Variable",
    "begin" : 909,
    "end" : 926,
    "inCoref" : true
  }, {
    "id" : "s4-m4",
    "properties" : {
      "SIRE_MENTION_ROLE" : "Variable",
      "SIRE_ENTITY_SUBTYPE" : "NONE",
      "SIRE_MENTION_TYPE" : "NONE",
      "SIRE_MENTION_CLASS" : "SPC"
    },
    "type" : "Variable",
    "begin" : 955,
    "end" : 967,
    "inCoref" : true
  }, {
    "id" : "s4-m5",
    "properties" : {
      "SIRE_MENTION_ROLE" : "Variable",
      "SIRE_ENTITY_SUBTYPE" : "NONE",
      "SIRE_MENTION_TYPE" : "NONE",
      "SIRE_MENTION_CLASS" : "SPC"
    },
    "type" : "Variable",
    "begin" : 980,
    "end" : 991,
    "inCoref" : true
  }, {
    "id" : "m11",
    "properties" : {
      "SIRE_MENTION_ROLE" : "relation",
      "SIRE_MENTION_CLASS" : "SPC",
      "SIRE_MENTION_TYPE" : "NONE",
      "SIRE_ENTITY_SUBTYPE" : "NONE"
    },
    "type" : "relation",
    "begin" : 1024,
    "end" : 1031,
    "inCoref" : false
  }, {
    "id" : "m12",
    "properties" : {
      "SIRE_MENTION_ROLE" : "relation",
      "SIRE_MENTION_CLASS" : "SPC",
      "SIRE_MENTION_TYPE" : "NONE",
      "SIRE_ENTITY_SUBTYPE" : "NONE"
    },
    "type" : "relation",
    "begin" : 1037,
    "end" : 1049,
    "inCoref" : false
  }, {
    "id" : "m17",
    "properties" : {
      "SIRE_ENTITY_LEVEL" : "NONE",
      "SIRE_MENTION_ROLE" : "Variable",
      "SIRE_MENTION_CLASS" : "SPC",
      "SIRE_MENTION_TYPE" : "NONE",
      "SIRE_ENTITY_CLASS" : "SPC",
      "SIRE_ENTITY_SUBTYPE" : "NONE"
    },
    "type" : "Variable",
    "begin" : 1050,
    "end" : 1057,
    "inCoref" : true
  }, {
    "id" : "m13",
    "properties" : {
      "SIRE_MENTION_ROLE" : "Variable",
      "SIRE_MENTION_CLASS" : "SPC",
      "SIRE_MENTION_TYPE" : "NONE",
      "SIRE_ENTITY_SUBTYPE" : "NONE"
    },
    "type" : "Variable",
    "begin" : 1062,
    "end" : 1076,
    "inCoref" : true
  }, {
    "id" : "m14",
    "properties" : {
      "SIRE_MENTION_ROLE" : "relation",
      "SIRE_MENTION_CLASS" : "SPC",
      "SIRE_MENTION_TYPE" : "NONE",
      "SIRE_ENTITY_SUBTYPE" : "NONE"
    },
    "type" : "relation",
    "begin" : 1152,
    "end" : 1157,
    "inCoref" : false
  }, {
    "id" : "m18",
    "properties" : {
      "SIRE_ENTITY_LEVEL" : "NONE",
      "SIRE_MENTION_ROLE" : "Variable",
      "SIRE_MENTION_CLASS" : "SPC",
      "SIRE_MENTION_TYPE" : "NONE",
      "SIRE_ENTITY_CLASS" : "SPC",
      "SIRE_ENTITY_SUBTYPE" : "NONE"
    },
    "type" : "Variable",
    "begin" : 1207,
    "end" : 1222,
    "inCoref" : true
  } ],
  "relations" : [ {
    "id" : "s3-r2",
    "properties" : { },
    "type" : "RelateCorrelation",
    "args" : [ "m8", "m10" ]
  }, {
    "id" : "s5-r1",
    "properties" : { },
    "type" : "RelateCorrelation",
    "args" : [ "m17", "m13" ]
  } ],
  "corefs" : [ {
    "id" : "c1",
    "properties" : { },
    "mentions" : [ "m2", "m5", "m10", "m13" ]
  }, {
    "id" : "c2",
    "properties" : { },
    "mentions" : [ "m18" ]
  }, {
    "id" : "c3",
    "properties" : { },
    "mentions" : [ "s4-m4", "s4-m3", "m17", "s2-m2" ]
  }, {
    "id" : "c4",
    "properties" : { },
    "mentions" : [ "m8", "m7" ]
  }, {
    "id" : "c5",
    "properties" : { },
    "mentions" : [ "s4-m5", "s2-m3" ]
  } ],
  "typeResolved" : true,
  "userResolved" : false
}