{
  "id" : "40f1b1e0-3329-11ec-aeb1-4f7a687954bf-32",
  "name" : "84. Solt, F. (2008). .docx",
  "createdDate" : 0,
  "version" : 3,
  "text" : "What effect, if any, does the extent of economic inequality in a country have upon the political engagement of its citizens? This study examines this question using data from multiple cross-national surveys of the advanced industrial democracies. It tests the theory that greater inequality increases the relative power of the wealthy to shape politics in their own favor against rival arguments that focus on the effects of inequality on citizens' objective interests or the resources they have available for political engagement. The analysis demonstrates that higher levels of income inequality powerfully depress political interest, the frequency of political discussion, and participation in elections among all but the most affluent citizens, providing compelling evidence that greater economic inequality yields greater political inequality.\n\n",
  "docLength" : 0,
  "language" : "EN",
  "status" : "IN_PROGRESS",
  "modifiedDate" : 1638276781058,
  "documentSet" : [ ],
  "preannotation" : [ "PRE_LW", "PRE_SIRE" ],
  "sentences" : [ {
    "id" : "s0",
    "begin" : 0,
    "end" : 124,
    "text" : "What effect, if any, does the extent of economic inequality in a country have upon the political engagement of its citizens?",
    "tokens" : [ {
      "id" : "s0-t0",
      "begin" : 0,
      "end" : 4,
      "text" : "What",
      "whiteSpace" : false
    }, {
      "id" : "s0-t1",
      "begin" : 5,
      "end" : 11,
      "text" : "effect",
      "whiteSpace" : false
    }, {
      "id" : "s0-t2",
      "begin" : 11,
      "end" : 12,
      "text" : ",",
      "whiteSpace" : false
    }, {
      "id" : "s0-t3",
      "begin" : 13,
      "end" : 15,
      "text" : "if",
      "whiteSpace" : false
    }, {
      "id" : "s0-t4",
      "begin" : 16,
      "end" : 19,
      "text" : "any",
      "whiteSpace" : false
    }, {
      "id" : "s0-t5",
      "begin" : 19,
      "end" : 20,
      "text" : ",",
      "whiteSpace" : false
    }, {
      "id" : "s0-t6",
      "begin" : 21,
      "end" : 25,
      "text" : "does",
      "whiteSpace" : false
    }, {
      "id" : "s0-t7",
      "begin" : 26,
      "end" : 29,
      "text" : "the",
      "whiteSpace" : false
    }, {
      "id" : "s0-t8",
      "begin" : 30,
      "end" : 36,
      "text" : "extent",
      "whiteSpace" : false
    }, {
      "id" : "s0-t9",
      "begin" : 37,
      "end" : 39,
      "text" : "of",
      "whiteSpace" : false
    }, {
      "id" : "s0-t10",
      "begin" : 40,
      "end" : 48,
      "text" : "economic",
      "whiteSpace" : false
    }, {
      "id" : "s0-t11",
      "begin" : 49,
      "end" : 59,
      "text" : "inequality",
      "whiteSpace" : false
    }, {
      "id" : "s0-t12",
      "begin" : 60,
      "end" : 62,
      "text" : "in",
      "whiteSpace" : false
    }, {
      "id" : "s0-t13",
      "begin" : 63,
      "end" : 64,
      "text" : "a",
      "whiteSpace" : false
    }, {
      "id" : "s0-t14",
      "begin" : 65,
      "end" : 72,
      "text" : "country",
      "whiteSpace" : false
    }, {
      "id" : "s0-t15",
      "begin" : 73,
      "end" : 77,
      "text" : "have",
      "whiteSpace" : false
    }, {
      "id" : "s0-t16",
      "begin" : 78,
      "end" : 82,
      "text" : "upon",
      "whiteSpace" : false
    }, {
      "id" : "s0-t17",
      "begin" : 83,
      "end" : 86,
      "text" : "the",
      "whiteSpace" : false
    }, {
      "id" : "s0-t18",
      "begin" : 87,
      "end" : 96,
      "text" : "political",
      "whiteSpace" : false
    }, {
      "id" : "s0-t19",
      "begin" : 97,
      "end" : 107,
      "text" : "engagement",
      "whiteSpace" : false
    }, {
      "id" : "s0-t20",
      "begin" : 108,
      "end" : 110,
      "text" : "of",
      "whiteSpace" : false
    }, {
      "id" : "s0-t21",
      "begin" : 111,
      "end" : 114,
      "text" : "its",
      "whiteSpace" : false
    }, {
      "id" : "s0-t22",
      "begin" : 115,
      "end" : 123,
      "text" : "citizens",
      "whiteSpace" : false
    }, {
      "id" : "s0-t23",
      "begin" : 123,
      "end" : 124,
      "text" : "?",
      "whiteSpace" : false
    } ]
  }, {
    "id" : "s1",
    "begin" : 125,
    "end" : 246,
    "text" : "This study examines this question using data from multiple cross-national surveys of the advanced industrial democracies.",
    "tokens" : [ {
      "id" : "s1-t0",
      "begin" : 125,
      "end" : 129,
      "text" : "This",
      "whiteSpace" : false
    }, {
      "id" : "s1-t1",
      "begin" : 130,
      "end" : 135,
      "text" : "study",
      "whiteSpace" : false
    }, {
      "id" : "s1-t2",
      "begin" : 136,
      "end" : 144,
      "text" : "examines",
      "whiteSpace" : false
    }, {
      "id" : "s1-t3",
      "begin" : 145,
      "end" : 149,
      "text" : "this",
      "whiteSpace" : false
    }, {
      "id" : "s1-t4",
      "begin" : 150,
      "end" : 158,
      "text" : "question",
      "whiteSpace" : false
    }, {
      "id" : "s1-t5",
      "begin" : 159,
      "end" : 164,
      "text" : "using",
      "whiteSpace" : false
    }, {
      "id" : "s1-t6",
      "begin" : 165,
      "end" : 169,
      "text" : "data",
      "whiteSpace" : false
    }, {
      "id" : "s1-t7",
      "begin" : 170,
      "end" : 174,
      "text" : "from",
      "whiteSpace" : false
    }, {
      "id" : "s1-t8",
      "begin" : 175,
      "end" : 183,
      "text" : "multiple",
      "whiteSpace" : false
    }, {
      "id" : "s1-t9",
      "begin" : 184,
      "end" : 198,
      "text" : "cross-national",
      "whiteSpace" : false
    }, {
      "id" : "s1-t10",
      "begin" : 199,
      "end" : 206,
      "text" : "surveys",
      "whiteSpace" : false
    }, {
      "id" : "s1-t11",
      "begin" : 207,
      "end" : 209,
      "text" : "of",
      "whiteSpace" : false
    }, {
      "id" : "s1-t12",
      "begin" : 210,
      "end" : 213,
      "text" : "the",
      "whiteSpace" : false
    }, {
      "id" : "s1-t13",
      "begin" : 214,
      "end" : 222,
      "text" : "advanced",
      "whiteSpace" : false
    }, {
      "id" : "s1-t14",
      "begin" : 223,
      "end" : 233,
      "text" : "industrial",
      "whiteSpace" : false
    }, {
      "id" : "s1-t15",
      "begin" : 234,
      "end" : 245,
      "text" : "democracies",
      "whiteSpace" : false
    }, {
      "id" : "s1-t16",
      "begin" : 245,
      "end" : 246,
      "text" : ".",
      "whiteSpace" : false
    } ]
  }, {
    "id" : "s2",
    "begin" : 247,
    "end" : 531,
    "text" : "It tests the theory that greater inequality increases the relative power of the wealthy to shape politics in their own favor against rival arguments that focus on the effects of inequality on citizens' objective interests or the resources they have available for political engagement.",
    "tokens" : [ {
      "id" : "s2-t0",
      "begin" : 247,
      "end" : 249,
      "text" : "It",
      "whiteSpace" : false
    }, {
      "id" : "s2-t1",
      "begin" : 250,
      "end" : 255,
      "text" : "tests",
      "whiteSpace" : false
    }, {
      "id" : "s2-t2",
      "begin" : 256,
      "end" : 259,
      "text" : "the",
      "whiteSpace" : false
    }, {
      "id" : "s2-t3",
      "begin" : 260,
      "end" : 266,
      "text" : "theory",
      "whiteSpace" : false
    }, {
      "id" : "s2-t4",
      "begin" : 267,
      "end" : 271,
      "text" : "that",
      "whiteSpace" : false
    }, {
      "id" : "s2-t5",
      "begin" : 272,
      "end" : 279,
      "text" : "greater",
      "whiteSpace" : false
    }, {
      "id" : "s2-t6",
      "begin" : 280,
      "end" : 290,
      "text" : "inequality",
      "whiteSpace" : false
    }, {
      "id" : "s2-t7",
      "begin" : 291,
      "end" : 300,
      "text" : "increases",
      "whiteSpace" : false
    }, {
      "id" : "s2-t8",
      "begin" : 301,
      "end" : 304,
      "text" : "the",
      "whiteSpace" : false
    }, {
      "id" : "s2-t9",
      "begin" : 305,
      "end" : 313,
      "text" : "relative",
      "whiteSpace" : false
    }, {
      "id" : "s2-t10",
      "begin" : 314,
      "end" : 319,
      "text" : "power",
      "whiteSpace" : false
    }, {
      "id" : "s2-t11",
      "begin" : 320,
      "end" : 322,
      "text" : "of",
      "whiteSpace" : false
    }, {
      "id" : "s2-t12",
      "begin" : 323,
      "end" : 326,
      "text" : "the",
      "whiteSpace" : false
    }, {
      "id" : "s2-t13",
      "begin" : 327,
      "end" : 334,
      "text" : "wealthy",
      "whiteSpace" : false
    }, {
      "id" : "s2-t14",
      "begin" : 335,
      "end" : 337,
      "text" : "to",
      "whiteSpace" : false
    }, {
      "id" : "s2-t15",
      "begin" : 338,
      "end" : 343,
      "text" : "shape",
      "whiteSpace" : false
    }, {
      "id" : "s2-t16",
      "begin" : 344,
      "end" : 352,
      "text" : "politics",
      "whiteSpace" : false
    }, {
      "id" : "s2-t17",
      "begin" : 353,
      "end" : 355,
      "text" : "in",
      "whiteSpace" : false
    }, {
      "id" : "s2-t18",
      "begin" : 356,
      "end" : 361,
      "text" : "their",
      "whiteSpace" : false
    }, {
      "id" : "s2-t19",
      "begin" : 362,
      "end" : 365,
      "text" : "own",
      "whiteSpace" : false
    }, {
      "id" : "s2-t20",
      "begin" : 366,
      "end" : 371,
      "text" : "favor",
      "whiteSpace" : false
    }, {
      "id" : "s2-t21",
      "begin" : 372,
      "end" : 379,
      "text" : "against",
      "whiteSpace" : false
    }, {
      "id" : "s2-t22",
      "begin" : 380,
      "end" : 385,
      "text" : "rival",
      "whiteSpace" : false
    }, {
      "id" : "s2-t23",
      "begin" : 386,
      "end" : 395,
      "text" : "arguments",
      "whiteSpace" : false
    }, {
      "id" : "s2-t24",
      "begin" : 396,
      "end" : 400,
      "text" : "that",
      "whiteSpace" : false
    }, {
      "id" : "s2-t25",
      "begin" : 401,
      "end" : 406,
      "text" : "focus",
      "whiteSpace" : false
    }, {
      "id" : "s2-t26",
      "begin" : 407,
      "end" : 409,
      "text" : "on",
      "whiteSpace" : false
    }, {
      "id" : "s2-t27",
      "begin" : 410,
      "end" : 413,
      "text" : "the",
      "whiteSpace" : false
    }, {
      "id" : "s2-t28",
      "begin" : 414,
      "end" : 421,
      "text" : "effects",
      "whiteSpace" : false
    }, {
      "id" : "s2-t29",
      "begin" : 422,
      "end" : 424,
      "text" : "of",
      "whiteSpace" : false
    }, {
      "id" : "s2-t30",
      "begin" : 425,
      "end" : 435,
      "text" : "inequality",
      "whiteSpace" : false
    }, {
      "id" : "s2-t31",
      "begin" : 436,
      "end" : 438,
      "text" : "on",
      "whiteSpace" : false
    }, {
      "id" : "s2-t32",
      "begin" : 439,
      "end" : 447,
      "text" : "citizens",
      "whiteSpace" : false
    }, {
      "id" : "s2-t33",
      "begin" : 447,
      "end" : 448,
      "text" : "'",
      "whiteSpace" : false
    }, {
      "id" : "s2-t34",
      "begin" : 449,
      "end" : 458,
      "text" : "objective",
      "whiteSpace" : false
    }, {
      "id" : "s2-t35",
      "begin" : 459,
      "end" : 468,
      "text" : "interests",
      "whiteSpace" : false
    }, {
      "id" : "s2-t36",
      "begin" : 469,
      "end" : 471,
      "text" : "or",
      "whiteSpace" : false
    }, {
      "id" : "s2-t37",
      "begin" : 472,
      "end" : 475,
      "text" : "the",
      "whiteSpace" : false
    }, {
      "id" : "s2-t38",
      "begin" : 476,
      "end" : 485,
      "text" : "resources",
      "whiteSpace" : false
    }, {
      "id" : "s2-t39",
      "begin" : 486,
      "end" : 490,
      "text" : "they",
      "whiteSpace" : false
    }, {
      "id" : "s2-t40",
      "begin" : 491,
      "end" : 495,
      "text" : "have",
      "whiteSpace" : false
    }, {
      "id" : "s2-t41",
      "begin" : 496,
      "end" : 505,
      "text" : "available",
      "whiteSpace" : false
    }, {
      "id" : "s2-t42",
      "begin" : 506,
      "end" : 509,
      "text" : "for",
      "whiteSpace" : false
    }, {
      "id" : "s2-t43",
      "begin" : 510,
      "end" : 519,
      "text" : "political",
      "whiteSpace" : false
    }, {
      "id" : "s2-t44",
      "begin" : 520,
      "end" : 530,
      "text" : "engagement",
      "whiteSpace" : false
    }, {
      "id" : "s2-t45",
      "begin" : 530,
      "end" : 531,
      "text" : ".",
      "whiteSpace" : false
    } ]
  }, {
    "id" : "s3",
    "begin" : 532,
    "end" : 848,
    "text" : "The analysis demonstrates that higher levels of income inequality powerfully depress political interest, the frequency of political discussion, and participation in elections among all but the most affluent citizens, providing compelling evidence that greater economic inequality yields greater political inequality.",
    "tokens" : [ {
      "id" : "s3-t0",
      "begin" : 532,
      "end" : 535,
      "text" : "The",
      "whiteSpace" : false
    }, {
      "id" : "s3-t1",
      "begin" : 536,
      "end" : 544,
      "text" : "analysis",
      "whiteSpace" : false
    }, {
      "id" : "s3-t2",
      "begin" : 545,
      "end" : 557,
      "text" : "demonstrates",
      "whiteSpace" : false
    }, {
      "id" : "s3-t3",
      "begin" : 558,
      "end" : 562,
      "text" : "that",
      "whiteSpace" : false
    }, {
      "id" : "s3-t4",
      "begin" : 563,
      "end" : 569,
      "text" : "higher",
      "whiteSpace" : false
    }, {
      "id" : "s3-t5",
      "begin" : 570,
      "end" : 576,
      "text" : "levels",
      "whiteSpace" : false
    }, {
      "id" : "s3-t6",
      "begin" : 577,
      "end" : 579,
      "text" : "of",
      "whiteSpace" : false
    }, {
      "id" : "s3-t7",
      "begin" : 580,
      "end" : 586,
      "text" : "income",
      "whiteSpace" : false
    }, {
      "id" : "s3-t8",
      "begin" : 587,
      "end" : 597,
      "text" : "inequality",
      "whiteSpace" : false
    }, {
      "id" : "s3-t9",
      "begin" : 598,
      "end" : 608,
      "text" : "powerfully",
      "whiteSpace" : false
    }, {
      "id" : "s3-t10",
      "begin" : 609,
      "end" : 616,
      "text" : "depress",
      "whiteSpace" : false
    }, {
      "id" : "s3-t11",
      "begin" : 617,
      "end" : 626,
      "text" : "political",
      "whiteSpace" : false
    }, {
      "id" : "s3-t12",
      "begin" : 627,
      "end" : 635,
      "text" : "interest",
      "whiteSpace" : false
    }, {
      "id" : "s3-t13",
      "begin" : 635,
      "end" : 636,
      "text" : ",",
      "whiteSpace" : false
    }, {
      "id" : "s3-t14",
      "begin" : 637,
      "end" : 640,
      "text" : "the",
      "whiteSpace" : false
    }, {
      "id" : "s3-t15",
      "begin" : 641,
      "end" : 650,
      "text" : "frequency",
      "whiteSpace" : false
    }, {
      "id" : "s3-t16",
      "begin" : 651,
      "end" : 653,
      "text" : "of",
      "whiteSpace" : false
    }, {
      "id" : "s3-t17",
      "begin" : 654,
      "end" : 663,
      "text" : "political",
      "whiteSpace" : false
    }, {
      "id" : "s3-t18",
      "begin" : 664,
      "end" : 674,
      "text" : "discussion",
      "whiteSpace" : false
    }, {
      "id" : "s3-t19",
      "begin" : 674,
      "end" : 675,
      "text" : ",",
      "whiteSpace" : false
    }, {
      "id" : "s3-t20",
      "begin" : 676,
      "end" : 679,
      "text" : "and",
      "whiteSpace" : false
    }, {
      "id" : "s3-t21",
      "begin" : 680,
      "end" : 693,
      "text" : "participation",
      "whiteSpace" : false
    }, {
      "id" : "s3-t22",
      "begin" : 694,
      "end" : 696,
      "text" : "in",
      "whiteSpace" : false
    }, {
      "id" : "s3-t23",
      "begin" : 697,
      "end" : 706,
      "text" : "elections",
      "whiteSpace" : false
    }, {
      "id" : "s3-t24",
      "begin" : 707,
      "end" : 712,
      "text" : "among",
      "whiteSpace" : false
    }, {
      "id" : "s3-t25",
      "begin" : 713,
      "end" : 716,
      "text" : "all",
      "whiteSpace" : false
    }, {
      "id" : "s3-t26",
      "begin" : 717,
      "end" : 720,
      "text" : "but",
      "whiteSpace" : false
    }, {
      "id" : "s3-t27",
      "begin" : 721,
      "end" : 724,
      "text" : "the",
      "whiteSpace" : false
    }, {
      "id" : "s3-t28",
      "begin" : 725,
      "end" : 729,
      "text" : "most",
      "whiteSpace" : false
    }, {
      "id" : "s3-t29",
      "begin" : 730,
      "end" : 738,
      "text" : "affluent",
      "whiteSpace" : false
    }, {
      "id" : "s3-t30",
      "begin" : 739,
      "end" : 747,
      "text" : "citizens",
      "whiteSpace" : false
    }, {
      "id" : "s3-t31",
      "begin" : 747,
      "end" : 748,
      "text" : ",",
      "whiteSpace" : false
    }, {
      "id" : "s3-t32",
      "begin" : 749,
      "end" : 758,
      "text" : "providing",
      "whiteSpace" : false
    }, {
      "id" : "s3-t33",
      "begin" : 759,
      "end" : 769,
      "text" : "compelling",
      "whiteSpace" : false
    }, {
      "id" : "s3-t34",
      "begin" : 770,
      "end" : 778,
      "text" : "evidence",
      "whiteSpace" : false
    }, {
      "id" : "s3-t35",
      "begin" : 779,
      "end" : 783,
      "text" : "that",
      "whiteSpace" : false
    }, {
      "id" : "s3-t36",
      "begin" : 784,
      "end" : 791,
      "text" : "greater",
      "whiteSpace" : false
    }, {
      "id" : "s3-t37",
      "begin" : 792,
      "end" : 800,
      "text" : "economic",
      "whiteSpace" : false
    }, {
      "id" : "s3-t38",
      "begin" : 801,
      "end" : 811,
      "text" : "inequality",
      "whiteSpace" : false
    }, {
      "id" : "s3-t39",
      "begin" : 812,
      "end" : 818,
      "text" : "yields",
      "whiteSpace" : false
    }, {
      "id" : "s3-t40",
      "begin" : 819,
      "end" : 826,
      "text" : "greater",
      "whiteSpace" : false
    }, {
      "id" : "s3-t41",
      "begin" : 827,
      "end" : 836,
      "text" : "political",
      "whiteSpace" : false
    }, {
      "id" : "s3-t42",
      "begin" : 837,
      "end" : 847,
      "text" : "inequality",
      "whiteSpace" : false
    }, {
      "id" : "s3-t43",
      "begin" : 847,
      "end" : 848,
      "text" : ".",
      "whiteSpace" : false
    } ]
  } ],
  "mentions" : [ {
    "id" : "m1",
    "properties" : {
      "SIRE_MENTION_ROLE" : "relation",
      "SIRE_MENTION_CLASS" : "SPC",
      "SIRE_MENTION_TYPE" : "NONE",
      "SIRE_ENTITY_SUBTYPE" : "NONE"
    },
    "type" : "relation",
    "begin" : 5,
    "end" : 11,
    "inCoref" : false
  }, {
    "id" : "m2",
    "properties" : {
      "SIRE_MENTION_ROLE" : "Variable",
      "SIRE_MENTION_CLASS" : "SPC",
      "SIRE_MENTION_TYPE" : "NONE",
      "SIRE_ENTITY_SUBTYPE" : "NONE"
    },
    "type" : "Variable",
    "begin" : 40,
    "end" : 59,
    "inCoref" : true
  }, {
    "id" : "s0-m3",
    "properties" : {
      "SIRE_MENTION_ROLE" : "Variable",
      "SIRE_ENTITY_SUBTYPE" : "NONE",
      "SIRE_MENTION_TYPE" : "NONE",
      "SIRE_MENTION_CLASS" : "SPC"
    },
    "type" : "Variable",
    "begin" : 87,
    "end" : 107,
    "inCoref" : false
  }, {
    "id" : "m3",
    "properties" : {
      "SIRE_MENTION_ROLE" : "evidence",
      "SIRE_MENTION_CLASS" : "SPC",
      "SIRE_MENTION_TYPE" : "NONE",
      "SIRE_ENTITY_SUBTYPE" : "NONE"
    },
    "type" : "evidence",
    "begin" : 130,
    "end" : 135,
    "inCoref" : false
  }, {
    "id" : "m4",
    "properties" : {
      "SIRE_MENTION_ROLE" : "evidence",
      "SIRE_MENTION_CLASS" : "SPC",
      "SIRE_MENTION_TYPE" : "NONE",
      "SIRE_ENTITY_SUBTYPE" : "NONE"
    },
    "type" : "evidence",
    "begin" : 136,
    "end" : 144,
    "inCoref" : false
  }, {
    "id" : "s2-m6",
    "properties" : {
      "SIRE_MENTION_ROLE" : "evidence",
      "SIRE_ENTITY_SUBTYPE" : "NONE",
      "SIRE_MENTION_TYPE" : "NONE",
      "SIRE_MENTION_CLASS" : "SPC"
    },
    "type" : "evidence",
    "begin" : 250,
    "end" : 255,
    "inCoref" : false
  }, {
    "id" : "m5",
    "properties" : {
      "SIRE_MENTION_ROLE" : "relation",
      "SIRE_MENTION_CLASS" : "SPC",
      "SIRE_MENTION_TYPE" : "NONE",
      "SIRE_ENTITY_SUBTYPE" : "NONE"
    },
    "type" : "relation",
    "begin" : 272,
    "end" : 279,
    "inCoref" : false
  }, {
    "id" : "m6",
    "properties" : {
      "SIRE_MENTION_ROLE" : "Variable",
      "SIRE_MENTION_CLASS" : "SPC",
      "SIRE_MENTION_TYPE" : "NONE",
      "SIRE_ENTITY_SUBTYPE" : "NONE"
    },
    "type" : "Variable",
    "begin" : 280,
    "end" : 290,
    "inCoref" : true
  }, {
    "id" : "m7",
    "properties" : {
      "SIRE_MENTION_ROLE" : "relation",
      "SIRE_MENTION_CLASS" : "SPC",
      "SIRE_MENTION_TYPE" : "NONE",
      "SIRE_ENTITY_SUBTYPE" : "NONE"
    },
    "type" : "relation",
    "begin" : 291,
    "end" : 300,
    "inCoref" : false
  }, {
    "id" : "s2-m7",
    "properties" : {
      "SIRE_MENTION_ROLE" : "Variable",
      "SIRE_ENTITY_SUBTYPE" : "NONE",
      "SIRE_MENTION_TYPE" : "NONE",
      "SIRE_MENTION_CLASS" : "SPC"
    },
    "type" : "Variable",
    "begin" : 314,
    "end" : 334,
    "inCoref" : false
  }, {
    "id" : "m16",
    "properties" : {
      "SIRE_ENTITY_LEVEL" : "NONE",
      "SIRE_MENTION_ROLE" : "relation",
      "SIRE_MENTION_CLASS" : "SPC",
      "SIRE_MENTION_TYPE" : "NONE",
      "SIRE_ENTITY_CLASS" : "SPC",
      "SIRE_ENTITY_SUBTYPE" : "NONE"
    },
    "type" : "relation",
    "begin" : 414,
    "end" : 424,
    "inCoref" : false
  }, {
    "id" : "m8",
    "properties" : {
      "SIRE_MENTION_ROLE" : "Variable",
      "SIRE_MENTION_CLASS" : "SPC",
      "SIRE_MENTION_TYPE" : "NONE",
      "SIRE_ENTITY_SUBTYPE" : "NONE"
    },
    "type" : "Variable",
    "begin" : 425,
    "end" : 435,
    "inCoref" : true
  }, {
    "id" : "s2-m8",
    "properties" : {
      "SIRE_MENTION_ROLE" : "Variable",
      "SIRE_ENTITY_SUBTYPE" : "NONE",
      "SIRE_MENTION_TYPE" : "NONE",
      "SIRE_MENTION_CLASS" : "SPC"
    },
    "type" : "Variable",
    "begin" : 439,
    "end" : 468,
    "inCoref" : false
  }, {
    "id" : "s3-m9",
    "properties" : {
      "SIRE_MENTION_ROLE" : "evidence",
      "SIRE_ENTITY_SUBTYPE" : "NONE",
      "SIRE_MENTION_TYPE" : "NONE",
      "SIRE_MENTION_CLASS" : "SPC"
    },
    "type" : "evidence",
    "begin" : 545,
    "end" : 557,
    "inCoref" : false
  }, {
    "id" : "m9",
    "properties" : {
      "SIRE_MENTION_ROLE" : "relation",
      "SIRE_MENTION_CLASS" : "SPC",
      "SIRE_MENTION_TYPE" : "NONE",
      "SIRE_ENTITY_SUBTYPE" : "NONE"
    },
    "type" : "relation",
    "begin" : 563,
    "end" : 569,
    "inCoref" : false
  }, {
    "id" : "m10",
    "properties" : {
      "SIRE_MENTION_ROLE" : "Variable",
      "SIRE_MENTION_CLASS" : "SPC",
      "SIRE_MENTION_TYPE" : "NONE",
      "SIRE_ENTITY_SUBTYPE" : "NONE"
    },
    "type" : "Variable",
    "begin" : 580,
    "end" : 597,
    "inCoref" : true
  }, {
    "id" : "s3-m11",
    "properties" : {
      "SIRE_MENTION_ROLE" : "relation",
      "SIRE_ENTITY_SUBTYPE" : "NONE",
      "SIRE_MENTION_TYPE" : "NONE",
      "SIRE_MENTION_CLASS" : "SPC"
    },
    "type" : "relation",
    "begin" : 609,
    "end" : 616,
    "inCoref" : false
  }, {
    "id" : "s3-m10",
    "properties" : {
      "SIRE_MENTION_ROLE" : "Variable",
      "SIRE_ENTITY_SUBTYPE" : "NONE",
      "SIRE_MENTION_TYPE" : "NONE",
      "SIRE_MENTION_CLASS" : "SPC"
    },
    "type" : "Variable",
    "begin" : 617,
    "end" : 635,
    "inCoref" : false
  }, {
    "id" : "s3-m12",
    "properties" : {
      "SIRE_MENTION_ROLE" : "Variable",
      "SIRE_ENTITY_SUBTYPE" : "NONE",
      "SIRE_MENTION_TYPE" : "NONE",
      "SIRE_MENTION_CLASS" : "SPC"
    },
    "type" : "Variable",
    "begin" : 641,
    "end" : 674,
    "inCoref" : false
  }, {
    "id" : "s3-m13",
    "properties" : {
      "SIRE_MENTION_ROLE" : "Variable",
      "SIRE_ENTITY_SUBTYPE" : "NONE",
      "SIRE_MENTION_TYPE" : "NONE",
      "SIRE_MENTION_CLASS" : "SPC"
    },
    "type" : "Variable",
    "begin" : 680,
    "end" : 706,
    "inCoref" : false
  }, {
    "id" : "m11",
    "properties" : {
      "SIRE_MENTION_ROLE" : "evidence",
      "SIRE_MENTION_CLASS" : "SPC",
      "SIRE_MENTION_TYPE" : "NONE",
      "SIRE_ENTITY_SUBTYPE" : "NONE"
    },
    "type" : "evidence",
    "begin" : 770,
    "end" : 778,
    "inCoref" : false
  }, {
    "id" : "m12",
    "properties" : {
      "SIRE_MENTION_ROLE" : "relation",
      "SIRE_MENTION_CLASS" : "SPC",
      "SIRE_MENTION_TYPE" : "NONE",
      "SIRE_ENTITY_SUBTYPE" : "NONE"
    },
    "type" : "relation",
    "begin" : 784,
    "end" : 791,
    "inCoref" : false
  }, {
    "id" : "m13",
    "properties" : {
      "SIRE_MENTION_ROLE" : "Variable",
      "SIRE_MENTION_CLASS" : "SPC",
      "SIRE_MENTION_TYPE" : "NONE",
      "SIRE_ENTITY_SUBTYPE" : "NONE"
    },
    "type" : "Variable",
    "begin" : 792,
    "end" : 811,
    "inCoref" : true
  }, {
    "id" : "m14",
    "properties" : {
      "SIRE_MENTION_ROLE" : "relation",
      "SIRE_MENTION_CLASS" : "SPC",
      "SIRE_MENTION_TYPE" : "NONE",
      "SIRE_ENTITY_SUBTYPE" : "NONE"
    },
    "type" : "relation",
    "begin" : 819,
    "end" : 826,
    "inCoref" : false
  }, {
    "id" : "m15",
    "properties" : {
      "SIRE_MENTION_ROLE" : "Variable",
      "SIRE_MENTION_CLASS" : "SPC",
      "SIRE_MENTION_TYPE" : "NONE",
      "SIRE_ENTITY_SUBTYPE" : "NONE"
    },
    "type" : "Variable",
    "begin" : 827,
    "end" : 847,
    "inCoref" : false
  } ],
  "relations" : [ {
    "id" : "s3-r1",
    "properties" : { },
    "type" : "Causal",
    "args" : [ "m10", "s3-m10" ]
  }, {
    "id" : "s3-r2",
    "properties" : { },
    "type" : "Causal",
    "args" : [ "m10", "s3-m12" ]
  }, {
    "id" : "s3-r3",
    "properties" : { },
    "type" : "Causal",
    "args" : [ "m10", "s3-m13" ]
  }, {
    "id" : "s3-r5",
    "properties" : { },
    "type" : "Causal",
    "args" : [ "m13", "m15" ]
  } ],
  "corefs" : [ {
    "id" : "c1",
    "properties" : { },
    "mentions" : [ "m2", "m6", "m8", "m10", "m13" ]
  } ],
  "typeResolved" : true,
  "userResolved" : false
}