{
  "id" : "40f1b1e0-3329-11ec-aeb1-4f7a687954bf-14",
  "name" : "43. Hildebrand, V., & Van Kerm, P. (2009). .docx",
  "createdDate" : 0,
  "version" : 3,
  "text" : "We examine the effect of income inequality on individuals' self-rated health status in a pooled sample of 11 countries, using longitudinal data from the European Community Household Panel survey. Taking advantage of the longitudinal and cross-national nature of our data, and carefully modeling the self-reported health information, we avoid several of the pitfalls suffered by earlier studies on this topic. We calculate income inequality indices measured at two standard levels of geography (NUTS-0 and NUTS-1) and find consistent evidence that income inequality is negatively related to self-rated health status in the European Union for both men and women, particularly when measured at national level. However, despite its statistical significance, the magnitude of the impact of inequality on health is very small.\n\n",
  "docLength" : 0,
  "language" : "EN",
  "status" : "IN_PROGRESS",
  "modifiedDate" : 1639403778041,
  "documentSet" : [ ],
  "preannotation" : [ "PRE_LW", "PRE_SIRE" ],
  "sentences" : [ {
    "id" : "s0",
    "begin" : 0,
    "end" : 195,
    "text" : "We examine the effect of income inequality on individuals' self-rated health status in a pooled sample of 11 countries, using longitudinal data from the European Community Household Panel survey.",
    "tokens" : [ {
      "id" : "s0-t0",
      "begin" : 0,
      "end" : 2,
      "text" : "We",
      "whiteSpace" : false
    }, {
      "id" : "s0-t1",
      "begin" : 3,
      "end" : 10,
      "text" : "examine",
      "whiteSpace" : false
    }, {
      "id" : "s0-t2",
      "begin" : 11,
      "end" : 14,
      "text" : "the",
      "whiteSpace" : false
    }, {
      "id" : "s0-t3",
      "begin" : 15,
      "end" : 21,
      "text" : "effect",
      "whiteSpace" : false
    }, {
      "id" : "s0-t4",
      "begin" : 22,
      "end" : 24,
      "text" : "of",
      "whiteSpace" : false
    }, {
      "id" : "s0-t5",
      "begin" : 25,
      "end" : 31,
      "text" : "income",
      "whiteSpace" : false
    }, {
      "id" : "s0-t6",
      "begin" : 32,
      "end" : 42,
      "text" : "inequality",
      "whiteSpace" : false
    }, {
      "id" : "s0-t7",
      "begin" : 43,
      "end" : 45,
      "text" : "on",
      "whiteSpace" : false
    }, {
      "id" : "s0-t8",
      "begin" : 46,
      "end" : 57,
      "text" : "individuals",
      "whiteSpace" : false
    }, {
      "id" : "s0-t9",
      "begin" : 57,
      "end" : 58,
      "text" : "'",
      "whiteSpace" : false
    }, {
      "id" : "s0-t10",
      "begin" : 59,
      "end" : 63,
      "text" : "self",
      "whiteSpace" : false
    }, {
      "id" : "s0-t11",
      "begin" : 63,
      "end" : 64,
      "text" : "-",
      "whiteSpace" : false
    }, {
      "id" : "s0-t12",
      "begin" : 64,
      "end" : 69,
      "text" : "rated",
      "whiteSpace" : false
    }, {
      "id" : "s0-t13",
      "begin" : 70,
      "end" : 76,
      "text" : "health",
      "whiteSpace" : false
    }, {
      "id" : "s0-t14",
      "begin" : 77,
      "end" : 83,
      "text" : "status",
      "whiteSpace" : false
    }, {
      "id" : "s0-t15",
      "begin" : 84,
      "end" : 86,
      "text" : "in",
      "whiteSpace" : false
    }, {
      "id" : "s0-t16",
      "begin" : 87,
      "end" : 88,
      "text" : "a",
      "whiteSpace" : false
    }, {
      "id" : "s0-t17",
      "begin" : 89,
      "end" : 95,
      "text" : "pooled",
      "whiteSpace" : false
    }, {
      "id" : "s0-t18",
      "begin" : 96,
      "end" : 102,
      "text" : "sample",
      "whiteSpace" : false
    }, {
      "id" : "s0-t19",
      "begin" : 103,
      "end" : 105,
      "text" : "of",
      "whiteSpace" : false
    }, {
      "id" : "s0-t20",
      "begin" : 106,
      "end" : 108,
      "text" : "11",
      "whiteSpace" : false
    }, {
      "id" : "s0-t21",
      "begin" : 109,
      "end" : 118,
      "text" : "countries",
      "whiteSpace" : false
    }, {
      "id" : "s0-t22",
      "begin" : 118,
      "end" : 119,
      "text" : ",",
      "whiteSpace" : false
    }, {
      "id" : "s0-t23",
      "begin" : 120,
      "end" : 125,
      "text" : "using",
      "whiteSpace" : false
    }, {
      "id" : "s0-t24",
      "begin" : 126,
      "end" : 138,
      "text" : "longitudinal",
      "whiteSpace" : false
    }, {
      "id" : "s0-t25",
      "begin" : 139,
      "end" : 143,
      "text" : "data",
      "whiteSpace" : false
    }, {
      "id" : "s0-t26",
      "begin" : 144,
      "end" : 148,
      "text" : "from",
      "whiteSpace" : false
    }, {
      "id" : "s0-t27",
      "begin" : 149,
      "end" : 152,
      "text" : "the",
      "whiteSpace" : false
    }, {
      "id" : "s0-t28",
      "begin" : 153,
      "end" : 161,
      "text" : "European",
      "whiteSpace" : false
    }, {
      "id" : "s0-t29",
      "begin" : 162,
      "end" : 171,
      "text" : "Community",
      "whiteSpace" : false
    }, {
      "id" : "s0-t30",
      "begin" : 172,
      "end" : 181,
      "text" : "Household",
      "whiteSpace" : false
    }, {
      "id" : "s0-t31",
      "begin" : 182,
      "end" : 187,
      "text" : "Panel",
      "whiteSpace" : false
    }, {
      "id" : "s0-t32",
      "begin" : 188,
      "end" : 194,
      "text" : "survey",
      "whiteSpace" : false
    }, {
      "id" : "s0-t33",
      "begin" : 194,
      "end" : 195,
      "text" : ".",
      "whiteSpace" : false
    } ]
  }, {
    "id" : "s1",
    "begin" : 196,
    "end" : 408,
    "text" : "Taking advantage of the longitudinal and cross-national nature of our data, and carefully modeling the self-reported health information, we avoid several of the pitfalls suffered by earlier studies on this topic.",
    "tokens" : [ {
      "id" : "s1-t0",
      "begin" : 196,
      "end" : 202,
      "text" : "Taking",
      "whiteSpace" : false
    }, {
      "id" : "s1-t1",
      "begin" : 203,
      "end" : 212,
      "text" : "advantage",
      "whiteSpace" : false
    }, {
      "id" : "s1-t2",
      "begin" : 213,
      "end" : 215,
      "text" : "of",
      "whiteSpace" : false
    }, {
      "id" : "s1-t3",
      "begin" : 216,
      "end" : 219,
      "text" : "the",
      "whiteSpace" : false
    }, {
      "id" : "s1-t4",
      "begin" : 220,
      "end" : 232,
      "text" : "longitudinal",
      "whiteSpace" : false
    }, {
      "id" : "s1-t5",
      "begin" : 233,
      "end" : 236,
      "text" : "and",
      "whiteSpace" : false
    }, {
      "id" : "s1-t6",
      "begin" : 237,
      "end" : 251,
      "text" : "cross-national",
      "whiteSpace" : false
    }, {
      "id" : "s1-t7",
      "begin" : 252,
      "end" : 258,
      "text" : "nature",
      "whiteSpace" : false
    }, {
      "id" : "s1-t8",
      "begin" : 259,
      "end" : 261,
      "text" : "of",
      "whiteSpace" : false
    }, {
      "id" : "s1-t9",
      "begin" : 262,
      "end" : 265,
      "text" : "our",
      "whiteSpace" : false
    }, {
      "id" : "s1-t10",
      "begin" : 266,
      "end" : 270,
      "text" : "data",
      "whiteSpace" : false
    }, {
      "id" : "s1-t11",
      "begin" : 270,
      "end" : 271,
      "text" : ",",
      "whiteSpace" : false
    }, {
      "id" : "s1-t12",
      "begin" : 272,
      "end" : 275,
      "text" : "and",
      "whiteSpace" : false
    }, {
      "id" : "s1-t13",
      "begin" : 276,
      "end" : 285,
      "text" : "carefully",
      "whiteSpace" : false
    }, {
      "id" : "s1-t14",
      "begin" : 286,
      "end" : 294,
      "text" : "modeling",
      "whiteSpace" : false
    }, {
      "id" : "s1-t15",
      "begin" : 295,
      "end" : 298,
      "text" : "the",
      "whiteSpace" : false
    }, {
      "id" : "s1-t16",
      "begin" : 299,
      "end" : 312,
      "text" : "self-reported",
      "whiteSpace" : false
    }, {
      "id" : "s1-t17",
      "begin" : 313,
      "end" : 319,
      "text" : "health",
      "whiteSpace" : false
    }, {
      "id" : "s1-t18",
      "begin" : 320,
      "end" : 331,
      "text" : "information",
      "whiteSpace" : false
    }, {
      "id" : "s1-t19",
      "begin" : 331,
      "end" : 332,
      "text" : ",",
      "whiteSpace" : false
    }, {
      "id" : "s1-t20",
      "begin" : 333,
      "end" : 335,
      "text" : "we",
      "whiteSpace" : false
    }, {
      "id" : "s1-t21",
      "begin" : 336,
      "end" : 341,
      "text" : "avoid",
      "whiteSpace" : false
    }, {
      "id" : "s1-t22",
      "begin" : 342,
      "end" : 349,
      "text" : "several",
      "whiteSpace" : false
    }, {
      "id" : "s1-t23",
      "begin" : 350,
      "end" : 352,
      "text" : "of",
      "whiteSpace" : false
    }, {
      "id" : "s1-t24",
      "begin" : 353,
      "end" : 356,
      "text" : "the",
      "whiteSpace" : false
    }, {
      "id" : "s1-t25",
      "begin" : 357,
      "end" : 365,
      "text" : "pitfalls",
      "whiteSpace" : false
    }, {
      "id" : "s1-t26",
      "begin" : 366,
      "end" : 374,
      "text" : "suffered",
      "whiteSpace" : false
    }, {
      "id" : "s1-t27",
      "begin" : 375,
      "end" : 377,
      "text" : "by",
      "whiteSpace" : false
    }, {
      "id" : "s1-t28",
      "begin" : 378,
      "end" : 385,
      "text" : "earlier",
      "whiteSpace" : false
    }, {
      "id" : "s1-t29",
      "begin" : 386,
      "end" : 393,
      "text" : "studies",
      "whiteSpace" : false
    }, {
      "id" : "s1-t30",
      "begin" : 394,
      "end" : 396,
      "text" : "on",
      "whiteSpace" : false
    }, {
      "id" : "s1-t31",
      "begin" : 397,
      "end" : 401,
      "text" : "this",
      "whiteSpace" : false
    }, {
      "id" : "s1-t32",
      "begin" : 402,
      "end" : 407,
      "text" : "topic",
      "whiteSpace" : false
    }, {
      "id" : "s1-t33",
      "begin" : 407,
      "end" : 408,
      "text" : ".",
      "whiteSpace" : false
    } ]
  }, {
    "id" : "s2",
    "begin" : 409,
    "end" : 706,
    "text" : "We calculate income inequality indices measured at two standard levels of geography (NUTS-0 and NUTS-1) and find consistent evidence that income inequality is negatively related to self-rated health status in the European Union for both men and women, particularly when measured at national level.",
    "tokens" : [ {
      "id" : "s2-t0",
      "begin" : 409,
      "end" : 411,
      "text" : "We",
      "whiteSpace" : false
    }, {
      "id" : "s2-t1",
      "begin" : 412,
      "end" : 421,
      "text" : "calculate",
      "whiteSpace" : false
    }, {
      "id" : "s2-t2",
      "begin" : 422,
      "end" : 428,
      "text" : "income",
      "whiteSpace" : false
    }, {
      "id" : "s2-t3",
      "begin" : 429,
      "end" : 439,
      "text" : "inequality",
      "whiteSpace" : false
    }, {
      "id" : "s2-t4",
      "begin" : 440,
      "end" : 447,
      "text" : "indices",
      "whiteSpace" : false
    }, {
      "id" : "s2-t5",
      "begin" : 448,
      "end" : 456,
      "text" : "measured",
      "whiteSpace" : false
    }, {
      "id" : "s2-t6",
      "begin" : 457,
      "end" : 459,
      "text" : "at",
      "whiteSpace" : false
    }, {
      "id" : "s2-t7",
      "begin" : 460,
      "end" : 463,
      "text" : "two",
      "whiteSpace" : false
    }, {
      "id" : "s2-t8",
      "begin" : 464,
      "end" : 472,
      "text" : "standard",
      "whiteSpace" : false
    }, {
      "id" : "s2-t9",
      "begin" : 473,
      "end" : 479,
      "text" : "levels",
      "whiteSpace" : false
    }, {
      "id" : "s2-t10",
      "begin" : 480,
      "end" : 482,
      "text" : "of",
      "whiteSpace" : false
    }, {
      "id" : "s2-t11",
      "begin" : 483,
      "end" : 492,
      "text" : "geography",
      "whiteSpace" : false
    }, {
      "id" : "s2-t12",
      "begin" : 493,
      "end" : 494,
      "text" : "(",
      "whiteSpace" : false
    }, {
      "id" : "s2-t13",
      "begin" : 494,
      "end" : 500,
      "text" : "NUTS-0",
      "whiteSpace" : false
    }, {
      "id" : "s2-t14",
      "begin" : 501,
      "end" : 504,
      "text" : "and",
      "whiteSpace" : false
    }, {
      "id" : "s2-t15",
      "begin" : 505,
      "end" : 511,
      "text" : "NUTS-1",
      "whiteSpace" : false
    }, {
      "id" : "s2-t16",
      "begin" : 511,
      "end" : 512,
      "text" : ")",
      "whiteSpace" : false
    }, {
      "id" : "s2-t17",
      "begin" : 513,
      "end" : 516,
      "text" : "and",
      "whiteSpace" : false
    }, {
      "id" : "s2-t18",
      "begin" : 517,
      "end" : 521,
      "text" : "find",
      "whiteSpace" : false
    }, {
      "id" : "s2-t19",
      "begin" : 522,
      "end" : 532,
      "text" : "consistent",
      "whiteSpace" : false
    }, {
      "id" : "s2-t20",
      "begin" : 533,
      "end" : 541,
      "text" : "evidence",
      "whiteSpace" : false
    }, {
      "id" : "s2-t21",
      "begin" : 542,
      "end" : 546,
      "text" : "that",
      "whiteSpace" : false
    }, {
      "id" : "s2-t22",
      "begin" : 547,
      "end" : 553,
      "text" : "income",
      "whiteSpace" : false
    }, {
      "id" : "s2-t23",
      "begin" : 554,
      "end" : 564,
      "text" : "inequality",
      "whiteSpace" : false
    }, {
      "id" : "s2-t24",
      "begin" : 565,
      "end" : 567,
      "text" : "is",
      "whiteSpace" : false
    }, {
      "id" : "s2-t25",
      "begin" : 568,
      "end" : 578,
      "text" : "negatively",
      "whiteSpace" : false
    }, {
      "id" : "s2-t26",
      "begin" : 579,
      "end" : 586,
      "text" : "related",
      "whiteSpace" : false
    }, {
      "id" : "s2-t27",
      "begin" : 587,
      "end" : 589,
      "text" : "to",
      "whiteSpace" : false
    }, {
      "id" : "s2-t28",
      "begin" : 590,
      "end" : 594,
      "text" : "self",
      "whiteSpace" : false
    }, {
      "id" : "s2-t29",
      "begin" : 594,
      "end" : 595,
      "text" : "-",
      "whiteSpace" : false
    }, {
      "id" : "s2-t30",
      "begin" : 595,
      "end" : 600,
      "text" : "rated",
      "whiteSpace" : false
    }, {
      "id" : "s2-t31",
      "begin" : 601,
      "end" : 607,
      "text" : "health",
      "whiteSpace" : false
    }, {
      "id" : "s2-t32",
      "begin" : 608,
      "end" : 614,
      "text" : "status",
      "whiteSpace" : false
    }, {
      "id" : "s2-t33",
      "begin" : 615,
      "end" : 617,
      "text" : "in",
      "whiteSpace" : false
    }, {
      "id" : "s2-t34",
      "begin" : 618,
      "end" : 621,
      "text" : "the",
      "whiteSpace" : false
    }, {
      "id" : "s2-t35",
      "begin" : 622,
      "end" : 630,
      "text" : "European",
      "whiteSpace" : false
    }, {
      "id" : "s2-t36",
      "begin" : 631,
      "end" : 636,
      "text" : "Union",
      "whiteSpace" : false
    }, {
      "id" : "s2-t37",
      "begin" : 637,
      "end" : 640,
      "text" : "for",
      "whiteSpace" : false
    }, {
      "id" : "s2-t38",
      "begin" : 641,
      "end" : 645,
      "text" : "both",
      "whiteSpace" : false
    }, {
      "id" : "s2-t39",
      "begin" : 646,
      "end" : 649,
      "text" : "men",
      "whiteSpace" : false
    }, {
      "id" : "s2-t40",
      "begin" : 650,
      "end" : 653,
      "text" : "and",
      "whiteSpace" : false
    }, {
      "id" : "s2-t41",
      "begin" : 654,
      "end" : 659,
      "text" : "women",
      "whiteSpace" : false
    }, {
      "id" : "s2-t42",
      "begin" : 659,
      "end" : 660,
      "text" : ",",
      "whiteSpace" : false
    }, {
      "id" : "s2-t43",
      "begin" : 661,
      "end" : 673,
      "text" : "particularly",
      "whiteSpace" : false
    }, {
      "id" : "s2-t44",
      "begin" : 674,
      "end" : 678,
      "text" : "when",
      "whiteSpace" : false
    }, {
      "id" : "s2-t45",
      "begin" : 679,
      "end" : 687,
      "text" : "measured",
      "whiteSpace" : false
    }, {
      "id" : "s2-t46",
      "begin" : 688,
      "end" : 690,
      "text" : "at",
      "whiteSpace" : false
    }, {
      "id" : "s2-t47",
      "begin" : 691,
      "end" : 699,
      "text" : "national",
      "whiteSpace" : false
    }, {
      "id" : "s2-t48",
      "begin" : 700,
      "end" : 705,
      "text" : "level",
      "whiteSpace" : false
    }, {
      "id" : "s2-t49",
      "begin" : 705,
      "end" : 706,
      "text" : ".",
      "whiteSpace" : false
    } ]
  }, {
    "id" : "s3",
    "begin" : 707,
    "end" : 820,
    "text" : "However, despite its statistical significance, the magnitude of the impact of inequality on health is very small.",
    "tokens" : [ {
      "id" : "s3-t0",
      "begin" : 707,
      "end" : 714,
      "text" : "However",
      "whiteSpace" : false
    }, {
      "id" : "s3-t1",
      "begin" : 714,
      "end" : 715,
      "text" : ",",
      "whiteSpace" : false
    }, {
      "id" : "s3-t2",
      "begin" : 716,
      "end" : 723,
      "text" : "despite",
      "whiteSpace" : false
    }, {
      "id" : "s3-t3",
      "begin" : 724,
      "end" : 727,
      "text" : "its",
      "whiteSpace" : false
    }, {
      "id" : "s3-t4",
      "begin" : 728,
      "end" : 739,
      "text" : "statistical",
      "whiteSpace" : false
    }, {
      "id" : "s3-t5",
      "begin" : 740,
      "end" : 752,
      "text" : "significance",
      "whiteSpace" : false
    }, {
      "id" : "s3-t6",
      "begin" : 752,
      "end" : 753,
      "text" : ",",
      "whiteSpace" : false
    }, {
      "id" : "s3-t7",
      "begin" : 754,
      "end" : 757,
      "text" : "the",
      "whiteSpace" : false
    }, {
      "id" : "s3-t8",
      "begin" : 758,
      "end" : 767,
      "text" : "magnitude",
      "whiteSpace" : false
    }, {
      "id" : "s3-t9",
      "begin" : 768,
      "end" : 770,
      "text" : "of",
      "whiteSpace" : false
    }, {
      "id" : "s3-t10",
      "begin" : 771,
      "end" : 774,
      "text" : "the",
      "whiteSpace" : false
    }, {
      "id" : "s3-t11",
      "begin" : 775,
      "end" : 781,
      "text" : "impact",
      "whiteSpace" : false
    }, {
      "id" : "s3-t12",
      "begin" : 782,
      "end" : 784,
      "text" : "of",
      "whiteSpace" : false
    }, {
      "id" : "s3-t13",
      "begin" : 785,
      "end" : 795,
      "text" : "inequality",
      "whiteSpace" : false
    }, {
      "id" : "s3-t14",
      "begin" : 796,
      "end" : 798,
      "text" : "on",
      "whiteSpace" : false
    }, {
      "id" : "s3-t15",
      "begin" : 799,
      "end" : 805,
      "text" : "health",
      "whiteSpace" : false
    }, {
      "id" : "s3-t16",
      "begin" : 806,
      "end" : 808,
      "text" : "is",
      "whiteSpace" : false
    }, {
      "id" : "s3-t17",
      "begin" : 809,
      "end" : 813,
      "text" : "very",
      "whiteSpace" : false
    }, {
      "id" : "s3-t18",
      "begin" : 814,
      "end" : 819,
      "text" : "small",
      "whiteSpace" : false
    }, {
      "id" : "s3-t19",
      "begin" : 819,
      "end" : 820,
      "text" : ".",
      "whiteSpace" : false
    } ]
  } ],
  "mentions" : [ {
    "id" : "m1",
    "properties" : {
      "SIRE_MENTION_ROLE" : "evidence",
      "SIRE_MENTION_CLASS" : "SPC",
      "SIRE_MENTION_TYPE" : "NONE",
      "SIRE_ENTITY_SUBTYPE" : "NONE"
    },
    "type" : "evidence",
    "begin" : 3,
    "end" : 10,
    "inCoref" : false
  }, {
    "id" : "m2",
    "properties" : {
      "SIRE_MENTION_ROLE" : "relation",
      "SIRE_MENTION_CLASS" : "SPC",
      "SIRE_MENTION_TYPE" : "NONE",
      "SIRE_ENTITY_SUBTYPE" : "NONE"
    },
    "type" : "relation",
    "begin" : 15,
    "end" : 24,
    "inCoref" : false
  }, {
    "id" : "m3",
    "properties" : {
      "SIRE_MENTION_ROLE" : "Variable",
      "SIRE_MENTION_CLASS" : "SPC",
      "SIRE_MENTION_TYPE" : "NONE",
      "SIRE_ENTITY_SUBTYPE" : "NONE"
    },
    "type" : "Variable",
    "begin" : 25,
    "end" : 42,
    "inCoref" : true
  }, {
    "id" : "s0-m4",
    "properties" : {
      "SIRE_MENTION_ROLE" : "Variable",
      "SIRE_ENTITY_SUBTYPE" : "NONE",
      "SIRE_MENTION_TYPE" : "NONE",
      "SIRE_MENTION_CLASS" : "SPC"
    },
    "type" : "Variable",
    "begin" : 59,
    "end" : 76,
    "inCoref" : true
  }, {
    "id" : "m4",
    "properties" : {
      "SIRE_MENTION_ROLE" : "Variable",
      "SIRE_MENTION_CLASS" : "SPC",
      "SIRE_MENTION_TYPE" : "NONE",
      "SIRE_ENTITY_SUBTYPE" : "NONE"
    },
    "type" : "Variable",
    "begin" : 422,
    "end" : 439,
    "inCoref" : true
  }, {
    "id" : "m5",
    "properties" : {
      "SIRE_MENTION_ROLE" : "evidence",
      "SIRE_MENTION_CLASS" : "SPC",
      "SIRE_MENTION_TYPE" : "NONE",
      "SIRE_ENTITY_SUBTYPE" : "NONE"
    },
    "type" : "evidence",
    "begin" : 517,
    "end" : 521,
    "inCoref" : false
  }, {
    "id" : "m6",
    "properties" : {
      "SIRE_MENTION_ROLE" : "evidence",
      "SIRE_MENTION_CLASS" : "SPC",
      "SIRE_MENTION_TYPE" : "NONE",
      "SIRE_ENTITY_SUBTYPE" : "NONE"
    },
    "type" : "evidence",
    "begin" : 533,
    "end" : 541,
    "inCoref" : false
  }, {
    "id" : "s2-m7",
    "properties" : {
      "SIRE_MENTION_ROLE" : "Variable",
      "SIRE_ENTITY_SUBTYPE" : "NONE",
      "SIRE_MENTION_TYPE" : "NONE",
      "SIRE_MENTION_CLASS" : "SPC"
    },
    "type" : "Variable",
    "begin" : 547,
    "end" : 564,
    "inCoref" : true
  }, {
    "id" : "m8",
    "properties" : {
      "SIRE_MENTION_ROLE" : "relation",
      "SIRE_MENTION_CLASS" : "SPC",
      "SIRE_MENTION_TYPE" : "NONE",
      "SIRE_ENTITY_SUBTYPE" : "NONE"
    },
    "type" : "relation",
    "begin" : 579,
    "end" : 589,
    "inCoref" : false
  }, {
    "id" : "s2-m6",
    "properties" : {
      "SIRE_MENTION_ROLE" : "Variable",
      "SIRE_ENTITY_SUBTYPE" : "NONE",
      "SIRE_MENTION_TYPE" : "NONE",
      "SIRE_MENTION_CLASS" : "SPC"
    },
    "type" : "Variable",
    "begin" : 590,
    "end" : 607,
    "inCoref" : true
  }, {
    "id" : "m9",
    "properties" : {
      "SIRE_MENTION_ROLE" : "relation",
      "SIRE_MENTION_CLASS" : "SPC",
      "SIRE_MENTION_TYPE" : "NONE",
      "SIRE_ENTITY_SUBTYPE" : "NONE"
    },
    "type" : "relation",
    "begin" : 775,
    "end" : 784,
    "inCoref" : false
  }, {
    "id" : "m10",
    "properties" : {
      "SIRE_MENTION_ROLE" : "Variable",
      "SIRE_MENTION_CLASS" : "SPC",
      "SIRE_MENTION_TYPE" : "NONE",
      "SIRE_ENTITY_SUBTYPE" : "NONE"
    },
    "type" : "Variable",
    "begin" : 785,
    "end" : 795,
    "inCoref" : true
  }, {
    "id" : "s3-m3",
    "properties" : {
      "SIRE_MENTION_ROLE" : "Variable",
      "SIRE_ENTITY_SUBTYPE" : "NONE",
      "SIRE_MENTION_TYPE" : "NONE",
      "SIRE_MENTION_CLASS" : "SPC"
    },
    "type" : "Variable",
    "begin" : 799,
    "end" : 805,
    "inCoref" : false
  } ],
  "relations" : [ {
    "id" : "s2-r1",
    "properties" : { },
    "type" : "RelateCorrelation",
    "args" : [ "s2-m7", "s2-m6" ]
  }, {
    "id" : "s3-r1",
    "properties" : { },
    "type" : "Causal",
    "args" : [ "m10", "s3-m3" ]
  } ],
  "corefs" : [ {
    "id" : "c1",
    "properties" : { },
    "mentions" : [ "m10", "m3", "m4", "s2-m7" ]
  }, {
    "id" : "c2",
    "properties" : { },
    "mentions" : [ "s0-m4", "s2-m6" ]
  } ],
  "typeResolved" : true,
  "userResolved" : false
}