{
  "id" : "40f1b1e0-3329-11ec-aeb1-4f7a687954bf-24",
  "name" : "68. Mueller, D. C., & Stratmann, T. (2003). .docx",
  "createdDate" : 0,
  "version" : 3,
  "text" : "\nConsiderable concern has been expressed in recent years about declines in voter participation rates in the United States and in several other major democratic countries. Some feel low participation rates introduce a ‘class bias’ into the political process and thereby worsen the outcomes from it. Little empirical work exists, however, that measures the effects of lower participation on the welfare of a country. This paper begins to fill this void. It presents cross-national evidence that high levels of democratic participation are associated with more equal distributions of income. The paper’s results also imply, however, that this reduction in income inequality comes at a cost. High participation rates are related to larger government sectors which in turn lead to slower economic growth. We also present evidence of the ‘capture’ of government by upper income groups in Latin and Central American countries.\n\n",
  "docLength" : 0,
  "language" : "EN",
  "status" : "IN_PROGRESS",
  "modifiedDate" : 1638275865594,
  "documentSet" : [ ],
  "preannotation" : [ "PRE_LW", "PRE_SIRE" ],
  "sentences" : [ {
    "id" : "s0",
    "begin" : 1,
    "end" : 170,
    "text" : "Considerable concern has been expressed in recent years about declines in voter participation rates in the United States and in several other major democratic countries.",
    "tokens" : [ {
      "id" : "s0-t0",
      "begin" : 1,
      "end" : 13,
      "text" : "Considerable",
      "whiteSpace" : false
    }, {
      "id" : "s0-t1",
      "begin" : 14,
      "end" : 21,
      "text" : "concern",
      "whiteSpace" : false
    }, {
      "id" : "s0-t2",
      "begin" : 22,
      "end" : 25,
      "text" : "has",
      "whiteSpace" : false
    }, {
      "id" : "s0-t3",
      "begin" : 26,
      "end" : 30,
      "text" : "been",
      "whiteSpace" : false
    }, {
      "id" : "s0-t4",
      "begin" : 31,
      "end" : 40,
      "text" : "expressed",
      "whiteSpace" : false
    }, {
      "id" : "s0-t5",
      "begin" : 41,
      "end" : 43,
      "text" : "in",
      "whiteSpace" : false
    }, {
      "id" : "s0-t6",
      "begin" : 44,
      "end" : 50,
      "text" : "recent",
      "whiteSpace" : false
    }, {
      "id" : "s0-t7",
      "begin" : 51,
      "end" : 56,
      "text" : "years",
      "whiteSpace" : false
    }, {
      "id" : "s0-t8",
      "begin" : 57,
      "end" : 62,
      "text" : "about",
      "whiteSpace" : false
    }, {
      "id" : "s0-t9",
      "begin" : 63,
      "end" : 71,
      "text" : "declines",
      "whiteSpace" : false
    }, {
      "id" : "s0-t10",
      "begin" : 72,
      "end" : 74,
      "text" : "in",
      "whiteSpace" : false
    }, {
      "id" : "s0-t11",
      "begin" : 75,
      "end" : 80,
      "text" : "voter",
      "whiteSpace" : false
    }, {
      "id" : "s0-t12",
      "begin" : 81,
      "end" : 94,
      "text" : "participation",
      "whiteSpace" : false
    }, {
      "id" : "s0-t13",
      "begin" : 95,
      "end" : 100,
      "text" : "rates",
      "whiteSpace" : false
    }, {
      "id" : "s0-t14",
      "begin" : 101,
      "end" : 103,
      "text" : "in",
      "whiteSpace" : false
    }, {
      "id" : "s0-t15",
      "begin" : 104,
      "end" : 107,
      "text" : "the",
      "whiteSpace" : false
    }, {
      "id" : "s0-t16",
      "begin" : 108,
      "end" : 114,
      "text" : "United",
      "whiteSpace" : false
    }, {
      "id" : "s0-t17",
      "begin" : 115,
      "end" : 121,
      "text" : "States",
      "whiteSpace" : false
    }, {
      "id" : "s0-t18",
      "begin" : 122,
      "end" : 125,
      "text" : "and",
      "whiteSpace" : false
    }, {
      "id" : "s0-t19",
      "begin" : 126,
      "end" : 128,
      "text" : "in",
      "whiteSpace" : false
    }, {
      "id" : "s0-t20",
      "begin" : 129,
      "end" : 136,
      "text" : "several",
      "whiteSpace" : false
    }, {
      "id" : "s0-t21",
      "begin" : 137,
      "end" : 142,
      "text" : "other",
      "whiteSpace" : false
    }, {
      "id" : "s0-t22",
      "begin" : 143,
      "end" : 148,
      "text" : "major",
      "whiteSpace" : false
    }, {
      "id" : "s0-t23",
      "begin" : 149,
      "end" : 159,
      "text" : "democratic",
      "whiteSpace" : false
    }, {
      "id" : "s0-t24",
      "begin" : 160,
      "end" : 169,
      "text" : "countries",
      "whiteSpace" : false
    }, {
      "id" : "s0-t25",
      "begin" : 169,
      "end" : 170,
      "text" : ".",
      "whiteSpace" : false
    } ]
  }, {
    "id" : "s1",
    "begin" : 171,
    "end" : 297,
    "text" : "Some feel low participation rates introduce a ‘class bias’ into the political process and thereby worsen the outcomes from it.",
    "tokens" : [ {
      "id" : "s1-t0",
      "begin" : 171,
      "end" : 175,
      "text" : "Some",
      "whiteSpace" : false
    }, {
      "id" : "s1-t1",
      "begin" : 176,
      "end" : 180,
      "text" : "feel",
      "whiteSpace" : false
    }, {
      "id" : "s1-t2",
      "begin" : 181,
      "end" : 184,
      "text" : "low",
      "whiteSpace" : false
    }, {
      "id" : "s1-t3",
      "begin" : 185,
      "end" : 198,
      "text" : "participation",
      "whiteSpace" : false
    }, {
      "id" : "s1-t4",
      "begin" : 199,
      "end" : 204,
      "text" : "rates",
      "whiteSpace" : false
    }, {
      "id" : "s1-t5",
      "begin" : 205,
      "end" : 214,
      "text" : "introduce",
      "whiteSpace" : false
    }, {
      "id" : "s1-t6",
      "begin" : 215,
      "end" : 216,
      "text" : "a",
      "whiteSpace" : false
    }, {
      "id" : "s1-t7",
      "begin" : 217,
      "end" : 223,
      "text" : "‘class",
      "whiteSpace" : false
    }, {
      "id" : "s1-t8",
      "begin" : 224,
      "end" : 228,
      "text" : "bias",
      "whiteSpace" : false
    }, {
      "id" : "s1-t9",
      "begin" : 228,
      "end" : 229,
      "text" : "’",
      "whiteSpace" : false
    }, {
      "id" : "s1-t10",
      "begin" : 230,
      "end" : 234,
      "text" : "into",
      "whiteSpace" : false
    }, {
      "id" : "s1-t11",
      "begin" : 235,
      "end" : 238,
      "text" : "the",
      "whiteSpace" : false
    }, {
      "id" : "s1-t12",
      "begin" : 239,
      "end" : 248,
      "text" : "political",
      "whiteSpace" : false
    }, {
      "id" : "s1-t13",
      "begin" : 249,
      "end" : 256,
      "text" : "process",
      "whiteSpace" : false
    }, {
      "id" : "s1-t14",
      "begin" : 257,
      "end" : 260,
      "text" : "and",
      "whiteSpace" : false
    }, {
      "id" : "s1-t15",
      "begin" : 261,
      "end" : 268,
      "text" : "thereby",
      "whiteSpace" : false
    }, {
      "id" : "s1-t16",
      "begin" : 269,
      "end" : 275,
      "text" : "worsen",
      "whiteSpace" : false
    }, {
      "id" : "s1-t17",
      "begin" : 276,
      "end" : 279,
      "text" : "the",
      "whiteSpace" : false
    }, {
      "id" : "s1-t18",
      "begin" : 280,
      "end" : 288,
      "text" : "outcomes",
      "whiteSpace" : false
    }, {
      "id" : "s1-t19",
      "begin" : 289,
      "end" : 293,
      "text" : "from",
      "whiteSpace" : false
    }, {
      "id" : "s1-t20",
      "begin" : 294,
      "end" : 296,
      "text" : "it",
      "whiteSpace" : false
    }, {
      "id" : "s1-t21",
      "begin" : 296,
      "end" : 297,
      "text" : ".",
      "whiteSpace" : false
    } ]
  }, {
    "id" : "s2",
    "begin" : 298,
    "end" : 414,
    "text" : "Little empirical work exists, however, that measures the effects of lower participation on the welfare of a country.",
    "tokens" : [ {
      "id" : "s2-t0",
      "begin" : 298,
      "end" : 304,
      "text" : "Little",
      "whiteSpace" : false
    }, {
      "id" : "s2-t1",
      "begin" : 305,
      "end" : 314,
      "text" : "empirical",
      "whiteSpace" : false
    }, {
      "id" : "s2-t2",
      "begin" : 315,
      "end" : 319,
      "text" : "work",
      "whiteSpace" : false
    }, {
      "id" : "s2-t3",
      "begin" : 320,
      "end" : 326,
      "text" : "exists",
      "whiteSpace" : false
    }, {
      "id" : "s2-t4",
      "begin" : 326,
      "end" : 327,
      "text" : ",",
      "whiteSpace" : false
    }, {
      "id" : "s2-t5",
      "begin" : 328,
      "end" : 335,
      "text" : "however",
      "whiteSpace" : false
    }, {
      "id" : "s2-t6",
      "begin" : 335,
      "end" : 336,
      "text" : ",",
      "whiteSpace" : false
    }, {
      "id" : "s2-t7",
      "begin" : 337,
      "end" : 341,
      "text" : "that",
      "whiteSpace" : false
    }, {
      "id" : "s2-t8",
      "begin" : 342,
      "end" : 350,
      "text" : "measures",
      "whiteSpace" : false
    }, {
      "id" : "s2-t9",
      "begin" : 351,
      "end" : 354,
      "text" : "the",
      "whiteSpace" : false
    }, {
      "id" : "s2-t10",
      "begin" : 355,
      "end" : 362,
      "text" : "effects",
      "whiteSpace" : false
    }, {
      "id" : "s2-t11",
      "begin" : 363,
      "end" : 365,
      "text" : "of",
      "whiteSpace" : false
    }, {
      "id" : "s2-t12",
      "begin" : 366,
      "end" : 371,
      "text" : "lower",
      "whiteSpace" : false
    }, {
      "id" : "s2-t13",
      "begin" : 372,
      "end" : 385,
      "text" : "participation",
      "whiteSpace" : false
    }, {
      "id" : "s2-t14",
      "begin" : 386,
      "end" : 388,
      "text" : "on",
      "whiteSpace" : false
    }, {
      "id" : "s2-t15",
      "begin" : 389,
      "end" : 392,
      "text" : "the",
      "whiteSpace" : false
    }, {
      "id" : "s2-t16",
      "begin" : 393,
      "end" : 400,
      "text" : "welfare",
      "whiteSpace" : false
    }, {
      "id" : "s2-t17",
      "begin" : 401,
      "end" : 403,
      "text" : "of",
      "whiteSpace" : false
    }, {
      "id" : "s2-t18",
      "begin" : 404,
      "end" : 405,
      "text" : "a",
      "whiteSpace" : false
    }, {
      "id" : "s2-t19",
      "begin" : 406,
      "end" : 413,
      "text" : "country",
      "whiteSpace" : false
    }, {
      "id" : "s2-t20",
      "begin" : 413,
      "end" : 414,
      "text" : ".",
      "whiteSpace" : false
    } ]
  }, {
    "id" : "s3",
    "begin" : 415,
    "end" : 451,
    "text" : "This paper begins to fill this void.",
    "tokens" : [ {
      "id" : "s3-t0",
      "begin" : 415,
      "end" : 419,
      "text" : "This",
      "whiteSpace" : false
    }, {
      "id" : "s3-t1",
      "begin" : 420,
      "end" : 425,
      "text" : "paper",
      "whiteSpace" : false
    }, {
      "id" : "s3-t2",
      "begin" : 426,
      "end" : 432,
      "text" : "begins",
      "whiteSpace" : false
    }, {
      "id" : "s3-t3",
      "begin" : 433,
      "end" : 435,
      "text" : "to",
      "whiteSpace" : false
    }, {
      "id" : "s3-t4",
      "begin" : 436,
      "end" : 440,
      "text" : "fill",
      "whiteSpace" : false
    }, {
      "id" : "s3-t5",
      "begin" : 441,
      "end" : 445,
      "text" : "this",
      "whiteSpace" : false
    }, {
      "id" : "s3-t6",
      "begin" : 446,
      "end" : 450,
      "text" : "void",
      "whiteSpace" : false
    }, {
      "id" : "s3-t7",
      "begin" : 450,
      "end" : 451,
      "text" : ".",
      "whiteSpace" : false
    } ]
  }, {
    "id" : "s4",
    "begin" : 452,
    "end" : 588,
    "text" : "It presents cross-national evidence that high levels of democratic participation are associated with more equal distributions of income.",
    "tokens" : [ {
      "id" : "s4-t0",
      "begin" : 452,
      "end" : 454,
      "text" : "It",
      "whiteSpace" : false
    }, {
      "id" : "s4-t1",
      "begin" : 455,
      "end" : 463,
      "text" : "presents",
      "whiteSpace" : false
    }, {
      "id" : "s4-t2",
      "begin" : 464,
      "end" : 478,
      "text" : "cross-national",
      "whiteSpace" : false
    }, {
      "id" : "s4-t3",
      "begin" : 479,
      "end" : 487,
      "text" : "evidence",
      "whiteSpace" : false
    }, {
      "id" : "s4-t4",
      "begin" : 488,
      "end" : 492,
      "text" : "that",
      "whiteSpace" : false
    }, {
      "id" : "s4-t5",
      "begin" : 493,
      "end" : 497,
      "text" : "high",
      "whiteSpace" : false
    }, {
      "id" : "s4-t6",
      "begin" : 498,
      "end" : 504,
      "text" : "levels",
      "whiteSpace" : false
    }, {
      "id" : "s4-t7",
      "begin" : 505,
      "end" : 507,
      "text" : "of",
      "whiteSpace" : false
    }, {
      "id" : "s4-t8",
      "begin" : 508,
      "end" : 518,
      "text" : "democratic",
      "whiteSpace" : false
    }, {
      "id" : "s4-t9",
      "begin" : 519,
      "end" : 532,
      "text" : "participation",
      "whiteSpace" : false
    }, {
      "id" : "s4-t10",
      "begin" : 533,
      "end" : 536,
      "text" : "are",
      "whiteSpace" : false
    }, {
      "id" : "s4-t11",
      "begin" : 537,
      "end" : 547,
      "text" : "associated",
      "whiteSpace" : false
    }, {
      "id" : "s4-t12",
      "begin" : 548,
      "end" : 552,
      "text" : "with",
      "whiteSpace" : false
    }, {
      "id" : "s4-t13",
      "begin" : 553,
      "end" : 557,
      "text" : "more",
      "whiteSpace" : false
    }, {
      "id" : "s4-t14",
      "begin" : 558,
      "end" : 563,
      "text" : "equal",
      "whiteSpace" : false
    }, {
      "id" : "s4-t15",
      "begin" : 564,
      "end" : 577,
      "text" : "distributions",
      "whiteSpace" : false
    }, {
      "id" : "s4-t16",
      "begin" : 578,
      "end" : 580,
      "text" : "of",
      "whiteSpace" : false
    }, {
      "id" : "s4-t17",
      "begin" : 581,
      "end" : 587,
      "text" : "income",
      "whiteSpace" : false
    }, {
      "id" : "s4-t18",
      "begin" : 587,
      "end" : 588,
      "text" : ".",
      "whiteSpace" : false
    } ]
  }, {
    "id" : "s5",
    "begin" : 589,
    "end" : 687,
    "text" : "The paper’s results also imply, however, that this reduction in income inequality comes at a cost.",
    "tokens" : [ {
      "id" : "s5-t0",
      "begin" : 589,
      "end" : 592,
      "text" : "The",
      "whiteSpace" : false
    }, {
      "id" : "s5-t1",
      "begin" : 593,
      "end" : 598,
      "text" : "paper",
      "whiteSpace" : false
    }, {
      "id" : "s5-t2",
      "begin" : 598,
      "end" : 600,
      "text" : "’s",
      "whiteSpace" : false
    }, {
      "id" : "s5-t3",
      "begin" : 601,
      "end" : 608,
      "text" : "results",
      "whiteSpace" : false
    }, {
      "id" : "s5-t4",
      "begin" : 609,
      "end" : 613,
      "text" : "also",
      "whiteSpace" : false
    }, {
      "id" : "s5-t5",
      "begin" : 614,
      "end" : 619,
      "text" : "imply",
      "whiteSpace" : false
    }, {
      "id" : "s5-t6",
      "begin" : 619,
      "end" : 620,
      "text" : ",",
      "whiteSpace" : false
    }, {
      "id" : "s5-t7",
      "begin" : 621,
      "end" : 628,
      "text" : "however",
      "whiteSpace" : false
    }, {
      "id" : "s5-t8",
      "begin" : 628,
      "end" : 629,
      "text" : ",",
      "whiteSpace" : false
    }, {
      "id" : "s5-t9",
      "begin" : 630,
      "end" : 634,
      "text" : "that",
      "whiteSpace" : false
    }, {
      "id" : "s5-t10",
      "begin" : 635,
      "end" : 639,
      "text" : "this",
      "whiteSpace" : false
    }, {
      "id" : "s5-t11",
      "begin" : 640,
      "end" : 649,
      "text" : "reduction",
      "whiteSpace" : false
    }, {
      "id" : "s5-t12",
      "begin" : 650,
      "end" : 652,
      "text" : "in",
      "whiteSpace" : false
    }, {
      "id" : "s5-t13",
      "begin" : 653,
      "end" : 659,
      "text" : "income",
      "whiteSpace" : false
    }, {
      "id" : "s5-t14",
      "begin" : 660,
      "end" : 670,
      "text" : "inequality",
      "whiteSpace" : false
    }, {
      "id" : "s5-t15",
      "begin" : 671,
      "end" : 676,
      "text" : "comes",
      "whiteSpace" : false
    }, {
      "id" : "s5-t16",
      "begin" : 677,
      "end" : 679,
      "text" : "at",
      "whiteSpace" : false
    }, {
      "id" : "s5-t17",
      "begin" : 680,
      "end" : 681,
      "text" : "a",
      "whiteSpace" : false
    }, {
      "id" : "s5-t18",
      "begin" : 682,
      "end" : 686,
      "text" : "cost",
      "whiteSpace" : false
    }, {
      "id" : "s5-t19",
      "begin" : 686,
      "end" : 687,
      "text" : ".",
      "whiteSpace" : false
    } ]
  }, {
    "id" : "s6",
    "begin" : 688,
    "end" : 799,
    "text" : "High participation rates are related to larger government sectors which in turn lead to slower economic growth.",
    "tokens" : [ {
      "id" : "s6-t0",
      "begin" : 688,
      "end" : 692,
      "text" : "High",
      "whiteSpace" : false
    }, {
      "id" : "s6-t1",
      "begin" : 693,
      "end" : 706,
      "text" : "participation",
      "whiteSpace" : false
    }, {
      "id" : "s6-t2",
      "begin" : 707,
      "end" : 712,
      "text" : "rates",
      "whiteSpace" : false
    }, {
      "id" : "s6-t3",
      "begin" : 713,
      "end" : 716,
      "text" : "are",
      "whiteSpace" : false
    }, {
      "id" : "s6-t4",
      "begin" : 717,
      "end" : 724,
      "text" : "related",
      "whiteSpace" : false
    }, {
      "id" : "s6-t5",
      "begin" : 725,
      "end" : 727,
      "text" : "to",
      "whiteSpace" : false
    }, {
      "id" : "s6-t6",
      "begin" : 728,
      "end" : 734,
      "text" : "larger",
      "whiteSpace" : false
    }, {
      "id" : "s6-t7",
      "begin" : 735,
      "end" : 745,
      "text" : "government",
      "whiteSpace" : false
    }, {
      "id" : "s6-t8",
      "begin" : 746,
      "end" : 753,
      "text" : "sectors",
      "whiteSpace" : false
    }, {
      "id" : "s6-t9",
      "begin" : 754,
      "end" : 759,
      "text" : "which",
      "whiteSpace" : false
    }, {
      "id" : "s6-t10",
      "begin" : 760,
      "end" : 762,
      "text" : "in",
      "whiteSpace" : false
    }, {
      "id" : "s6-t11",
      "begin" : 763,
      "end" : 767,
      "text" : "turn",
      "whiteSpace" : false
    }, {
      "id" : "s6-t12",
      "begin" : 768,
      "end" : 772,
      "text" : "lead",
      "whiteSpace" : false
    }, {
      "id" : "s6-t13",
      "begin" : 773,
      "end" : 775,
      "text" : "to",
      "whiteSpace" : false
    }, {
      "id" : "s6-t14",
      "begin" : 776,
      "end" : 782,
      "text" : "slower",
      "whiteSpace" : false
    }, {
      "id" : "s6-t15",
      "begin" : 783,
      "end" : 791,
      "text" : "economic",
      "whiteSpace" : false
    }, {
      "id" : "s6-t16",
      "begin" : 792,
      "end" : 798,
      "text" : "growth",
      "whiteSpace" : false
    }, {
      "id" : "s6-t17",
      "begin" : 798,
      "end" : 799,
      "text" : ".",
      "whiteSpace" : false
    } ]
  }, {
    "id" : "s7",
    "begin" : 800,
    "end" : 919,
    "text" : "We also present evidence of the ‘capture’ of government by upper income groups in Latin and Central American countries.",
    "tokens" : [ {
      "id" : "s7-t0",
      "begin" : 800,
      "end" : 802,
      "text" : "We",
      "whiteSpace" : false
    }, {
      "id" : "s7-t1",
      "begin" : 803,
      "end" : 807,
      "text" : "also",
      "whiteSpace" : false
    }, {
      "id" : "s7-t2",
      "begin" : 808,
      "end" : 815,
      "text" : "present",
      "whiteSpace" : false
    }, {
      "id" : "s7-t3",
      "begin" : 816,
      "end" : 824,
      "text" : "evidence",
      "whiteSpace" : false
    }, {
      "id" : "s7-t4",
      "begin" : 825,
      "end" : 827,
      "text" : "of",
      "whiteSpace" : false
    }, {
      "id" : "s7-t5",
      "begin" : 828,
      "end" : 831,
      "text" : "the",
      "whiteSpace" : false
    }, {
      "id" : "s7-t6",
      "begin" : 832,
      "end" : 840,
      "text" : "‘capture",
      "whiteSpace" : false
    }, {
      "id" : "s7-t7",
      "begin" : 840,
      "end" : 841,
      "text" : "’",
      "whiteSpace" : false
    }, {
      "id" : "s7-t8",
      "begin" : 842,
      "end" : 844,
      "text" : "of",
      "whiteSpace" : false
    }, {
      "id" : "s7-t9",
      "begin" : 845,
      "end" : 855,
      "text" : "government",
      "whiteSpace" : false
    }, {
      "id" : "s7-t10",
      "begin" : 856,
      "end" : 858,
      "text" : "by",
      "whiteSpace" : false
    }, {
      "id" : "s7-t11",
      "begin" : 859,
      "end" : 864,
      "text" : "upper",
      "whiteSpace" : false
    }, {
      "id" : "s7-t12",
      "begin" : 865,
      "end" : 871,
      "text" : "income",
      "whiteSpace" : false
    }, {
      "id" : "s7-t13",
      "begin" : 872,
      "end" : 878,
      "text" : "groups",
      "whiteSpace" : false
    }, {
      "id" : "s7-t14",
      "begin" : 879,
      "end" : 881,
      "text" : "in",
      "whiteSpace" : false
    }, {
      "id" : "s7-t15",
      "begin" : 882,
      "end" : 887,
      "text" : "Latin",
      "whiteSpace" : false
    }, {
      "id" : "s7-t16",
      "begin" : 888,
      "end" : 891,
      "text" : "and",
      "whiteSpace" : false
    }, {
      "id" : "s7-t17",
      "begin" : 892,
      "end" : 899,
      "text" : "Central",
      "whiteSpace" : false
    }, {
      "id" : "s7-t18",
      "begin" : 900,
      "end" : 908,
      "text" : "American",
      "whiteSpace" : false
    }, {
      "id" : "s7-t19",
      "begin" : 909,
      "end" : 918,
      "text" : "countries",
      "whiteSpace" : false
    }, {
      "id" : "s7-t20",
      "begin" : 918,
      "end" : 919,
      "text" : ".",
      "whiteSpace" : false
    } ]
  } ],
  "mentions" : [ {
    "id" : "s0-m1",
    "properties" : {
      "SIRE_MENTION_ROLE" : "Variable",
      "SIRE_ENTITY_SUBTYPE" : "NONE",
      "SIRE_MENTION_TYPE" : "NONE",
      "SIRE_MENTION_CLASS" : "SPC"
    },
    "type" : "Variable",
    "begin" : 75,
    "end" : 100,
    "inCoref" : true
  }, {
    "id" : "s1-m2",
    "properties" : {
      "SIRE_MENTION_ROLE" : "Variable",
      "SIRE_ENTITY_SUBTYPE" : "NONE",
      "SIRE_MENTION_TYPE" : "NONE",
      "SIRE_MENTION_CLASS" : "SPC"
    },
    "type" : "Variable",
    "begin" : 185,
    "end" : 204,
    "inCoref" : true
  }, {
    "id" : "m11",
    "properties" : {
      "SIRE_ENTITY_LEVEL" : "NONE",
      "SIRE_MENTION_ROLE" : "Variable",
      "SIRE_MENTION_CLASS" : "SPC",
      "SIRE_MENTION_TYPE" : "NONE",
      "SIRE_ENTITY_CLASS" : "SPC",
      "SIRE_ENTITY_SUBTYPE" : "NONE"
    },
    "type" : "Variable",
    "begin" : 239,
    "end" : 256,
    "inCoref" : false
  }, {
    "id" : "m12",
    "properties" : {
      "SIRE_ENTITY_LEVEL" : "NONE",
      "SIRE_MENTION_ROLE" : "relation",
      "SIRE_MENTION_CLASS" : "SPC",
      "SIRE_MENTION_TYPE" : "NONE",
      "SIRE_ENTITY_CLASS" : "SPC",
      "SIRE_ENTITY_SUBTYPE" : "NONE"
    },
    "type" : "relation",
    "begin" : 355,
    "end" : 365,
    "inCoref" : false
  }, {
    "id" : "m1",
    "properties" : {
      "SIRE_MENTION_ROLE" : "relation",
      "SIRE_MENTION_CLASS" : "SPC",
      "SIRE_MENTION_TYPE" : "NONE",
      "SIRE_ENTITY_SUBTYPE" : "NONE"
    },
    "type" : "relation",
    "begin" : 366,
    "end" : 371,
    "inCoref" : false
  }, {
    "id" : "s2-m3",
    "properties" : {
      "SIRE_MENTION_ROLE" : "Variable",
      "SIRE_ENTITY_SUBTYPE" : "NONE",
      "SIRE_MENTION_TYPE" : "NONE",
      "SIRE_MENTION_CLASS" : "SPC"
    },
    "type" : "Variable",
    "begin" : 372,
    "end" : 385,
    "inCoref" : true
  }, {
    "id" : "s2-m4",
    "properties" : {
      "SIRE_MENTION_ROLE" : "Variable",
      "SIRE_ENTITY_SUBTYPE" : "NONE",
      "SIRE_MENTION_TYPE" : "NONE",
      "SIRE_MENTION_CLASS" : "SPC"
    },
    "type" : "Variable",
    "begin" : 393,
    "end" : 400,
    "inCoref" : false
  }, {
    "id" : "m2",
    "properties" : {
      "SIRE_MENTION_ROLE" : "evidence",
      "SIRE_MENTION_CLASS" : "SPC",
      "SIRE_MENTION_TYPE" : "NONE",
      "SIRE_ENTITY_SUBTYPE" : "NONE"
    },
    "type" : "evidence",
    "begin" : 479,
    "end" : 487,
    "inCoref" : false
  }, {
    "id" : "m13",
    "properties" : {
      "SIRE_ENTITY_LEVEL" : "NONE",
      "SIRE_MENTION_ROLE" : "Variable",
      "SIRE_MENTION_CLASS" : "SPC",
      "SIRE_MENTION_TYPE" : "NONE",
      "SIRE_ENTITY_CLASS" : "SPC",
      "SIRE_ENTITY_SUBTYPE" : "NONE"
    },
    "type" : "Variable",
    "begin" : 508,
    "end" : 532,
    "inCoref" : true
  }, {
    "id" : "m3",
    "properties" : {
      "SIRE_MENTION_ROLE" : "relation",
      "SIRE_MENTION_CLASS" : "SPC",
      "SIRE_MENTION_TYPE" : "NONE",
      "SIRE_ENTITY_SUBTYPE" : "NONE"
    },
    "type" : "relation",
    "begin" : 537,
    "end" : 552,
    "inCoref" : false
  }, {
    "id" : "s4-m5",
    "properties" : {
      "SIRE_MENTION_ROLE" : "Variable",
      "SIRE_ENTITY_SUBTYPE" : "NONE",
      "SIRE_MENTION_TYPE" : "NONE",
      "SIRE_MENTION_CLASS" : "SPC"
    },
    "type" : "Variable",
    "begin" : 564,
    "end" : 587,
    "inCoref" : false
  }, {
    "id" : "m4",
    "properties" : {
      "SIRE_MENTION_ROLE" : "evidence",
      "SIRE_MENTION_CLASS" : "SPC",
      "SIRE_MENTION_TYPE" : "NONE",
      "SIRE_ENTITY_SUBTYPE" : "NONE"
    },
    "type" : "evidence",
    "begin" : 601,
    "end" : 608,
    "inCoref" : false
  }, {
    "id" : "m5",
    "properties" : {
      "SIRE_MENTION_ROLE" : "relation",
      "SIRE_MENTION_CLASS" : "SPC",
      "SIRE_MENTION_TYPE" : "NONE",
      "SIRE_ENTITY_SUBTYPE" : "NONE"
    },
    "type" : "relation",
    "begin" : 640,
    "end" : 652,
    "inCoref" : false
  }, {
    "id" : "m6",
    "properties" : {
      "SIRE_MENTION_ROLE" : "Variable",
      "SIRE_MENTION_CLASS" : "SPC",
      "SIRE_MENTION_TYPE" : "NONE",
      "SIRE_ENTITY_SUBTYPE" : "NONE"
    },
    "type" : "Variable",
    "begin" : 653,
    "end" : 670,
    "inCoref" : false
  }, {
    "id" : "m15",
    "properties" : {
      "SIRE_ENTITY_LEVEL" : "NONE",
      "SIRE_MENTION_ROLE" : "Variable",
      "SIRE_MENTION_CLASS" : "SPC",
      "SIRE_MENTION_TYPE" : "NONE",
      "SIRE_ENTITY_CLASS" : "SPC",
      "SIRE_ENTITY_SUBTYPE" : "NONE"
    },
    "type" : "Variable",
    "begin" : 693,
    "end" : 712,
    "inCoref" : true
  }, {
    "id" : "m7",
    "properties" : {
      "SIRE_MENTION_ROLE" : "relation",
      "SIRE_MENTION_CLASS" : "SPC",
      "SIRE_MENTION_TYPE" : "NONE",
      "SIRE_ENTITY_SUBTYPE" : "NONE"
    },
    "type" : "relation",
    "begin" : 717,
    "end" : 727,
    "inCoref" : false
  }, {
    "id" : "s6-m6",
    "properties" : {
      "SIRE_MENTION_ROLE" : "relation",
      "SIRE_ENTITY_SUBTYPE" : "NONE",
      "SIRE_MENTION_TYPE" : "NONE",
      "SIRE_MENTION_CLASS" : "SPC"
    },
    "type" : "relation",
    "begin" : 728,
    "end" : 734,
    "inCoref" : false
  }, {
    "id" : "s6-m4",
    "properties" : {
      "SIRE_MENTION_ROLE" : "Variable",
      "SIRE_ENTITY_SUBTYPE" : "NONE",
      "SIRE_MENTION_TYPE" : "NONE",
      "SIRE_MENTION_CLASS" : "SPC"
    },
    "type" : "Variable",
    "begin" : 735,
    "end" : 753,
    "inCoref" : false
  }, {
    "id" : "s6-m5",
    "properties" : {
      "SIRE_MENTION_ROLE" : "relation",
      "SIRE_ENTITY_SUBTYPE" : "NONE",
      "SIRE_MENTION_TYPE" : "NONE",
      "SIRE_MENTION_CLASS" : "SPC"
    },
    "type" : "relation",
    "begin" : 776,
    "end" : 782,
    "inCoref" : false
  }, {
    "id" : "m8",
    "properties" : {
      "SIRE_MENTION_ROLE" : "Variable",
      "SIRE_MENTION_CLASS" : "SPC",
      "SIRE_MENTION_TYPE" : "NONE",
      "SIRE_ENTITY_SUBTYPE" : "NONE"
    },
    "type" : "Variable",
    "begin" : 783,
    "end" : 798,
    "inCoref" : false
  }, {
    "id" : "m9",
    "properties" : {
      "SIRE_MENTION_ROLE" : "evidence",
      "SIRE_MENTION_CLASS" : "SPC",
      "SIRE_MENTION_TYPE" : "NONE",
      "SIRE_ENTITY_SUBTYPE" : "NONE"
    },
    "type" : "evidence",
    "begin" : 808,
    "end" : 815,
    "inCoref" : false
  }, {
    "id" : "m10",
    "properties" : {
      "SIRE_MENTION_ROLE" : "evidence",
      "SIRE_MENTION_CLASS" : "SPC",
      "SIRE_MENTION_TYPE" : "NONE",
      "SIRE_ENTITY_SUBTYPE" : "NONE"
    },
    "type" : "evidence",
    "begin" : 816,
    "end" : 824,
    "inCoref" : false
  }, {
    "id" : "m16",
    "properties" : {
      "SIRE_ENTITY_LEVEL" : "NONE",
      "SIRE_MENTION_ROLE" : "Variable",
      "SIRE_MENTION_CLASS" : "SPC",
      "SIRE_MENTION_TYPE" : "NONE",
      "SIRE_ENTITY_CLASS" : "SPC",
      "SIRE_ENTITY_SUBTYPE" : "NONE"
    },
    "type" : "Variable",
    "begin" : 865,
    "end" : 871,
    "inCoref" : true
  } ],
  "relations" : [ {
    "id" : "s4-r1",
    "properties" : { },
    "type" : "RelateCorrelation",
    "args" : [ "m13", "s4-m5" ]
  }, {
    "id" : "r2",
    "properties" : {
      "SIRE_RELATION_TENSE" : "UNSPECIFIED",
      "SIRE_RELATION_CLASS" : "SPECIFIC",
      "SIRE_RELATION_MODALITY" : "ASSERTED",
      "SIRE_RELATION_SUBTYPE" : "OTHER"
    },
    "type" : "RelateCorrelation",
    "args" : [ "m15", "m8" ]
  }, {
    "id" : "s6-r1",
    "properties" : { },
    "type" : "RelateCorrelation",
    "args" : [ "m15", "s6-m4" ]
  } ],
  "corefs" : [ {
    "id" : "c1",
    "properties" : { },
    "mentions" : [ "m16" ]
  }, {
    "id" : "c2",
    "properties" : { },
    "mentions" : [ "s0-m1", "s1-m2", "s2-m3", "m13", "m15" ]
  } ],
  "typeResolved" : true,
  "userResolved" : false
}