{
  "id" : "40f1b1e0-3329-11ec-aeb1-4f7a687954bf-13",
  "name" : "42. Gustavsson, M., & Jordahl, H. (2008). .docx",
  "createdDate" : 0,
  "version" : 3,
  "text" : "\nWe present new evidence on the influence of income inequality on generalized trust. Using individual panel data from Swedish counties together with an instrumental variable strategy, we find that differences in disposable income, and especially differences among people in the bottom half of the income distribution, are associated with lower trust. The relationship between income inequality and trust is particularly strong for people with a strong aversion against income differentials. We also find that the proportion of people born in a foreign country is negatively associated with trust.\n\n",
  "docLength" : 0,
  "language" : "EN",
  "status" : "IN_PROGRESS",
  "modifiedDate" : 1639403713646,
  "documentSet" : [ ],
  "preannotation" : [ "PRE_LW", "PRE_SIRE" ],
  "sentences" : [ {
    "id" : "s0",
    "begin" : 1,
    "end" : 84,
    "text" : "We present new evidence on the influence of income inequality on generalized trust.",
    "tokens" : [ {
      "id" : "s0-t0",
      "begin" : 1,
      "end" : 3,
      "text" : "We",
      "whiteSpace" : false
    }, {
      "id" : "s0-t1",
      "begin" : 4,
      "end" : 11,
      "text" : "present",
      "whiteSpace" : false
    }, {
      "id" : "s0-t2",
      "begin" : 12,
      "end" : 15,
      "text" : "new",
      "whiteSpace" : false
    }, {
      "id" : "s0-t3",
      "begin" : 16,
      "end" : 24,
      "text" : "evidence",
      "whiteSpace" : false
    }, {
      "id" : "s0-t4",
      "begin" : 25,
      "end" : 27,
      "text" : "on",
      "whiteSpace" : false
    }, {
      "id" : "s0-t5",
      "begin" : 28,
      "end" : 31,
      "text" : "the",
      "whiteSpace" : false
    }, {
      "id" : "s0-t6",
      "begin" : 32,
      "end" : 41,
      "text" : "influence",
      "whiteSpace" : false
    }, {
      "id" : "s0-t7",
      "begin" : 42,
      "end" : 44,
      "text" : "of",
      "whiteSpace" : false
    }, {
      "id" : "s0-t8",
      "begin" : 45,
      "end" : 51,
      "text" : "income",
      "whiteSpace" : false
    }, {
      "id" : "s0-t9",
      "begin" : 52,
      "end" : 62,
      "text" : "inequality",
      "whiteSpace" : false
    }, {
      "id" : "s0-t10",
      "begin" : 63,
      "end" : 65,
      "text" : "on",
      "whiteSpace" : false
    }, {
      "id" : "s0-t11",
      "begin" : 66,
      "end" : 77,
      "text" : "generalized",
      "whiteSpace" : false
    }, {
      "id" : "s0-t12",
      "begin" : 78,
      "end" : 83,
      "text" : "trust",
      "whiteSpace" : false
    }, {
      "id" : "s0-t13",
      "begin" : 83,
      "end" : 84,
      "text" : ".",
      "whiteSpace" : false
    } ]
  }, {
    "id" : "s1",
    "begin" : 85,
    "end" : 350,
    "text" : "Using individual panel data from Swedish counties together with an instrumental variable strategy, we find that differences in disposable income, and especially differences among people in the bottom half of the income distribution, are associated with lower trust.",
    "tokens" : [ {
      "id" : "s1-t0",
      "begin" : 85,
      "end" : 90,
      "text" : "Using",
      "whiteSpace" : false
    }, {
      "id" : "s1-t1",
      "begin" : 91,
      "end" : 101,
      "text" : "individual",
      "whiteSpace" : false
    }, {
      "id" : "s1-t2",
      "begin" : 102,
      "end" : 107,
      "text" : "panel",
      "whiteSpace" : false
    }, {
      "id" : "s1-t3",
      "begin" : 108,
      "end" : 112,
      "text" : "data",
      "whiteSpace" : false
    }, {
      "id" : "s1-t4",
      "begin" : 113,
      "end" : 117,
      "text" : "from",
      "whiteSpace" : false
    }, {
      "id" : "s1-t5",
      "begin" : 118,
      "end" : 125,
      "text" : "Swedish",
      "whiteSpace" : false
    }, {
      "id" : "s1-t6",
      "begin" : 126,
      "end" : 134,
      "text" : "counties",
      "whiteSpace" : false
    }, {
      "id" : "s1-t7",
      "begin" : 135,
      "end" : 143,
      "text" : "together",
      "whiteSpace" : false
    }, {
      "id" : "s1-t8",
      "begin" : 144,
      "end" : 148,
      "text" : "with",
      "whiteSpace" : false
    }, {
      "id" : "s1-t9",
      "begin" : 149,
      "end" : 151,
      "text" : "an",
      "whiteSpace" : false
    }, {
      "id" : "s1-t10",
      "begin" : 152,
      "end" : 164,
      "text" : "instrumental",
      "whiteSpace" : false
    }, {
      "id" : "s1-t11",
      "begin" : 165,
      "end" : 173,
      "text" : "variable",
      "whiteSpace" : false
    }, {
      "id" : "s1-t12",
      "begin" : 174,
      "end" : 182,
      "text" : "strategy",
      "whiteSpace" : false
    }, {
      "id" : "s1-t13",
      "begin" : 182,
      "end" : 183,
      "text" : ",",
      "whiteSpace" : false
    }, {
      "id" : "s1-t14",
      "begin" : 184,
      "end" : 186,
      "text" : "we",
      "whiteSpace" : false
    }, {
      "id" : "s1-t15",
      "begin" : 187,
      "end" : 191,
      "text" : "find",
      "whiteSpace" : false
    }, {
      "id" : "s1-t16",
      "begin" : 192,
      "end" : 196,
      "text" : "that",
      "whiteSpace" : false
    }, {
      "id" : "s1-t17",
      "begin" : 197,
      "end" : 208,
      "text" : "differences",
      "whiteSpace" : false
    }, {
      "id" : "s1-t18",
      "begin" : 209,
      "end" : 211,
      "text" : "in",
      "whiteSpace" : false
    }, {
      "id" : "s1-t19",
      "begin" : 212,
      "end" : 222,
      "text" : "disposable",
      "whiteSpace" : false
    }, {
      "id" : "s1-t20",
      "begin" : 223,
      "end" : 229,
      "text" : "income",
      "whiteSpace" : false
    }, {
      "id" : "s1-t21",
      "begin" : 229,
      "end" : 230,
      "text" : ",",
      "whiteSpace" : false
    }, {
      "id" : "s1-t22",
      "begin" : 231,
      "end" : 234,
      "text" : "and",
      "whiteSpace" : false
    }, {
      "id" : "s1-t23",
      "begin" : 235,
      "end" : 245,
      "text" : "especially",
      "whiteSpace" : false
    }, {
      "id" : "s1-t24",
      "begin" : 246,
      "end" : 257,
      "text" : "differences",
      "whiteSpace" : false
    }, {
      "id" : "s1-t25",
      "begin" : 258,
      "end" : 263,
      "text" : "among",
      "whiteSpace" : false
    }, {
      "id" : "s1-t26",
      "begin" : 264,
      "end" : 270,
      "text" : "people",
      "whiteSpace" : false
    }, {
      "id" : "s1-t27",
      "begin" : 271,
      "end" : 273,
      "text" : "in",
      "whiteSpace" : false
    }, {
      "id" : "s1-t28",
      "begin" : 274,
      "end" : 277,
      "text" : "the",
      "whiteSpace" : false
    }, {
      "id" : "s1-t29",
      "begin" : 278,
      "end" : 284,
      "text" : "bottom",
      "whiteSpace" : false
    }, {
      "id" : "s1-t30",
      "begin" : 285,
      "end" : 289,
      "text" : "half",
      "whiteSpace" : false
    }, {
      "id" : "s1-t31",
      "begin" : 290,
      "end" : 292,
      "text" : "of",
      "whiteSpace" : false
    }, {
      "id" : "s1-t32",
      "begin" : 293,
      "end" : 296,
      "text" : "the",
      "whiteSpace" : false
    }, {
      "id" : "s1-t33",
      "begin" : 297,
      "end" : 303,
      "text" : "income",
      "whiteSpace" : false
    }, {
      "id" : "s1-t34",
      "begin" : 304,
      "end" : 316,
      "text" : "distribution",
      "whiteSpace" : false
    }, {
      "id" : "s1-t35",
      "begin" : 316,
      "end" : 317,
      "text" : ",",
      "whiteSpace" : false
    }, {
      "id" : "s1-t36",
      "begin" : 318,
      "end" : 321,
      "text" : "are",
      "whiteSpace" : false
    }, {
      "id" : "s1-t37",
      "begin" : 322,
      "end" : 332,
      "text" : "associated",
      "whiteSpace" : false
    }, {
      "id" : "s1-t38",
      "begin" : 333,
      "end" : 337,
      "text" : "with",
      "whiteSpace" : false
    }, {
      "id" : "s1-t39",
      "begin" : 338,
      "end" : 343,
      "text" : "lower",
      "whiteSpace" : false
    }, {
      "id" : "s1-t40",
      "begin" : 344,
      "end" : 349,
      "text" : "trust",
      "whiteSpace" : false
    }, {
      "id" : "s1-t41",
      "begin" : 349,
      "end" : 350,
      "text" : ".",
      "whiteSpace" : false
    } ]
  }, {
    "id" : "s2",
    "begin" : 351,
    "end" : 490,
    "text" : "The relationship between income inequality and trust is particularly strong for people with a strong aversion against income differentials.",
    "tokens" : [ {
      "id" : "s2-t0",
      "begin" : 351,
      "end" : 354,
      "text" : "The",
      "whiteSpace" : false
    }, {
      "id" : "s2-t1",
      "begin" : 355,
      "end" : 367,
      "text" : "relationship",
      "whiteSpace" : false
    }, {
      "id" : "s2-t2",
      "begin" : 368,
      "end" : 375,
      "text" : "between",
      "whiteSpace" : false
    }, {
      "id" : "s2-t3",
      "begin" : 376,
      "end" : 382,
      "text" : "income",
      "whiteSpace" : false
    }, {
      "id" : "s2-t4",
      "begin" : 383,
      "end" : 393,
      "text" : "inequality",
      "whiteSpace" : false
    }, {
      "id" : "s2-t5",
      "begin" : 394,
      "end" : 397,
      "text" : "and",
      "whiteSpace" : false
    }, {
      "id" : "s2-t6",
      "begin" : 398,
      "end" : 403,
      "text" : "trust",
      "whiteSpace" : false
    }, {
      "id" : "s2-t7",
      "begin" : 404,
      "end" : 406,
      "text" : "is",
      "whiteSpace" : false
    }, {
      "id" : "s2-t8",
      "begin" : 407,
      "end" : 419,
      "text" : "particularly",
      "whiteSpace" : false
    }, {
      "id" : "s2-t9",
      "begin" : 420,
      "end" : 426,
      "text" : "strong",
      "whiteSpace" : false
    }, {
      "id" : "s2-t10",
      "begin" : 427,
      "end" : 430,
      "text" : "for",
      "whiteSpace" : false
    }, {
      "id" : "s2-t11",
      "begin" : 431,
      "end" : 437,
      "text" : "people",
      "whiteSpace" : false
    }, {
      "id" : "s2-t12",
      "begin" : 438,
      "end" : 442,
      "text" : "with",
      "whiteSpace" : false
    }, {
      "id" : "s2-t13",
      "begin" : 443,
      "end" : 444,
      "text" : "a",
      "whiteSpace" : false
    }, {
      "id" : "s2-t14",
      "begin" : 445,
      "end" : 451,
      "text" : "strong",
      "whiteSpace" : false
    }, {
      "id" : "s2-t15",
      "begin" : 452,
      "end" : 460,
      "text" : "aversion",
      "whiteSpace" : false
    }, {
      "id" : "s2-t16",
      "begin" : 461,
      "end" : 468,
      "text" : "against",
      "whiteSpace" : false
    }, {
      "id" : "s2-t17",
      "begin" : 469,
      "end" : 475,
      "text" : "income",
      "whiteSpace" : false
    }, {
      "id" : "s2-t18",
      "begin" : 476,
      "end" : 489,
      "text" : "differentials",
      "whiteSpace" : false
    }, {
      "id" : "s2-t19",
      "begin" : 489,
      "end" : 490,
      "text" : ".",
      "whiteSpace" : false
    } ]
  }, {
    "id" : "s3",
    "begin" : 491,
    "end" : 596,
    "text" : "We also find that the proportion of people born in a foreign country is negatively associated with trust.",
    "tokens" : [ {
      "id" : "s3-t0",
      "begin" : 491,
      "end" : 493,
      "text" : "We",
      "whiteSpace" : false
    }, {
      "id" : "s3-t1",
      "begin" : 494,
      "end" : 498,
      "text" : "also",
      "whiteSpace" : false
    }, {
      "id" : "s3-t2",
      "begin" : 499,
      "end" : 503,
      "text" : "find",
      "whiteSpace" : false
    }, {
      "id" : "s3-t3",
      "begin" : 504,
      "end" : 508,
      "text" : "that",
      "whiteSpace" : false
    }, {
      "id" : "s3-t4",
      "begin" : 509,
      "end" : 512,
      "text" : "the",
      "whiteSpace" : false
    }, {
      "id" : "s3-t5",
      "begin" : 513,
      "end" : 523,
      "text" : "proportion",
      "whiteSpace" : false
    }, {
      "id" : "s3-t6",
      "begin" : 524,
      "end" : 526,
      "text" : "of",
      "whiteSpace" : false
    }, {
      "id" : "s3-t7",
      "begin" : 527,
      "end" : 533,
      "text" : "people",
      "whiteSpace" : false
    }, {
      "id" : "s3-t8",
      "begin" : 534,
      "end" : 538,
      "text" : "born",
      "whiteSpace" : false
    }, {
      "id" : "s3-t9",
      "begin" : 539,
      "end" : 541,
      "text" : "in",
      "whiteSpace" : false
    }, {
      "id" : "s3-t10",
      "begin" : 542,
      "end" : 543,
      "text" : "a",
      "whiteSpace" : false
    }, {
      "id" : "s3-t11",
      "begin" : 544,
      "end" : 551,
      "text" : "foreign",
      "whiteSpace" : false
    }, {
      "id" : "s3-t12",
      "begin" : 552,
      "end" : 559,
      "text" : "country",
      "whiteSpace" : false
    }, {
      "id" : "s3-t13",
      "begin" : 560,
      "end" : 562,
      "text" : "is",
      "whiteSpace" : false
    }, {
      "id" : "s3-t14",
      "begin" : 563,
      "end" : 573,
      "text" : "negatively",
      "whiteSpace" : false
    }, {
      "id" : "s3-t15",
      "begin" : 574,
      "end" : 584,
      "text" : "associated",
      "whiteSpace" : false
    }, {
      "id" : "s3-t16",
      "begin" : 585,
      "end" : 589,
      "text" : "with",
      "whiteSpace" : false
    }, {
      "id" : "s3-t17",
      "begin" : 590,
      "end" : 595,
      "text" : "trust",
      "whiteSpace" : false
    }, {
      "id" : "s3-t18",
      "begin" : 595,
      "end" : 596,
      "text" : ".",
      "whiteSpace" : false
    } ]
  } ],
  "mentions" : [ {
    "id" : "m1",
    "properties" : {
      "SIRE_MENTION_ROLE" : "evidence",
      "SIRE_MENTION_CLASS" : "SPC",
      "SIRE_MENTION_TYPE" : "NONE",
      "SIRE_ENTITY_SUBTYPE" : "NONE"
    },
    "type" : "evidence",
    "begin" : 4,
    "end" : 11,
    "inCoref" : false
  }, {
    "id" : "m2",
    "properties" : {
      "SIRE_MENTION_ROLE" : "evidence",
      "SIRE_MENTION_CLASS" : "SPC",
      "SIRE_MENTION_TYPE" : "NONE",
      "SIRE_ENTITY_SUBTYPE" : "NONE"
    },
    "type" : "evidence",
    "begin" : 16,
    "end" : 24,
    "inCoref" : false
  }, {
    "id" : "s0-m4",
    "properties" : {
      "SIRE_MENTION_ROLE" : "relation",
      "SIRE_ENTITY_SUBTYPE" : "NONE",
      "SIRE_MENTION_TYPE" : "NONE",
      "SIRE_MENTION_CLASS" : "SPC"
    },
    "type" : "relation",
    "begin" : 32,
    "end" : 44,
    "inCoref" : false
  }, {
    "id" : "m3",
    "properties" : {
      "SIRE_MENTION_ROLE" : "Variable",
      "SIRE_MENTION_CLASS" : "SPC",
      "SIRE_MENTION_TYPE" : "NONE",
      "SIRE_ENTITY_SUBTYPE" : "NONE"
    },
    "type" : "Variable",
    "begin" : 45,
    "end" : 62,
    "inCoref" : true
  }, {
    "id" : "s0-m5",
    "properties" : {
      "SIRE_MENTION_ROLE" : "Variable",
      "SIRE_ENTITY_SUBTYPE" : "NONE",
      "SIRE_MENTION_TYPE" : "NONE",
      "SIRE_MENTION_CLASS" : "SPC"
    },
    "type" : "Variable",
    "begin" : 78,
    "end" : 83,
    "inCoref" : true
  }, {
    "id" : "m4",
    "properties" : {
      "SIRE_MENTION_ROLE" : "evidence",
      "SIRE_MENTION_CLASS" : "SPC",
      "SIRE_MENTION_TYPE" : "NONE",
      "SIRE_ENTITY_SUBTYPE" : "NONE"
    },
    "type" : "evidence",
    "begin" : 187,
    "end" : 191,
    "inCoref" : false
  }, {
    "id" : "m11",
    "properties" : {
      "SIRE_ENTITY_LEVEL" : "NONE",
      "SIRE_MENTION_ROLE" : "Variable",
      "SIRE_MENTION_CLASS" : "SPC",
      "SIRE_MENTION_TYPE" : "NONE",
      "SIRE_ENTITY_CLASS" : "SPC",
      "SIRE_ENTITY_SUBTYPE" : "NONE"
    },
    "type" : "Variable",
    "begin" : 197,
    "end" : 229,
    "inCoref" : true
  }, {
    "id" : "s1-m7",
    "properties" : {
      "SIRE_MENTION_ROLE" : "Variable",
      "SIRE_ENTITY_SUBTYPE" : "NONE",
      "SIRE_MENTION_TYPE" : "NONE",
      "SIRE_MENTION_CLASS" : "SPC"
    },
    "type" : "Variable",
    "begin" : 246,
    "end" : 316,
    "inCoref" : true
  }, {
    "id" : "m6",
    "properties" : {
      "SIRE_MENTION_ROLE" : "relation",
      "SIRE_MENTION_CLASS" : "SPC",
      "SIRE_MENTION_TYPE" : "NONE",
      "SIRE_ENTITY_SUBTYPE" : "NONE"
    },
    "type" : "relation",
    "begin" : 322,
    "end" : 337,
    "inCoref" : false
  }, {
    "id" : "m7",
    "properties" : {
      "SIRE_MENTION_ROLE" : "relation",
      "SIRE_MENTION_CLASS" : "SPC",
      "SIRE_MENTION_TYPE" : "NONE",
      "SIRE_ENTITY_SUBTYPE" : "NONE"
    },
    "type" : "relation",
    "begin" : 338,
    "end" : 343,
    "inCoref" : false
  }, {
    "id" : "s1-m6",
    "properties" : {
      "SIRE_MENTION_ROLE" : "Variable",
      "SIRE_ENTITY_SUBTYPE" : "NONE",
      "SIRE_MENTION_TYPE" : "NONE",
      "SIRE_MENTION_CLASS" : "SPC"
    },
    "type" : "Variable",
    "begin" : 344,
    "end" : 349,
    "inCoref" : true
  }, {
    "id" : "m12",
    "properties" : {
      "SIRE_ENTITY_LEVEL" : "NONE",
      "SIRE_MENTION_ROLE" : "relation",
      "SIRE_MENTION_CLASS" : "SPC",
      "SIRE_MENTION_TYPE" : "NONE",
      "SIRE_ENTITY_CLASS" : "SPC",
      "SIRE_ENTITY_SUBTYPE" : "NONE"
    },
    "type" : "relation",
    "begin" : 355,
    "end" : 375,
    "inCoref" : false
  }, {
    "id" : "m8",
    "properties" : {
      "SIRE_MENTION_ROLE" : "Variable",
      "SIRE_MENTION_CLASS" : "SPC",
      "SIRE_MENTION_TYPE" : "NONE",
      "SIRE_ENTITY_SUBTYPE" : "NONE"
    },
    "type" : "Variable",
    "begin" : 376,
    "end" : 393,
    "inCoref" : true
  }, {
    "id" : "s2-m5",
    "properties" : {
      "SIRE_MENTION_ROLE" : "Variable",
      "SIRE_ENTITY_SUBTYPE" : "NONE",
      "SIRE_MENTION_TYPE" : "NONE",
      "SIRE_MENTION_CLASS" : "SPC"
    },
    "type" : "Variable",
    "begin" : 398,
    "end" : 403,
    "inCoref" : true
  }, {
    "id" : "m13",
    "properties" : {
      "SIRE_ENTITY_LEVEL" : "NONE",
      "SIRE_MENTION_ROLE" : "Variable",
      "SIRE_MENTION_CLASS" : "SPC",
      "SIRE_MENTION_TYPE" : "NONE",
      "SIRE_ENTITY_CLASS" : "SPC",
      "SIRE_ENTITY_SUBTYPE" : "NONE"
    },
    "type" : "Variable",
    "begin" : 469,
    "end" : 489,
    "inCoref" : true
  }, {
    "id" : "m9",
    "properties" : {
      "SIRE_MENTION_ROLE" : "evidence",
      "SIRE_MENTION_CLASS" : "SPC",
      "SIRE_MENTION_TYPE" : "NONE",
      "SIRE_ENTITY_SUBTYPE" : "NONE"
    },
    "type" : "evidence",
    "begin" : 499,
    "end" : 503,
    "inCoref" : false
  }, {
    "id" : "s3-m3",
    "properties" : {
      "SIRE_MENTION_ROLE" : "Variable",
      "SIRE_ENTITY_SUBTYPE" : "NONE",
      "SIRE_MENTION_TYPE" : "NONE",
      "SIRE_MENTION_CLASS" : "SPC"
    },
    "type" : "Variable",
    "begin" : 513,
    "end" : 559,
    "inCoref" : false
  }, {
    "id" : "m10",
    "properties" : {
      "SIRE_MENTION_ROLE" : "relation",
      "SIRE_MENTION_CLASS" : "SPC",
      "SIRE_MENTION_TYPE" : "NONE",
      "SIRE_ENTITY_SUBTYPE" : "NONE"
    },
    "type" : "relation",
    "begin" : 574,
    "end" : 589,
    "inCoref" : false
  }, {
    "id" : "s3-m4",
    "properties" : {
      "SIRE_MENTION_ROLE" : "Variable",
      "SIRE_ENTITY_SUBTYPE" : "NONE",
      "SIRE_MENTION_TYPE" : "NONE",
      "SIRE_MENTION_CLASS" : "SPC"
    },
    "type" : "Variable",
    "begin" : 590,
    "end" : 595,
    "inCoref" : true
  } ],
  "relations" : [ {
    "id" : "s0-r1",
    "properties" : { },
    "type" : "Causal",
    "args" : [ "m3", "s0-m5" ]
  }, {
    "id" : "s1-r2",
    "properties" : { },
    "type" : "RelateCorrelation",
    "args" : [ "s1-m7", "s1-m6" ]
  }, {
    "id" : "s2-r1",
    "properties" : { },
    "type" : "RelateCorrelation",
    "args" : [ "m8", "s2-m5" ]
  }, {
    "id" : "s3-r1",
    "properties" : { },
    "type" : "RelateCorrelation",
    "args" : [ "s3-m3", "s3-m4" ]
  } ],
  "corefs" : [ {
    "id" : "c2",
    "properties" : { },
    "mentions" : [ "m3", "s1-m7", "m13", "m8", "m11" ]
  }, {
    "id" : "c3",
    "properties" : { },
    "mentions" : [ "s1-m6", "s2-m5", "s0-m5", "s3-m4" ]
  } ],
  "typeResolved" : true,
  "userResolved" : false
}