{
  "id" : "40f1b1e0-3329-11ec-aeb1-4f7a687954bf-8",
  "name" : "34. Flug, K., Spilimbergo, A., & Wachtenheim, E. (1998, April).docx",
  "createdDate" : 0,
  "version" : 3,
  "text" : "\nRecent research has focused on the effects of economic volatility on the investment in physical capital; this paper shows that economic volatility and the lack of financial markets have a negative effect also on the accumulation of human capital. Our evidence, drawn from cross-country and panel regressions is that average secondary enrollment in the period 1970–1972 is negatively affected by: the lack of financial markets, income or employment volatility, and income inequality. Our results are robust to: different specifications of volatility, the inclusion of public expenditure in education, country specific effects, and different sets of regressors.\n\n",
  "docLength" : 0,
  "language" : "EN",
  "status" : "IN_PROGRESS",
  "modifiedDate" : 1638274477902,
  "documentSet" : [ ],
  "preannotation" : [ "PRE_LW", "PRE_SIRE" ],
  "sentences" : [ {
    "id" : "s0",
    "begin" : 1,
    "end" : 247,
    "text" : "Recent research has focused on the effects of economic volatility on the investment in physical capital; this paper shows that economic volatility and the lack of financial markets have a negative effect also on the accumulation of human capital.",
    "tokens" : [ {
      "id" : "s0-t0",
      "begin" : 1,
      "end" : 7,
      "text" : "Recent",
      "whiteSpace" : false
    }, {
      "id" : "s0-t1",
      "begin" : 8,
      "end" : 16,
      "text" : "research",
      "whiteSpace" : false
    }, {
      "id" : "s0-t2",
      "begin" : 17,
      "end" : 20,
      "text" : "has",
      "whiteSpace" : false
    }, {
      "id" : "s0-t3",
      "begin" : 21,
      "end" : 28,
      "text" : "focused",
      "whiteSpace" : false
    }, {
      "id" : "s0-t4",
      "begin" : 29,
      "end" : 31,
      "text" : "on",
      "whiteSpace" : false
    }, {
      "id" : "s0-t5",
      "begin" : 32,
      "end" : 35,
      "text" : "the",
      "whiteSpace" : false
    }, {
      "id" : "s0-t6",
      "begin" : 36,
      "end" : 43,
      "text" : "effects",
      "whiteSpace" : false
    }, {
      "id" : "s0-t7",
      "begin" : 44,
      "end" : 46,
      "text" : "of",
      "whiteSpace" : false
    }, {
      "id" : "s0-t8",
      "begin" : 47,
      "end" : 55,
      "text" : "economic",
      "whiteSpace" : false
    }, {
      "id" : "s0-t9",
      "begin" : 56,
      "end" : 66,
      "text" : "volatility",
      "whiteSpace" : false
    }, {
      "id" : "s0-t10",
      "begin" : 67,
      "end" : 69,
      "text" : "on",
      "whiteSpace" : false
    }, {
      "id" : "s0-t11",
      "begin" : 70,
      "end" : 73,
      "text" : "the",
      "whiteSpace" : false
    }, {
      "id" : "s0-t12",
      "begin" : 74,
      "end" : 84,
      "text" : "investment",
      "whiteSpace" : false
    }, {
      "id" : "s0-t13",
      "begin" : 85,
      "end" : 87,
      "text" : "in",
      "whiteSpace" : false
    }, {
      "id" : "s0-t14",
      "begin" : 88,
      "end" : 96,
      "text" : "physical",
      "whiteSpace" : false
    }, {
      "id" : "s0-t15",
      "begin" : 97,
      "end" : 104,
      "text" : "capital",
      "whiteSpace" : false
    }, {
      "id" : "s0-t16",
      "begin" : 104,
      "end" : 105,
      "text" : ";",
      "whiteSpace" : false
    }, {
      "id" : "s0-t17",
      "begin" : 106,
      "end" : 110,
      "text" : "this",
      "whiteSpace" : false
    }, {
      "id" : "s0-t18",
      "begin" : 111,
      "end" : 116,
      "text" : "paper",
      "whiteSpace" : false
    }, {
      "id" : "s0-t19",
      "begin" : 117,
      "end" : 122,
      "text" : "shows",
      "whiteSpace" : false
    }, {
      "id" : "s0-t20",
      "begin" : 123,
      "end" : 127,
      "text" : "that",
      "whiteSpace" : false
    }, {
      "id" : "s0-t21",
      "begin" : 128,
      "end" : 136,
      "text" : "economic",
      "whiteSpace" : false
    }, {
      "id" : "s0-t22",
      "begin" : 137,
      "end" : 147,
      "text" : "volatility",
      "whiteSpace" : false
    }, {
      "id" : "s0-t23",
      "begin" : 148,
      "end" : 151,
      "text" : "and",
      "whiteSpace" : false
    }, {
      "id" : "s0-t24",
      "begin" : 152,
      "end" : 155,
      "text" : "the",
      "whiteSpace" : false
    }, {
      "id" : "s0-t25",
      "begin" : 156,
      "end" : 160,
      "text" : "lack",
      "whiteSpace" : false
    }, {
      "id" : "s0-t26",
      "begin" : 161,
      "end" : 163,
      "text" : "of",
      "whiteSpace" : false
    }, {
      "id" : "s0-t27",
      "begin" : 164,
      "end" : 173,
      "text" : "financial",
      "whiteSpace" : false
    }, {
      "id" : "s0-t28",
      "begin" : 174,
      "end" : 181,
      "text" : "markets",
      "whiteSpace" : false
    }, {
      "id" : "s0-t29",
      "begin" : 182,
      "end" : 186,
      "text" : "have",
      "whiteSpace" : false
    }, {
      "id" : "s0-t30",
      "begin" : 187,
      "end" : 188,
      "text" : "a",
      "whiteSpace" : false
    }, {
      "id" : "s0-t31",
      "begin" : 189,
      "end" : 197,
      "text" : "negative",
      "whiteSpace" : false
    }, {
      "id" : "s0-t32",
      "begin" : 198,
      "end" : 204,
      "text" : "effect",
      "whiteSpace" : false
    }, {
      "id" : "s0-t33",
      "begin" : 205,
      "end" : 209,
      "text" : "also",
      "whiteSpace" : false
    }, {
      "id" : "s0-t34",
      "begin" : 210,
      "end" : 212,
      "text" : "on",
      "whiteSpace" : false
    }, {
      "id" : "s0-t35",
      "begin" : 213,
      "end" : 216,
      "text" : "the",
      "whiteSpace" : false
    }, {
      "id" : "s0-t36",
      "begin" : 217,
      "end" : 229,
      "text" : "accumulation",
      "whiteSpace" : false
    }, {
      "id" : "s0-t37",
      "begin" : 230,
      "end" : 232,
      "text" : "of",
      "whiteSpace" : false
    }, {
      "id" : "s0-t38",
      "begin" : 233,
      "end" : 238,
      "text" : "human",
      "whiteSpace" : false
    }, {
      "id" : "s0-t39",
      "begin" : 239,
      "end" : 246,
      "text" : "capital",
      "whiteSpace" : false
    }, {
      "id" : "s0-t40",
      "begin" : 246,
      "end" : 247,
      "text" : ".",
      "whiteSpace" : false
    } ]
  }, {
    "id" : "s1",
    "begin" : 248,
    "end" : 483,
    "text" : "Our evidence, drawn from cross-country and panel regressions is that average secondary enrollment in the period 1970–1972 is negatively affected by: the lack of financial markets, income or employment volatility, and income inequality.",
    "tokens" : [ {
      "id" : "s1-t0",
      "begin" : 248,
      "end" : 251,
      "text" : "Our",
      "whiteSpace" : false
    }, {
      "id" : "s1-t1",
      "begin" : 252,
      "end" : 260,
      "text" : "evidence",
      "whiteSpace" : false
    }, {
      "id" : "s1-t2",
      "begin" : 260,
      "end" : 261,
      "text" : ",",
      "whiteSpace" : false
    }, {
      "id" : "s1-t3",
      "begin" : 262,
      "end" : 267,
      "text" : "drawn",
      "whiteSpace" : false
    }, {
      "id" : "s1-t4",
      "begin" : 268,
      "end" : 272,
      "text" : "from",
      "whiteSpace" : false
    }, {
      "id" : "s1-t5",
      "begin" : 273,
      "end" : 286,
      "text" : "cross-country",
      "whiteSpace" : false
    }, {
      "id" : "s1-t6",
      "begin" : 287,
      "end" : 290,
      "text" : "and",
      "whiteSpace" : false
    }, {
      "id" : "s1-t7",
      "begin" : 291,
      "end" : 296,
      "text" : "panel",
      "whiteSpace" : false
    }, {
      "id" : "s1-t8",
      "begin" : 297,
      "end" : 308,
      "text" : "regressions",
      "whiteSpace" : false
    }, {
      "id" : "s1-t9",
      "begin" : 309,
      "end" : 311,
      "text" : "is",
      "whiteSpace" : false
    }, {
      "id" : "s1-t10",
      "begin" : 312,
      "end" : 316,
      "text" : "that",
      "whiteSpace" : false
    }, {
      "id" : "s1-t11",
      "begin" : 317,
      "end" : 324,
      "text" : "average",
      "whiteSpace" : false
    }, {
      "id" : "s1-t12",
      "begin" : 325,
      "end" : 334,
      "text" : "secondary",
      "whiteSpace" : false
    }, {
      "id" : "s1-t13",
      "begin" : 335,
      "end" : 345,
      "text" : "enrollment",
      "whiteSpace" : false
    }, {
      "id" : "s1-t14",
      "begin" : 346,
      "end" : 348,
      "text" : "in",
      "whiteSpace" : false
    }, {
      "id" : "s1-t15",
      "begin" : 349,
      "end" : 352,
      "text" : "the",
      "whiteSpace" : false
    }, {
      "id" : "s1-t16",
      "begin" : 353,
      "end" : 359,
      "text" : "period",
      "whiteSpace" : false
    }, {
      "id" : "s1-t17",
      "begin" : 360,
      "end" : 369,
      "text" : "1970–1972",
      "whiteSpace" : false
    }, {
      "id" : "s1-t18",
      "begin" : 370,
      "end" : 372,
      "text" : "is",
      "whiteSpace" : false
    }, {
      "id" : "s1-t19",
      "begin" : 373,
      "end" : 383,
      "text" : "negatively",
      "whiteSpace" : false
    }, {
      "id" : "s1-t20",
      "begin" : 384,
      "end" : 392,
      "text" : "affected",
      "whiteSpace" : false
    }, {
      "id" : "s1-t21",
      "begin" : 393,
      "end" : 395,
      "text" : "by",
      "whiteSpace" : false
    }, {
      "id" : "s1-t22",
      "begin" : 395,
      "end" : 396,
      "text" : ":",
      "whiteSpace" : false
    }, {
      "id" : "s1-t23",
      "begin" : 397,
      "end" : 400,
      "text" : "the",
      "whiteSpace" : false
    }, {
      "id" : "s1-t24",
      "begin" : 401,
      "end" : 405,
      "text" : "lack",
      "whiteSpace" : false
    }, {
      "id" : "s1-t25",
      "begin" : 406,
      "end" : 408,
      "text" : "of",
      "whiteSpace" : false
    }, {
      "id" : "s1-t26",
      "begin" : 409,
      "end" : 418,
      "text" : "financial",
      "whiteSpace" : false
    }, {
      "id" : "s1-t27",
      "begin" : 419,
      "end" : 426,
      "text" : "markets",
      "whiteSpace" : false
    }, {
      "id" : "s1-t28",
      "begin" : 426,
      "end" : 427,
      "text" : ",",
      "whiteSpace" : false
    }, {
      "id" : "s1-t29",
      "begin" : 428,
      "end" : 434,
      "text" : "income",
      "whiteSpace" : false
    }, {
      "id" : "s1-t30",
      "begin" : 435,
      "end" : 437,
      "text" : "or",
      "whiteSpace" : false
    }, {
      "id" : "s1-t31",
      "begin" : 438,
      "end" : 448,
      "text" : "employment",
      "whiteSpace" : false
    }, {
      "id" : "s1-t32",
      "begin" : 449,
      "end" : 459,
      "text" : "volatility",
      "whiteSpace" : false
    }, {
      "id" : "s1-t33",
      "begin" : 459,
      "end" : 460,
      "text" : ",",
      "whiteSpace" : false
    }, {
      "id" : "s1-t34",
      "begin" : 461,
      "end" : 464,
      "text" : "and",
      "whiteSpace" : false
    }, {
      "id" : "s1-t35",
      "begin" : 465,
      "end" : 471,
      "text" : "income",
      "whiteSpace" : false
    }, {
      "id" : "s1-t36",
      "begin" : 472,
      "end" : 482,
      "text" : "inequality",
      "whiteSpace" : false
    }, {
      "id" : "s1-t37",
      "begin" : 482,
      "end" : 483,
      "text" : ".",
      "whiteSpace" : false
    } ]
  }, {
    "id" : "s2",
    "begin" : 484,
    "end" : 660,
    "text" : "Our results are robust to: different specifications of volatility, the inclusion of public expenditure in education, country specific effects, and different sets of regressors.",
    "tokens" : [ {
      "id" : "s2-t0",
      "begin" : 484,
      "end" : 487,
      "text" : "Our",
      "whiteSpace" : false
    }, {
      "id" : "s2-t1",
      "begin" : 488,
      "end" : 495,
      "text" : "results",
      "whiteSpace" : false
    }, {
      "id" : "s2-t2",
      "begin" : 496,
      "end" : 499,
      "text" : "are",
      "whiteSpace" : false
    }, {
      "id" : "s2-t3",
      "begin" : 500,
      "end" : 506,
      "text" : "robust",
      "whiteSpace" : false
    }, {
      "id" : "s2-t4",
      "begin" : 507,
      "end" : 509,
      "text" : "to",
      "whiteSpace" : false
    }, {
      "id" : "s2-t5",
      "begin" : 509,
      "end" : 510,
      "text" : ":",
      "whiteSpace" : false
    }, {
      "id" : "s2-t6",
      "begin" : 511,
      "end" : 520,
      "text" : "different",
      "whiteSpace" : false
    }, {
      "id" : "s2-t7",
      "begin" : 521,
      "end" : 535,
      "text" : "specifications",
      "whiteSpace" : false
    }, {
      "id" : "s2-t8",
      "begin" : 536,
      "end" : 538,
      "text" : "of",
      "whiteSpace" : false
    }, {
      "id" : "s2-t9",
      "begin" : 539,
      "end" : 549,
      "text" : "volatility",
      "whiteSpace" : false
    }, {
      "id" : "s2-t10",
      "begin" : 549,
      "end" : 550,
      "text" : ",",
      "whiteSpace" : false
    }, {
      "id" : "s2-t11",
      "begin" : 551,
      "end" : 554,
      "text" : "the",
      "whiteSpace" : false
    }, {
      "id" : "s2-t12",
      "begin" : 555,
      "end" : 564,
      "text" : "inclusion",
      "whiteSpace" : false
    }, {
      "id" : "s2-t13",
      "begin" : 565,
      "end" : 567,
      "text" : "of",
      "whiteSpace" : false
    }, {
      "id" : "s2-t14",
      "begin" : 568,
      "end" : 574,
      "text" : "public",
      "whiteSpace" : false
    }, {
      "id" : "s2-t15",
      "begin" : 575,
      "end" : 586,
      "text" : "expenditure",
      "whiteSpace" : false
    }, {
      "id" : "s2-t16",
      "begin" : 587,
      "end" : 589,
      "text" : "in",
      "whiteSpace" : false
    }, {
      "id" : "s2-t17",
      "begin" : 590,
      "end" : 599,
      "text" : "education",
      "whiteSpace" : false
    }, {
      "id" : "s2-t18",
      "begin" : 599,
      "end" : 600,
      "text" : ",",
      "whiteSpace" : false
    }, {
      "id" : "s2-t19",
      "begin" : 601,
      "end" : 608,
      "text" : "country",
      "whiteSpace" : false
    }, {
      "id" : "s2-t20",
      "begin" : 609,
      "end" : 617,
      "text" : "specific",
      "whiteSpace" : false
    }, {
      "id" : "s2-t21",
      "begin" : 618,
      "end" : 625,
      "text" : "effects",
      "whiteSpace" : false
    }, {
      "id" : "s2-t22",
      "begin" : 625,
      "end" : 626,
      "text" : ",",
      "whiteSpace" : false
    }, {
      "id" : "s2-t23",
      "begin" : 627,
      "end" : 630,
      "text" : "and",
      "whiteSpace" : false
    }, {
      "id" : "s2-t24",
      "begin" : 631,
      "end" : 640,
      "text" : "different",
      "whiteSpace" : false
    }, {
      "id" : "s2-t25",
      "begin" : 641,
      "end" : 645,
      "text" : "sets",
      "whiteSpace" : false
    }, {
      "id" : "s2-t26",
      "begin" : 646,
      "end" : 648,
      "text" : "of",
      "whiteSpace" : false
    }, {
      "id" : "s2-t27",
      "begin" : 649,
      "end" : 659,
      "text" : "regressors",
      "whiteSpace" : false
    }, {
      "id" : "s2-t28",
      "begin" : 659,
      "end" : 660,
      "text" : ".",
      "whiteSpace" : false
    } ]
  } ],
  "mentions" : [ {
    "id" : "m15",
    "properties" : {
      "SIRE_ENTITY_LEVEL" : "NONE",
      "SIRE_MENTION_ROLE" : "relation",
      "SIRE_MENTION_CLASS" : "SPC",
      "SIRE_MENTION_TYPE" : "NONE",
      "SIRE_ENTITY_CLASS" : "SPC",
      "SIRE_ENTITY_SUBTYPE" : "NONE"
    },
    "type" : "relation",
    "begin" : 36,
    "end" : 46,
    "inCoref" : false
  }, {
    "id" : "m1",
    "properties" : {
      "SIRE_MENTION_ROLE" : "Variable",
      "SIRE_MENTION_CLASS" : "SPC",
      "SIRE_MENTION_TYPE" : "NONE",
      "SIRE_ENTITY_SUBTYPE" : "NONE"
    },
    "type" : "Variable",
    "begin" : 47,
    "end" : 66,
    "inCoref" : true
  }, {
    "id" : "s0-m9",
    "properties" : {
      "SIRE_MENTION_ROLE" : "Variable",
      "SIRE_ENTITY_SUBTYPE" : "NONE",
      "SIRE_MENTION_TYPE" : "NONE",
      "SIRE_MENTION_CLASS" : "SPC"
    },
    "type" : "Variable",
    "begin" : 74,
    "end" : 104,
    "inCoref" : false
  }, {
    "id" : "m16",
    "properties" : {
      "SIRE_ENTITY_LEVEL" : "NONE",
      "SIRE_MENTION_ROLE" : "evidence",
      "SIRE_MENTION_CLASS" : "SPC",
      "SIRE_MENTION_TYPE" : "NONE",
      "SIRE_ENTITY_CLASS" : "SPC",
      "SIRE_ENTITY_SUBTYPE" : "NONE"
    },
    "type" : "evidence",
    "begin" : 117,
    "end" : 122,
    "inCoref" : false
  }, {
    "id" : "m2",
    "properties" : {
      "SIRE_MENTION_ROLE" : "Variable",
      "SIRE_MENTION_CLASS" : "SPC",
      "SIRE_MENTION_TYPE" : "NONE",
      "SIRE_ENTITY_SUBTYPE" : "NONE"
    },
    "type" : "Variable",
    "begin" : 128,
    "end" : 147,
    "inCoref" : true
  }, {
    "id" : "m3",
    "properties" : {
      "SIRE_MENTION_ROLE" : "relation",
      "SIRE_MENTION_CLASS" : "SPC",
      "SIRE_MENTION_TYPE" : "NONE",
      "SIRE_ENTITY_SUBTYPE" : "NONE"
    },
    "type" : "relation",
    "begin" : 156,
    "end" : 163,
    "inCoref" : false
  }, {
    "id" : "m17",
    "properties" : {
      "SIRE_ENTITY_LEVEL" : "NONE",
      "SIRE_MENTION_ROLE" : "Variable",
      "SIRE_MENTION_CLASS" : "SPC",
      "SIRE_MENTION_TYPE" : "NONE",
      "SIRE_ENTITY_CLASS" : "SPC",
      "SIRE_ENTITY_SUBTYPE" : "NONE"
    },
    "type" : "Variable",
    "begin" : 164,
    "end" : 181,
    "inCoref" : true
  }, {
    "id" : "m4",
    "properties" : {
      "SIRE_MENTION_ROLE" : "relation",
      "SIRE_MENTION_CLASS" : "SPC",
      "SIRE_MENTION_TYPE" : "NONE",
      "SIRE_ENTITY_SUBTYPE" : "NONE"
    },
    "type" : "relation",
    "begin" : 198,
    "end" : 204,
    "inCoref" : false
  }, {
    "id" : "m5",
    "properties" : {
      "SIRE_MENTION_ROLE" : "Variable",
      "SIRE_MENTION_CLASS" : "SPC",
      "SIRE_MENTION_TYPE" : "NONE",
      "SIRE_ENTITY_SUBTYPE" : "NONE"
    },
    "type" : "Variable",
    "begin" : 233,
    "end" : 246,
    "inCoref" : false
  }, {
    "id" : "m6",
    "properties" : {
      "SIRE_MENTION_ROLE" : "evidence",
      "SIRE_MENTION_CLASS" : "SPC",
      "SIRE_MENTION_TYPE" : "NONE",
      "SIRE_ENTITY_SUBTYPE" : "NONE"
    },
    "type" : "evidence",
    "begin" : 252,
    "end" : 260,
    "inCoref" : false
  }, {
    "id" : "m7",
    "properties" : {
      "SIRE_MENTION_ROLE" : "Variable",
      "SIRE_MENTION_CLASS" : "SPC",
      "SIRE_MENTION_TYPE" : "NONE",
      "SIRE_ENTITY_SUBTYPE" : "NONE"
    },
    "type" : "Variable",
    "begin" : 325,
    "end" : 345,
    "inCoref" : false
  }, {
    "id" : "m8",
    "properties" : {
      "SIRE_MENTION_ROLE" : "relation",
      "SIRE_MENTION_CLASS" : "SPC",
      "SIRE_MENTION_TYPE" : "NONE",
      "SIRE_ENTITY_SUBTYPE" : "NONE"
    },
    "type" : "relation",
    "begin" : 384,
    "end" : 395,
    "inCoref" : false
  }, {
    "id" : "m9",
    "properties" : {
      "SIRE_MENTION_ROLE" : "relation",
      "SIRE_MENTION_CLASS" : "SPC",
      "SIRE_MENTION_TYPE" : "NONE",
      "SIRE_ENTITY_SUBTYPE" : "NONE"
    },
    "type" : "relation",
    "begin" : 401,
    "end" : 408,
    "inCoref" : false
  }, {
    "id" : "m18",
    "properties" : {
      "SIRE_ENTITY_LEVEL" : "NONE",
      "SIRE_MENTION_ROLE" : "Variable",
      "SIRE_MENTION_CLASS" : "SPC",
      "SIRE_MENTION_TYPE" : "NONE",
      "SIRE_ENTITY_CLASS" : "SPC",
      "SIRE_ENTITY_SUBTYPE" : "NONE"
    },
    "type" : "Variable",
    "begin" : 409,
    "end" : 426,
    "inCoref" : true
  }, {
    "id" : "m19",
    "properties" : {
      "SIRE_ENTITY_LEVEL" : "NONE",
      "SIRE_MENTION_ROLE" : "Variable",
      "SIRE_MENTION_CLASS" : "SPC",
      "SIRE_MENTION_TYPE" : "NONE",
      "SIRE_ENTITY_CLASS" : "SPC",
      "SIRE_ENTITY_SUBTYPE" : "NONE"
    },
    "type" : "Variable",
    "begin" : 428,
    "end" : 434,
    "inCoref" : false
  }, {
    "id" : "m10",
    "properties" : {
      "SIRE_MENTION_ROLE" : "Variable",
      "SIRE_MENTION_CLASS" : "SPC",
      "SIRE_MENTION_TYPE" : "NONE",
      "SIRE_ENTITY_SUBTYPE" : "NONE"
    },
    "type" : "Variable",
    "begin" : 438,
    "end" : 459,
    "inCoref" : false
  }, {
    "id" : "m11",
    "properties" : {
      "SIRE_MENTION_ROLE" : "Variable",
      "SIRE_MENTION_CLASS" : "SPC",
      "SIRE_MENTION_TYPE" : "NONE",
      "SIRE_ENTITY_SUBTYPE" : "NONE"
    },
    "type" : "Variable",
    "begin" : 465,
    "end" : 482,
    "inCoref" : false
  }, {
    "id" : "m12",
    "properties" : {
      "SIRE_MENTION_ROLE" : "evidence",
      "SIRE_MENTION_CLASS" : "SPC",
      "SIRE_MENTION_TYPE" : "NONE",
      "SIRE_ENTITY_SUBTYPE" : "NONE"
    },
    "type" : "evidence",
    "begin" : 488,
    "end" : 495,
    "inCoref" : false
  }, {
    "id" : "m13",
    "properties" : {
      "SIRE_MENTION_ROLE" : "Variable",
      "SIRE_MENTION_CLASS" : "SPC",
      "SIRE_MENTION_TYPE" : "NONE",
      "SIRE_ENTITY_SUBTYPE" : "NONE"
    },
    "type" : "Variable",
    "begin" : 539,
    "end" : 549,
    "inCoref" : true
  }, {
    "id" : "m14",
    "properties" : {
      "SIRE_MENTION_ROLE" : "Variable",
      "SIRE_MENTION_CLASS" : "SPC",
      "SIRE_MENTION_TYPE" : "NONE",
      "SIRE_ENTITY_SUBTYPE" : "NONE"
    },
    "type" : "Variable",
    "begin" : 568,
    "end" : 599,
    "inCoref" : false
  } ],
  "relations" : [ {
    "id" : "s0-r1",
    "properties" : { },
    "type" : "Causal",
    "args" : [ "m2", "m5" ]
  }, {
    "id" : "s0-r2",
    "properties" : { },
    "type" : "Causal",
    "args" : [ "m17", "m5" ]
  }, {
    "id" : "s1-r1",
    "properties" : { },
    "type" : "Causal",
    "args" : [ "m18", "m7" ]
  }, {
    "id" : "s1-r2",
    "properties" : { },
    "type" : "Causal",
    "args" : [ "m19", "m7" ]
  }, {
    "id" : "s1-r3",
    "properties" : { },
    "type" : "Causal",
    "args" : [ "m10", "m7" ]
  }, {
    "id" : "s1-r4",
    "properties" : { },
    "type" : "Causal",
    "args" : [ "m11", "m7" ]
  } ],
  "corefs" : [ {
    "id" : "c2",
    "properties" : { },
    "mentions" : [ "m17", "m18" ]
  }, {
    "id" : "c3",
    "properties" : { },
    "mentions" : [ "m1", "m2", "m13" ]
  } ],
  "typeResolved" : true,
  "userResolved" : false
}