{
  "id" : "45fbb650-25c2-11ec-94b0-c7167c6b1af9-19",
  "name" : "14. Casey, G., and Owen, A. L. (2014), .docx",
  "createdDate" : 0,
  "version" : 3,
  "text" : "We present evidence that ethnic fragmentation explains variations in per capita income, institutions, and schooling better than income inequality when both are treated as endogenous. To do so, we identify instruments for ethnic fractionalization and income inequality based on historical experience. Using instrumental variables estimation, we find that ethnic fractionalization explains the level of income both when income inequality is included as a control in the estimation and when it is not. However, we find no evidence that income inequality affects the level of income when ethnic fractionalization is properly treated as an endogenous variable. We have similar findings when other development outcomes such as schooling or proxies for institutional quality are used as dependent variables. These results are robust to various controls and changes in the sample size and suggest that some of the previous findings regarding the effect of income inequality on development should be attributed to ethnic fractionalization.\n\n",
  "docLength" : 0,
  "language" : "EN",
  "status" : "SUBMITTED",
  "modifiedDate" : 1639150042049,
  "documentSet" : [ ],
  "preannotation" : [ "PRE_LW" ],
  "sentences" : [ {
    "id" : "s0",
    "begin" : 0,
    "end" : 182,
    "text" : "We present evidence that ethnic fragmentation explains variations in per capita income, institutions, and schooling better than income inequality when both are treated as endogenous.",
    "tokens" : [ {
      "id" : "s0-t0",
      "begin" : 0,
      "end" : 2,
      "text" : "We",
      "whiteSpace" : false
    }, {
      "id" : "s0-t1",
      "begin" : 3,
      "end" : 10,
      "text" : "present",
      "whiteSpace" : false
    }, {
      "id" : "s0-t2",
      "begin" : 11,
      "end" : 19,
      "text" : "evidence",
      "whiteSpace" : false
    }, {
      "id" : "s0-t3",
      "begin" : 20,
      "end" : 24,
      "text" : "that",
      "whiteSpace" : false
    }, {
      "id" : "s0-t4",
      "begin" : 25,
      "end" : 31,
      "text" : "ethnic",
      "whiteSpace" : false
    }, {
      "id" : "s0-t5",
      "begin" : 32,
      "end" : 45,
      "text" : "fragmentation",
      "whiteSpace" : false
    }, {
      "id" : "s0-t6",
      "begin" : 46,
      "end" : 54,
      "text" : "explains",
      "whiteSpace" : false
    }, {
      "id" : "s0-t7",
      "begin" : 55,
      "end" : 65,
      "text" : "variations",
      "whiteSpace" : false
    }, {
      "id" : "s0-t8",
      "begin" : 66,
      "end" : 68,
      "text" : "in",
      "whiteSpace" : false
    }, {
      "id" : "s0-t9",
      "begin" : 69,
      "end" : 72,
      "text" : "per",
      "whiteSpace" : false
    }, {
      "id" : "s0-t10",
      "begin" : 73,
      "end" : 79,
      "text" : "capita",
      "whiteSpace" : false
    }, {
      "id" : "s0-t11",
      "begin" : 80,
      "end" : 86,
      "text" : "income",
      "whiteSpace" : false
    }, {
      "id" : "s0-t12",
      "begin" : 86,
      "end" : 87,
      "text" : ",",
      "whiteSpace" : false
    }, {
      "id" : "s0-t13",
      "begin" : 88,
      "end" : 100,
      "text" : "institutions",
      "whiteSpace" : false
    }, {
      "id" : "s0-t14",
      "begin" : 100,
      "end" : 101,
      "text" : ",",
      "whiteSpace" : false
    }, {
      "id" : "s0-t15",
      "begin" : 102,
      "end" : 105,
      "text" : "and",
      "whiteSpace" : false
    }, {
      "id" : "s0-t16",
      "begin" : 106,
      "end" : 115,
      "text" : "schooling",
      "whiteSpace" : false
    }, {
      "id" : "s0-t17",
      "begin" : 116,
      "end" : 122,
      "text" : "better",
      "whiteSpace" : false
    }, {
      "id" : "s0-t18",
      "begin" : 123,
      "end" : 127,
      "text" : "than",
      "whiteSpace" : false
    }, {
      "id" : "s0-t19",
      "begin" : 128,
      "end" : 134,
      "text" : "income",
      "whiteSpace" : false
    }, {
      "id" : "s0-t20",
      "begin" : 135,
      "end" : 145,
      "text" : "inequality",
      "whiteSpace" : false
    }, {
      "id" : "s0-t21",
      "begin" : 146,
      "end" : 150,
      "text" : "when",
      "whiteSpace" : false
    }, {
      "id" : "s0-t22",
      "begin" : 151,
      "end" : 155,
      "text" : "both",
      "whiteSpace" : false
    }, {
      "id" : "s0-t23",
      "begin" : 156,
      "end" : 159,
      "text" : "are",
      "whiteSpace" : false
    }, {
      "id" : "s0-t24",
      "begin" : 160,
      "end" : 167,
      "text" : "treated",
      "whiteSpace" : false
    }, {
      "id" : "s0-t25",
      "begin" : 168,
      "end" : 170,
      "text" : "as",
      "whiteSpace" : false
    }, {
      "id" : "s0-t26",
      "begin" : 171,
      "end" : 181,
      "text" : "endogenous",
      "whiteSpace" : false
    }, {
      "id" : "s0-t27",
      "begin" : 181,
      "end" : 182,
      "text" : ".",
      "whiteSpace" : false
    } ]
  }, {
    "id" : "s1",
    "begin" : 183,
    "end" : 299,
    "text" : "To do so, we identify instruments for ethnic fractionalization and income inequality based on historical experience.",
    "tokens" : [ {
      "id" : "s1-t0",
      "begin" : 183,
      "end" : 185,
      "text" : "To",
      "whiteSpace" : false
    }, {
      "id" : "s1-t1",
      "begin" : 186,
      "end" : 188,
      "text" : "do",
      "whiteSpace" : false
    }, {
      "id" : "s1-t2",
      "begin" : 189,
      "end" : 191,
      "text" : "so",
      "whiteSpace" : false
    }, {
      "id" : "s1-t3",
      "begin" : 191,
      "end" : 192,
      "text" : ",",
      "whiteSpace" : false
    }, {
      "id" : "s1-t4",
      "begin" : 193,
      "end" : 195,
      "text" : "we",
      "whiteSpace" : false
    }, {
      "id" : "s1-t5",
      "begin" : 196,
      "end" : 204,
      "text" : "identify",
      "whiteSpace" : false
    }, {
      "id" : "s1-t6",
      "begin" : 205,
      "end" : 216,
      "text" : "instruments",
      "whiteSpace" : false
    }, {
      "id" : "s1-t7",
      "begin" : 217,
      "end" : 220,
      "text" : "for",
      "whiteSpace" : false
    }, {
      "id" : "s1-t8",
      "begin" : 221,
      "end" : 227,
      "text" : "ethnic",
      "whiteSpace" : false
    }, {
      "id" : "s1-t9",
      "begin" : 228,
      "end" : 245,
      "text" : "fractionalization",
      "whiteSpace" : false
    }, {
      "id" : "s1-t10",
      "begin" : 246,
      "end" : 249,
      "text" : "and",
      "whiteSpace" : false
    }, {
      "id" : "s1-t11",
      "begin" : 250,
      "end" : 256,
      "text" : "income",
      "whiteSpace" : false
    }, {
      "id" : "s1-t12",
      "begin" : 257,
      "end" : 267,
      "text" : "inequality",
      "whiteSpace" : false
    }, {
      "id" : "s1-t13",
      "begin" : 268,
      "end" : 273,
      "text" : "based",
      "whiteSpace" : false
    }, {
      "id" : "s1-t14",
      "begin" : 274,
      "end" : 276,
      "text" : "on",
      "whiteSpace" : false
    }, {
      "id" : "s1-t15",
      "begin" : 277,
      "end" : 287,
      "text" : "historical",
      "whiteSpace" : false
    }, {
      "id" : "s1-t16",
      "begin" : 288,
      "end" : 298,
      "text" : "experience",
      "whiteSpace" : false
    }, {
      "id" : "s1-t17",
      "begin" : 298,
      "end" : 299,
      "text" : ".",
      "whiteSpace" : false
    } ]
  }, {
    "id" : "s2",
    "begin" : 300,
    "end" : 498,
    "text" : "Using instrumental variables estimation, we find that ethnic fractionalization explains the level of income both when income inequality is included as a control in the estimation and when it is not.",
    "tokens" : [ {
      "id" : "s2-t0",
      "begin" : 300,
      "end" : 305,
      "text" : "Using",
      "whiteSpace" : false
    }, {
      "id" : "s2-t1",
      "begin" : 306,
      "end" : 318,
      "text" : "instrumental",
      "whiteSpace" : false
    }, {
      "id" : "s2-t2",
      "begin" : 319,
      "end" : 328,
      "text" : "variables",
      "whiteSpace" : false
    }, {
      "id" : "s2-t3",
      "begin" : 329,
      "end" : 339,
      "text" : "estimation",
      "whiteSpace" : false
    }, {
      "id" : "s2-t4",
      "begin" : 339,
      "end" : 340,
      "text" : ",",
      "whiteSpace" : false
    }, {
      "id" : "s2-t5",
      "begin" : 341,
      "end" : 343,
      "text" : "we",
      "whiteSpace" : false
    }, {
      "id" : "s2-t6",
      "begin" : 344,
      "end" : 348,
      "text" : "find",
      "whiteSpace" : false
    }, {
      "id" : "s2-t7",
      "begin" : 349,
      "end" : 353,
      "text" : "that",
      "whiteSpace" : false
    }, {
      "id" : "s2-t8",
      "begin" : 354,
      "end" : 360,
      "text" : "ethnic",
      "whiteSpace" : false
    }, {
      "id" : "s2-t9",
      "begin" : 361,
      "end" : 378,
      "text" : "fractionalization",
      "whiteSpace" : false
    }, {
      "id" : "s2-t10",
      "begin" : 379,
      "end" : 387,
      "text" : "explains",
      "whiteSpace" : false
    }, {
      "id" : "s2-t11",
      "begin" : 388,
      "end" : 391,
      "text" : "the",
      "whiteSpace" : false
    }, {
      "id" : "s2-t12",
      "begin" : 392,
      "end" : 397,
      "text" : "level",
      "whiteSpace" : false
    }, {
      "id" : "s2-t13",
      "begin" : 398,
      "end" : 400,
      "text" : "of",
      "whiteSpace" : false
    }, {
      "id" : "s2-t14",
      "begin" : 401,
      "end" : 407,
      "text" : "income",
      "whiteSpace" : false
    }, {
      "id" : "s2-t15",
      "begin" : 408,
      "end" : 412,
      "text" : "both",
      "whiteSpace" : false
    }, {
      "id" : "s2-t16",
      "begin" : 413,
      "end" : 417,
      "text" : "when",
      "whiteSpace" : false
    }, {
      "id" : "s2-t17",
      "begin" : 418,
      "end" : 424,
      "text" : "income",
      "whiteSpace" : false
    }, {
      "id" : "s2-t18",
      "begin" : 425,
      "end" : 435,
      "text" : "inequality",
      "whiteSpace" : false
    }, {
      "id" : "s2-t19",
      "begin" : 436,
      "end" : 438,
      "text" : "is",
      "whiteSpace" : false
    }, {
      "id" : "s2-t20",
      "begin" : 439,
      "end" : 447,
      "text" : "included",
      "whiteSpace" : false
    }, {
      "id" : "s2-t21",
      "begin" : 448,
      "end" : 450,
      "text" : "as",
      "whiteSpace" : false
    }, {
      "id" : "s2-t22",
      "begin" : 451,
      "end" : 452,
      "text" : "a",
      "whiteSpace" : false
    }, {
      "id" : "s2-t23",
      "begin" : 453,
      "end" : 460,
      "text" : "control",
      "whiteSpace" : false
    }, {
      "id" : "s2-t24",
      "begin" : 461,
      "end" : 463,
      "text" : "in",
      "whiteSpace" : false
    }, {
      "id" : "s2-t25",
      "begin" : 464,
      "end" : 467,
      "text" : "the",
      "whiteSpace" : false
    }, {
      "id" : "s2-t26",
      "begin" : 468,
      "end" : 478,
      "text" : "estimation",
      "whiteSpace" : false
    }, {
      "id" : "s2-t27",
      "begin" : 479,
      "end" : 482,
      "text" : "and",
      "whiteSpace" : false
    }, {
      "id" : "s2-t28",
      "begin" : 483,
      "end" : 487,
      "text" : "when",
      "whiteSpace" : false
    }, {
      "id" : "s2-t29",
      "begin" : 488,
      "end" : 490,
      "text" : "it",
      "whiteSpace" : false
    }, {
      "id" : "s2-t30",
      "begin" : 491,
      "end" : 493,
      "text" : "is",
      "whiteSpace" : false
    }, {
      "id" : "s2-t31",
      "begin" : 494,
      "end" : 497,
      "text" : "not",
      "whiteSpace" : false
    }, {
      "id" : "s2-t32",
      "begin" : 497,
      "end" : 498,
      "text" : ".",
      "whiteSpace" : false
    } ]
  }, {
    "id" : "s3",
    "begin" : 499,
    "end" : 655,
    "text" : "However, we find no evidence that income inequality affects the level of income when ethnic fractionalization is properly treated as an endogenous variable.",
    "tokens" : [ {
      "id" : "s3-t0",
      "begin" : 499,
      "end" : 506,
      "text" : "However",
      "whiteSpace" : false
    }, {
      "id" : "s3-t1",
      "begin" : 506,
      "end" : 507,
      "text" : ",",
      "whiteSpace" : false
    }, {
      "id" : "s3-t2",
      "begin" : 508,
      "end" : 510,
      "text" : "we",
      "whiteSpace" : false
    }, {
      "id" : "s3-t3",
      "begin" : 511,
      "end" : 515,
      "text" : "find",
      "whiteSpace" : false
    }, {
      "id" : "s3-t4",
      "begin" : 516,
      "end" : 518,
      "text" : "no",
      "whiteSpace" : false
    }, {
      "id" : "s3-t5",
      "begin" : 519,
      "end" : 527,
      "text" : "evidence",
      "whiteSpace" : false
    }, {
      "id" : "s3-t6",
      "begin" : 528,
      "end" : 532,
      "text" : "that",
      "whiteSpace" : false
    }, {
      "id" : "s3-t7",
      "begin" : 533,
      "end" : 539,
      "text" : "income",
      "whiteSpace" : false
    }, {
      "id" : "s3-t8",
      "begin" : 540,
      "end" : 550,
      "text" : "inequality",
      "whiteSpace" : false
    }, {
      "id" : "s3-t9",
      "begin" : 551,
      "end" : 558,
      "text" : "affects",
      "whiteSpace" : false
    }, {
      "id" : "s3-t10",
      "begin" : 559,
      "end" : 562,
      "text" : "the",
      "whiteSpace" : false
    }, {
      "id" : "s3-t11",
      "begin" : 563,
      "end" : 568,
      "text" : "level",
      "whiteSpace" : false
    }, {
      "id" : "s3-t12",
      "begin" : 569,
      "end" : 571,
      "text" : "of",
      "whiteSpace" : false
    }, {
      "id" : "s3-t13",
      "begin" : 572,
      "end" : 578,
      "text" : "income",
      "whiteSpace" : false
    }, {
      "id" : "s3-t14",
      "begin" : 579,
      "end" : 583,
      "text" : "when",
      "whiteSpace" : false
    }, {
      "id" : "s3-t15",
      "begin" : 584,
      "end" : 590,
      "text" : "ethnic",
      "whiteSpace" : false
    }, {
      "id" : "s3-t16",
      "begin" : 591,
      "end" : 608,
      "text" : "fractionalization",
      "whiteSpace" : false
    }, {
      "id" : "s3-t17",
      "begin" : 609,
      "end" : 611,
      "text" : "is",
      "whiteSpace" : false
    }, {
      "id" : "s3-t18",
      "begin" : 612,
      "end" : 620,
      "text" : "properly",
      "whiteSpace" : false
    }, {
      "id" : "s3-t19",
      "begin" : 621,
      "end" : 628,
      "text" : "treated",
      "whiteSpace" : false
    }, {
      "id" : "s3-t20",
      "begin" : 629,
      "end" : 631,
      "text" : "as",
      "whiteSpace" : false
    }, {
      "id" : "s3-t21",
      "begin" : 632,
      "end" : 634,
      "text" : "an",
      "whiteSpace" : false
    }, {
      "id" : "s3-t22",
      "begin" : 635,
      "end" : 645,
      "text" : "endogenous",
      "whiteSpace" : false
    }, {
      "id" : "s3-t23",
      "begin" : 646,
      "end" : 654,
      "text" : "variable",
      "whiteSpace" : false
    }, {
      "id" : "s3-t24",
      "begin" : 654,
      "end" : 655,
      "text" : ".",
      "whiteSpace" : false
    } ]
  }, {
    "id" : "s4",
    "begin" : 656,
    "end" : 800,
    "text" : "We have similar findings when other development outcomes such as schooling or proxies for institutional quality are used as dependent variables.",
    "tokens" : [ {
      "id" : "s4-t0",
      "begin" : 656,
      "end" : 658,
      "text" : "We",
      "whiteSpace" : false
    }, {
      "id" : "s4-t1",
      "begin" : 659,
      "end" : 663,
      "text" : "have",
      "whiteSpace" : false
    }, {
      "id" : "s4-t2",
      "begin" : 664,
      "end" : 671,
      "text" : "similar",
      "whiteSpace" : false
    }, {
      "id" : "s4-t3",
      "begin" : 672,
      "end" : 680,
      "text" : "findings",
      "whiteSpace" : false
    }, {
      "id" : "s4-t4",
      "begin" : 681,
      "end" : 685,
      "text" : "when",
      "whiteSpace" : false
    }, {
      "id" : "s4-t5",
      "begin" : 686,
      "end" : 691,
      "text" : "other",
      "whiteSpace" : false
    }, {
      "id" : "s4-t6",
      "begin" : 692,
      "end" : 703,
      "text" : "development",
      "whiteSpace" : false
    }, {
      "id" : "s4-t7",
      "begin" : 704,
      "end" : 712,
      "text" : "outcomes",
      "whiteSpace" : false
    }, {
      "id" : "s4-t8",
      "begin" : 713,
      "end" : 717,
      "text" : "such",
      "whiteSpace" : false
    }, {
      "id" : "s4-t9",
      "begin" : 718,
      "end" : 720,
      "text" : "as",
      "whiteSpace" : false
    }, {
      "id" : "s4-t10",
      "begin" : 721,
      "end" : 730,
      "text" : "schooling",
      "whiteSpace" : false
    }, {
      "id" : "s4-t11",
      "begin" : 731,
      "end" : 733,
      "text" : "or",
      "whiteSpace" : false
    }, {
      "id" : "s4-t12",
      "begin" : 734,
      "end" : 741,
      "text" : "proxies",
      "whiteSpace" : false
    }, {
      "id" : "s4-t13",
      "begin" : 742,
      "end" : 745,
      "text" : "for",
      "whiteSpace" : false
    }, {
      "id" : "s4-t14",
      "begin" : 746,
      "end" : 759,
      "text" : "institutional",
      "whiteSpace" : false
    }, {
      "id" : "s4-t15",
      "begin" : 760,
      "end" : 767,
      "text" : "quality",
      "whiteSpace" : false
    }, {
      "id" : "s4-t16",
      "begin" : 768,
      "end" : 771,
      "text" : "are",
      "whiteSpace" : false
    }, {
      "id" : "s4-t17",
      "begin" : 772,
      "end" : 776,
      "text" : "used",
      "whiteSpace" : false
    }, {
      "id" : "s4-t18",
      "begin" : 777,
      "end" : 779,
      "text" : "as",
      "whiteSpace" : false
    }, {
      "id" : "s4-t19",
      "begin" : 780,
      "end" : 789,
      "text" : "dependent",
      "whiteSpace" : false
    }, {
      "id" : "s4-t20",
      "begin" : 790,
      "end" : 799,
      "text" : "variables",
      "whiteSpace" : false
    }, {
      "id" : "s4-t21",
      "begin" : 799,
      "end" : 800,
      "text" : ".",
      "whiteSpace" : false
    } ]
  }, {
    "id" : "s5",
    "begin" : 801,
    "end" : 1030,
    "text" : "These results are robust to various controls and changes in the sample size and suggest that some of the previous findings regarding the effect of income inequality on development should be attributed to ethnic fractionalization.",
    "tokens" : [ {
      "id" : "s5-t0",
      "begin" : 801,
      "end" : 806,
      "text" : "These",
      "whiteSpace" : false
    }, {
      "id" : "s5-t1",
      "begin" : 807,
      "end" : 814,
      "text" : "results",
      "whiteSpace" : false
    }, {
      "id" : "s5-t2",
      "begin" : 815,
      "end" : 818,
      "text" : "are",
      "whiteSpace" : false
    }, {
      "id" : "s5-t3",
      "begin" : 819,
      "end" : 825,
      "text" : "robust",
      "whiteSpace" : false
    }, {
      "id" : "s5-t4",
      "begin" : 826,
      "end" : 828,
      "text" : "to",
      "whiteSpace" : false
    }, {
      "id" : "s5-t5",
      "begin" : 829,
      "end" : 836,
      "text" : "various",
      "whiteSpace" : false
    }, {
      "id" : "s5-t6",
      "begin" : 837,
      "end" : 845,
      "text" : "controls",
      "whiteSpace" : false
    }, {
      "id" : "s5-t7",
      "begin" : 846,
      "end" : 849,
      "text" : "and",
      "whiteSpace" : false
    }, {
      "id" : "s5-t8",
      "begin" : 850,
      "end" : 857,
      "text" : "changes",
      "whiteSpace" : false
    }, {
      "id" : "s5-t9",
      "begin" : 858,
      "end" : 860,
      "text" : "in",
      "whiteSpace" : false
    }, {
      "id" : "s5-t10",
      "begin" : 861,
      "end" : 864,
      "text" : "the",
      "whiteSpace" : false
    }, {
      "id" : "s5-t11",
      "begin" : 865,
      "end" : 871,
      "text" : "sample",
      "whiteSpace" : false
    }, {
      "id" : "s5-t12",
      "begin" : 872,
      "end" : 876,
      "text" : "size",
      "whiteSpace" : false
    }, {
      "id" : "s5-t13",
      "begin" : 877,
      "end" : 880,
      "text" : "and",
      "whiteSpace" : false
    }, {
      "id" : "s5-t14",
      "begin" : 881,
      "end" : 888,
      "text" : "suggest",
      "whiteSpace" : false
    }, {
      "id" : "s5-t15",
      "begin" : 889,
      "end" : 893,
      "text" : "that",
      "whiteSpace" : false
    }, {
      "id" : "s5-t16",
      "begin" : 894,
      "end" : 898,
      "text" : "some",
      "whiteSpace" : false
    }, {
      "id" : "s5-t17",
      "begin" : 899,
      "end" : 901,
      "text" : "of",
      "whiteSpace" : false
    }, {
      "id" : "s5-t18",
      "begin" : 902,
      "end" : 905,
      "text" : "the",
      "whiteSpace" : false
    }, {
      "id" : "s5-t19",
      "begin" : 906,
      "end" : 914,
      "text" : "previous",
      "whiteSpace" : false
    }, {
      "id" : "s5-t20",
      "begin" : 915,
      "end" : 923,
      "text" : "findings",
      "whiteSpace" : false
    }, {
      "id" : "s5-t21",
      "begin" : 924,
      "end" : 933,
      "text" : "regarding",
      "whiteSpace" : false
    }, {
      "id" : "s5-t22",
      "begin" : 934,
      "end" : 937,
      "text" : "the",
      "whiteSpace" : false
    }, {
      "id" : "s5-t23",
      "begin" : 938,
      "end" : 944,
      "text" : "effect",
      "whiteSpace" : false
    }, {
      "id" : "s5-t24",
      "begin" : 945,
      "end" : 947,
      "text" : "of",
      "whiteSpace" : false
    }, {
      "id" : "s5-t25",
      "begin" : 948,
      "end" : 954,
      "text" : "income",
      "whiteSpace" : false
    }, {
      "id" : "s5-t26",
      "begin" : 955,
      "end" : 965,
      "text" : "inequality",
      "whiteSpace" : false
    }, {
      "id" : "s5-t27",
      "begin" : 966,
      "end" : 968,
      "text" : "on",
      "whiteSpace" : false
    }, {
      "id" : "s5-t28",
      "begin" : 969,
      "end" : 980,
      "text" : "development",
      "whiteSpace" : false
    }, {
      "id" : "s5-t29",
      "begin" : 981,
      "end" : 987,
      "text" : "should",
      "whiteSpace" : false
    }, {
      "id" : "s5-t30",
      "begin" : 988,
      "end" : 990,
      "text" : "be",
      "whiteSpace" : false
    }, {
      "id" : "s5-t31",
      "begin" : 991,
      "end" : 1001,
      "text" : "attributed",
      "whiteSpace" : false
    }, {
      "id" : "s5-t32",
      "begin" : 1002,
      "end" : 1004,
      "text" : "to",
      "whiteSpace" : false
    }, {
      "id" : "s5-t33",
      "begin" : 1005,
      "end" : 1011,
      "text" : "ethnic",
      "whiteSpace" : false
    }, {
      "id" : "s5-t34",
      "begin" : 1012,
      "end" : 1029,
      "text" : "fractionalization",
      "whiteSpace" : false
    }, {
      "id" : "s5-t35",
      "begin" : 1029,
      "end" : 1030,
      "text" : ".",
      "whiteSpace" : false
    } ]
  } ],
  "mentions" : [ {
    "id" : "s0-m8",
    "properties" : {
      "SIRE_MENTION_ROLE" : "evidence",
      "SIRE_ENTITY_SUBTYPE" : "NONE",
      "SIRE_MENTION_TYPE" : "NONE",
      "SIRE_MENTION_CLASS" : "SPC"
    },
    "type" : "evidence",
    "begin" : 3,
    "end" : 10,
    "inCoref" : false
  }, {
    "id" : "s0-m7",
    "properties" : {
      "SIRE_MENTION_ROLE" : "evidence",
      "SIRE_ENTITY_SUBTYPE" : "NONE",
      "SIRE_MENTION_TYPE" : "NONE",
      "SIRE_MENTION_CLASS" : "SPC"
    },
    "type" : "evidence",
    "begin" : 11,
    "end" : 19,
    "inCoref" : false
  }, {
    "id" : "s0-m5",
    "properties" : {
      "SIRE_MENTION_ROLE" : "Variable",
      "SIRE_ENTITY_SUBTYPE" : "NONE",
      "SIRE_MENTION_TYPE" : "NONE",
      "SIRE_MENTION_CLASS" : "SPC"
    },
    "type" : "Variable",
    "begin" : 25,
    "end" : 45,
    "inCoref" : true
  }, {
    "id" : "s0-m6",
    "properties" : {
      "SIRE_MENTION_ROLE" : "relation",
      "SIRE_ENTITY_SUBTYPE" : "NONE",
      "SIRE_MENTION_TYPE" : "NONE",
      "SIRE_MENTION_CLASS" : "SPC"
    },
    "type" : "relation",
    "begin" : 46,
    "end" : 54,
    "inCoref" : false
  }, {
    "id" : "s0-m2",
    "properties" : {
      "SIRE_MENTION_ROLE" : "Variable",
      "SIRE_ENTITY_SUBTYPE" : "NONE",
      "SIRE_MENTION_TYPE" : "NONE",
      "SIRE_MENTION_CLASS" : "SPC"
    },
    "type" : "Variable",
    "begin" : 69,
    "end" : 86,
    "inCoref" : false
  }, {
    "id" : "s0-m3",
    "properties" : {
      "SIRE_MENTION_ROLE" : "Variable",
      "SIRE_ENTITY_SUBTYPE" : "NONE",
      "SIRE_MENTION_TYPE" : "NONE",
      "SIRE_MENTION_CLASS" : "SPC"
    },
    "type" : "Variable",
    "begin" : 88,
    "end" : 100,
    "inCoref" : true
  }, {
    "id" : "s0-m4",
    "properties" : {
      "SIRE_MENTION_ROLE" : "Variable",
      "SIRE_ENTITY_SUBTYPE" : "NONE",
      "SIRE_MENTION_TYPE" : "NONE",
      "SIRE_MENTION_CLASS" : "SPC"
    },
    "type" : "Variable",
    "begin" : 106,
    "end" : 115,
    "inCoref" : true
  }, {
    "id" : "m1",
    "properties" : {
      "SIRE_MENTION_TYPE" : "NONE",
      "SIRE_MENTION_CLASS" : "SPC",
      "SIRE_ENTITY_SUBTYPE" : "NONE",
      "SIRE_MENTION_ROLE" : "Variable"
    },
    "type" : "Variable",
    "begin" : 128,
    "end" : 145,
    "inCoref" : true
  }, {
    "id" : "s1-m3",
    "properties" : {
      "SIRE_MENTION_ROLE" : "evidence",
      "SIRE_ENTITY_SUBTYPE" : "NONE",
      "SIRE_MENTION_TYPE" : "NONE",
      "SIRE_MENTION_CLASS" : "SPC"
    },
    "type" : "evidence",
    "begin" : 196,
    "end" : 204,
    "inCoref" : false
  }, {
    "id" : "s1-m2",
    "properties" : {
      "SIRE_MENTION_ROLE" : "Variable",
      "SIRE_ENTITY_SUBTYPE" : "NONE",
      "SIRE_MENTION_TYPE" : "NONE",
      "SIRE_MENTION_CLASS" : "SPC"
    },
    "type" : "Variable",
    "begin" : 221,
    "end" : 245,
    "inCoref" : true
  }, {
    "id" : "m2",
    "properties" : {
      "SIRE_MENTION_TYPE" : "NONE",
      "SIRE_MENTION_CLASS" : "SPC",
      "SIRE_ENTITY_SUBTYPE" : "NONE",
      "SIRE_MENTION_ROLE" : "Variable"
    },
    "type" : "Variable",
    "begin" : 250,
    "end" : 267,
    "inCoref" : true
  }, {
    "id" : "s2-m5",
    "properties" : {
      "SIRE_MENTION_ROLE" : "evidence",
      "SIRE_ENTITY_SUBTYPE" : "NONE",
      "SIRE_MENTION_TYPE" : "NONE",
      "SIRE_MENTION_CLASS" : "SPC"
    },
    "type" : "evidence",
    "begin" : 344,
    "end" : 348,
    "inCoref" : false
  }, {
    "id" : "s2-m2",
    "properties" : {
      "SIRE_MENTION_ROLE" : "Variable",
      "SIRE_ENTITY_SUBTYPE" : "NONE",
      "SIRE_MENTION_TYPE" : "NONE",
      "SIRE_MENTION_CLASS" : "SPC"
    },
    "type" : "Variable",
    "begin" : 354,
    "end" : 378,
    "inCoref" : true
  }, {
    "id" : "s2-m4",
    "properties" : {
      "SIRE_MENTION_ROLE" : "relation",
      "SIRE_ENTITY_SUBTYPE" : "NONE",
      "SIRE_MENTION_TYPE" : "NONE",
      "SIRE_MENTION_CLASS" : "SPC"
    },
    "type" : "relation",
    "begin" : 379,
    "end" : 387,
    "inCoref" : false
  }, {
    "id" : "s2-m3",
    "properties" : {
      "SIRE_MENTION_ROLE" : "Variable",
      "SIRE_ENTITY_SUBTYPE" : "NONE",
      "SIRE_MENTION_TYPE" : "NONE",
      "SIRE_MENTION_CLASS" : "SPC"
    },
    "type" : "Variable",
    "begin" : 401,
    "end" : 407,
    "inCoref" : true
  }, {
    "id" : "m3",
    "properties" : {
      "SIRE_MENTION_TYPE" : "NONE",
      "SIRE_MENTION_CLASS" : "SPC",
      "SIRE_ENTITY_SUBTYPE" : "NONE",
      "SIRE_MENTION_ROLE" : "Variable"
    },
    "type" : "Variable",
    "begin" : 418,
    "end" : 435,
    "inCoref" : true
  }, {
    "id" : "s3-m6",
    "properties" : {
      "SIRE_MENTION_ROLE" : "negation",
      "SIRE_ENTITY_SUBTYPE" : "NONE",
      "SIRE_MENTION_TYPE" : "NONE",
      "SIRE_MENTION_CLASS" : "SPC"
    },
    "type" : "negation",
    "begin" : 516,
    "end" : 518,
    "inCoref" : false
  }, {
    "id" : "s3-m5",
    "properties" : {
      "SIRE_MENTION_ROLE" : "evidence",
      "SIRE_ENTITY_SUBTYPE" : "NONE",
      "SIRE_MENTION_TYPE" : "NONE",
      "SIRE_MENTION_CLASS" : "SPC"
    },
    "type" : "evidence",
    "begin" : 519,
    "end" : 527,
    "inCoref" : false
  }, {
    "id" : "m4",
    "properties" : {
      "SIRE_MENTION_TYPE" : "NONE",
      "SIRE_MENTION_CLASS" : "SPC",
      "SIRE_ENTITY_SUBTYPE" : "NONE",
      "SIRE_MENTION_ROLE" : "Variable"
    },
    "type" : "Variable",
    "begin" : 533,
    "end" : 550,
    "inCoref" : true
  }, {
    "id" : "s3-m4",
    "properties" : {
      "SIRE_MENTION_ROLE" : "relation",
      "SIRE_ENTITY_SUBTYPE" : "NONE",
      "SIRE_MENTION_TYPE" : "NONE",
      "SIRE_MENTION_CLASS" : "SPC"
    },
    "type" : "relation",
    "begin" : 551,
    "end" : 558,
    "inCoref" : false
  }, {
    "id" : "s3-m2",
    "properties" : {
      "SIRE_MENTION_ROLE" : "Variable",
      "SIRE_ENTITY_SUBTYPE" : "NONE",
      "SIRE_MENTION_TYPE" : "NONE",
      "SIRE_MENTION_CLASS" : "SPC"
    },
    "type" : "Variable",
    "begin" : 572,
    "end" : 578,
    "inCoref" : true
  }, {
    "id" : "s3-m3",
    "properties" : {
      "SIRE_MENTION_ROLE" : "Variable",
      "SIRE_ENTITY_SUBTYPE" : "NONE",
      "SIRE_MENTION_TYPE" : "NONE",
      "SIRE_MENTION_CLASS" : "SPC"
    },
    "type" : "Variable",
    "begin" : 584,
    "end" : 608,
    "inCoref" : true
  }, {
    "id" : "s4-m3",
    "properties" : {
      "SIRE_MENTION_ROLE" : "evidence",
      "SIRE_ENTITY_SUBTYPE" : "NONE",
      "SIRE_MENTION_TYPE" : "NONE",
      "SIRE_MENTION_CLASS" : "SPC"
    },
    "type" : "evidence",
    "begin" : 672,
    "end" : 680,
    "inCoref" : false
  }, {
    "id" : "s4-m1",
    "properties" : {
      "SIRE_MENTION_ROLE" : "Variable",
      "SIRE_ENTITY_SUBTYPE" : "NONE",
      "SIRE_MENTION_TYPE" : "NONE",
      "SIRE_MENTION_CLASS" : "SPC"
    },
    "type" : "Variable",
    "begin" : 721,
    "end" : 730,
    "inCoref" : true
  }, {
    "id" : "s4-m2",
    "properties" : {
      "SIRE_MENTION_ROLE" : "Variable",
      "SIRE_ENTITY_SUBTYPE" : "NONE",
      "SIRE_MENTION_TYPE" : "NONE",
      "SIRE_MENTION_CLASS" : "SPC"
    },
    "type" : "Variable",
    "begin" : 746,
    "end" : 767,
    "inCoref" : true
  }, {
    "id" : "s5-m5",
    "properties" : {
      "SIRE_MENTION_ROLE" : "evidence",
      "SIRE_ENTITY_SUBTYPE" : "NONE",
      "SIRE_MENTION_TYPE" : "NONE",
      "SIRE_MENTION_CLASS" : "SPC"
    },
    "type" : "evidence",
    "begin" : 807,
    "end" : 814,
    "inCoref" : false
  }, {
    "id" : "s5-m8",
    "properties" : {
      "SIRE_MENTION_ROLE" : "evidence",
      "SIRE_ENTITY_SUBTYPE" : "NONE",
      "SIRE_MENTION_TYPE" : "NONE",
      "SIRE_MENTION_CLASS" : "SPC"
    },
    "type" : "evidence",
    "begin" : 881,
    "end" : 888,
    "inCoref" : false
  }, {
    "id" : "s5-m6",
    "properties" : {
      "SIRE_MENTION_ROLE" : "evidence",
      "SIRE_ENTITY_SUBTYPE" : "NONE",
      "SIRE_MENTION_TYPE" : "NONE",
      "SIRE_MENTION_CLASS" : "SPC"
    },
    "type" : "evidence",
    "begin" : 915,
    "end" : 923,
    "inCoref" : false
  }, {
    "id" : "m6",
    "properties" : {
      "SIRE_MENTION_TYPE" : "NONE",
      "SIRE_MENTION_CLASS" : "SPC",
      "SIRE_ENTITY_SUBTYPE" : "NONE",
      "SIRE_MENTION_ROLE" : "relation"
    },
    "type" : "relation",
    "begin" : 938,
    "end" : 947,
    "inCoref" : false
  }, {
    "id" : "m5",
    "properties" : {
      "SIRE_MENTION_TYPE" : "NONE",
      "SIRE_MENTION_CLASS" : "SPC",
      "SIRE_ENTITY_SUBTYPE" : "NONE",
      "SIRE_MENTION_ROLE" : "Variable"
    },
    "type" : "Variable",
    "begin" : 948,
    "end" : 965,
    "inCoref" : true
  }, {
    "id" : "s5-m4",
    "properties" : {
      "SIRE_MENTION_ROLE" : "Variable",
      "SIRE_ENTITY_SUBTYPE" : "NONE",
      "SIRE_MENTION_TYPE" : "NONE",
      "SIRE_MENTION_CLASS" : "SPC"
    },
    "type" : "Variable",
    "begin" : 969,
    "end" : 980,
    "inCoref" : false
  }, {
    "id" : "s5-m7",
    "properties" : {
      "SIRE_MENTION_ROLE" : "relation",
      "SIRE_ENTITY_SUBTYPE" : "NONE",
      "SIRE_MENTION_TYPE" : "NONE",
      "SIRE_MENTION_CLASS" : "SPC"
    },
    "type" : "relation",
    "begin" : 991,
    "end" : 1004,
    "inCoref" : false
  }, {
    "id" : "s5-m2",
    "properties" : {
      "SIRE_MENTION_ROLE" : "Variable",
      "SIRE_ENTITY_SUBTYPE" : "NONE",
      "SIRE_MENTION_TYPE" : "NONE",
      "SIRE_MENTION_CLASS" : "SPC"
    },
    "type" : "Variable",
    "begin" : 1005,
    "end" : 1029,
    "inCoref" : true
  } ],
  "relations" : [ {
    "id" : "s0-r2",
    "properties" : { },
    "type" : "Causal",
    "args" : [ "s0-m5", "s0-m2" ]
  }, {
    "id" : "s0-r3",
    "properties" : { },
    "type" : "Causal",
    "args" : [ "s0-m5", "s0-m3" ]
  }, {
    "id" : "s0-r4",
    "properties" : { },
    "type" : "Causal",
    "args" : [ "s0-m5", "s0-m4" ]
  }, {
    "id" : "s2-r1",
    "properties" : { },
    "type" : "Causal",
    "args" : [ "s2-m2", "s2-m3" ]
  }, {
    "id" : "s3-r1",
    "properties" : { },
    "type" : "NoRelation",
    "args" : [ "m4", "s3-m2" ]
  }, {
    "id" : "s5-r4",
    "properties" : { },
    "type" : "Causal",
    "args" : [ "m5", "s5-m4" ]
  } ],
  "corefs" : [ {
    "id" : "c2",
    "properties" : { },
    "mentions" : [ "s0-m3", "s4-m2" ]
  }, {
    "id" : "c3",
    "properties" : { },
    "mentions" : [ "s0-m4", "s4-m1" ]
  }, {
    "id" : "c4",
    "properties" : { },
    "mentions" : [ "m1", "m2", "m3", "m4", "m5" ]
  }, {
    "id" : "c5",
    "properties" : { },
    "mentions" : [ "s2-m3", "s3-m2" ]
  }, {
    "id" : "c6",
    "properties" : { },
    "mentions" : [ "s0-m5", "s1-m2", "s2-m2", "s3-m3", "s5-m2" ]
  } ],
  "typeResolved" : true,
  "userResolved" : false
}