{
  "id" : "45fbb650-25c2-11ec-94b0-c7167c6b1af9-15",
  "name" : "21. Dabla-Norris, E., Kochhar, K., Ricka, F., Suphaphiphat, N., and Tsounta, E. (2015), .docx",
  "createdDate" : 0,
  "version" : 3,
  "text" : "This paper analyzes the extent of income inequality from a global perspective, its drivers, and what to do about it. The drivers of inequality vary widely amongst countries, with some common drivers being the skill premium associated with technical change and globalization, weakening protection for labor, and lack of financial inclusion in developing countries. We find that increasing the income share of the poor and the middle class actually increases growth while a rising income share of the top 20 percent results in lower growth-that is, when the rich get richer, benefits do not trickle down. This suggests that policies need to be country specific but should focus on raising the income share of the poor, and ensuring there is no hollowing out of the middle class. To tackle inequality, financial inclusion is imperative in emerging and developing countries while in advanced economies, policies should focus on raising human capital and skills and making tax systems more progressive.\n\n",
  "docLength" : 0,
  "language" : "EN",
  "status" : "SUBMITTED",
  "modifiedDate" : 1639149418460,
  "documentSet" : [ ],
  "preannotation" : [ "PRE_LW" ],
  "sentences" : [ {
    "id" : "s0",
    "begin" : 0,
    "end" : 116,
    "text" : "This paper analyzes the extent of income inequality from a global perspective, its drivers, and what to do about it.",
    "tokens" : [ {
      "id" : "s0-t0",
      "begin" : 0,
      "end" : 4,
      "text" : "This",
      "whiteSpace" : false
    }, {
      "id" : "s0-t1",
      "begin" : 5,
      "end" : 10,
      "text" : "paper",
      "whiteSpace" : false
    }, {
      "id" : "s0-t2",
      "begin" : 11,
      "end" : 19,
      "text" : "analyzes",
      "whiteSpace" : false
    }, {
      "id" : "s0-t3",
      "begin" : 20,
      "end" : 23,
      "text" : "the",
      "whiteSpace" : false
    }, {
      "id" : "s0-t4",
      "begin" : 24,
      "end" : 30,
      "text" : "extent",
      "whiteSpace" : false
    }, {
      "id" : "s0-t5",
      "begin" : 31,
      "end" : 33,
      "text" : "of",
      "whiteSpace" : false
    }, {
      "id" : "s0-t6",
      "begin" : 34,
      "end" : 40,
      "text" : "income",
      "whiteSpace" : false
    }, {
      "id" : "s0-t7",
      "begin" : 41,
      "end" : 51,
      "text" : "inequality",
      "whiteSpace" : false
    }, {
      "id" : "s0-t8",
      "begin" : 52,
      "end" : 56,
      "text" : "from",
      "whiteSpace" : false
    }, {
      "id" : "s0-t9",
      "begin" : 57,
      "end" : 58,
      "text" : "a",
      "whiteSpace" : false
    }, {
      "id" : "s0-t10",
      "begin" : 59,
      "end" : 65,
      "text" : "global",
      "whiteSpace" : false
    }, {
      "id" : "s0-t11",
      "begin" : 66,
      "end" : 77,
      "text" : "perspective",
      "whiteSpace" : false
    }, {
      "id" : "s0-t12",
      "begin" : 77,
      "end" : 78,
      "text" : ",",
      "whiteSpace" : false
    }, {
      "id" : "s0-t13",
      "begin" : 79,
      "end" : 82,
      "text" : "its",
      "whiteSpace" : false
    }, {
      "id" : "s0-t14",
      "begin" : 83,
      "end" : 90,
      "text" : "drivers",
      "whiteSpace" : false
    }, {
      "id" : "s0-t15",
      "begin" : 90,
      "end" : 91,
      "text" : ",",
      "whiteSpace" : false
    }, {
      "id" : "s0-t16",
      "begin" : 92,
      "end" : 95,
      "text" : "and",
      "whiteSpace" : false
    }, {
      "id" : "s0-t17",
      "begin" : 96,
      "end" : 100,
      "text" : "what",
      "whiteSpace" : false
    }, {
      "id" : "s0-t18",
      "begin" : 101,
      "end" : 103,
      "text" : "to",
      "whiteSpace" : false
    }, {
      "id" : "s0-t19",
      "begin" : 104,
      "end" : 106,
      "text" : "do",
      "whiteSpace" : false
    }, {
      "id" : "s0-t20",
      "begin" : 107,
      "end" : 112,
      "text" : "about",
      "whiteSpace" : false
    }, {
      "id" : "s0-t21",
      "begin" : 113,
      "end" : 115,
      "text" : "it",
      "whiteSpace" : false
    }, {
      "id" : "s0-t22",
      "begin" : 115,
      "end" : 116,
      "text" : ".",
      "whiteSpace" : false
    } ]
  }, {
    "id" : "s1",
    "begin" : 117,
    "end" : 363,
    "text" : "The drivers of inequality vary widely amongst countries, with some common drivers being the skill premium associated with technical change and globalization, weakening protection for labor, and lack of financial inclusion in developing countries.",
    "tokens" : [ {
      "id" : "s1-t0",
      "begin" : 117,
      "end" : 120,
      "text" : "The",
      "whiteSpace" : false
    }, {
      "id" : "s1-t1",
      "begin" : 121,
      "end" : 128,
      "text" : "drivers",
      "whiteSpace" : false
    }, {
      "id" : "s1-t2",
      "begin" : 129,
      "end" : 131,
      "text" : "of",
      "whiteSpace" : false
    }, {
      "id" : "s1-t3",
      "begin" : 132,
      "end" : 142,
      "text" : "inequality",
      "whiteSpace" : false
    }, {
      "id" : "s1-t4",
      "begin" : 143,
      "end" : 147,
      "text" : "vary",
      "whiteSpace" : false
    }, {
      "id" : "s1-t5",
      "begin" : 148,
      "end" : 154,
      "text" : "widely",
      "whiteSpace" : false
    }, {
      "id" : "s1-t6",
      "begin" : 155,
      "end" : 162,
      "text" : "amongst",
      "whiteSpace" : false
    }, {
      "id" : "s1-t7",
      "begin" : 163,
      "end" : 172,
      "text" : "countries",
      "whiteSpace" : false
    }, {
      "id" : "s1-t8",
      "begin" : 172,
      "end" : 173,
      "text" : ",",
      "whiteSpace" : false
    }, {
      "id" : "s1-t9",
      "begin" : 174,
      "end" : 178,
      "text" : "with",
      "whiteSpace" : false
    }, {
      "id" : "s1-t10",
      "begin" : 179,
      "end" : 183,
      "text" : "some",
      "whiteSpace" : false
    }, {
      "id" : "s1-t11",
      "begin" : 184,
      "end" : 190,
      "text" : "common",
      "whiteSpace" : false
    }, {
      "id" : "s1-t12",
      "begin" : 191,
      "end" : 198,
      "text" : "drivers",
      "whiteSpace" : false
    }, {
      "id" : "s1-t13",
      "begin" : 199,
      "end" : 204,
      "text" : "being",
      "whiteSpace" : false
    }, {
      "id" : "s1-t14",
      "begin" : 205,
      "end" : 208,
      "text" : "the",
      "whiteSpace" : false
    }, {
      "id" : "s1-t15",
      "begin" : 209,
      "end" : 214,
      "text" : "skill",
      "whiteSpace" : false
    }, {
      "id" : "s1-t16",
      "begin" : 215,
      "end" : 222,
      "text" : "premium",
      "whiteSpace" : false
    }, {
      "id" : "s1-t17",
      "begin" : 223,
      "end" : 233,
      "text" : "associated",
      "whiteSpace" : false
    }, {
      "id" : "s1-t18",
      "begin" : 234,
      "end" : 238,
      "text" : "with",
      "whiteSpace" : false
    }, {
      "id" : "s1-t19",
      "begin" : 239,
      "end" : 248,
      "text" : "technical",
      "whiteSpace" : false
    }, {
      "id" : "s1-t20",
      "begin" : 249,
      "end" : 255,
      "text" : "change",
      "whiteSpace" : false
    }, {
      "id" : "s1-t21",
      "begin" : 256,
      "end" : 259,
      "text" : "and",
      "whiteSpace" : false
    }, {
      "id" : "s1-t22",
      "begin" : 260,
      "end" : 273,
      "text" : "globalization",
      "whiteSpace" : false
    }, {
      "id" : "s1-t23",
      "begin" : 273,
      "end" : 274,
      "text" : ",",
      "whiteSpace" : false
    }, {
      "id" : "s1-t24",
      "begin" : 275,
      "end" : 284,
      "text" : "weakening",
      "whiteSpace" : false
    }, {
      "id" : "s1-t25",
      "begin" : 285,
      "end" : 295,
      "text" : "protection",
      "whiteSpace" : false
    }, {
      "id" : "s1-t26",
      "begin" : 296,
      "end" : 299,
      "text" : "for",
      "whiteSpace" : false
    }, {
      "id" : "s1-t27",
      "begin" : 300,
      "end" : 305,
      "text" : "labor",
      "whiteSpace" : false
    }, {
      "id" : "s1-t28",
      "begin" : 305,
      "end" : 306,
      "text" : ",",
      "whiteSpace" : false
    }, {
      "id" : "s1-t29",
      "begin" : 307,
      "end" : 310,
      "text" : "and",
      "whiteSpace" : false
    }, {
      "id" : "s1-t30",
      "begin" : 311,
      "end" : 315,
      "text" : "lack",
      "whiteSpace" : false
    }, {
      "id" : "s1-t31",
      "begin" : 316,
      "end" : 318,
      "text" : "of",
      "whiteSpace" : false
    }, {
      "id" : "s1-t32",
      "begin" : 319,
      "end" : 328,
      "text" : "financial",
      "whiteSpace" : false
    }, {
      "id" : "s1-t33",
      "begin" : 329,
      "end" : 338,
      "text" : "inclusion",
      "whiteSpace" : false
    }, {
      "id" : "s1-t34",
      "begin" : 339,
      "end" : 341,
      "text" : "in",
      "whiteSpace" : false
    }, {
      "id" : "s1-t35",
      "begin" : 342,
      "end" : 352,
      "text" : "developing",
      "whiteSpace" : false
    }, {
      "id" : "s1-t36",
      "begin" : 353,
      "end" : 362,
      "text" : "countries",
      "whiteSpace" : false
    }, {
      "id" : "s1-t37",
      "begin" : 362,
      "end" : 363,
      "text" : ".",
      "whiteSpace" : false
    } ]
  }, {
    "id" : "s2",
    "begin" : 364,
    "end" : 602,
    "text" : "We find that increasing the income share of the poor and the middle class actually increases growth while a rising income share of the top 20 percent results in lower growth-that is, when the rich get richer, benefits do not trickle down.",
    "tokens" : [ {
      "id" : "s2-t0",
      "begin" : 364,
      "end" : 366,
      "text" : "We",
      "whiteSpace" : false
    }, {
      "id" : "s2-t1",
      "begin" : 367,
      "end" : 371,
      "text" : "find",
      "whiteSpace" : false
    }, {
      "id" : "s2-t2",
      "begin" : 372,
      "end" : 376,
      "text" : "that",
      "whiteSpace" : false
    }, {
      "id" : "s2-t3",
      "begin" : 377,
      "end" : 387,
      "text" : "increasing",
      "whiteSpace" : false
    }, {
      "id" : "s2-t4",
      "begin" : 388,
      "end" : 391,
      "text" : "the",
      "whiteSpace" : false
    }, {
      "id" : "s2-t5",
      "begin" : 392,
      "end" : 398,
      "text" : "income",
      "whiteSpace" : false
    }, {
      "id" : "s2-t6",
      "begin" : 399,
      "end" : 404,
      "text" : "share",
      "whiteSpace" : false
    }, {
      "id" : "s2-t7",
      "begin" : 405,
      "end" : 407,
      "text" : "of",
      "whiteSpace" : false
    }, {
      "id" : "s2-t8",
      "begin" : 408,
      "end" : 411,
      "text" : "the",
      "whiteSpace" : false
    }, {
      "id" : "s2-t9",
      "begin" : 412,
      "end" : 416,
      "text" : "poor",
      "whiteSpace" : false
    }, {
      "id" : "s2-t10",
      "begin" : 417,
      "end" : 420,
      "text" : "and",
      "whiteSpace" : false
    }, {
      "id" : "s2-t11",
      "begin" : 421,
      "end" : 424,
      "text" : "the",
      "whiteSpace" : false
    }, {
      "id" : "s2-t12",
      "begin" : 425,
      "end" : 431,
      "text" : "middle",
      "whiteSpace" : false
    }, {
      "id" : "s2-t13",
      "begin" : 432,
      "end" : 437,
      "text" : "class",
      "whiteSpace" : false
    }, {
      "id" : "s2-t14",
      "begin" : 438,
      "end" : 446,
      "text" : "actually",
      "whiteSpace" : false
    }, {
      "id" : "s2-t15",
      "begin" : 447,
      "end" : 456,
      "text" : "increases",
      "whiteSpace" : false
    }, {
      "id" : "s2-t16",
      "begin" : 457,
      "end" : 463,
      "text" : "growth",
      "whiteSpace" : false
    }, {
      "id" : "s2-t17",
      "begin" : 464,
      "end" : 469,
      "text" : "while",
      "whiteSpace" : false
    }, {
      "id" : "s2-t18",
      "begin" : 470,
      "end" : 471,
      "text" : "a",
      "whiteSpace" : false
    }, {
      "id" : "s2-t19",
      "begin" : 472,
      "end" : 478,
      "text" : "rising",
      "whiteSpace" : false
    }, {
      "id" : "s2-t20",
      "begin" : 479,
      "end" : 485,
      "text" : "income",
      "whiteSpace" : false
    }, {
      "id" : "s2-t21",
      "begin" : 486,
      "end" : 491,
      "text" : "share",
      "whiteSpace" : false
    }, {
      "id" : "s2-t22",
      "begin" : 492,
      "end" : 494,
      "text" : "of",
      "whiteSpace" : false
    }, {
      "id" : "s2-t23",
      "begin" : 495,
      "end" : 498,
      "text" : "the",
      "whiteSpace" : false
    }, {
      "id" : "s2-t24",
      "begin" : 499,
      "end" : 502,
      "text" : "top",
      "whiteSpace" : false
    }, {
      "id" : "s2-t25",
      "begin" : 503,
      "end" : 505,
      "text" : "20",
      "whiteSpace" : false
    }, {
      "id" : "s2-t26",
      "begin" : 506,
      "end" : 513,
      "text" : "percent",
      "whiteSpace" : false
    }, {
      "id" : "s2-t27",
      "begin" : 514,
      "end" : 521,
      "text" : "results",
      "whiteSpace" : false
    }, {
      "id" : "s2-t28",
      "begin" : 522,
      "end" : 524,
      "text" : "in",
      "whiteSpace" : false
    }, {
      "id" : "s2-t29",
      "begin" : 525,
      "end" : 530,
      "text" : "lower",
      "whiteSpace" : false
    }, {
      "id" : "s2-t30",
      "begin" : 531,
      "end" : 537,
      "text" : "growth",
      "whiteSpace" : false
    }, {
      "id" : "s2-t31",
      "begin" : 537,
      "end" : 538,
      "text" : "-",
      "whiteSpace" : false
    }, {
      "id" : "s2-t32",
      "begin" : 538,
      "end" : 542,
      "text" : "that",
      "whiteSpace" : false
    }, {
      "id" : "s2-t33",
      "begin" : 543,
      "end" : 545,
      "text" : "is",
      "whiteSpace" : false
    }, {
      "id" : "s2-t34",
      "begin" : 545,
      "end" : 546,
      "text" : ",",
      "whiteSpace" : false
    }, {
      "id" : "s2-t35",
      "begin" : 547,
      "end" : 551,
      "text" : "when",
      "whiteSpace" : false
    }, {
      "id" : "s2-t36",
      "begin" : 552,
      "end" : 555,
      "text" : "the",
      "whiteSpace" : false
    }, {
      "id" : "s2-t37",
      "begin" : 556,
      "end" : 560,
      "text" : "rich",
      "whiteSpace" : false
    }, {
      "id" : "s2-t38",
      "begin" : 561,
      "end" : 564,
      "text" : "get",
      "whiteSpace" : false
    }, {
      "id" : "s2-t39",
      "begin" : 565,
      "end" : 571,
      "text" : "richer",
      "whiteSpace" : false
    }, {
      "id" : "s2-t40",
      "begin" : 571,
      "end" : 572,
      "text" : ",",
      "whiteSpace" : false
    }, {
      "id" : "s2-t41",
      "begin" : 573,
      "end" : 581,
      "text" : "benefits",
      "whiteSpace" : false
    }, {
      "id" : "s2-t42",
      "begin" : 582,
      "end" : 584,
      "text" : "do",
      "whiteSpace" : false
    }, {
      "id" : "s2-t43",
      "begin" : 585,
      "end" : 588,
      "text" : "not",
      "whiteSpace" : false
    }, {
      "id" : "s2-t44",
      "begin" : 589,
      "end" : 596,
      "text" : "trickle",
      "whiteSpace" : false
    }, {
      "id" : "s2-t45",
      "begin" : 597,
      "end" : 601,
      "text" : "down",
      "whiteSpace" : false
    }, {
      "id" : "s2-t46",
      "begin" : 601,
      "end" : 602,
      "text" : ".",
      "whiteSpace" : false
    } ]
  }, {
    "id" : "s3",
    "begin" : 603,
    "end" : 776,
    "text" : "This suggests that policies need to be country specific but should focus on raising the income share of the poor, and ensuring there is no hollowing out of the middle class.",
    "tokens" : [ {
      "id" : "s3-t0",
      "begin" : 603,
      "end" : 607,
      "text" : "This",
      "whiteSpace" : false
    }, {
      "id" : "s3-t1",
      "begin" : 608,
      "end" : 616,
      "text" : "suggests",
      "whiteSpace" : false
    }, {
      "id" : "s3-t2",
      "begin" : 617,
      "end" : 621,
      "text" : "that",
      "whiteSpace" : false
    }, {
      "id" : "s3-t3",
      "begin" : 622,
      "end" : 630,
      "text" : "policies",
      "whiteSpace" : false
    }, {
      "id" : "s3-t4",
      "begin" : 631,
      "end" : 635,
      "text" : "need",
      "whiteSpace" : false
    }, {
      "id" : "s3-t5",
      "begin" : 636,
      "end" : 638,
      "text" : "to",
      "whiteSpace" : false
    }, {
      "id" : "s3-t6",
      "begin" : 639,
      "end" : 641,
      "text" : "be",
      "whiteSpace" : false
    }, {
      "id" : "s3-t7",
      "begin" : 642,
      "end" : 649,
      "text" : "country",
      "whiteSpace" : false
    }, {
      "id" : "s3-t8",
      "begin" : 650,
      "end" : 658,
      "text" : "specific",
      "whiteSpace" : false
    }, {
      "id" : "s3-t9",
      "begin" : 659,
      "end" : 662,
      "text" : "but",
      "whiteSpace" : false
    }, {
      "id" : "s3-t10",
      "begin" : 663,
      "end" : 669,
      "text" : "should",
      "whiteSpace" : false
    }, {
      "id" : "s3-t11",
      "begin" : 670,
      "end" : 675,
      "text" : "focus",
      "whiteSpace" : false
    }, {
      "id" : "s3-t12",
      "begin" : 676,
      "end" : 678,
      "text" : "on",
      "whiteSpace" : false
    }, {
      "id" : "s3-t13",
      "begin" : 679,
      "end" : 686,
      "text" : "raising",
      "whiteSpace" : false
    }, {
      "id" : "s3-t14",
      "begin" : 687,
      "end" : 690,
      "text" : "the",
      "whiteSpace" : false
    }, {
      "id" : "s3-t15",
      "begin" : 691,
      "end" : 697,
      "text" : "income",
      "whiteSpace" : false
    }, {
      "id" : "s3-t16",
      "begin" : 698,
      "end" : 703,
      "text" : "share",
      "whiteSpace" : false
    }, {
      "id" : "s3-t17",
      "begin" : 704,
      "end" : 706,
      "text" : "of",
      "whiteSpace" : false
    }, {
      "id" : "s3-t18",
      "begin" : 707,
      "end" : 710,
      "text" : "the",
      "whiteSpace" : false
    }, {
      "id" : "s3-t19",
      "begin" : 711,
      "end" : 715,
      "text" : "poor",
      "whiteSpace" : false
    }, {
      "id" : "s3-t20",
      "begin" : 715,
      "end" : 716,
      "text" : ",",
      "whiteSpace" : false
    }, {
      "id" : "s3-t21",
      "begin" : 717,
      "end" : 720,
      "text" : "and",
      "whiteSpace" : false
    }, {
      "id" : "s3-t22",
      "begin" : 721,
      "end" : 729,
      "text" : "ensuring",
      "whiteSpace" : false
    }, {
      "id" : "s3-t23",
      "begin" : 730,
      "end" : 735,
      "text" : "there",
      "whiteSpace" : false
    }, {
      "id" : "s3-t24",
      "begin" : 736,
      "end" : 738,
      "text" : "is",
      "whiteSpace" : false
    }, {
      "id" : "s3-t25",
      "begin" : 739,
      "end" : 741,
      "text" : "no",
      "whiteSpace" : false
    }, {
      "id" : "s3-t26",
      "begin" : 742,
      "end" : 751,
      "text" : "hollowing",
      "whiteSpace" : false
    }, {
      "id" : "s3-t27",
      "begin" : 752,
      "end" : 755,
      "text" : "out",
      "whiteSpace" : false
    }, {
      "id" : "s3-t28",
      "begin" : 756,
      "end" : 758,
      "text" : "of",
      "whiteSpace" : false
    }, {
      "id" : "s3-t29",
      "begin" : 759,
      "end" : 762,
      "text" : "the",
      "whiteSpace" : false
    }, {
      "id" : "s3-t30",
      "begin" : 763,
      "end" : 769,
      "text" : "middle",
      "whiteSpace" : false
    }, {
      "id" : "s3-t31",
      "begin" : 770,
      "end" : 775,
      "text" : "class",
      "whiteSpace" : false
    }, {
      "id" : "s3-t32",
      "begin" : 775,
      "end" : 776,
      "text" : ".",
      "whiteSpace" : false
    } ]
  }, {
    "id" : "s4",
    "begin" : 777,
    "end" : 997,
    "text" : "To tackle inequality, financial inclusion is imperative in emerging and developing countries while in advanced economies, policies should focus on raising human capital and skills and making tax systems more progressive.",
    "tokens" : [ {
      "id" : "s4-t0",
      "begin" : 777,
      "end" : 779,
      "text" : "To",
      "whiteSpace" : false
    }, {
      "id" : "s4-t1",
      "begin" : 780,
      "end" : 786,
      "text" : "tackle",
      "whiteSpace" : false
    }, {
      "id" : "s4-t2",
      "begin" : 787,
      "end" : 797,
      "text" : "inequality",
      "whiteSpace" : false
    }, {
      "id" : "s4-t3",
      "begin" : 797,
      "end" : 798,
      "text" : ",",
      "whiteSpace" : false
    }, {
      "id" : "s4-t4",
      "begin" : 799,
      "end" : 808,
      "text" : "financial",
      "whiteSpace" : false
    }, {
      "id" : "s4-t5",
      "begin" : 809,
      "end" : 818,
      "text" : "inclusion",
      "whiteSpace" : false
    }, {
      "id" : "s4-t6",
      "begin" : 819,
      "end" : 821,
      "text" : "is",
      "whiteSpace" : false
    }, {
      "id" : "s4-t7",
      "begin" : 822,
      "end" : 832,
      "text" : "imperative",
      "whiteSpace" : false
    }, {
      "id" : "s4-t8",
      "begin" : 833,
      "end" : 835,
      "text" : "in",
      "whiteSpace" : false
    }, {
      "id" : "s4-t9",
      "begin" : 836,
      "end" : 844,
      "text" : "emerging",
      "whiteSpace" : false
    }, {
      "id" : "s4-t10",
      "begin" : 845,
      "end" : 848,
      "text" : "and",
      "whiteSpace" : false
    }, {
      "id" : "s4-t11",
      "begin" : 849,
      "end" : 859,
      "text" : "developing",
      "whiteSpace" : false
    }, {
      "id" : "s4-t12",
      "begin" : 860,
      "end" : 869,
      "text" : "countries",
      "whiteSpace" : false
    }, {
      "id" : "s4-t13",
      "begin" : 870,
      "end" : 875,
      "text" : "while",
      "whiteSpace" : false
    }, {
      "id" : "s4-t14",
      "begin" : 876,
      "end" : 878,
      "text" : "in",
      "whiteSpace" : false
    }, {
      "id" : "s4-t15",
      "begin" : 879,
      "end" : 887,
      "text" : "advanced",
      "whiteSpace" : false
    }, {
      "id" : "s4-t16",
      "begin" : 888,
      "end" : 897,
      "text" : "economies",
      "whiteSpace" : false
    }, {
      "id" : "s4-t17",
      "begin" : 897,
      "end" : 898,
      "text" : ",",
      "whiteSpace" : false
    }, {
      "id" : "s4-t18",
      "begin" : 899,
      "end" : 907,
      "text" : "policies",
      "whiteSpace" : false
    }, {
      "id" : "s4-t19",
      "begin" : 908,
      "end" : 914,
      "text" : "should",
      "whiteSpace" : false
    }, {
      "id" : "s4-t20",
      "begin" : 915,
      "end" : 920,
      "text" : "focus",
      "whiteSpace" : false
    }, {
      "id" : "s4-t21",
      "begin" : 921,
      "end" : 923,
      "text" : "on",
      "whiteSpace" : false
    }, {
      "id" : "s4-t22",
      "begin" : 924,
      "end" : 931,
      "text" : "raising",
      "whiteSpace" : false
    }, {
      "id" : "s4-t23",
      "begin" : 932,
      "end" : 937,
      "text" : "human",
      "whiteSpace" : false
    }, {
      "id" : "s4-t24",
      "begin" : 938,
      "end" : 945,
      "text" : "capital",
      "whiteSpace" : false
    }, {
      "id" : "s4-t25",
      "begin" : 946,
      "end" : 949,
      "text" : "and",
      "whiteSpace" : false
    }, {
      "id" : "s4-t26",
      "begin" : 950,
      "end" : 956,
      "text" : "skills",
      "whiteSpace" : false
    }, {
      "id" : "s4-t27",
      "begin" : 957,
      "end" : 960,
      "text" : "and",
      "whiteSpace" : false
    }, {
      "id" : "s4-t28",
      "begin" : 961,
      "end" : 967,
      "text" : "making",
      "whiteSpace" : false
    }, {
      "id" : "s4-t29",
      "begin" : 968,
      "end" : 971,
      "text" : "tax",
      "whiteSpace" : false
    }, {
      "id" : "s4-t30",
      "begin" : 972,
      "end" : 979,
      "text" : "systems",
      "whiteSpace" : false
    }, {
      "id" : "s4-t31",
      "begin" : 980,
      "end" : 984,
      "text" : "more",
      "whiteSpace" : false
    }, {
      "id" : "s4-t32",
      "begin" : 985,
      "end" : 996,
      "text" : "progressive",
      "whiteSpace" : false
    }, {
      "id" : "s4-t33",
      "begin" : 996,
      "end" : 997,
      "text" : ".",
      "whiteSpace" : false
    } ]
  } ],
  "mentions" : [ {
    "id" : "s0-m2",
    "properties" : {
      "SIRE_MENTION_ROLE" : "evidence",
      "SIRE_ENTITY_SUBTYPE" : "NONE",
      "SIRE_MENTION_TYPE" : "NONE",
      "SIRE_MENTION_CLASS" : "SPC"
    },
    "type" : "evidence",
    "begin" : 11,
    "end" : 19,
    "inCoref" : false
  }, {
    "id" : "m1",
    "properties" : {
      "SIRE_MENTION_TYPE" : "NONE",
      "SIRE_MENTION_CLASS" : "SPC",
      "SIRE_ENTITY_SUBTYPE" : "NONE",
      "SIRE_MENTION_ROLE" : "Variable"
    },
    "type" : "Variable",
    "begin" : 34,
    "end" : 51,
    "inCoref" : false
  }, {
    "id" : "s1-m11",
    "properties" : {
      "SIRE_MENTION_ROLE" : "relation",
      "SIRE_ENTITY_SUBTYPE" : "NONE",
      "SIRE_MENTION_TYPE" : "NONE",
      "SIRE_MENTION_CLASS" : "SPC"
    },
    "type" : "relation",
    "begin" : 121,
    "end" : 128,
    "inCoref" : false
  }, {
    "id" : "m2",
    "properties" : {
      "SIRE_MENTION_TYPE" : "NONE",
      "SIRE_MENTION_CLASS" : "SPC",
      "SIRE_ENTITY_SUBTYPE" : "NONE",
      "SIRE_MENTION_ROLE" : "Variable"
    },
    "type" : "Variable",
    "begin" : 132,
    "end" : 142,
    "inCoref" : true
  }, {
    "id" : "s1-m7",
    "properties" : {
      "SIRE_MENTION_ROLE" : "relation",
      "SIRE_ENTITY_SUBTYPE" : "NONE",
      "SIRE_MENTION_TYPE" : "NONE",
      "SIRE_MENTION_CLASS" : "SPC"
    },
    "type" : "relation",
    "begin" : 191,
    "end" : 198,
    "inCoref" : false
  }, {
    "id" : "s1-m6",
    "properties" : {
      "SIRE_MENTION_ROLE" : "Variable",
      "SIRE_ENTITY_SUBTYPE" : "NONE",
      "SIRE_MENTION_TYPE" : "NONE",
      "SIRE_MENTION_CLASS" : "SPC"
    },
    "type" : "Variable",
    "begin" : 209,
    "end" : 222,
    "inCoref" : false
  }, {
    "id" : "s1-m8",
    "properties" : {
      "SIRE_MENTION_ROLE" : "relation",
      "SIRE_ENTITY_SUBTYPE" : "NONE",
      "SIRE_MENTION_TYPE" : "NONE",
      "SIRE_MENTION_CLASS" : "SPC"
    },
    "type" : "relation",
    "begin" : 223,
    "end" : 238,
    "inCoref" : false
  }, {
    "id" : "s1-m5",
    "properties" : {
      "SIRE_MENTION_ROLE" : "Variable",
      "SIRE_ENTITY_SUBTYPE" : "NONE",
      "SIRE_MENTION_TYPE" : "NONE",
      "SIRE_MENTION_CLASS" : "SPC"
    },
    "type" : "Variable",
    "begin" : 239,
    "end" : 255,
    "inCoref" : false
  }, {
    "id" : "m3",
    "properties" : {
      "SIRE_MENTION_TYPE" : "NONE",
      "SIRE_MENTION_CLASS" : "SPC",
      "SIRE_ENTITY_SUBTYPE" : "NONE",
      "SIRE_MENTION_ROLE" : "Variable"
    },
    "type" : "Variable",
    "begin" : 260,
    "end" : 273,
    "inCoref" : false
  }, {
    "id" : "s1-m9",
    "properties" : {
      "SIRE_MENTION_ROLE" : "relation",
      "SIRE_ENTITY_SUBTYPE" : "NONE",
      "SIRE_MENTION_TYPE" : "NONE",
      "SIRE_MENTION_CLASS" : "SPC"
    },
    "type" : "relation",
    "begin" : 275,
    "end" : 284,
    "inCoref" : false
  }, {
    "id" : "s1-m4",
    "properties" : {
      "SIRE_MENTION_ROLE" : "Variable",
      "SIRE_ENTITY_SUBTYPE" : "NONE",
      "SIRE_MENTION_TYPE" : "NONE",
      "SIRE_MENTION_CLASS" : "SPC"
    },
    "type" : "Variable",
    "begin" : 285,
    "end" : 305,
    "inCoref" : false
  }, {
    "id" : "s1-m10",
    "properties" : {
      "SIRE_MENTION_ROLE" : "relation",
      "SIRE_ENTITY_SUBTYPE" : "NONE",
      "SIRE_MENTION_TYPE" : "NONE",
      "SIRE_MENTION_CLASS" : "SPC"
    },
    "type" : "relation",
    "begin" : 311,
    "end" : 318,
    "inCoref" : false
  }, {
    "id" : "s1-m3",
    "properties" : {
      "SIRE_MENTION_ROLE" : "Variable",
      "SIRE_ENTITY_SUBTYPE" : "NONE",
      "SIRE_MENTION_TYPE" : "NONE",
      "SIRE_MENTION_CLASS" : "SPC"
    },
    "type" : "Variable",
    "begin" : 319,
    "end" : 338,
    "inCoref" : true
  }, {
    "id" : "s2-m9",
    "properties" : {
      "SIRE_MENTION_ROLE" : "evidence",
      "SIRE_ENTITY_SUBTYPE" : "NONE",
      "SIRE_MENTION_TYPE" : "NONE",
      "SIRE_MENTION_CLASS" : "SPC"
    },
    "type" : "evidence",
    "begin" : 367,
    "end" : 371,
    "inCoref" : false
  }, {
    "id" : "s2-m5",
    "properties" : {
      "SIRE_MENTION_ROLE" : "relation",
      "SIRE_ENTITY_SUBTYPE" : "NONE",
      "SIRE_MENTION_TYPE" : "NONE",
      "SIRE_MENTION_CLASS" : "SPC"
    },
    "type" : "relation",
    "begin" : 377,
    "end" : 387,
    "inCoref" : false
  }, {
    "id" : "s2-m4",
    "properties" : {
      "SIRE_MENTION_ROLE" : "Variable",
      "SIRE_ENTITY_SUBTYPE" : "NONE",
      "SIRE_MENTION_TYPE" : "NONE",
      "SIRE_MENTION_CLASS" : "SPC"
    },
    "type" : "Variable",
    "begin" : 392,
    "end" : 437,
    "inCoref" : false
  }, {
    "id" : "m7",
    "properties" : {
      "SIRE_MENTION_TYPE" : "NONE",
      "SIRE_MENTION_CLASS" : "SPC",
      "SIRE_MENTION_ROLE" : "relation",
      "SIRE_ENTITY_SUBTYPE" : "NONE"
    },
    "type" : "relation",
    "begin" : 447,
    "end" : 456,
    "inCoref" : false
  }, {
    "id" : "m4",
    "properties" : {
      "SIRE_MENTION_TYPE" : "NONE",
      "SIRE_MENTION_CLASS" : "SPC",
      "SIRE_ENTITY_SUBTYPE" : "NONE",
      "SIRE_MENTION_ROLE" : "Variable"
    },
    "type" : "Variable",
    "begin" : 457,
    "end" : 463,
    "inCoref" : true
  }, {
    "id" : "s2-m6",
    "properties" : {
      "SIRE_MENTION_ROLE" : "relation",
      "SIRE_ENTITY_SUBTYPE" : "NONE",
      "SIRE_MENTION_TYPE" : "NONE",
      "SIRE_MENTION_CLASS" : "SPC"
    },
    "type" : "relation",
    "begin" : 472,
    "end" : 478,
    "inCoref" : false
  }, {
    "id" : "s2-m7",
    "properties" : {
      "SIRE_MENTION_ROLE" : "Variable",
      "SIRE_ENTITY_SUBTYPE" : "NONE",
      "SIRE_MENTION_TYPE" : "NONE",
      "SIRE_MENTION_CLASS" : "SPC"
    },
    "type" : "Variable",
    "begin" : 479,
    "end" : 513,
    "inCoref" : false
  }, {
    "id" : "s2-m8",
    "properties" : {
      "SIRE_MENTION_ROLE" : "relation",
      "SIRE_ENTITY_SUBTYPE" : "NONE",
      "SIRE_MENTION_TYPE" : "NONE",
      "SIRE_MENTION_CLASS" : "SPC"
    },
    "type" : "relation",
    "begin" : 525,
    "end" : 530,
    "inCoref" : false
  }, {
    "id" : "m5",
    "properties" : {
      "SIRE_MENTION_TYPE" : "NONE",
      "SIRE_MENTION_CLASS" : "SPC",
      "SIRE_ENTITY_SUBTYPE" : "NONE",
      "SIRE_MENTION_ROLE" : "Variable"
    },
    "type" : "Variable",
    "begin" : 531,
    "end" : 537,
    "inCoref" : true
  }, {
    "id" : "s3-m2",
    "properties" : {
      "SIRE_MENTION_ROLE" : "evidence",
      "SIRE_ENTITY_SUBTYPE" : "NONE",
      "SIRE_MENTION_TYPE" : "NONE",
      "SIRE_MENTION_CLASS" : "SPC"
    },
    "type" : "evidence",
    "begin" : 608,
    "end" : 616,
    "inCoref" : false
  }, {
    "id" : "s3-m1",
    "properties" : {
      "SIRE_MENTION_ROLE" : "Variable",
      "SIRE_ENTITY_SUBTYPE" : "NONE",
      "SIRE_MENTION_TYPE" : "NONE",
      "SIRE_MENTION_CLASS" : "SPC"
    },
    "type" : "Variable",
    "begin" : 691,
    "end" : 715,
    "inCoref" : false
  }, {
    "id" : "m6",
    "properties" : {
      "SIRE_MENTION_TYPE" : "NONE",
      "SIRE_MENTION_CLASS" : "SPC",
      "SIRE_ENTITY_SUBTYPE" : "NONE",
      "SIRE_MENTION_ROLE" : "Variable"
    },
    "type" : "Variable",
    "begin" : 787,
    "end" : 797,
    "inCoref" : true
  }, {
    "id" : "s4-m2",
    "properties" : {
      "SIRE_MENTION_ROLE" : "Variable",
      "SIRE_ENTITY_SUBTYPE" : "NONE",
      "SIRE_MENTION_TYPE" : "NONE",
      "SIRE_MENTION_CLASS" : "SPC"
    },
    "type" : "Variable",
    "begin" : 799,
    "end" : 818,
    "inCoref" : true
  }, {
    "id" : "s4-m4",
    "properties" : {
      "SIRE_MENTION_ROLE" : "relation",
      "SIRE_ENTITY_SUBTYPE" : "NONE",
      "SIRE_MENTION_TYPE" : "NONE",
      "SIRE_MENTION_CLASS" : "SPC"
    },
    "type" : "relation",
    "begin" : 924,
    "end" : 931,
    "inCoref" : false
  }, {
    "id" : "s4-m3",
    "properties" : {
      "SIRE_MENTION_ROLE" : "Variable",
      "SIRE_ENTITY_SUBTYPE" : "NONE",
      "SIRE_MENTION_TYPE" : "NONE",
      "SIRE_MENTION_CLASS" : "SPC"
    },
    "type" : "Variable",
    "begin" : 932,
    "end" : 945,
    "inCoref" : false
  }, {
    "id" : "s4-m5",
    "properties" : {
      "SIRE_MENTION_ROLE" : "Variable",
      "SIRE_ENTITY_SUBTYPE" : "NONE",
      "SIRE_MENTION_TYPE" : "NONE",
      "SIRE_MENTION_CLASS" : "SPC"
    },
    "type" : "Variable",
    "begin" : 968,
    "end" : 979,
    "inCoref" : false
  } ],
  "relations" : [ {
    "id" : "s1-r1",
    "properties" : { },
    "type" : "Causal",
    "args" : [ "s1-m6", "m2" ]
  }, {
    "id" : "s1-r2",
    "properties" : { },
    "type" : "Causal",
    "args" : [ "s1-m5", "m2" ]
  }, {
    "id" : "s1-r3",
    "properties" : { },
    "type" : "Causal",
    "args" : [ "m3", "m2" ]
  }, {
    "id" : "s1-r4",
    "properties" : { },
    "type" : "Causal",
    "args" : [ "s1-m4", "m2" ]
  }, {
    "id" : "s1-r5",
    "properties" : { },
    "type" : "Causal",
    "args" : [ "s1-m3", "m2" ]
  }, {
    "id" : "s2-r1",
    "properties" : { },
    "type" : "Causal",
    "args" : [ "s2-m4", "m4" ]
  }, {
    "id" : "s2-r2",
    "properties" : { },
    "type" : "Causal",
    "args" : [ "s2-m7", "m5" ]
  } ],
  "corefs" : [ {
    "id" : "c1",
    "properties" : { },
    "mentions" : [ "m4", "m5" ]
  }, {
    "id" : "c2",
    "properties" : { },
    "mentions" : [ "m2", "m6" ]
  }, {
    "id" : "c3",
    "properties" : { },
    "mentions" : [ "s1-m3", "s4-m2" ]
  } ],
  "typeResolved" : true,
  "userResolved" : false
}