{
  "id" : "45fbb650-25c2-11ec-94b0-c7167c6b1af9-3",
  "name" : "47. Jaumotte, F., and Osorio Buitron, C. (2015), .docx",
  "createdDate" : 0,
  "version" : 3,
  "text" : "\nThe SDN examines the role of labor market institutions in the rise of income inequality in advanced economies, alongside other determinants. The evidence strongly indicates that de-unionization is associated with rising top earners' income shares and less redistribution, while eroding minimum wages are related to increases in overall income inequality. The results, however, also suggest that a lack of representativeness of unions may be associated with higher inequality. These findings do not necessarily constitute a blanket recommendation for higher unionization and minimum wages, as country-specific circumstances and potential trade-offs with other policy objectives need to be considered. Addressing inequality also requires a multipronged approach, which should include taxation reform and curbing excesses associated with financial deregulation.\n\n",
  "docLength" : 0,
  "language" : "EN",
  "status" : "SUBMITTED",
  "modifiedDate" : 1639148972752,
  "documentSet" : [ ],
  "preannotation" : [ "PRE_LW" ],
  "sentences" : [ {
    "id" : "s0",
    "begin" : 1,
    "end" : 141,
    "text" : "The SDN examines the role of labor market institutions in the rise of income inequality in advanced economies, alongside other determinants.",
    "tokens" : [ {
      "id" : "s0-t0",
      "begin" : 1,
      "end" : 4,
      "text" : "The",
      "whiteSpace" : false
    }, {
      "id" : "s0-t1",
      "begin" : 5,
      "end" : 8,
      "text" : "SDN",
      "whiteSpace" : false
    }, {
      "id" : "s0-t2",
      "begin" : 9,
      "end" : 17,
      "text" : "examines",
      "whiteSpace" : false
    }, {
      "id" : "s0-t3",
      "begin" : 18,
      "end" : 21,
      "text" : "the",
      "whiteSpace" : false
    }, {
      "id" : "s0-t4",
      "begin" : 22,
      "end" : 26,
      "text" : "role",
      "whiteSpace" : false
    }, {
      "id" : "s0-t5",
      "begin" : 27,
      "end" : 29,
      "text" : "of",
      "whiteSpace" : false
    }, {
      "id" : "s0-t6",
      "begin" : 30,
      "end" : 35,
      "text" : "labor",
      "whiteSpace" : false
    }, {
      "id" : "s0-t7",
      "begin" : 36,
      "end" : 42,
      "text" : "market",
      "whiteSpace" : false
    }, {
      "id" : "s0-t8",
      "begin" : 43,
      "end" : 55,
      "text" : "institutions",
      "whiteSpace" : false
    }, {
      "id" : "s0-t9",
      "begin" : 56,
      "end" : 58,
      "text" : "in",
      "whiteSpace" : false
    }, {
      "id" : "s0-t10",
      "begin" : 59,
      "end" : 62,
      "text" : "the",
      "whiteSpace" : false
    }, {
      "id" : "s0-t11",
      "begin" : 63,
      "end" : 67,
      "text" : "rise",
      "whiteSpace" : false
    }, {
      "id" : "s0-t12",
      "begin" : 68,
      "end" : 70,
      "text" : "of",
      "whiteSpace" : false
    }, {
      "id" : "s0-t13",
      "begin" : 71,
      "end" : 77,
      "text" : "income",
      "whiteSpace" : false
    }, {
      "id" : "s0-t14",
      "begin" : 78,
      "end" : 88,
      "text" : "inequality",
      "whiteSpace" : false
    }, {
      "id" : "s0-t15",
      "begin" : 89,
      "end" : 91,
      "text" : "in",
      "whiteSpace" : false
    }, {
      "id" : "s0-t16",
      "begin" : 92,
      "end" : 100,
      "text" : "advanced",
      "whiteSpace" : false
    }, {
      "id" : "s0-t17",
      "begin" : 101,
      "end" : 110,
      "text" : "economies",
      "whiteSpace" : false
    }, {
      "id" : "s0-t18",
      "begin" : 110,
      "end" : 111,
      "text" : ",",
      "whiteSpace" : false
    }, {
      "id" : "s0-t19",
      "begin" : 112,
      "end" : 121,
      "text" : "alongside",
      "whiteSpace" : false
    }, {
      "id" : "s0-t20",
      "begin" : 122,
      "end" : 127,
      "text" : "other",
      "whiteSpace" : false
    }, {
      "id" : "s0-t21",
      "begin" : 128,
      "end" : 140,
      "text" : "determinants",
      "whiteSpace" : false
    }, {
      "id" : "s0-t22",
      "begin" : 140,
      "end" : 141,
      "text" : ".",
      "whiteSpace" : false
    } ]
  }, {
    "id" : "s1",
    "begin" : 142,
    "end" : 355,
    "text" : "The evidence strongly indicates that de-unionization is associated with rising top earners' income shares and less redistribution, while eroding minimum wages are related to increases in overall income inequality.",
    "tokens" : [ {
      "id" : "s1-t0",
      "begin" : 142,
      "end" : 145,
      "text" : "The",
      "whiteSpace" : false
    }, {
      "id" : "s1-t1",
      "begin" : 146,
      "end" : 154,
      "text" : "evidence",
      "whiteSpace" : false
    }, {
      "id" : "s1-t2",
      "begin" : 155,
      "end" : 163,
      "text" : "strongly",
      "whiteSpace" : false
    }, {
      "id" : "s1-t3",
      "begin" : 164,
      "end" : 173,
      "text" : "indicates",
      "whiteSpace" : false
    }, {
      "id" : "s1-t4",
      "begin" : 174,
      "end" : 178,
      "text" : "that",
      "whiteSpace" : false
    }, {
      "id" : "s1-t5",
      "begin" : 179,
      "end" : 181,
      "text" : "de",
      "whiteSpace" : false
    }, {
      "id" : "s1-t6",
      "begin" : 181,
      "end" : 182,
      "text" : "-",
      "whiteSpace" : false
    }, {
      "id" : "s1-t7",
      "begin" : 182,
      "end" : 194,
      "text" : "unionization",
      "whiteSpace" : false
    }, {
      "id" : "s1-t8",
      "begin" : 195,
      "end" : 197,
      "text" : "is",
      "whiteSpace" : false
    }, {
      "id" : "s1-t9",
      "begin" : 198,
      "end" : 208,
      "text" : "associated",
      "whiteSpace" : false
    }, {
      "id" : "s1-t10",
      "begin" : 209,
      "end" : 213,
      "text" : "with",
      "whiteSpace" : false
    }, {
      "id" : "s1-t11",
      "begin" : 214,
      "end" : 220,
      "text" : "rising",
      "whiteSpace" : false
    }, {
      "id" : "s1-t12",
      "begin" : 221,
      "end" : 224,
      "text" : "top",
      "whiteSpace" : false
    }, {
      "id" : "s1-t13",
      "begin" : 225,
      "end" : 232,
      "text" : "earners",
      "whiteSpace" : false
    }, {
      "id" : "s1-t14",
      "begin" : 232,
      "end" : 233,
      "text" : "'",
      "whiteSpace" : false
    }, {
      "id" : "s1-t15",
      "begin" : 234,
      "end" : 240,
      "text" : "income",
      "whiteSpace" : false
    }, {
      "id" : "s1-t16",
      "begin" : 241,
      "end" : 247,
      "text" : "shares",
      "whiteSpace" : false
    }, {
      "id" : "s1-t17",
      "begin" : 248,
      "end" : 251,
      "text" : "and",
      "whiteSpace" : false
    }, {
      "id" : "s1-t18",
      "begin" : 252,
      "end" : 256,
      "text" : "less",
      "whiteSpace" : false
    }, {
      "id" : "s1-t19",
      "begin" : 257,
      "end" : 271,
      "text" : "redistribution",
      "whiteSpace" : false
    }, {
      "id" : "s1-t20",
      "begin" : 271,
      "end" : 272,
      "text" : ",",
      "whiteSpace" : false
    }, {
      "id" : "s1-t21",
      "begin" : 273,
      "end" : 278,
      "text" : "while",
      "whiteSpace" : false
    }, {
      "id" : "s1-t22",
      "begin" : 279,
      "end" : 286,
      "text" : "eroding",
      "whiteSpace" : false
    }, {
      "id" : "s1-t23",
      "begin" : 287,
      "end" : 294,
      "text" : "minimum",
      "whiteSpace" : false
    }, {
      "id" : "s1-t24",
      "begin" : 295,
      "end" : 300,
      "text" : "wages",
      "whiteSpace" : false
    }, {
      "id" : "s1-t25",
      "begin" : 301,
      "end" : 304,
      "text" : "are",
      "whiteSpace" : false
    }, {
      "id" : "s1-t26",
      "begin" : 305,
      "end" : 312,
      "text" : "related",
      "whiteSpace" : false
    }, {
      "id" : "s1-t27",
      "begin" : 313,
      "end" : 315,
      "text" : "to",
      "whiteSpace" : false
    }, {
      "id" : "s1-t28",
      "begin" : 316,
      "end" : 325,
      "text" : "increases",
      "whiteSpace" : false
    }, {
      "id" : "s1-t29",
      "begin" : 326,
      "end" : 328,
      "text" : "in",
      "whiteSpace" : false
    }, {
      "id" : "s1-t30",
      "begin" : 329,
      "end" : 336,
      "text" : "overall",
      "whiteSpace" : false
    }, {
      "id" : "s1-t31",
      "begin" : 337,
      "end" : 343,
      "text" : "income",
      "whiteSpace" : false
    }, {
      "id" : "s1-t32",
      "begin" : 344,
      "end" : 354,
      "text" : "inequality",
      "whiteSpace" : false
    }, {
      "id" : "s1-t33",
      "begin" : 354,
      "end" : 355,
      "text" : ".",
      "whiteSpace" : false
    } ]
  }, {
    "id" : "s2",
    "begin" : 356,
    "end" : 476,
    "text" : "The results, however, also suggest that a lack of representativeness of unions may be associated with higher inequality.",
    "tokens" : [ {
      "id" : "s2-t0",
      "begin" : 356,
      "end" : 359,
      "text" : "The",
      "whiteSpace" : false
    }, {
      "id" : "s2-t1",
      "begin" : 360,
      "end" : 367,
      "text" : "results",
      "whiteSpace" : false
    }, {
      "id" : "s2-t2",
      "begin" : 367,
      "end" : 368,
      "text" : ",",
      "whiteSpace" : false
    }, {
      "id" : "s2-t3",
      "begin" : 369,
      "end" : 376,
      "text" : "however",
      "whiteSpace" : false
    }, {
      "id" : "s2-t4",
      "begin" : 376,
      "end" : 377,
      "text" : ",",
      "whiteSpace" : false
    }, {
      "id" : "s2-t5",
      "begin" : 378,
      "end" : 382,
      "text" : "also",
      "whiteSpace" : false
    }, {
      "id" : "s2-t6",
      "begin" : 383,
      "end" : 390,
      "text" : "suggest",
      "whiteSpace" : false
    }, {
      "id" : "s2-t7",
      "begin" : 391,
      "end" : 395,
      "text" : "that",
      "whiteSpace" : false
    }, {
      "id" : "s2-t8",
      "begin" : 396,
      "end" : 397,
      "text" : "a",
      "whiteSpace" : false
    }, {
      "id" : "s2-t9",
      "begin" : 398,
      "end" : 402,
      "text" : "lack",
      "whiteSpace" : false
    }, {
      "id" : "s2-t10",
      "begin" : 403,
      "end" : 405,
      "text" : "of",
      "whiteSpace" : false
    }, {
      "id" : "s2-t11",
      "begin" : 406,
      "end" : 424,
      "text" : "representativeness",
      "whiteSpace" : false
    }, {
      "id" : "s2-t12",
      "begin" : 425,
      "end" : 427,
      "text" : "of",
      "whiteSpace" : false
    }, {
      "id" : "s2-t13",
      "begin" : 428,
      "end" : 434,
      "text" : "unions",
      "whiteSpace" : false
    }, {
      "id" : "s2-t14",
      "begin" : 435,
      "end" : 438,
      "text" : "may",
      "whiteSpace" : false
    }, {
      "id" : "s2-t15",
      "begin" : 439,
      "end" : 441,
      "text" : "be",
      "whiteSpace" : false
    }, {
      "id" : "s2-t16",
      "begin" : 442,
      "end" : 452,
      "text" : "associated",
      "whiteSpace" : false
    }, {
      "id" : "s2-t17",
      "begin" : 453,
      "end" : 457,
      "text" : "with",
      "whiteSpace" : false
    }, {
      "id" : "s2-t18",
      "begin" : 458,
      "end" : 464,
      "text" : "higher",
      "whiteSpace" : false
    }, {
      "id" : "s2-t19",
      "begin" : 465,
      "end" : 475,
      "text" : "inequality",
      "whiteSpace" : false
    }, {
      "id" : "s2-t20",
      "begin" : 475,
      "end" : 476,
      "text" : ".",
      "whiteSpace" : false
    } ]
  }, {
    "id" : "s3",
    "begin" : 477,
    "end" : 700,
    "text" : "These findings do not necessarily constitute a blanket recommendation for higher unionization and minimum wages, as country-specific circumstances and potential trade-offs with other policy objectives need to be considered.",
    "tokens" : [ {
      "id" : "s3-t0",
      "begin" : 477,
      "end" : 482,
      "text" : "These",
      "whiteSpace" : false
    }, {
      "id" : "s3-t1",
      "begin" : 483,
      "end" : 491,
      "text" : "findings",
      "whiteSpace" : false
    }, {
      "id" : "s3-t2",
      "begin" : 492,
      "end" : 494,
      "text" : "do",
      "whiteSpace" : false
    }, {
      "id" : "s3-t3",
      "begin" : 495,
      "end" : 498,
      "text" : "not",
      "whiteSpace" : false
    }, {
      "id" : "s3-t4",
      "begin" : 499,
      "end" : 510,
      "text" : "necessarily",
      "whiteSpace" : false
    }, {
      "id" : "s3-t5",
      "begin" : 511,
      "end" : 521,
      "text" : "constitute",
      "whiteSpace" : false
    }, {
      "id" : "s3-t6",
      "begin" : 522,
      "end" : 523,
      "text" : "a",
      "whiteSpace" : false
    }, {
      "id" : "s3-t7",
      "begin" : 524,
      "end" : 531,
      "text" : "blanket",
      "whiteSpace" : false
    }, {
      "id" : "s3-t8",
      "begin" : 532,
      "end" : 546,
      "text" : "recommendation",
      "whiteSpace" : false
    }, {
      "id" : "s3-t9",
      "begin" : 547,
      "end" : 550,
      "text" : "for",
      "whiteSpace" : false
    }, {
      "id" : "s3-t10",
      "begin" : 551,
      "end" : 557,
      "text" : "higher",
      "whiteSpace" : false
    }, {
      "id" : "s3-t11",
      "begin" : 558,
      "end" : 570,
      "text" : "unionization",
      "whiteSpace" : false
    }, {
      "id" : "s3-t12",
      "begin" : 571,
      "end" : 574,
      "text" : "and",
      "whiteSpace" : false
    }, {
      "id" : "s3-t13",
      "begin" : 575,
      "end" : 582,
      "text" : "minimum",
      "whiteSpace" : false
    }, {
      "id" : "s3-t14",
      "begin" : 583,
      "end" : 588,
      "text" : "wages",
      "whiteSpace" : false
    }, {
      "id" : "s3-t15",
      "begin" : 588,
      "end" : 589,
      "text" : ",",
      "whiteSpace" : false
    }, {
      "id" : "s3-t16",
      "begin" : 590,
      "end" : 592,
      "text" : "as",
      "whiteSpace" : false
    }, {
      "id" : "s3-t17",
      "begin" : 593,
      "end" : 609,
      "text" : "country-specific",
      "whiteSpace" : false
    }, {
      "id" : "s3-t18",
      "begin" : 610,
      "end" : 623,
      "text" : "circumstances",
      "whiteSpace" : false
    }, {
      "id" : "s3-t19",
      "begin" : 624,
      "end" : 627,
      "text" : "and",
      "whiteSpace" : false
    }, {
      "id" : "s3-t20",
      "begin" : 628,
      "end" : 637,
      "text" : "potential",
      "whiteSpace" : false
    }, {
      "id" : "s3-t21",
      "begin" : 638,
      "end" : 648,
      "text" : "trade-offs",
      "whiteSpace" : false
    }, {
      "id" : "s3-t22",
      "begin" : 649,
      "end" : 653,
      "text" : "with",
      "whiteSpace" : false
    }, {
      "id" : "s3-t23",
      "begin" : 654,
      "end" : 659,
      "text" : "other",
      "whiteSpace" : false
    }, {
      "id" : "s3-t24",
      "begin" : 660,
      "end" : 666,
      "text" : "policy",
      "whiteSpace" : false
    }, {
      "id" : "s3-t25",
      "begin" : 667,
      "end" : 677,
      "text" : "objectives",
      "whiteSpace" : false
    }, {
      "id" : "s3-t26",
      "begin" : 678,
      "end" : 682,
      "text" : "need",
      "whiteSpace" : false
    }, {
      "id" : "s3-t27",
      "begin" : 683,
      "end" : 685,
      "text" : "to",
      "whiteSpace" : false
    }, {
      "id" : "s3-t28",
      "begin" : 686,
      "end" : 688,
      "text" : "be",
      "whiteSpace" : false
    }, {
      "id" : "s3-t29",
      "begin" : 689,
      "end" : 699,
      "text" : "considered",
      "whiteSpace" : false
    }, {
      "id" : "s3-t30",
      "begin" : 699,
      "end" : 700,
      "text" : ".",
      "whiteSpace" : false
    } ]
  }, {
    "id" : "s4",
    "begin" : 701,
    "end" : 859,
    "text" : "Addressing inequality also requires a multipronged approach, which should include taxation reform and curbing excesses associated with financial deregulation.",
    "tokens" : [ {
      "id" : "s4-t0",
      "begin" : 701,
      "end" : 711,
      "text" : "Addressing",
      "whiteSpace" : false
    }, {
      "id" : "s4-t1",
      "begin" : 712,
      "end" : 722,
      "text" : "inequality",
      "whiteSpace" : false
    }, {
      "id" : "s4-t2",
      "begin" : 723,
      "end" : 727,
      "text" : "also",
      "whiteSpace" : false
    }, {
      "id" : "s4-t3",
      "begin" : 728,
      "end" : 736,
      "text" : "requires",
      "whiteSpace" : false
    }, {
      "id" : "s4-t4",
      "begin" : 737,
      "end" : 738,
      "text" : "a",
      "whiteSpace" : false
    }, {
      "id" : "s4-t5",
      "begin" : 739,
      "end" : 751,
      "text" : "multipronged",
      "whiteSpace" : false
    }, {
      "id" : "s4-t6",
      "begin" : 752,
      "end" : 760,
      "text" : "approach",
      "whiteSpace" : false
    }, {
      "id" : "s4-t7",
      "begin" : 760,
      "end" : 761,
      "text" : ",",
      "whiteSpace" : false
    }, {
      "id" : "s4-t8",
      "begin" : 762,
      "end" : 767,
      "text" : "which",
      "whiteSpace" : false
    }, {
      "id" : "s4-t9",
      "begin" : 768,
      "end" : 774,
      "text" : "should",
      "whiteSpace" : false
    }, {
      "id" : "s4-t10",
      "begin" : 775,
      "end" : 782,
      "text" : "include",
      "whiteSpace" : false
    }, {
      "id" : "s4-t11",
      "begin" : 783,
      "end" : 791,
      "text" : "taxation",
      "whiteSpace" : false
    }, {
      "id" : "s4-t12",
      "begin" : 792,
      "end" : 798,
      "text" : "reform",
      "whiteSpace" : false
    }, {
      "id" : "s4-t13",
      "begin" : 799,
      "end" : 802,
      "text" : "and",
      "whiteSpace" : false
    }, {
      "id" : "s4-t14",
      "begin" : 803,
      "end" : 810,
      "text" : "curbing",
      "whiteSpace" : false
    }, {
      "id" : "s4-t15",
      "begin" : 811,
      "end" : 819,
      "text" : "excesses",
      "whiteSpace" : false
    }, {
      "id" : "s4-t16",
      "begin" : 820,
      "end" : 830,
      "text" : "associated",
      "whiteSpace" : false
    }, {
      "id" : "s4-t17",
      "begin" : 831,
      "end" : 835,
      "text" : "with",
      "whiteSpace" : false
    }, {
      "id" : "s4-t18",
      "begin" : 836,
      "end" : 845,
      "text" : "financial",
      "whiteSpace" : false
    }, {
      "id" : "s4-t19",
      "begin" : 846,
      "end" : 858,
      "text" : "deregulation",
      "whiteSpace" : false
    }, {
      "id" : "s4-t20",
      "begin" : 858,
      "end" : 859,
      "text" : ".",
      "whiteSpace" : false
    } ]
  } ],
  "mentions" : [ {
    "id" : "s0-m4",
    "properties" : {
      "SIRE_MENTION_ROLE" : "evidence",
      "SIRE_ENTITY_SUBTYPE" : "NONE",
      "SIRE_MENTION_TYPE" : "NONE",
      "SIRE_MENTION_CLASS" : "SPC"
    },
    "type" : "evidence",
    "begin" : 9,
    "end" : 17,
    "inCoref" : false
  }, {
    "id" : "s0-m2",
    "properties" : {
      "SIRE_MENTION_ROLE" : "Variable",
      "SIRE_ENTITY_SUBTYPE" : "NONE",
      "SIRE_MENTION_TYPE" : "NONE",
      "SIRE_MENTION_CLASS" : "SPC"
    },
    "type" : "Variable",
    "begin" : 30,
    "end" : 55,
    "inCoref" : false
  }, {
    "id" : "s0-m3",
    "properties" : {
      "SIRE_MENTION_ROLE" : "relation",
      "SIRE_ENTITY_SUBTYPE" : "NONE",
      "SIRE_MENTION_TYPE" : "NONE",
      "SIRE_MENTION_CLASS" : "SPC"
    },
    "type" : "relation",
    "begin" : 63,
    "end" : 70,
    "inCoref" : false
  }, {
    "id" : "m1",
    "properties" : {
      "SIRE_MENTION_TYPE" : "NONE",
      "SIRE_MENTION_CLASS" : "SPC",
      "SIRE_ENTITY_SUBTYPE" : "NONE",
      "SIRE_MENTION_ROLE" : "Variable"
    },
    "type" : "Variable",
    "begin" : 71,
    "end" : 88,
    "inCoref" : true
  }, {
    "id" : "s1-m9",
    "properties" : {
      "SIRE_MENTION_ROLE" : "evidence",
      "SIRE_ENTITY_SUBTYPE" : "NONE",
      "SIRE_MENTION_TYPE" : "NONE",
      "SIRE_MENTION_CLASS" : "SPC"
    },
    "type" : "evidence",
    "begin" : 146,
    "end" : 154,
    "inCoref" : false
  }, {
    "id" : "s1-m4",
    "properties" : {
      "SIRE_MENTION_ROLE" : "Variable",
      "SIRE_ENTITY_SUBTYPE" : "NONE",
      "SIRE_MENTION_TYPE" : "NONE",
      "SIRE_MENTION_CLASS" : "SPC"
    },
    "type" : "Variable",
    "begin" : 179,
    "end" : 194,
    "inCoref" : false
  }, {
    "id" : "s1-m8",
    "properties" : {
      "SIRE_MENTION_ROLE" : "relation",
      "SIRE_ENTITY_SUBTYPE" : "NONE",
      "SIRE_MENTION_TYPE" : "NONE",
      "SIRE_MENTION_CLASS" : "SPC"
    },
    "type" : "relation",
    "begin" : 198,
    "end" : 213,
    "inCoref" : false
  }, {
    "id" : "s1-m10",
    "properties" : {
      "SIRE_MENTION_ROLE" : "relation",
      "SIRE_ENTITY_SUBTYPE" : "NONE",
      "SIRE_MENTION_TYPE" : "NONE",
      "SIRE_MENTION_CLASS" : "SPC"
    },
    "type" : "relation",
    "begin" : 214,
    "end" : 220,
    "inCoref" : false
  }, {
    "id" : "s1-m5",
    "properties" : {
      "SIRE_MENTION_ROLE" : "Variable",
      "SIRE_ENTITY_SUBTYPE" : "NONE",
      "SIRE_MENTION_TYPE" : "NONE",
      "SIRE_MENTION_CLASS" : "SPC"
    },
    "type" : "Variable",
    "begin" : 221,
    "end" : 247,
    "inCoref" : false
  }, {
    "id" : "s1-m11",
    "properties" : {
      "SIRE_MENTION_ROLE" : "relation",
      "SIRE_ENTITY_SUBTYPE" : "NONE",
      "SIRE_MENTION_TYPE" : "NONE",
      "SIRE_MENTION_CLASS" : "SPC"
    },
    "type" : "relation",
    "begin" : 252,
    "end" : 256,
    "inCoref" : false
  }, {
    "id" : "s1-m6",
    "properties" : {
      "SIRE_MENTION_ROLE" : "Variable",
      "SIRE_ENTITY_SUBTYPE" : "NONE",
      "SIRE_MENTION_TYPE" : "NONE",
      "SIRE_MENTION_CLASS" : "SPC"
    },
    "type" : "Variable",
    "begin" : 257,
    "end" : 271,
    "inCoref" : false
  }, {
    "id" : "s1-m7",
    "properties" : {
      "SIRE_MENTION_ROLE" : "Variable",
      "SIRE_ENTITY_SUBTYPE" : "NONE",
      "SIRE_MENTION_TYPE" : "NONE",
      "SIRE_MENTION_CLASS" : "SPC"
    },
    "type" : "Variable",
    "begin" : 287,
    "end" : 300,
    "inCoref" : false
  }, {
    "id" : "m7",
    "properties" : {
      "SIRE_MENTION_TYPE" : "NONE",
      "SIRE_MENTION_CLASS" : "SPC",
      "SIRE_ENTITY_SUBTYPE" : "NONE",
      "SIRE_MENTION_ROLE" : "relation"
    },
    "type" : "relation",
    "begin" : 305,
    "end" : 315,
    "inCoref" : false
  }, {
    "id" : "m6",
    "properties" : {
      "SIRE_MENTION_TYPE" : "NONE",
      "SIRE_MENTION_CLASS" : "SPC",
      "SIRE_MENTION_ROLE" : "relation",
      "SIRE_ENTITY_SUBTYPE" : "NONE"
    },
    "type" : "relation",
    "begin" : 316,
    "end" : 328,
    "inCoref" : false
  }, {
    "id" : "m2",
    "properties" : {
      "SIRE_MENTION_TYPE" : "NONE",
      "SIRE_MENTION_CLASS" : "SPC",
      "SIRE_ENTITY_SUBTYPE" : "NONE",
      "SIRE_MENTION_ROLE" : "Variable"
    },
    "type" : "Variable",
    "begin" : 337,
    "end" : 354,
    "inCoref" : true
  }, {
    "id" : "s2-m3",
    "properties" : {
      "SIRE_MENTION_ROLE" : "evidence",
      "SIRE_ENTITY_SUBTYPE" : "NONE",
      "SIRE_MENTION_TYPE" : "NONE",
      "SIRE_MENTION_CLASS" : "SPC"
    },
    "type" : "evidence",
    "begin" : 360,
    "end" : 367,
    "inCoref" : false
  }, {
    "id" : "s2-m7",
    "properties" : {
      "SIRE_MENTION_ROLE" : "evidence",
      "SIRE_ENTITY_SUBTYPE" : "NONE",
      "SIRE_MENTION_TYPE" : "NONE",
      "SIRE_MENTION_CLASS" : "SPC"
    },
    "type" : "evidence",
    "begin" : 383,
    "end" : 390,
    "inCoref" : false
  }, {
    "id" : "s2-m5",
    "properties" : {
      "SIRE_MENTION_ROLE" : "relation",
      "SIRE_ENTITY_SUBTYPE" : "NONE",
      "SIRE_MENTION_TYPE" : "NONE",
      "SIRE_MENTION_CLASS" : "SPC"
    },
    "type" : "relation",
    "begin" : 398,
    "end" : 405,
    "inCoref" : false
  }, {
    "id" : "s2-m2",
    "properties" : {
      "SIRE_MENTION_ROLE" : "Variable",
      "SIRE_ENTITY_SUBTYPE" : "NONE",
      "SIRE_MENTION_TYPE" : "NONE",
      "SIRE_MENTION_CLASS" : "SPC"
    },
    "type" : "Variable",
    "begin" : 406,
    "end" : 434,
    "inCoref" : true
  }, {
    "id" : "s2-m4",
    "properties" : {
      "SIRE_MENTION_ROLE" : "relation",
      "SIRE_ENTITY_SUBTYPE" : "NONE",
      "SIRE_MENTION_TYPE" : "NONE",
      "SIRE_MENTION_CLASS" : "SPC"
    },
    "type" : "relation",
    "begin" : 442,
    "end" : 457,
    "inCoref" : false
  }, {
    "id" : "s2-m6",
    "properties" : {
      "SIRE_MENTION_ROLE" : "relation",
      "SIRE_ENTITY_SUBTYPE" : "NONE",
      "SIRE_MENTION_TYPE" : "NONE",
      "SIRE_MENTION_CLASS" : "SPC"
    },
    "type" : "relation",
    "begin" : 458,
    "end" : 464,
    "inCoref" : false
  }, {
    "id" : "m3",
    "properties" : {
      "SIRE_MENTION_TYPE" : "NONE",
      "SIRE_MENTION_CLASS" : "SPC",
      "SIRE_ENTITY_SUBTYPE" : "NONE",
      "SIRE_MENTION_ROLE" : "Variable"
    },
    "type" : "Variable",
    "begin" : 465,
    "end" : 475,
    "inCoref" : true
  }, {
    "id" : "s3-m3",
    "properties" : {
      "SIRE_MENTION_ROLE" : "evidence",
      "SIRE_ENTITY_SUBTYPE" : "NONE",
      "SIRE_MENTION_TYPE" : "NONE",
      "SIRE_MENTION_CLASS" : "SPC"
    },
    "type" : "evidence",
    "begin" : 483,
    "end" : 491,
    "inCoref" : false
  }, {
    "id" : "s3-m4",
    "properties" : {
      "SIRE_MENTION_ROLE" : "relation",
      "SIRE_ENTITY_SUBTYPE" : "NONE",
      "SIRE_MENTION_TYPE" : "NONE",
      "SIRE_MENTION_CLASS" : "SPC"
    },
    "type" : "relation",
    "begin" : 551,
    "end" : 557,
    "inCoref" : false
  }, {
    "id" : "s3-m1",
    "properties" : {
      "SIRE_MENTION_ROLE" : "Variable",
      "SIRE_ENTITY_SUBTYPE" : "NONE",
      "SIRE_MENTION_TYPE" : "NONE",
      "SIRE_MENTION_CLASS" : "SPC"
    },
    "type" : "Variable",
    "begin" : 558,
    "end" : 570,
    "inCoref" : true
  }, {
    "id" : "s3-m2",
    "properties" : {
      "SIRE_MENTION_ROLE" : "Variable",
      "SIRE_ENTITY_SUBTYPE" : "NONE",
      "SIRE_MENTION_TYPE" : "NONE",
      "SIRE_MENTION_CLASS" : "SPC"
    },
    "type" : "Variable",
    "begin" : 575,
    "end" : 588,
    "inCoref" : false
  }, {
    "id" : "m4",
    "properties" : {
      "SIRE_MENTION_TYPE" : "NONE",
      "SIRE_MENTION_CLASS" : "SPC",
      "SIRE_ENTITY_SUBTYPE" : "NONE",
      "SIRE_MENTION_ROLE" : "Variable"
    },
    "type" : "Variable",
    "begin" : 712,
    "end" : 722,
    "inCoref" : true
  }, {
    "id" : "m5",
    "properties" : {
      "SIRE_MENTION_TYPE" : "NONE",
      "SIRE_MENTION_CLASS" : "SPC",
      "SIRE_ENTITY_SUBTYPE" : "NONE",
      "SIRE_MENTION_ROLE" : "Variable"
    },
    "type" : "Variable",
    "begin" : 783,
    "end" : 798,
    "inCoref" : false
  }, {
    "id" : "s4-m4",
    "properties" : {
      "SIRE_MENTION_ROLE" : "relation",
      "SIRE_ENTITY_SUBTYPE" : "NONE",
      "SIRE_MENTION_TYPE" : "NONE",
      "SIRE_MENTION_CLASS" : "SPC"
    },
    "type" : "relation",
    "begin" : 820,
    "end" : 835,
    "inCoref" : false
  }, {
    "id" : "s4-m3",
    "properties" : {
      "SIRE_MENTION_ROLE" : "Variable",
      "SIRE_ENTITY_SUBTYPE" : "NONE",
      "SIRE_MENTION_TYPE" : "NONE",
      "SIRE_MENTION_CLASS" : "SPC"
    },
    "type" : "Variable",
    "begin" : 836,
    "end" : 858,
    "inCoref" : false
  } ],
  "relations" : [ {
    "id" : "s1-r4",
    "properties" : { },
    "type" : "Causal",
    "args" : [ "s1-m4", "s1-m5" ]
  }, {
    "id" : "s1-r5",
    "properties" : { },
    "type" : "Causal",
    "args" : [ "s1-m4", "s1-m6" ]
  }, {
    "id" : "s1-r6",
    "properties" : { },
    "type" : "RelateCorrelation",
    "args" : [ "s1-m7", "m2" ]
  }, {
    "id" : "s2-r2",
    "properties" : { },
    "type" : "Causal",
    "args" : [ "s2-m2", "m3" ]
  }, {
    "id" : "s4-r1",
    "properties" : { },
    "type" : "Causal",
    "args" : [ "m5", "s4-m3" ]
  } ],
  "corefs" : [ {
    "id" : "c1",
    "properties" : { },
    "mentions" : [ "m1", "m2", "m3", "m4" ]
  }, {
    "id" : "c2",
    "properties" : { },
    "mentions" : [ "s2-m2", "s3-m1" ]
  } ],
  "typeResolved" : true,
  "userResolved" : false
}