{
  "id" : "45fbb650-25c2-11ec-94b0-c7167c6b1af9-7",
  "name" : "39. Harrison, A. E. (2002), ‘Has Globalization Eroded Labour’s Share’.docx",
  "createdDate" : 0,
  "version" : 3,
  "text" : "In recent years, economists and other social scientists have devoted extensive research efforts to understanding the widening wage gap between high-skill and low-skill workers. This paper focuses on a slightly different question: how has globalization affected the relative share of income going to capital and labor? Using a panel of over one hundred countries, this paper analyses trends in labor shares and examines the relationship between shares and measures of globalization. Contrary to recent literature, the evidence suggests that labor shares are not constant over time. Over the 1960 to 2000 period, labor shares in poor countries fell, while shares in rich countries rose. These changes in labor shares are driven by changes in factor endowments and government spending, as well as by traditional measures of globalization, such as trade shares, exchange rate crises, movements in foreign investment, and capital controls. In particular, the results suggest that rising trade shares and exchange rate crises reduce labor’s share, while increasing capital intensity, capital controls and government spending increase labor’s share. \n\n",
  "docLength" : 0,
  "language" : "EN",
  "status" : "SUBMITTED",
  "modifiedDate" : 1639149872868,
  "documentSet" : [ ],
  "preannotation" : [ "PRE_LW" ],
  "sentences" : [ {
    "id" : "s0",
    "begin" : 0,
    "end" : 176,
    "text" : "In recent years, economists and other social scientists have devoted extensive research efforts to understanding the widening wage gap between high-skill and low-skill workers.",
    "tokens" : [ {
      "id" : "s0-t0",
      "begin" : 0,
      "end" : 2,
      "text" : "In",
      "whiteSpace" : false
    }, {
      "id" : "s0-t1",
      "begin" : 3,
      "end" : 9,
      "text" : "recent",
      "whiteSpace" : false
    }, {
      "id" : "s0-t2",
      "begin" : 10,
      "end" : 15,
      "text" : "years",
      "whiteSpace" : false
    }, {
      "id" : "s0-t3",
      "begin" : 15,
      "end" : 16,
      "text" : ",",
      "whiteSpace" : false
    }, {
      "id" : "s0-t4",
      "begin" : 17,
      "end" : 27,
      "text" : "economists",
      "whiteSpace" : false
    }, {
      "id" : "s0-t5",
      "begin" : 28,
      "end" : 31,
      "text" : "and",
      "whiteSpace" : false
    }, {
      "id" : "s0-t6",
      "begin" : 32,
      "end" : 37,
      "text" : "other",
      "whiteSpace" : false
    }, {
      "id" : "s0-t7",
      "begin" : 38,
      "end" : 44,
      "text" : "social",
      "whiteSpace" : false
    }, {
      "id" : "s0-t8",
      "begin" : 45,
      "end" : 55,
      "text" : "scientists",
      "whiteSpace" : false
    }, {
      "id" : "s0-t9",
      "begin" : 56,
      "end" : 60,
      "text" : "have",
      "whiteSpace" : false
    }, {
      "id" : "s0-t10",
      "begin" : 61,
      "end" : 68,
      "text" : "devoted",
      "whiteSpace" : false
    }, {
      "id" : "s0-t11",
      "begin" : 69,
      "end" : 78,
      "text" : "extensive",
      "whiteSpace" : false
    }, {
      "id" : "s0-t12",
      "begin" : 79,
      "end" : 87,
      "text" : "research",
      "whiteSpace" : false
    }, {
      "id" : "s0-t13",
      "begin" : 88,
      "end" : 95,
      "text" : "efforts",
      "whiteSpace" : false
    }, {
      "id" : "s0-t14",
      "begin" : 96,
      "end" : 98,
      "text" : "to",
      "whiteSpace" : false
    }, {
      "id" : "s0-t15",
      "begin" : 99,
      "end" : 112,
      "text" : "understanding",
      "whiteSpace" : false
    }, {
      "id" : "s0-t16",
      "begin" : 113,
      "end" : 116,
      "text" : "the",
      "whiteSpace" : false
    }, {
      "id" : "s0-t17",
      "begin" : 117,
      "end" : 125,
      "text" : "widening",
      "whiteSpace" : false
    }, {
      "id" : "s0-t18",
      "begin" : 126,
      "end" : 130,
      "text" : "wage",
      "whiteSpace" : false
    }, {
      "id" : "s0-t19",
      "begin" : 131,
      "end" : 134,
      "text" : "gap",
      "whiteSpace" : false
    }, {
      "id" : "s0-t20",
      "begin" : 135,
      "end" : 142,
      "text" : "between",
      "whiteSpace" : false
    }, {
      "id" : "s0-t21",
      "begin" : 143,
      "end" : 153,
      "text" : "high-skill",
      "whiteSpace" : false
    }, {
      "id" : "s0-t22",
      "begin" : 154,
      "end" : 157,
      "text" : "and",
      "whiteSpace" : false
    }, {
      "id" : "s0-t23",
      "begin" : 158,
      "end" : 167,
      "text" : "low-skill",
      "whiteSpace" : false
    }, {
      "id" : "s0-t24",
      "begin" : 168,
      "end" : 175,
      "text" : "workers",
      "whiteSpace" : false
    }, {
      "id" : "s0-t25",
      "begin" : 175,
      "end" : 176,
      "text" : ".",
      "whiteSpace" : false
    } ]
  }, {
    "id" : "s1",
    "begin" : 177,
    "end" : 317,
    "text" : "This paper focuses on a slightly different question: how has globalization affected the relative share of income going to capital and labor?",
    "tokens" : [ {
      "id" : "s1-t0",
      "begin" : 177,
      "end" : 181,
      "text" : "This",
      "whiteSpace" : false
    }, {
      "id" : "s1-t1",
      "begin" : 182,
      "end" : 187,
      "text" : "paper",
      "whiteSpace" : false
    }, {
      "id" : "s1-t2",
      "begin" : 188,
      "end" : 195,
      "text" : "focuses",
      "whiteSpace" : false
    }, {
      "id" : "s1-t3",
      "begin" : 196,
      "end" : 198,
      "text" : "on",
      "whiteSpace" : false
    }, {
      "id" : "s1-t4",
      "begin" : 199,
      "end" : 200,
      "text" : "a",
      "whiteSpace" : false
    }, {
      "id" : "s1-t5",
      "begin" : 201,
      "end" : 209,
      "text" : "slightly",
      "whiteSpace" : false
    }, {
      "id" : "s1-t6",
      "begin" : 210,
      "end" : 219,
      "text" : "different",
      "whiteSpace" : false
    }, {
      "id" : "s1-t7",
      "begin" : 220,
      "end" : 228,
      "text" : "question",
      "whiteSpace" : false
    }, {
      "id" : "s1-t8",
      "begin" : 228,
      "end" : 229,
      "text" : ":",
      "whiteSpace" : false
    }, {
      "id" : "s1-t9",
      "begin" : 230,
      "end" : 233,
      "text" : "how",
      "whiteSpace" : false
    }, {
      "id" : "s1-t10",
      "begin" : 234,
      "end" : 237,
      "text" : "has",
      "whiteSpace" : false
    }, {
      "id" : "s1-t11",
      "begin" : 238,
      "end" : 251,
      "text" : "globalization",
      "whiteSpace" : false
    }, {
      "id" : "s1-t12",
      "begin" : 252,
      "end" : 260,
      "text" : "affected",
      "whiteSpace" : false
    }, {
      "id" : "s1-t13",
      "begin" : 261,
      "end" : 264,
      "text" : "the",
      "whiteSpace" : false
    }, {
      "id" : "s1-t14",
      "begin" : 265,
      "end" : 273,
      "text" : "relative",
      "whiteSpace" : false
    }, {
      "id" : "s1-t15",
      "begin" : 274,
      "end" : 279,
      "text" : "share",
      "whiteSpace" : false
    }, {
      "id" : "s1-t16",
      "begin" : 280,
      "end" : 282,
      "text" : "of",
      "whiteSpace" : false
    }, {
      "id" : "s1-t17",
      "begin" : 283,
      "end" : 289,
      "text" : "income",
      "whiteSpace" : false
    }, {
      "id" : "s1-t18",
      "begin" : 290,
      "end" : 295,
      "text" : "going",
      "whiteSpace" : false
    }, {
      "id" : "s1-t19",
      "begin" : 296,
      "end" : 298,
      "text" : "to",
      "whiteSpace" : false
    }, {
      "id" : "s1-t20",
      "begin" : 299,
      "end" : 306,
      "text" : "capital",
      "whiteSpace" : false
    }, {
      "id" : "s1-t21",
      "begin" : 307,
      "end" : 310,
      "text" : "and",
      "whiteSpace" : false
    }, {
      "id" : "s1-t22",
      "begin" : 311,
      "end" : 316,
      "text" : "labor",
      "whiteSpace" : false
    }, {
      "id" : "s1-t23",
      "begin" : 316,
      "end" : 317,
      "text" : "?",
      "whiteSpace" : false
    } ]
  }, {
    "id" : "s2",
    "begin" : 318,
    "end" : 481,
    "text" : "Using a panel of over one hundred countries, this paper analyses trends in labor shares and examines the relationship between shares and measures of globalization.",
    "tokens" : [ {
      "id" : "s2-t0",
      "begin" : 318,
      "end" : 323,
      "text" : "Using",
      "whiteSpace" : false
    }, {
      "id" : "s2-t1",
      "begin" : 324,
      "end" : 325,
      "text" : "a",
      "whiteSpace" : false
    }, {
      "id" : "s2-t2",
      "begin" : 326,
      "end" : 331,
      "text" : "panel",
      "whiteSpace" : false
    }, {
      "id" : "s2-t3",
      "begin" : 332,
      "end" : 334,
      "text" : "of",
      "whiteSpace" : false
    }, {
      "id" : "s2-t4",
      "begin" : 335,
      "end" : 339,
      "text" : "over",
      "whiteSpace" : false
    }, {
      "id" : "s2-t5",
      "begin" : 340,
      "end" : 343,
      "text" : "one",
      "whiteSpace" : false
    }, {
      "id" : "s2-t6",
      "begin" : 344,
      "end" : 351,
      "text" : "hundred",
      "whiteSpace" : false
    }, {
      "id" : "s2-t7",
      "begin" : 352,
      "end" : 361,
      "text" : "countries",
      "whiteSpace" : false
    }, {
      "id" : "s2-t8",
      "begin" : 361,
      "end" : 362,
      "text" : ",",
      "whiteSpace" : false
    }, {
      "id" : "s2-t9",
      "begin" : 363,
      "end" : 367,
      "text" : "this",
      "whiteSpace" : false
    }, {
      "id" : "s2-t10",
      "begin" : 368,
      "end" : 373,
      "text" : "paper",
      "whiteSpace" : false
    }, {
      "id" : "s2-t11",
      "begin" : 374,
      "end" : 382,
      "text" : "analyses",
      "whiteSpace" : false
    }, {
      "id" : "s2-t12",
      "begin" : 383,
      "end" : 389,
      "text" : "trends",
      "whiteSpace" : false
    }, {
      "id" : "s2-t13",
      "begin" : 390,
      "end" : 392,
      "text" : "in",
      "whiteSpace" : false
    }, {
      "id" : "s2-t14",
      "begin" : 393,
      "end" : 398,
      "text" : "labor",
      "whiteSpace" : false
    }, {
      "id" : "s2-t15",
      "begin" : 399,
      "end" : 405,
      "text" : "shares",
      "whiteSpace" : false
    }, {
      "id" : "s2-t16",
      "begin" : 406,
      "end" : 409,
      "text" : "and",
      "whiteSpace" : false
    }, {
      "id" : "s2-t17",
      "begin" : 410,
      "end" : 418,
      "text" : "examines",
      "whiteSpace" : false
    }, {
      "id" : "s2-t18",
      "begin" : 419,
      "end" : 422,
      "text" : "the",
      "whiteSpace" : false
    }, {
      "id" : "s2-t19",
      "begin" : 423,
      "end" : 435,
      "text" : "relationship",
      "whiteSpace" : false
    }, {
      "id" : "s2-t20",
      "begin" : 436,
      "end" : 443,
      "text" : "between",
      "whiteSpace" : false
    }, {
      "id" : "s2-t21",
      "begin" : 444,
      "end" : 450,
      "text" : "shares",
      "whiteSpace" : false
    }, {
      "id" : "s2-t22",
      "begin" : 451,
      "end" : 454,
      "text" : "and",
      "whiteSpace" : false
    }, {
      "id" : "s2-t23",
      "begin" : 455,
      "end" : 463,
      "text" : "measures",
      "whiteSpace" : false
    }, {
      "id" : "s2-t24",
      "begin" : 464,
      "end" : 466,
      "text" : "of",
      "whiteSpace" : false
    }, {
      "id" : "s2-t25",
      "begin" : 467,
      "end" : 480,
      "text" : "globalization",
      "whiteSpace" : false
    }, {
      "id" : "s2-t26",
      "begin" : 480,
      "end" : 481,
      "text" : ".",
      "whiteSpace" : false
    } ]
  }, {
    "id" : "s3",
    "begin" : 482,
    "end" : 580,
    "text" : "Contrary to recent literature, the evidence suggests that labor shares are not constant over time.",
    "tokens" : [ {
      "id" : "s3-t0",
      "begin" : 482,
      "end" : 490,
      "text" : "Contrary",
      "whiteSpace" : false
    }, {
      "id" : "s3-t1",
      "begin" : 491,
      "end" : 493,
      "text" : "to",
      "whiteSpace" : false
    }, {
      "id" : "s3-t2",
      "begin" : 494,
      "end" : 500,
      "text" : "recent",
      "whiteSpace" : false
    }, {
      "id" : "s3-t3",
      "begin" : 501,
      "end" : 511,
      "text" : "literature",
      "whiteSpace" : false
    }, {
      "id" : "s3-t4",
      "begin" : 511,
      "end" : 512,
      "text" : ",",
      "whiteSpace" : false
    }, {
      "id" : "s3-t5",
      "begin" : 513,
      "end" : 516,
      "text" : "the",
      "whiteSpace" : false
    }, {
      "id" : "s3-t6",
      "begin" : 517,
      "end" : 525,
      "text" : "evidence",
      "whiteSpace" : false
    }, {
      "id" : "s3-t7",
      "begin" : 526,
      "end" : 534,
      "text" : "suggests",
      "whiteSpace" : false
    }, {
      "id" : "s3-t8",
      "begin" : 535,
      "end" : 539,
      "text" : "that",
      "whiteSpace" : false
    }, {
      "id" : "s3-t9",
      "begin" : 540,
      "end" : 545,
      "text" : "labor",
      "whiteSpace" : false
    }, {
      "id" : "s3-t10",
      "begin" : 546,
      "end" : 552,
      "text" : "shares",
      "whiteSpace" : false
    }, {
      "id" : "s3-t11",
      "begin" : 553,
      "end" : 556,
      "text" : "are",
      "whiteSpace" : false
    }, {
      "id" : "s3-t12",
      "begin" : 557,
      "end" : 560,
      "text" : "not",
      "whiteSpace" : false
    }, {
      "id" : "s3-t13",
      "begin" : 561,
      "end" : 569,
      "text" : "constant",
      "whiteSpace" : false
    }, {
      "id" : "s3-t14",
      "begin" : 570,
      "end" : 574,
      "text" : "over",
      "whiteSpace" : false
    }, {
      "id" : "s3-t15",
      "begin" : 575,
      "end" : 579,
      "text" : "time",
      "whiteSpace" : false
    }, {
      "id" : "s3-t16",
      "begin" : 579,
      "end" : 580,
      "text" : ".",
      "whiteSpace" : false
    } ]
  }, {
    "id" : "s4",
    "begin" : 581,
    "end" : 684,
    "text" : "Over the 1960 to 2000 period, labor shares in poor countries fell, while shares in rich countries rose.",
    "tokens" : [ {
      "id" : "s4-t0",
      "begin" : 581,
      "end" : 585,
      "text" : "Over",
      "whiteSpace" : false
    }, {
      "id" : "s4-t1",
      "begin" : 586,
      "end" : 589,
      "text" : "the",
      "whiteSpace" : false
    }, {
      "id" : "s4-t2",
      "begin" : 590,
      "end" : 594,
      "text" : "1960",
      "whiteSpace" : false
    }, {
      "id" : "s4-t3",
      "begin" : 595,
      "end" : 597,
      "text" : "to",
      "whiteSpace" : false
    }, {
      "id" : "s4-t4",
      "begin" : 598,
      "end" : 602,
      "text" : "2000",
      "whiteSpace" : false
    }, {
      "id" : "s4-t5",
      "begin" : 603,
      "end" : 609,
      "text" : "period",
      "whiteSpace" : false
    }, {
      "id" : "s4-t6",
      "begin" : 609,
      "end" : 610,
      "text" : ",",
      "whiteSpace" : false
    }, {
      "id" : "s4-t7",
      "begin" : 611,
      "end" : 616,
      "text" : "labor",
      "whiteSpace" : false
    }, {
      "id" : "s4-t8",
      "begin" : 617,
      "end" : 623,
      "text" : "shares",
      "whiteSpace" : false
    }, {
      "id" : "s4-t9",
      "begin" : 624,
      "end" : 626,
      "text" : "in",
      "whiteSpace" : false
    }, {
      "id" : "s4-t10",
      "begin" : 627,
      "end" : 631,
      "text" : "poor",
      "whiteSpace" : false
    }, {
      "id" : "s4-t11",
      "begin" : 632,
      "end" : 641,
      "text" : "countries",
      "whiteSpace" : false
    }, {
      "id" : "s4-t12",
      "begin" : 642,
      "end" : 646,
      "text" : "fell",
      "whiteSpace" : false
    }, {
      "id" : "s4-t13",
      "begin" : 646,
      "end" : 647,
      "text" : ",",
      "whiteSpace" : false
    }, {
      "id" : "s4-t14",
      "begin" : 648,
      "end" : 653,
      "text" : "while",
      "whiteSpace" : false
    }, {
      "id" : "s4-t15",
      "begin" : 654,
      "end" : 660,
      "text" : "shares",
      "whiteSpace" : false
    }, {
      "id" : "s4-t16",
      "begin" : 661,
      "end" : 663,
      "text" : "in",
      "whiteSpace" : false
    }, {
      "id" : "s4-t17",
      "begin" : 664,
      "end" : 668,
      "text" : "rich",
      "whiteSpace" : false
    }, {
      "id" : "s4-t18",
      "begin" : 669,
      "end" : 678,
      "text" : "countries",
      "whiteSpace" : false
    }, {
      "id" : "s4-t19",
      "begin" : 679,
      "end" : 683,
      "text" : "rose",
      "whiteSpace" : false
    }, {
      "id" : "s4-t20",
      "begin" : 683,
      "end" : 684,
      "text" : ".",
      "whiteSpace" : false
    } ]
  }, {
    "id" : "s5",
    "begin" : 685,
    "end" : 934,
    "text" : "These changes in labor shares are driven by changes in factor endowments and government spending, as well as by traditional measures of globalization, such as trade shares, exchange rate crises, movements in foreign investment, and capital controls.",
    "tokens" : [ {
      "id" : "s5-t0",
      "begin" : 685,
      "end" : 690,
      "text" : "These",
      "whiteSpace" : false
    }, {
      "id" : "s5-t1",
      "begin" : 691,
      "end" : 698,
      "text" : "changes",
      "whiteSpace" : false
    }, {
      "id" : "s5-t2",
      "begin" : 699,
      "end" : 701,
      "text" : "in",
      "whiteSpace" : false
    }, {
      "id" : "s5-t3",
      "begin" : 702,
      "end" : 707,
      "text" : "labor",
      "whiteSpace" : false
    }, {
      "id" : "s5-t4",
      "begin" : 708,
      "end" : 714,
      "text" : "shares",
      "whiteSpace" : false
    }, {
      "id" : "s5-t5",
      "begin" : 715,
      "end" : 718,
      "text" : "are",
      "whiteSpace" : false
    }, {
      "id" : "s5-t6",
      "begin" : 719,
      "end" : 725,
      "text" : "driven",
      "whiteSpace" : false
    }, {
      "id" : "s5-t7",
      "begin" : 726,
      "end" : 728,
      "text" : "by",
      "whiteSpace" : false
    }, {
      "id" : "s5-t8",
      "begin" : 729,
      "end" : 736,
      "text" : "changes",
      "whiteSpace" : false
    }, {
      "id" : "s5-t9",
      "begin" : 737,
      "end" : 739,
      "text" : "in",
      "whiteSpace" : false
    }, {
      "id" : "s5-t10",
      "begin" : 740,
      "end" : 746,
      "text" : "factor",
      "whiteSpace" : false
    }, {
      "id" : "s5-t11",
      "begin" : 747,
      "end" : 757,
      "text" : "endowments",
      "whiteSpace" : false
    }, {
      "id" : "s5-t12",
      "begin" : 758,
      "end" : 761,
      "text" : "and",
      "whiteSpace" : false
    }, {
      "id" : "s5-t13",
      "begin" : 762,
      "end" : 772,
      "text" : "government",
      "whiteSpace" : false
    }, {
      "id" : "s5-t14",
      "begin" : 773,
      "end" : 781,
      "text" : "spending",
      "whiteSpace" : false
    }, {
      "id" : "s5-t15",
      "begin" : 781,
      "end" : 782,
      "text" : ",",
      "whiteSpace" : false
    }, {
      "id" : "s5-t16",
      "begin" : 783,
      "end" : 785,
      "text" : "as",
      "whiteSpace" : false
    }, {
      "id" : "s5-t17",
      "begin" : 786,
      "end" : 790,
      "text" : "well",
      "whiteSpace" : false
    }, {
      "id" : "s5-t18",
      "begin" : 791,
      "end" : 793,
      "text" : "as",
      "whiteSpace" : false
    }, {
      "id" : "s5-t19",
      "begin" : 794,
      "end" : 796,
      "text" : "by",
      "whiteSpace" : false
    }, {
      "id" : "s5-t20",
      "begin" : 797,
      "end" : 808,
      "text" : "traditional",
      "whiteSpace" : false
    }, {
      "id" : "s5-t21",
      "begin" : 809,
      "end" : 817,
      "text" : "measures",
      "whiteSpace" : false
    }, {
      "id" : "s5-t22",
      "begin" : 818,
      "end" : 820,
      "text" : "of",
      "whiteSpace" : false
    }, {
      "id" : "s5-t23",
      "begin" : 821,
      "end" : 834,
      "text" : "globalization",
      "whiteSpace" : false
    }, {
      "id" : "s5-t24",
      "begin" : 834,
      "end" : 835,
      "text" : ",",
      "whiteSpace" : false
    }, {
      "id" : "s5-t25",
      "begin" : 836,
      "end" : 840,
      "text" : "such",
      "whiteSpace" : false
    }, {
      "id" : "s5-t26",
      "begin" : 841,
      "end" : 843,
      "text" : "as",
      "whiteSpace" : false
    }, {
      "id" : "s5-t27",
      "begin" : 844,
      "end" : 849,
      "text" : "trade",
      "whiteSpace" : false
    }, {
      "id" : "s5-t28",
      "begin" : 850,
      "end" : 856,
      "text" : "shares",
      "whiteSpace" : false
    }, {
      "id" : "s5-t29",
      "begin" : 856,
      "end" : 857,
      "text" : ",",
      "whiteSpace" : false
    }, {
      "id" : "s5-t30",
      "begin" : 858,
      "end" : 866,
      "text" : "exchange",
      "whiteSpace" : false
    }, {
      "id" : "s5-t31",
      "begin" : 867,
      "end" : 871,
      "text" : "rate",
      "whiteSpace" : false
    }, {
      "id" : "s5-t32",
      "begin" : 872,
      "end" : 878,
      "text" : "crises",
      "whiteSpace" : false
    }, {
      "id" : "s5-t33",
      "begin" : 878,
      "end" : 879,
      "text" : ",",
      "whiteSpace" : false
    }, {
      "id" : "s5-t34",
      "begin" : 880,
      "end" : 889,
      "text" : "movements",
      "whiteSpace" : false
    }, {
      "id" : "s5-t35",
      "begin" : 890,
      "end" : 892,
      "text" : "in",
      "whiteSpace" : false
    }, {
      "id" : "s5-t36",
      "begin" : 893,
      "end" : 900,
      "text" : "foreign",
      "whiteSpace" : false
    }, {
      "id" : "s5-t37",
      "begin" : 901,
      "end" : 911,
      "text" : "investment",
      "whiteSpace" : false
    }, {
      "id" : "s5-t38",
      "begin" : 911,
      "end" : 912,
      "text" : ",",
      "whiteSpace" : false
    }, {
      "id" : "s5-t39",
      "begin" : 913,
      "end" : 916,
      "text" : "and",
      "whiteSpace" : false
    }, {
      "id" : "s5-t40",
      "begin" : 917,
      "end" : 924,
      "text" : "capital",
      "whiteSpace" : false
    }, {
      "id" : "s5-t41",
      "begin" : 925,
      "end" : 933,
      "text" : "controls",
      "whiteSpace" : false
    }, {
      "id" : "s5-t42",
      "begin" : 933,
      "end" : 934,
      "text" : ".",
      "whiteSpace" : false
    } ]
  }, {
    "id" : "s6",
    "begin" : 935,
    "end" : 1142,
    "text" : "In particular, the results suggest that rising trade shares and exchange rate crises reduce labor’s share, while increasing capital intensity, capital controls and government spending increase labor’s share.",
    "tokens" : [ {
      "id" : "s6-t0",
      "begin" : 935,
      "end" : 937,
      "text" : "In",
      "whiteSpace" : false
    }, {
      "id" : "s6-t1",
      "begin" : 938,
      "end" : 948,
      "text" : "particular",
      "whiteSpace" : false
    }, {
      "id" : "s6-t2",
      "begin" : 948,
      "end" : 949,
      "text" : ",",
      "whiteSpace" : false
    }, {
      "id" : "s6-t3",
      "begin" : 950,
      "end" : 953,
      "text" : "the",
      "whiteSpace" : false
    }, {
      "id" : "s6-t4",
      "begin" : 954,
      "end" : 961,
      "text" : "results",
      "whiteSpace" : false
    }, {
      "id" : "s6-t5",
      "begin" : 962,
      "end" : 969,
      "text" : "suggest",
      "whiteSpace" : false
    }, {
      "id" : "s6-t6",
      "begin" : 970,
      "end" : 974,
      "text" : "that",
      "whiteSpace" : false
    }, {
      "id" : "s6-t7",
      "begin" : 975,
      "end" : 981,
      "text" : "rising",
      "whiteSpace" : false
    }, {
      "id" : "s6-t8",
      "begin" : 982,
      "end" : 987,
      "text" : "trade",
      "whiteSpace" : false
    }, {
      "id" : "s6-t9",
      "begin" : 988,
      "end" : 994,
      "text" : "shares",
      "whiteSpace" : false
    }, {
      "id" : "s6-t10",
      "begin" : 995,
      "end" : 998,
      "text" : "and",
      "whiteSpace" : false
    }, {
      "id" : "s6-t11",
      "begin" : 999,
      "end" : 1007,
      "text" : "exchange",
      "whiteSpace" : false
    }, {
      "id" : "s6-t12",
      "begin" : 1008,
      "end" : 1012,
      "text" : "rate",
      "whiteSpace" : false
    }, {
      "id" : "s6-t13",
      "begin" : 1013,
      "end" : 1019,
      "text" : "crises",
      "whiteSpace" : false
    }, {
      "id" : "s6-t14",
      "begin" : 1020,
      "end" : 1026,
      "text" : "reduce",
      "whiteSpace" : false
    }, {
      "id" : "s6-t15",
      "begin" : 1027,
      "end" : 1032,
      "text" : "labor",
      "whiteSpace" : false
    }, {
      "id" : "s6-t16",
      "begin" : 1032,
      "end" : 1034,
      "text" : "’s",
      "whiteSpace" : false
    }, {
      "id" : "s6-t17",
      "begin" : 1035,
      "end" : 1040,
      "text" : "share",
      "whiteSpace" : false
    }, {
      "id" : "s6-t18",
      "begin" : 1040,
      "end" : 1041,
      "text" : ",",
      "whiteSpace" : false
    }, {
      "id" : "s6-t19",
      "begin" : 1042,
      "end" : 1047,
      "text" : "while",
      "whiteSpace" : false
    }, {
      "id" : "s6-t20",
      "begin" : 1048,
      "end" : 1058,
      "text" : "increasing",
      "whiteSpace" : false
    }, {
      "id" : "s6-t21",
      "begin" : 1059,
      "end" : 1066,
      "text" : "capital",
      "whiteSpace" : false
    }, {
      "id" : "s6-t22",
      "begin" : 1067,
      "end" : 1076,
      "text" : "intensity",
      "whiteSpace" : false
    }, {
      "id" : "s6-t23",
      "begin" : 1076,
      "end" : 1077,
      "text" : ",",
      "whiteSpace" : false
    }, {
      "id" : "s6-t24",
      "begin" : 1078,
      "end" : 1085,
      "text" : "capital",
      "whiteSpace" : false
    }, {
      "id" : "s6-t25",
      "begin" : 1086,
      "end" : 1094,
      "text" : "controls",
      "whiteSpace" : false
    }, {
      "id" : "s6-t26",
      "begin" : 1095,
      "end" : 1098,
      "text" : "and",
      "whiteSpace" : false
    }, {
      "id" : "s6-t27",
      "begin" : 1099,
      "end" : 1109,
      "text" : "government",
      "whiteSpace" : false
    }, {
      "id" : "s6-t28",
      "begin" : 1110,
      "end" : 1118,
      "text" : "spending",
      "whiteSpace" : false
    }, {
      "id" : "s6-t29",
      "begin" : 1119,
      "end" : 1127,
      "text" : "increase",
      "whiteSpace" : false
    }, {
      "id" : "s6-t30",
      "begin" : 1128,
      "end" : 1133,
      "text" : "labor",
      "whiteSpace" : false
    }, {
      "id" : "s6-t31",
      "begin" : 1133,
      "end" : 1135,
      "text" : "’s",
      "whiteSpace" : false
    }, {
      "id" : "s6-t32",
      "begin" : 1136,
      "end" : 1141,
      "text" : "share",
      "whiteSpace" : false
    }, {
      "id" : "s6-t33",
      "begin" : 1141,
      "end" : 1142,
      "text" : ".",
      "whiteSpace" : false
    } ]
  } ],
  "mentions" : [ {
    "id" : "s0-m1",
    "properties" : {
      "SIRE_MENTION_ROLE" : "Variable",
      "SIRE_ENTITY_SUBTYPE" : "NONE",
      "SIRE_MENTION_TYPE" : "NONE",
      "SIRE_MENTION_CLASS" : "SPC"
    },
    "type" : "Variable",
    "begin" : 126,
    "end" : 175,
    "inCoref" : false
  }, {
    "id" : "s1-m4",
    "properties" : {
      "SIRE_MENTION_ROLE" : "evidence",
      "SIRE_ENTITY_SUBTYPE" : "NONE",
      "SIRE_MENTION_TYPE" : "NONE",
      "SIRE_MENTION_CLASS" : "SPC"
    },
    "type" : "evidence",
    "begin" : 188,
    "end" : 198,
    "inCoref" : false
  }, {
    "id" : "m1",
    "properties" : {
      "SIRE_MENTION_TYPE" : "NONE",
      "SIRE_MENTION_CLASS" : "SPC",
      "SIRE_ENTITY_SUBTYPE" : "NONE",
      "SIRE_MENTION_ROLE" : "Variable"
    },
    "type" : "Variable",
    "begin" : 238,
    "end" : 251,
    "inCoref" : true
  }, {
    "id" : "s1-m3",
    "properties" : {
      "SIRE_MENTION_ROLE" : "relation",
      "SIRE_ENTITY_SUBTYPE" : "NONE",
      "SIRE_MENTION_TYPE" : "NONE",
      "SIRE_MENTION_CLASS" : "SPC"
    },
    "type" : "relation",
    "begin" : 252,
    "end" : 260,
    "inCoref" : false
  }, {
    "id" : "s1-m2",
    "properties" : {
      "SIRE_MENTION_ROLE" : "Variable",
      "SIRE_ENTITY_SUBTYPE" : "NONE",
      "SIRE_MENTION_TYPE" : "NONE",
      "SIRE_MENTION_CLASS" : "SPC"
    },
    "type" : "Variable",
    "begin" : 274,
    "end" : 289,
    "inCoref" : true
  }, {
    "id" : "s1-m5",
    "properties" : {
      "SIRE_MENTION_ROLE" : "Variable",
      "SIRE_ENTITY_SUBTYPE" : "NONE",
      "SIRE_MENTION_TYPE" : "NONE",
      "SIRE_MENTION_CLASS" : "SPC"
    },
    "type" : "Variable",
    "begin" : 299,
    "end" : 306,
    "inCoref" : false
  }, {
    "id" : "s1-m6",
    "properties" : {
      "SIRE_MENTION_ROLE" : "Variable",
      "SIRE_ENTITY_SUBTYPE" : "NONE",
      "SIRE_MENTION_TYPE" : "NONE",
      "SIRE_MENTION_CLASS" : "SPC"
    },
    "type" : "Variable",
    "begin" : 311,
    "end" : 316,
    "inCoref" : false
  }, {
    "id" : "s2-m5",
    "properties" : {
      "SIRE_MENTION_ROLE" : "evidence",
      "SIRE_ENTITY_SUBTYPE" : "NONE",
      "SIRE_MENTION_TYPE" : "NONE",
      "SIRE_MENTION_CLASS" : "SPC"
    },
    "type" : "evidence",
    "begin" : 374,
    "end" : 382,
    "inCoref" : false
  }, {
    "id" : "s2-m2",
    "properties" : {
      "SIRE_MENTION_ROLE" : "Variable",
      "SIRE_ENTITY_SUBTYPE" : "NONE",
      "SIRE_MENTION_TYPE" : "NONE",
      "SIRE_MENTION_CLASS" : "SPC"
    },
    "type" : "Variable",
    "begin" : 393,
    "end" : 405,
    "inCoref" : true
  }, {
    "id" : "s2-m6",
    "properties" : {
      "SIRE_MENTION_ROLE" : "evidence",
      "SIRE_ENTITY_SUBTYPE" : "NONE",
      "SIRE_MENTION_TYPE" : "NONE",
      "SIRE_MENTION_CLASS" : "SPC"
    },
    "type" : "evidence",
    "begin" : 410,
    "end" : 418,
    "inCoref" : false
  }, {
    "id" : "s2-m3",
    "properties" : {
      "SIRE_MENTION_ROLE" : "relation",
      "SIRE_ENTITY_SUBTYPE" : "NONE",
      "SIRE_MENTION_TYPE" : "NONE",
      "SIRE_MENTION_CLASS" : "SPC"
    },
    "type" : "relation",
    "begin" : 423,
    "end" : 443,
    "inCoref" : false
  }, {
    "id" : "s2-m4",
    "properties" : {
      "SIRE_MENTION_ROLE" : "Variable",
      "SIRE_ENTITY_SUBTYPE" : "NONE",
      "SIRE_MENTION_TYPE" : "NONE",
      "SIRE_MENTION_CLASS" : "SPC"
    },
    "type" : "Variable",
    "begin" : 444,
    "end" : 450,
    "inCoref" : true
  }, {
    "id" : "m2",
    "properties" : {
      "SIRE_MENTION_TYPE" : "NONE",
      "SIRE_MENTION_CLASS" : "SPC",
      "SIRE_ENTITY_SUBTYPE" : "NONE",
      "SIRE_MENTION_ROLE" : "Variable"
    },
    "type" : "Variable",
    "begin" : 467,
    "end" : 480,
    "inCoref" : true
  }, {
    "id" : "s3-m2",
    "properties" : {
      "SIRE_MENTION_ROLE" : "evidence",
      "SIRE_ENTITY_SUBTYPE" : "NONE",
      "SIRE_MENTION_TYPE" : "NONE",
      "SIRE_MENTION_CLASS" : "SPC"
    },
    "type" : "evidence",
    "begin" : 517,
    "end" : 525,
    "inCoref" : false
  }, {
    "id" : "s3-m3",
    "properties" : {
      "SIRE_MENTION_ROLE" : "evidence",
      "SIRE_ENTITY_SUBTYPE" : "NONE",
      "SIRE_MENTION_TYPE" : "NONE",
      "SIRE_MENTION_CLASS" : "SPC"
    },
    "type" : "evidence",
    "begin" : 526,
    "end" : 534,
    "inCoref" : false
  }, {
    "id" : "s3-m1",
    "properties" : {
      "SIRE_MENTION_ROLE" : "Variable",
      "SIRE_ENTITY_SUBTYPE" : "NONE",
      "SIRE_MENTION_TYPE" : "NONE",
      "SIRE_MENTION_CLASS" : "SPC"
    },
    "type" : "Variable",
    "begin" : 540,
    "end" : 552,
    "inCoref" : true
  }, {
    "id" : "s3-m4",
    "properties" : {
      "SIRE_MENTION_ROLE" : "negation",
      "SIRE_ENTITY_SUBTYPE" : "NONE",
      "SIRE_MENTION_TYPE" : "NONE",
      "SIRE_MENTION_CLASS" : "SPC"
    },
    "type" : "negation",
    "begin" : 557,
    "end" : 560,
    "inCoref" : false
  }, {
    "id" : "s4-m1",
    "properties" : {
      "SIRE_MENTION_ROLE" : "Variable",
      "SIRE_ENTITY_SUBTYPE" : "NONE",
      "SIRE_MENTION_TYPE" : "NONE",
      "SIRE_MENTION_CLASS" : "SPC"
    },
    "type" : "Variable",
    "begin" : 611,
    "end" : 623,
    "inCoref" : false
  }, {
    "id" : "s4-m2",
    "properties" : {
      "SIRE_MENTION_ROLE" : "Variable",
      "SIRE_ENTITY_SUBTYPE" : "NONE",
      "SIRE_MENTION_TYPE" : "NONE",
      "SIRE_MENTION_CLASS" : "SPC"
    },
    "type" : "Variable",
    "begin" : 654,
    "end" : 660,
    "inCoref" : false
  }, {
    "id" : "s5-m9",
    "properties" : {
      "SIRE_MENTION_ROLE" : "relation",
      "SIRE_ENTITY_SUBTYPE" : "NONE",
      "SIRE_MENTION_TYPE" : "NONE",
      "SIRE_MENTION_CLASS" : "SPC"
    },
    "type" : "relation",
    "begin" : 691,
    "end" : 701,
    "inCoref" : false
  }, {
    "id" : "s5-m8",
    "properties" : {
      "SIRE_MENTION_ROLE" : "Variable",
      "SIRE_ENTITY_SUBTYPE" : "NONE",
      "SIRE_MENTION_TYPE" : "NONE",
      "SIRE_MENTION_CLASS" : "SPC"
    },
    "type" : "Variable",
    "begin" : 702,
    "end" : 714,
    "inCoref" : true
  }, {
    "id" : "s5-m11",
    "properties" : {
      "SIRE_MENTION_ROLE" : "relation",
      "SIRE_ENTITY_SUBTYPE" : "NONE",
      "SIRE_MENTION_TYPE" : "NONE",
      "SIRE_MENTION_CLASS" : "SPC"
    },
    "type" : "relation",
    "begin" : 719,
    "end" : 728,
    "inCoref" : false
  }, {
    "id" : "s5-m10",
    "properties" : {
      "SIRE_MENTION_ROLE" : "relation",
      "SIRE_ENTITY_SUBTYPE" : "NONE",
      "SIRE_MENTION_TYPE" : "NONE",
      "SIRE_MENTION_CLASS" : "SPC"
    },
    "type" : "relation",
    "begin" : 729,
    "end" : 739,
    "inCoref" : false
  }, {
    "id" : "s5-m2",
    "properties" : {
      "SIRE_MENTION_ROLE" : "Variable",
      "SIRE_ENTITY_SUBTYPE" : "NONE",
      "SIRE_MENTION_TYPE" : "NONE",
      "SIRE_MENTION_CLASS" : "SPC"
    },
    "type" : "Variable",
    "begin" : 740,
    "end" : 757,
    "inCoref" : false
  }, {
    "id" : "s5-m3",
    "properties" : {
      "SIRE_MENTION_ROLE" : "Variable",
      "SIRE_ENTITY_SUBTYPE" : "NONE",
      "SIRE_MENTION_TYPE" : "NONE",
      "SIRE_MENTION_CLASS" : "SPC"
    },
    "type" : "Variable",
    "begin" : 762,
    "end" : 781,
    "inCoref" : true
  }, {
    "id" : "m3",
    "properties" : {
      "SIRE_MENTION_TYPE" : "NONE",
      "SIRE_MENTION_CLASS" : "SPC",
      "SIRE_ENTITY_SUBTYPE" : "NONE",
      "SIRE_MENTION_ROLE" : "Variable"
    },
    "type" : "Variable",
    "begin" : 821,
    "end" : 834,
    "inCoref" : true
  }, {
    "id" : "s5-m4",
    "properties" : {
      "SIRE_MENTION_ROLE" : "Variable",
      "SIRE_ENTITY_SUBTYPE" : "NONE",
      "SIRE_MENTION_TYPE" : "NONE",
      "SIRE_MENTION_CLASS" : "SPC"
    },
    "type" : "Variable",
    "begin" : 844,
    "end" : 856,
    "inCoref" : true
  }, {
    "id" : "s5-m5",
    "properties" : {
      "SIRE_MENTION_ROLE" : "Variable",
      "SIRE_ENTITY_SUBTYPE" : "NONE",
      "SIRE_MENTION_TYPE" : "NONE",
      "SIRE_MENTION_CLASS" : "SPC"
    },
    "type" : "Variable",
    "begin" : 858,
    "end" : 878,
    "inCoref" : true
  }, {
    "id" : "s5-m6",
    "properties" : {
      "SIRE_MENTION_ROLE" : "Variable",
      "SIRE_ENTITY_SUBTYPE" : "NONE",
      "SIRE_MENTION_TYPE" : "NONE",
      "SIRE_MENTION_CLASS" : "SPC"
    },
    "type" : "Variable",
    "begin" : 893,
    "end" : 911,
    "inCoref" : false
  }, {
    "id" : "s5-m7",
    "properties" : {
      "SIRE_MENTION_ROLE" : "Variable",
      "SIRE_ENTITY_SUBTYPE" : "NONE",
      "SIRE_MENTION_TYPE" : "NONE",
      "SIRE_MENTION_CLASS" : "SPC"
    },
    "type" : "Variable",
    "begin" : 917,
    "end" : 933,
    "inCoref" : false
  }, {
    "id" : "s6-m9",
    "properties" : {
      "SIRE_MENTION_ROLE" : "evidence",
      "SIRE_ENTITY_SUBTYPE" : "NONE",
      "SIRE_MENTION_TYPE" : "NONE",
      "SIRE_MENTION_CLASS" : "SPC"
    },
    "type" : "evidence",
    "begin" : 954,
    "end" : 961,
    "inCoref" : false
  }, {
    "id" : "s6-m13",
    "properties" : {
      "SIRE_MENTION_ROLE" : "evidence",
      "SIRE_ENTITY_SUBTYPE" : "NONE",
      "SIRE_MENTION_TYPE" : "NONE",
      "SIRE_MENTION_CLASS" : "SPC"
    },
    "type" : "evidence",
    "begin" : 962,
    "end" : 969,
    "inCoref" : false
  }, {
    "id" : "s6-m10",
    "properties" : {
      "SIRE_MENTION_ROLE" : "relation",
      "SIRE_ENTITY_SUBTYPE" : "NONE",
      "SIRE_MENTION_TYPE" : "NONE",
      "SIRE_MENTION_CLASS" : "SPC"
    },
    "type" : "relation",
    "begin" : 975,
    "end" : 981,
    "inCoref" : false
  }, {
    "id" : "s6-m2",
    "properties" : {
      "SIRE_MENTION_ROLE" : "Variable",
      "SIRE_ENTITY_SUBTYPE" : "NONE",
      "SIRE_MENTION_TYPE" : "NONE",
      "SIRE_MENTION_CLASS" : "SPC"
    },
    "type" : "Variable",
    "begin" : 982,
    "end" : 994,
    "inCoref" : true
  }, {
    "id" : "s6-m3",
    "properties" : {
      "SIRE_MENTION_ROLE" : "Variable",
      "SIRE_ENTITY_SUBTYPE" : "NONE",
      "SIRE_MENTION_TYPE" : "NONE",
      "SIRE_MENTION_CLASS" : "SPC"
    },
    "type" : "Variable",
    "begin" : 999,
    "end" : 1019,
    "inCoref" : true
  }, {
    "id" : "s6-m11",
    "properties" : {
      "SIRE_MENTION_ROLE" : "relation",
      "SIRE_ENTITY_SUBTYPE" : "NONE",
      "SIRE_MENTION_TYPE" : "NONE",
      "SIRE_MENTION_CLASS" : "SPC"
    },
    "type" : "relation",
    "begin" : 1020,
    "end" : 1026,
    "inCoref" : false
  }, {
    "id" : "s6-m4",
    "properties" : {
      "SIRE_MENTION_ROLE" : "Variable",
      "SIRE_ENTITY_SUBTYPE" : "NONE",
      "SIRE_MENTION_TYPE" : "NONE",
      "SIRE_MENTION_CLASS" : "SPC"
    },
    "type" : "Variable",
    "begin" : 1027,
    "end" : 1040,
    "inCoref" : true
  }, {
    "id" : "s6-m12",
    "properties" : {
      "SIRE_MENTION_ROLE" : "relation",
      "SIRE_ENTITY_SUBTYPE" : "NONE",
      "SIRE_MENTION_TYPE" : "NONE",
      "SIRE_MENTION_CLASS" : "SPC"
    },
    "type" : "relation",
    "begin" : 1048,
    "end" : 1058,
    "inCoref" : false
  }, {
    "id" : "s6-m5",
    "properties" : {
      "SIRE_MENTION_ROLE" : "Variable",
      "SIRE_ENTITY_SUBTYPE" : "NONE",
      "SIRE_MENTION_TYPE" : "NONE",
      "SIRE_MENTION_CLASS" : "SPC"
    },
    "type" : "Variable",
    "begin" : 1059,
    "end" : 1076,
    "inCoref" : false
  }, {
    "id" : "s6-m6",
    "properties" : {
      "SIRE_MENTION_ROLE" : "Variable",
      "SIRE_ENTITY_SUBTYPE" : "NONE",
      "SIRE_MENTION_TYPE" : "NONE",
      "SIRE_MENTION_CLASS" : "SPC"
    },
    "type" : "Variable",
    "begin" : 1078,
    "end" : 1094,
    "inCoref" : false
  }, {
    "id" : "s6-m7",
    "properties" : {
      "SIRE_MENTION_ROLE" : "Variable",
      "SIRE_ENTITY_SUBTYPE" : "NONE",
      "SIRE_MENTION_TYPE" : "NONE",
      "SIRE_MENTION_CLASS" : "SPC"
    },
    "type" : "Variable",
    "begin" : 1099,
    "end" : 1118,
    "inCoref" : true
  }, {
    "id" : "m4",
    "properties" : {
      "SIRE_MENTION_TYPE" : "NONE",
      "SIRE_MENTION_CLASS" : "SPC",
      "SIRE_MENTION_ROLE" : "relation",
      "SIRE_ENTITY_SUBTYPE" : "NONE"
    },
    "type" : "relation",
    "begin" : 1119,
    "end" : 1127,
    "inCoref" : false
  }, {
    "id" : "s6-m8",
    "properties" : {
      "SIRE_MENTION_ROLE" : "Variable",
      "SIRE_ENTITY_SUBTYPE" : "NONE",
      "SIRE_MENTION_TYPE" : "NONE",
      "SIRE_MENTION_CLASS" : "SPC"
    },
    "type" : "Variable",
    "begin" : 1128,
    "end" : 1141,
    "inCoref" : true
  } ],
  "relations" : [ {
    "id" : "s5-r8",
    "properties" : { },
    "type" : "Causal",
    "args" : [ "s5-m2", "s5-m8" ]
  }, {
    "id" : "s5-r9",
    "properties" : { },
    "type" : "Causal",
    "args" : [ "s5-m3", "s5-m8" ]
  }, {
    "id" : "s5-r10",
    "properties" : { },
    "type" : "Causal",
    "args" : [ "m3", "s5-m8" ]
  }, {
    "id" : "s5-r11",
    "properties" : { },
    "type" : "Causal",
    "args" : [ "s5-m4", "s5-m8" ]
  }, {
    "id" : "s5-r12",
    "properties" : { },
    "type" : "Causal",
    "args" : [ "s5-m5", "s5-m8" ]
  }, {
    "id" : "s5-r13",
    "properties" : { },
    "type" : "Causal",
    "args" : [ "s5-m6", "s5-m8" ]
  }, {
    "id" : "s5-r14",
    "properties" : { },
    "type" : "Causal",
    "args" : [ "s5-m7", "s5-m8" ]
  }, {
    "id" : "s6-r6",
    "properties" : { },
    "type" : "Causal",
    "args" : [ "s6-m2", "s6-m4" ]
  }, {
    "id" : "s6-r7",
    "properties" : { },
    "type" : "Causal",
    "args" : [ "s6-m3", "s6-m4" ]
  }, {
    "id" : "s6-r8",
    "properties" : { },
    "type" : "Causal",
    "args" : [ "s6-m5", "s6-m8" ]
  }, {
    "id" : "s6-r9",
    "properties" : { },
    "type" : "Causal",
    "args" : [ "s6-m6", "s6-m8" ]
  }, {
    "id" : "s6-r10",
    "properties" : { },
    "type" : "Causal",
    "args" : [ "s6-m7", "s6-m8" ]
  } ],
  "corefs" : [ {
    "id" : "c1",
    "properties" : { },
    "mentions" : [ "m1", "m2", "m3" ]
  }, {
    "id" : "c2",
    "properties" : { },
    "mentions" : [ "s1-m2", "s2-m2", "s2-m4", "s3-m1", "s5-m8", "s6-m4", "s6-m8" ]
  }, {
    "id" : "c3",
    "properties" : { },
    "mentions" : [ "s5-m3", "s6-m7" ]
  }, {
    "id" : "c4",
    "properties" : { },
    "mentions" : [ "s5-m4", "s6-m2" ]
  }, {
    "id" : "c5",
    "properties" : { },
    "mentions" : [ "s5-m5", "s6-m3" ]
  } ],
  "typeResolved" : true,
  "userResolved" : false
}