{
  "id" : "45fbb650-25c2-11ec-94b0-c7167c6b1af9-11",
  "name" : "26. Doepke, M., and Schneider, M. (2006), .docx",
  "createdDate" : 0,
  "version" : 3,
  "text" : "\nThis study quantitatively assesses the effects of inflation through changes in the value of nominal assets. It documents nominal asset positions in the United States across sectors and groups of households and estimates the wealth redistribution caused by a moderate inflation episode. The main losers from inflation are rich, old households, the major bondholders in the economy. The main winners are young, middle‐class households with fixed‐rate mortgage debt. Besides transferring resources from the old to the young, inflation is a boon for the government and a tax on foreigners. Lately, the amount of U.S. nominal assets held by foreigners has grown dramatically, increasing the potential for a large inflation‐induced wealth transfer from foreigners to domestic households.\n\n",
  "docLength" : 0,
  "language" : "EN",
  "status" : "SUBMITTED",
  "modifiedDate" : 1634123239317,
  "documentSet" : [ ],
  "preannotation" : [ "PRE_LW" ],
  "sentences" : [ {
    "id" : "s0",
    "begin" : 1,
    "end" : 108,
    "text" : "This study quantitatively assesses the effects of inflation through changes in the value of nominal assets.",
    "tokens" : [ {
      "id" : "s0-t0",
      "begin" : 1,
      "end" : 5,
      "text" : "This",
      "whiteSpace" : false
    }, {
      "id" : "s0-t1",
      "begin" : 6,
      "end" : 11,
      "text" : "study",
      "whiteSpace" : false
    }, {
      "id" : "s0-t2",
      "begin" : 12,
      "end" : 26,
      "text" : "quantitatively",
      "whiteSpace" : false
    }, {
      "id" : "s0-t3",
      "begin" : 27,
      "end" : 35,
      "text" : "assesses",
      "whiteSpace" : false
    }, {
      "id" : "s0-t4",
      "begin" : 36,
      "end" : 39,
      "text" : "the",
      "whiteSpace" : false
    }, {
      "id" : "s0-t5",
      "begin" : 40,
      "end" : 47,
      "text" : "effects",
      "whiteSpace" : false
    }, {
      "id" : "s0-t6",
      "begin" : 48,
      "end" : 50,
      "text" : "of",
      "whiteSpace" : false
    }, {
      "id" : "s0-t7",
      "begin" : 51,
      "end" : 60,
      "text" : "inflation",
      "whiteSpace" : false
    }, {
      "id" : "s0-t8",
      "begin" : 61,
      "end" : 68,
      "text" : "through",
      "whiteSpace" : false
    }, {
      "id" : "s0-t9",
      "begin" : 69,
      "end" : 76,
      "text" : "changes",
      "whiteSpace" : false
    }, {
      "id" : "s0-t10",
      "begin" : 77,
      "end" : 79,
      "text" : "in",
      "whiteSpace" : false
    }, {
      "id" : "s0-t11",
      "begin" : 80,
      "end" : 83,
      "text" : "the",
      "whiteSpace" : false
    }, {
      "id" : "s0-t12",
      "begin" : 84,
      "end" : 89,
      "text" : "value",
      "whiteSpace" : false
    }, {
      "id" : "s0-t13",
      "begin" : 90,
      "end" : 92,
      "text" : "of",
      "whiteSpace" : false
    }, {
      "id" : "s0-t14",
      "begin" : 93,
      "end" : 100,
      "text" : "nominal",
      "whiteSpace" : false
    }, {
      "id" : "s0-t15",
      "begin" : 101,
      "end" : 107,
      "text" : "assets",
      "whiteSpace" : false
    }, {
      "id" : "s0-t16",
      "begin" : 107,
      "end" : 108,
      "text" : ".",
      "whiteSpace" : false
    } ]
  }, {
    "id" : "s1",
    "begin" : 109,
    "end" : 286,
    "text" : "It documents nominal asset positions in the United States across sectors and groups of households and estimates the wealth redistribution caused by a moderate inflation episode.",
    "tokens" : [ {
      "id" : "s1-t0",
      "begin" : 109,
      "end" : 111,
      "text" : "It",
      "whiteSpace" : false
    }, {
      "id" : "s1-t1",
      "begin" : 112,
      "end" : 121,
      "text" : "documents",
      "whiteSpace" : false
    }, {
      "id" : "s1-t2",
      "begin" : 122,
      "end" : 129,
      "text" : "nominal",
      "whiteSpace" : false
    }, {
      "id" : "s1-t3",
      "begin" : 130,
      "end" : 135,
      "text" : "asset",
      "whiteSpace" : false
    }, {
      "id" : "s1-t4",
      "begin" : 136,
      "end" : 145,
      "text" : "positions",
      "whiteSpace" : false
    }, {
      "id" : "s1-t5",
      "begin" : 146,
      "end" : 148,
      "text" : "in",
      "whiteSpace" : false
    }, {
      "id" : "s1-t6",
      "begin" : 149,
      "end" : 152,
      "text" : "the",
      "whiteSpace" : false
    }, {
      "id" : "s1-t7",
      "begin" : 153,
      "end" : 159,
      "text" : "United",
      "whiteSpace" : false
    }, {
      "id" : "s1-t8",
      "begin" : 160,
      "end" : 166,
      "text" : "States",
      "whiteSpace" : false
    }, {
      "id" : "s1-t9",
      "begin" : 167,
      "end" : 173,
      "text" : "across",
      "whiteSpace" : false
    }, {
      "id" : "s1-t10",
      "begin" : 174,
      "end" : 181,
      "text" : "sectors",
      "whiteSpace" : false
    }, {
      "id" : "s1-t11",
      "begin" : 182,
      "end" : 185,
      "text" : "and",
      "whiteSpace" : false
    }, {
      "id" : "s1-t12",
      "begin" : 186,
      "end" : 192,
      "text" : "groups",
      "whiteSpace" : false
    }, {
      "id" : "s1-t13",
      "begin" : 193,
      "end" : 195,
      "text" : "of",
      "whiteSpace" : false
    }, {
      "id" : "s1-t14",
      "begin" : 196,
      "end" : 206,
      "text" : "households",
      "whiteSpace" : false
    }, {
      "id" : "s1-t15",
      "begin" : 207,
      "end" : 210,
      "text" : "and",
      "whiteSpace" : false
    }, {
      "id" : "s1-t16",
      "begin" : 211,
      "end" : 220,
      "text" : "estimates",
      "whiteSpace" : false
    }, {
      "id" : "s1-t17",
      "begin" : 221,
      "end" : 224,
      "text" : "the",
      "whiteSpace" : false
    }, {
      "id" : "s1-t18",
      "begin" : 225,
      "end" : 231,
      "text" : "wealth",
      "whiteSpace" : false
    }, {
      "id" : "s1-t19",
      "begin" : 232,
      "end" : 246,
      "text" : "redistribution",
      "whiteSpace" : false
    }, {
      "id" : "s1-t20",
      "begin" : 247,
      "end" : 253,
      "text" : "caused",
      "whiteSpace" : false
    }, {
      "id" : "s1-t21",
      "begin" : 254,
      "end" : 256,
      "text" : "by",
      "whiteSpace" : false
    }, {
      "id" : "s1-t22",
      "begin" : 257,
      "end" : 258,
      "text" : "a",
      "whiteSpace" : false
    }, {
      "id" : "s1-t23",
      "begin" : 259,
      "end" : 267,
      "text" : "moderate",
      "whiteSpace" : false
    }, {
      "id" : "s1-t24",
      "begin" : 268,
      "end" : 277,
      "text" : "inflation",
      "whiteSpace" : false
    }, {
      "id" : "s1-t25",
      "begin" : 278,
      "end" : 285,
      "text" : "episode",
      "whiteSpace" : false
    }, {
      "id" : "s1-t26",
      "begin" : 285,
      "end" : 286,
      "text" : ".",
      "whiteSpace" : false
    } ]
  }, {
    "id" : "s2",
    "begin" : 287,
    "end" : 381,
    "text" : "The main losers from inflation are rich, old households, the major bondholders in the economy.",
    "tokens" : [ {
      "id" : "s2-t0",
      "begin" : 287,
      "end" : 290,
      "text" : "The",
      "whiteSpace" : false
    }, {
      "id" : "s2-t1",
      "begin" : 291,
      "end" : 295,
      "text" : "main",
      "whiteSpace" : false
    }, {
      "id" : "s2-t2",
      "begin" : 296,
      "end" : 302,
      "text" : "losers",
      "whiteSpace" : false
    }, {
      "id" : "s2-t3",
      "begin" : 303,
      "end" : 307,
      "text" : "from",
      "whiteSpace" : false
    }, {
      "id" : "s2-t4",
      "begin" : 308,
      "end" : 317,
      "text" : "inflation",
      "whiteSpace" : false
    }, {
      "id" : "s2-t5",
      "begin" : 318,
      "end" : 321,
      "text" : "are",
      "whiteSpace" : false
    }, {
      "id" : "s2-t6",
      "begin" : 322,
      "end" : 326,
      "text" : "rich",
      "whiteSpace" : false
    }, {
      "id" : "s2-t7",
      "begin" : 326,
      "end" : 327,
      "text" : ",",
      "whiteSpace" : false
    }, {
      "id" : "s2-t8",
      "begin" : 328,
      "end" : 331,
      "text" : "old",
      "whiteSpace" : false
    }, {
      "id" : "s2-t9",
      "begin" : 332,
      "end" : 342,
      "text" : "households",
      "whiteSpace" : false
    }, {
      "id" : "s2-t10",
      "begin" : 342,
      "end" : 343,
      "text" : ",",
      "whiteSpace" : false
    }, {
      "id" : "s2-t11",
      "begin" : 344,
      "end" : 347,
      "text" : "the",
      "whiteSpace" : false
    }, {
      "id" : "s2-t12",
      "begin" : 348,
      "end" : 353,
      "text" : "major",
      "whiteSpace" : false
    }, {
      "id" : "s2-t13",
      "begin" : 354,
      "end" : 365,
      "text" : "bondholders",
      "whiteSpace" : false
    }, {
      "id" : "s2-t14",
      "begin" : 366,
      "end" : 368,
      "text" : "in",
      "whiteSpace" : false
    }, {
      "id" : "s2-t15",
      "begin" : 369,
      "end" : 372,
      "text" : "the",
      "whiteSpace" : false
    }, {
      "id" : "s2-t16",
      "begin" : 373,
      "end" : 380,
      "text" : "economy",
      "whiteSpace" : false
    }, {
      "id" : "s2-t17",
      "begin" : 380,
      "end" : 381,
      "text" : ".",
      "whiteSpace" : false
    } ]
  }, {
    "id" : "s3",
    "begin" : 382,
    "end" : 464,
    "text" : "The main winners are young, middle‐class households with fixed‐rate mortgage debt.",
    "tokens" : [ {
      "id" : "s3-t0",
      "begin" : 382,
      "end" : 385,
      "text" : "The",
      "whiteSpace" : false
    }, {
      "id" : "s3-t1",
      "begin" : 386,
      "end" : 390,
      "text" : "main",
      "whiteSpace" : false
    }, {
      "id" : "s3-t2",
      "begin" : 391,
      "end" : 398,
      "text" : "winners",
      "whiteSpace" : false
    }, {
      "id" : "s3-t3",
      "begin" : 399,
      "end" : 402,
      "text" : "are",
      "whiteSpace" : false
    }, {
      "id" : "s3-t4",
      "begin" : 403,
      "end" : 408,
      "text" : "young",
      "whiteSpace" : false
    }, {
      "id" : "s3-t5",
      "begin" : 408,
      "end" : 409,
      "text" : ",",
      "whiteSpace" : false
    }, {
      "id" : "s3-t6",
      "begin" : 410,
      "end" : 422,
      "text" : "middle‐class",
      "whiteSpace" : false
    }, {
      "id" : "s3-t7",
      "begin" : 423,
      "end" : 433,
      "text" : "households",
      "whiteSpace" : false
    }, {
      "id" : "s3-t8",
      "begin" : 434,
      "end" : 438,
      "text" : "with",
      "whiteSpace" : false
    }, {
      "id" : "s3-t9",
      "begin" : 439,
      "end" : 449,
      "text" : "fixed‐rate",
      "whiteSpace" : false
    }, {
      "id" : "s3-t10",
      "begin" : 450,
      "end" : 458,
      "text" : "mortgage",
      "whiteSpace" : false
    }, {
      "id" : "s3-t11",
      "begin" : 459,
      "end" : 463,
      "text" : "debt",
      "whiteSpace" : false
    }, {
      "id" : "s3-t12",
      "begin" : 463,
      "end" : 464,
      "text" : ".",
      "whiteSpace" : false
    } ]
  }, {
    "id" : "s4",
    "begin" : 465,
    "end" : 586,
    "text" : "Besides transferring resources from the old to the young, inflation is a boon for the government and a tax on foreigners.",
    "tokens" : [ {
      "id" : "s4-t0",
      "begin" : 465,
      "end" : 472,
      "text" : "Besides",
      "whiteSpace" : false
    }, {
      "id" : "s4-t1",
      "begin" : 473,
      "end" : 485,
      "text" : "transferring",
      "whiteSpace" : false
    }, {
      "id" : "s4-t2",
      "begin" : 486,
      "end" : 495,
      "text" : "resources",
      "whiteSpace" : false
    }, {
      "id" : "s4-t3",
      "begin" : 496,
      "end" : 500,
      "text" : "from",
      "whiteSpace" : false
    }, {
      "id" : "s4-t4",
      "begin" : 501,
      "end" : 504,
      "text" : "the",
      "whiteSpace" : false
    }, {
      "id" : "s4-t5",
      "begin" : 505,
      "end" : 508,
      "text" : "old",
      "whiteSpace" : false
    }, {
      "id" : "s4-t6",
      "begin" : 509,
      "end" : 511,
      "text" : "to",
      "whiteSpace" : false
    }, {
      "id" : "s4-t7",
      "begin" : 512,
      "end" : 515,
      "text" : "the",
      "whiteSpace" : false
    }, {
      "id" : "s4-t8",
      "begin" : 516,
      "end" : 521,
      "text" : "young",
      "whiteSpace" : false
    }, {
      "id" : "s4-t9",
      "begin" : 521,
      "end" : 522,
      "text" : ",",
      "whiteSpace" : false
    }, {
      "id" : "s4-t10",
      "begin" : 523,
      "end" : 532,
      "text" : "inflation",
      "whiteSpace" : false
    }, {
      "id" : "s4-t11",
      "begin" : 533,
      "end" : 535,
      "text" : "is",
      "whiteSpace" : false
    }, {
      "id" : "s4-t12",
      "begin" : 536,
      "end" : 537,
      "text" : "a",
      "whiteSpace" : false
    }, {
      "id" : "s4-t13",
      "begin" : 538,
      "end" : 542,
      "text" : "boon",
      "whiteSpace" : false
    }, {
      "id" : "s4-t14",
      "begin" : 543,
      "end" : 546,
      "text" : "for",
      "whiteSpace" : false
    }, {
      "id" : "s4-t15",
      "begin" : 547,
      "end" : 550,
      "text" : "the",
      "whiteSpace" : false
    }, {
      "id" : "s4-t16",
      "begin" : 551,
      "end" : 561,
      "text" : "government",
      "whiteSpace" : false
    }, {
      "id" : "s4-t17",
      "begin" : 562,
      "end" : 565,
      "text" : "and",
      "whiteSpace" : false
    }, {
      "id" : "s4-t18",
      "begin" : 566,
      "end" : 567,
      "text" : "a",
      "whiteSpace" : false
    }, {
      "id" : "s4-t19",
      "begin" : 568,
      "end" : 571,
      "text" : "tax",
      "whiteSpace" : false
    }, {
      "id" : "s4-t20",
      "begin" : 572,
      "end" : 574,
      "text" : "on",
      "whiteSpace" : false
    }, {
      "id" : "s4-t21",
      "begin" : 575,
      "end" : 585,
      "text" : "foreigners",
      "whiteSpace" : false
    }, {
      "id" : "s4-t22",
      "begin" : 585,
      "end" : 586,
      "text" : ".",
      "whiteSpace" : false
    } ]
  }, {
    "id" : "s5",
    "begin" : 587,
    "end" : 782,
    "text" : "Lately, the amount of U.S. nominal assets held by foreigners has grown dramatically, increasing the potential for a large inflation‐induced wealth transfer from foreigners to domestic households.",
    "tokens" : [ {
      "id" : "s5-t0",
      "begin" : 587,
      "end" : 593,
      "text" : "Lately",
      "whiteSpace" : false
    }, {
      "id" : "s5-t1",
      "begin" : 593,
      "end" : 594,
      "text" : ",",
      "whiteSpace" : false
    }, {
      "id" : "s5-t2",
      "begin" : 595,
      "end" : 598,
      "text" : "the",
      "whiteSpace" : false
    }, {
      "id" : "s5-t3",
      "begin" : 599,
      "end" : 605,
      "text" : "amount",
      "whiteSpace" : false
    }, {
      "id" : "s5-t4",
      "begin" : 606,
      "end" : 608,
      "text" : "of",
      "whiteSpace" : false
    }, {
      "id" : "s5-t5",
      "begin" : 609,
      "end" : 613,
      "text" : "U.S.",
      "whiteSpace" : false
    }, {
      "id" : "s5-t6",
      "begin" : 614,
      "end" : 621,
      "text" : "nominal",
      "whiteSpace" : false
    }, {
      "id" : "s5-t7",
      "begin" : 622,
      "end" : 628,
      "text" : "assets",
      "whiteSpace" : false
    }, {
      "id" : "s5-t8",
      "begin" : 629,
      "end" : 633,
      "text" : "held",
      "whiteSpace" : false
    }, {
      "id" : "s5-t9",
      "begin" : 634,
      "end" : 636,
      "text" : "by",
      "whiteSpace" : false
    }, {
      "id" : "s5-t10",
      "begin" : 637,
      "end" : 647,
      "text" : "foreigners",
      "whiteSpace" : false
    }, {
      "id" : "s5-t11",
      "begin" : 648,
      "end" : 651,
      "text" : "has",
      "whiteSpace" : false
    }, {
      "id" : "s5-t12",
      "begin" : 652,
      "end" : 657,
      "text" : "grown",
      "whiteSpace" : false
    }, {
      "id" : "s5-t13",
      "begin" : 658,
      "end" : 670,
      "text" : "dramatically",
      "whiteSpace" : false
    }, {
      "id" : "s5-t14",
      "begin" : 670,
      "end" : 671,
      "text" : ",",
      "whiteSpace" : false
    }, {
      "id" : "s5-t15",
      "begin" : 672,
      "end" : 682,
      "text" : "increasing",
      "whiteSpace" : false
    }, {
      "id" : "s5-t16",
      "begin" : 683,
      "end" : 686,
      "text" : "the",
      "whiteSpace" : false
    }, {
      "id" : "s5-t17",
      "begin" : 687,
      "end" : 696,
      "text" : "potential",
      "whiteSpace" : false
    }, {
      "id" : "s5-t18",
      "begin" : 697,
      "end" : 700,
      "text" : "for",
      "whiteSpace" : false
    }, {
      "id" : "s5-t19",
      "begin" : 701,
      "end" : 702,
      "text" : "a",
      "whiteSpace" : false
    }, {
      "id" : "s5-t20",
      "begin" : 703,
      "end" : 708,
      "text" : "large",
      "whiteSpace" : false
    }, {
      "id" : "s5-t21",
      "begin" : 709,
      "end" : 718,
      "text" : "inflation",
      "whiteSpace" : false
    }, {
      "id" : "s5-t22",
      "begin" : 718,
      "end" : 719,
      "text" : "‐",
      "whiteSpace" : false
    }, {
      "id" : "s5-t23",
      "begin" : 719,
      "end" : 726,
      "text" : "induced",
      "whiteSpace" : false
    }, {
      "id" : "s5-t24",
      "begin" : 727,
      "end" : 733,
      "text" : "wealth",
      "whiteSpace" : false
    }, {
      "id" : "s5-t25",
      "begin" : 734,
      "end" : 742,
      "text" : "transfer",
      "whiteSpace" : false
    }, {
      "id" : "s5-t26",
      "begin" : 743,
      "end" : 747,
      "text" : "from",
      "whiteSpace" : false
    }, {
      "id" : "s5-t27",
      "begin" : 748,
      "end" : 758,
      "text" : "foreigners",
      "whiteSpace" : false
    }, {
      "id" : "s5-t28",
      "begin" : 759,
      "end" : 761,
      "text" : "to",
      "whiteSpace" : false
    }, {
      "id" : "s5-t29",
      "begin" : 762,
      "end" : 770,
      "text" : "domestic",
      "whiteSpace" : false
    }, {
      "id" : "s5-t30",
      "begin" : 771,
      "end" : 781,
      "text" : "households",
      "whiteSpace" : false
    }, {
      "id" : "s5-t31",
      "begin" : 781,
      "end" : 782,
      "text" : ".",
      "whiteSpace" : false
    } ]
  } ],
  "mentions" : [ {
    "id" : "s0-m2",
    "properties" : {
      "SIRE_MENTION_ROLE" : "evidence",
      "SIRE_ENTITY_SUBTYPE" : "NONE",
      "SIRE_MENTION_TYPE" : "NONE",
      "SIRE_MENTION_CLASS" : "SPC"
    },
    "type" : "evidence",
    "begin" : 27,
    "end" : 35,
    "inCoref" : false
  }, {
    "id" : "s0-m3",
    "properties" : {
      "SIRE_MENTION_ROLE" : "relation",
      "SIRE_ENTITY_SUBTYPE" : "NONE",
      "SIRE_MENTION_TYPE" : "NONE",
      "SIRE_MENTION_CLASS" : "SPC"
    },
    "type" : "relation",
    "begin" : 40,
    "end" : 50,
    "inCoref" : false
  }, {
    "id" : "m1",
    "properties" : {
      "SIRE_MENTION_TYPE" : "NONE",
      "SIRE_MENTION_CLASS" : "SPC",
      "SIRE_ENTITY_SUBTYPE" : "NONE",
      "SIRE_MENTION_ROLE" : "Variable"
    },
    "type" : "Variable",
    "begin" : 51,
    "end" : 60,
    "inCoref" : true
  }, {
    "id" : "s0-m4",
    "properties" : {
      "SIRE_MENTION_ROLE" : "Variable",
      "SIRE_ENTITY_SUBTYPE" : "NONE",
      "SIRE_MENTION_TYPE" : "NONE",
      "SIRE_MENTION_CLASS" : "SPC"
    },
    "type" : "Variable",
    "begin" : 93,
    "end" : 107,
    "inCoref" : true
  }, {
    "id" : "s1-m2",
    "properties" : {
      "SIRE_MENTION_ROLE" : "Variable",
      "SIRE_ENTITY_SUBTYPE" : "NONE",
      "SIRE_MENTION_TYPE" : "NONE",
      "SIRE_MENTION_CLASS" : "SPC"
    },
    "type" : "Variable",
    "begin" : 122,
    "end" : 135,
    "inCoref" : true
  }, {
    "id" : "s1-m3",
    "properties" : {
      "SIRE_MENTION_ROLE" : "evidence",
      "SIRE_ENTITY_SUBTYPE" : "NONE",
      "SIRE_MENTION_TYPE" : "NONE",
      "SIRE_MENTION_CLASS" : "SPC"
    },
    "type" : "evidence",
    "begin" : 211,
    "end" : 220,
    "inCoref" : false
  }, {
    "id" : "s1-m4",
    "properties" : {
      "SIRE_MENTION_ROLE" : "Variable",
      "SIRE_ENTITY_SUBTYPE" : "NONE",
      "SIRE_MENTION_TYPE" : "NONE",
      "SIRE_MENTION_CLASS" : "SPC"
    },
    "type" : "Variable",
    "begin" : 225,
    "end" : 246,
    "inCoref" : true
  }, {
    "id" : "s1-m5",
    "properties" : {
      "SIRE_MENTION_ROLE" : "relation",
      "SIRE_ENTITY_SUBTYPE" : "NONE",
      "SIRE_MENTION_TYPE" : "NONE",
      "SIRE_MENTION_CLASS" : "SPC"
    },
    "type" : "relation",
    "begin" : 247,
    "end" : 256,
    "inCoref" : false
  }, {
    "id" : "m2",
    "properties" : {
      "SIRE_MENTION_TYPE" : "NONE",
      "SIRE_MENTION_CLASS" : "SPC",
      "SIRE_ENTITY_SUBTYPE" : "NONE",
      "SIRE_MENTION_ROLE" : "Variable"
    },
    "type" : "Variable",
    "begin" : 268,
    "end" : 277,
    "inCoref" : true
  }, {
    "id" : "m3",
    "properties" : {
      "SIRE_MENTION_TYPE" : "NONE",
      "SIRE_MENTION_CLASS" : "SPC",
      "SIRE_ENTITY_SUBTYPE" : "NONE",
      "SIRE_MENTION_ROLE" : "Variable"
    },
    "type" : "Variable",
    "begin" : 308,
    "end" : 317,
    "inCoref" : true
  }, {
    "id" : "m4",
    "properties" : {
      "SIRE_MENTION_TYPE" : "NONE",
      "SIRE_MENTION_CLASS" : "SPC",
      "SIRE_ENTITY_SUBTYPE" : "NONE",
      "SIRE_MENTION_ROLE" : "Variable"
    },
    "type" : "Variable",
    "begin" : 523,
    "end" : 532,
    "inCoref" : true
  }, {
    "id" : "s5-m2",
    "properties" : {
      "SIRE_MENTION_ROLE" : "Variable",
      "SIRE_ENTITY_SUBTYPE" : "NONE",
      "SIRE_MENTION_TYPE" : "NONE",
      "SIRE_MENTION_CLASS" : "SPC"
    },
    "type" : "Variable",
    "begin" : 614,
    "end" : 628,
    "inCoref" : true
  }, {
    "id" : "s5-m4",
    "properties" : {
      "SIRE_MENTION_ROLE" : "relation",
      "SIRE_ENTITY_SUBTYPE" : "NONE",
      "SIRE_MENTION_TYPE" : "NONE",
      "SIRE_MENTION_CLASS" : "SPC"
    },
    "type" : "relation",
    "begin" : 672,
    "end" : 682,
    "inCoref" : false
  }, {
    "id" : "m5",
    "properties" : {
      "SIRE_MENTION_TYPE" : "NONE",
      "SIRE_MENTION_CLASS" : "SPC",
      "SIRE_ENTITY_SUBTYPE" : "NONE",
      "SIRE_MENTION_ROLE" : "Variable"
    },
    "type" : "Variable",
    "begin" : 709,
    "end" : 718,
    "inCoref" : true
  }, {
    "id" : "s5-m3",
    "properties" : {
      "SIRE_MENTION_ROLE" : "Variable",
      "SIRE_ENTITY_SUBTYPE" : "NONE",
      "SIRE_MENTION_TYPE" : "NONE",
      "SIRE_MENTION_CLASS" : "SPC"
    },
    "type" : "Variable",
    "begin" : 727,
    "end" : 742,
    "inCoref" : true
  } ],
  "relations" : [ {
    "id" : "s0-r2",
    "properties" : { },
    "type" : "Causal",
    "args" : [ "s0-m4", "m1" ]
  }, {
    "id" : "s1-r1",
    "properties" : { },
    "type" : "Causal",
    "args" : [ "m2", "s1-m4" ]
  }, {
    "id" : "s5-r1",
    "properties" : { },
    "type" : "Causal",
    "args" : [ "s5-m2", "m5" ]
  }, {
    "id" : "s5-r2",
    "properties" : { },
    "type" : "Causal",
    "args" : [ "m5", "s5-m3" ]
  } ],
  "corefs" : [ {
    "id" : "c1",
    "properties" : { },
    "mentions" : [ "s0-m4", "s1-m2", "s5-m2" ]
  }, {
    "id" : "c2",
    "properties" : { },
    "mentions" : [ "m1", "m2", "m3", "m4", "m5" ]
  }, {
    "id" : "c3",
    "properties" : { },
    "mentions" : [ "s1-m4", "s5-m3" ]
  } ],
  "typeResolved" : true,
  "userResolved" : false
}