{
  "id" : "45fbb650-25c2-11ec-94b0-c7167c6b1af9-24",
  "name" : "3. Rodrik, D. (1994), .docx",
  "createdDate" : 0,
  "version" : 3,
  "text" : "We study the relationship between politics and economic growth in a simple model of endogenous growth with distributive conflict among agents endowed with varying capital/labor shares. We establish several results regarding the factor ownership of the median individual and the level of taxation, redistribution, and growth. Policies that maximize growth are optimal only for a government that cares solely about pure “capitalists.” The greater the inequality of wealth and income, the higher the rate of taxation, and the lower growth. We present empirical results that show that inequality in land and income ownership is negatively correlated with subsequent economic growth\n\n",
  "docLength" : 0,
  "language" : "EN",
  "status" : "SUBMITTED",
  "modifiedDate" : 1639149774809,
  "documentSet" : [ ],
  "preannotation" : [ "PRE_LW" ],
  "sentences" : [ {
    "id" : "s0",
    "begin" : 0,
    "end" : 184,
    "text" : "We study the relationship between politics and economic growth in a simple model of endogenous growth with distributive conflict among agents endowed with varying capital/labor shares.",
    "tokens" : [ {
      "id" : "s0-t0",
      "begin" : 0,
      "end" : 2,
      "text" : "We",
      "whiteSpace" : false
    }, {
      "id" : "s0-t1",
      "begin" : 3,
      "end" : 8,
      "text" : "study",
      "whiteSpace" : false
    }, {
      "id" : "s0-t2",
      "begin" : 9,
      "end" : 12,
      "text" : "the",
      "whiteSpace" : false
    }, {
      "id" : "s0-t3",
      "begin" : 13,
      "end" : 25,
      "text" : "relationship",
      "whiteSpace" : false
    }, {
      "id" : "s0-t4",
      "begin" : 26,
      "end" : 33,
      "text" : "between",
      "whiteSpace" : false
    }, {
      "id" : "s0-t5",
      "begin" : 34,
      "end" : 42,
      "text" : "politics",
      "whiteSpace" : false
    }, {
      "id" : "s0-t6",
      "begin" : 43,
      "end" : 46,
      "text" : "and",
      "whiteSpace" : false
    }, {
      "id" : "s0-t7",
      "begin" : 47,
      "end" : 55,
      "text" : "economic",
      "whiteSpace" : false
    }, {
      "id" : "s0-t8",
      "begin" : 56,
      "end" : 62,
      "text" : "growth",
      "whiteSpace" : false
    }, {
      "id" : "s0-t9",
      "begin" : 63,
      "end" : 65,
      "text" : "in",
      "whiteSpace" : false
    }, {
      "id" : "s0-t10",
      "begin" : 66,
      "end" : 67,
      "text" : "a",
      "whiteSpace" : false
    }, {
      "id" : "s0-t11",
      "begin" : 68,
      "end" : 74,
      "text" : "simple",
      "whiteSpace" : false
    }, {
      "id" : "s0-t12",
      "begin" : 75,
      "end" : 80,
      "text" : "model",
      "whiteSpace" : false
    }, {
      "id" : "s0-t13",
      "begin" : 81,
      "end" : 83,
      "text" : "of",
      "whiteSpace" : false
    }, {
      "id" : "s0-t14",
      "begin" : 84,
      "end" : 94,
      "text" : "endogenous",
      "whiteSpace" : false
    }, {
      "id" : "s0-t15",
      "begin" : 95,
      "end" : 101,
      "text" : "growth",
      "whiteSpace" : false
    }, {
      "id" : "s0-t16",
      "begin" : 102,
      "end" : 106,
      "text" : "with",
      "whiteSpace" : false
    }, {
      "id" : "s0-t17",
      "begin" : 107,
      "end" : 119,
      "text" : "distributive",
      "whiteSpace" : false
    }, {
      "id" : "s0-t18",
      "begin" : 120,
      "end" : 128,
      "text" : "conflict",
      "whiteSpace" : false
    }, {
      "id" : "s0-t19",
      "begin" : 129,
      "end" : 134,
      "text" : "among",
      "whiteSpace" : false
    }, {
      "id" : "s0-t20",
      "begin" : 135,
      "end" : 141,
      "text" : "agents",
      "whiteSpace" : false
    }, {
      "id" : "s0-t21",
      "begin" : 142,
      "end" : 149,
      "text" : "endowed",
      "whiteSpace" : false
    }, {
      "id" : "s0-t22",
      "begin" : 150,
      "end" : 154,
      "text" : "with",
      "whiteSpace" : false
    }, {
      "id" : "s0-t23",
      "begin" : 155,
      "end" : 162,
      "text" : "varying",
      "whiteSpace" : false
    }, {
      "id" : "s0-t24",
      "begin" : 163,
      "end" : 170,
      "text" : "capital",
      "whiteSpace" : false
    }, {
      "id" : "s0-t25",
      "begin" : 170,
      "end" : 171,
      "text" : "/",
      "whiteSpace" : false
    }, {
      "id" : "s0-t26",
      "begin" : 171,
      "end" : 176,
      "text" : "labor",
      "whiteSpace" : false
    }, {
      "id" : "s0-t27",
      "begin" : 177,
      "end" : 183,
      "text" : "shares",
      "whiteSpace" : false
    }, {
      "id" : "s0-t28",
      "begin" : 183,
      "end" : 184,
      "text" : ".",
      "whiteSpace" : false
    } ]
  }, {
    "id" : "s1",
    "begin" : 185,
    "end" : 324,
    "text" : "We establish several results regarding the factor ownership of the median individual and the level of taxation, redistribution, and growth.",
    "tokens" : [ {
      "id" : "s1-t0",
      "begin" : 185,
      "end" : 187,
      "text" : "We",
      "whiteSpace" : false
    }, {
      "id" : "s1-t1",
      "begin" : 188,
      "end" : 197,
      "text" : "establish",
      "whiteSpace" : false
    }, {
      "id" : "s1-t2",
      "begin" : 198,
      "end" : 205,
      "text" : "several",
      "whiteSpace" : false
    }, {
      "id" : "s1-t3",
      "begin" : 206,
      "end" : 213,
      "text" : "results",
      "whiteSpace" : false
    }, {
      "id" : "s1-t4",
      "begin" : 214,
      "end" : 223,
      "text" : "regarding",
      "whiteSpace" : false
    }, {
      "id" : "s1-t5",
      "begin" : 224,
      "end" : 227,
      "text" : "the",
      "whiteSpace" : false
    }, {
      "id" : "s1-t6",
      "begin" : 228,
      "end" : 234,
      "text" : "factor",
      "whiteSpace" : false
    }, {
      "id" : "s1-t7",
      "begin" : 235,
      "end" : 244,
      "text" : "ownership",
      "whiteSpace" : false
    }, {
      "id" : "s1-t8",
      "begin" : 245,
      "end" : 247,
      "text" : "of",
      "whiteSpace" : false
    }, {
      "id" : "s1-t9",
      "begin" : 248,
      "end" : 251,
      "text" : "the",
      "whiteSpace" : false
    }, {
      "id" : "s1-t10",
      "begin" : 252,
      "end" : 258,
      "text" : "median",
      "whiteSpace" : false
    }, {
      "id" : "s1-t11",
      "begin" : 259,
      "end" : 269,
      "text" : "individual",
      "whiteSpace" : false
    }, {
      "id" : "s1-t12",
      "begin" : 270,
      "end" : 273,
      "text" : "and",
      "whiteSpace" : false
    }, {
      "id" : "s1-t13",
      "begin" : 274,
      "end" : 277,
      "text" : "the",
      "whiteSpace" : false
    }, {
      "id" : "s1-t14",
      "begin" : 278,
      "end" : 283,
      "text" : "level",
      "whiteSpace" : false
    }, {
      "id" : "s1-t15",
      "begin" : 284,
      "end" : 286,
      "text" : "of",
      "whiteSpace" : false
    }, {
      "id" : "s1-t16",
      "begin" : 287,
      "end" : 295,
      "text" : "taxation",
      "whiteSpace" : false
    }, {
      "id" : "s1-t17",
      "begin" : 295,
      "end" : 296,
      "text" : ",",
      "whiteSpace" : false
    }, {
      "id" : "s1-t18",
      "begin" : 297,
      "end" : 311,
      "text" : "redistribution",
      "whiteSpace" : false
    }, {
      "id" : "s1-t19",
      "begin" : 311,
      "end" : 312,
      "text" : ",",
      "whiteSpace" : false
    }, {
      "id" : "s1-t20",
      "begin" : 313,
      "end" : 316,
      "text" : "and",
      "whiteSpace" : false
    }, {
      "id" : "s1-t21",
      "begin" : 317,
      "end" : 323,
      "text" : "growth",
      "whiteSpace" : false
    }, {
      "id" : "s1-t22",
      "begin" : 323,
      "end" : 324,
      "text" : ".",
      "whiteSpace" : false
    } ]
  }, {
    "id" : "s2",
    "begin" : 325,
    "end" : 431,
    "text" : "Policies that maximize growth are optimal only for a government that cares solely about pure “capitalists.",
    "tokens" : [ {
      "id" : "s2-t0",
      "begin" : 325,
      "end" : 333,
      "text" : "Policies",
      "whiteSpace" : false
    }, {
      "id" : "s2-t1",
      "begin" : 334,
      "end" : 338,
      "text" : "that",
      "whiteSpace" : false
    }, {
      "id" : "s2-t2",
      "begin" : 339,
      "end" : 347,
      "text" : "maximize",
      "whiteSpace" : false
    }, {
      "id" : "s2-t3",
      "begin" : 348,
      "end" : 354,
      "text" : "growth",
      "whiteSpace" : false
    }, {
      "id" : "s2-t4",
      "begin" : 355,
      "end" : 358,
      "text" : "are",
      "whiteSpace" : false
    }, {
      "id" : "s2-t5",
      "begin" : 359,
      "end" : 366,
      "text" : "optimal",
      "whiteSpace" : false
    }, {
      "id" : "s2-t6",
      "begin" : 367,
      "end" : 371,
      "text" : "only",
      "whiteSpace" : false
    }, {
      "id" : "s2-t7",
      "begin" : 372,
      "end" : 375,
      "text" : "for",
      "whiteSpace" : false
    }, {
      "id" : "s2-t8",
      "begin" : 376,
      "end" : 377,
      "text" : "a",
      "whiteSpace" : false
    }, {
      "id" : "s2-t9",
      "begin" : 378,
      "end" : 388,
      "text" : "government",
      "whiteSpace" : false
    }, {
      "id" : "s2-t10",
      "begin" : 389,
      "end" : 393,
      "text" : "that",
      "whiteSpace" : false
    }, {
      "id" : "s2-t11",
      "begin" : 394,
      "end" : 399,
      "text" : "cares",
      "whiteSpace" : false
    }, {
      "id" : "s2-t12",
      "begin" : 400,
      "end" : 406,
      "text" : "solely",
      "whiteSpace" : false
    }, {
      "id" : "s2-t13",
      "begin" : 407,
      "end" : 412,
      "text" : "about",
      "whiteSpace" : false
    }, {
      "id" : "s2-t14",
      "begin" : 413,
      "end" : 417,
      "text" : "pure",
      "whiteSpace" : false
    }, {
      "id" : "s2-t15",
      "begin" : 418,
      "end" : 419,
      "text" : "“",
      "whiteSpace" : false
    }, {
      "id" : "s2-t16",
      "begin" : 419,
      "end" : 430,
      "text" : "capitalists",
      "whiteSpace" : false
    }, {
      "id" : "s2-t17",
      "begin" : 430,
      "end" : 431,
      "text" : ".",
      "whiteSpace" : false
    } ]
  }, {
    "id" : "s3",
    "begin" : 431,
    "end" : 536,
    "text" : "” The greater the inequality of wealth and income, the higher the rate of taxation, and the lower growth.",
    "tokens" : [ {
      "id" : "s3-t0",
      "begin" : 431,
      "end" : 432,
      "text" : "”",
      "whiteSpace" : false
    }, {
      "id" : "s3-t1",
      "begin" : 433,
      "end" : 436,
      "text" : "The",
      "whiteSpace" : false
    }, {
      "id" : "s3-t2",
      "begin" : 437,
      "end" : 444,
      "text" : "greater",
      "whiteSpace" : false
    }, {
      "id" : "s3-t3",
      "begin" : 445,
      "end" : 448,
      "text" : "the",
      "whiteSpace" : false
    }, {
      "id" : "s3-t4",
      "begin" : 449,
      "end" : 459,
      "text" : "inequality",
      "whiteSpace" : false
    }, {
      "id" : "s3-t5",
      "begin" : 460,
      "end" : 462,
      "text" : "of",
      "whiteSpace" : false
    }, {
      "id" : "s3-t6",
      "begin" : 463,
      "end" : 469,
      "text" : "wealth",
      "whiteSpace" : false
    }, {
      "id" : "s3-t7",
      "begin" : 470,
      "end" : 473,
      "text" : "and",
      "whiteSpace" : false
    }, {
      "id" : "s3-t8",
      "begin" : 474,
      "end" : 480,
      "text" : "income",
      "whiteSpace" : false
    }, {
      "id" : "s3-t9",
      "begin" : 480,
      "end" : 481,
      "text" : ",",
      "whiteSpace" : false
    }, {
      "id" : "s3-t10",
      "begin" : 482,
      "end" : 485,
      "text" : "the",
      "whiteSpace" : false
    }, {
      "id" : "s3-t11",
      "begin" : 486,
      "end" : 492,
      "text" : "higher",
      "whiteSpace" : false
    }, {
      "id" : "s3-t12",
      "begin" : 493,
      "end" : 496,
      "text" : "the",
      "whiteSpace" : false
    }, {
      "id" : "s3-t13",
      "begin" : 497,
      "end" : 501,
      "text" : "rate",
      "whiteSpace" : false
    }, {
      "id" : "s3-t14",
      "begin" : 502,
      "end" : 504,
      "text" : "of",
      "whiteSpace" : false
    }, {
      "id" : "s3-t15",
      "begin" : 505,
      "end" : 513,
      "text" : "taxation",
      "whiteSpace" : false
    }, {
      "id" : "s3-t16",
      "begin" : 513,
      "end" : 514,
      "text" : ",",
      "whiteSpace" : false
    }, {
      "id" : "s3-t17",
      "begin" : 515,
      "end" : 518,
      "text" : "and",
      "whiteSpace" : false
    }, {
      "id" : "s3-t18",
      "begin" : 519,
      "end" : 522,
      "text" : "the",
      "whiteSpace" : false
    }, {
      "id" : "s3-t19",
      "begin" : 523,
      "end" : 528,
      "text" : "lower",
      "whiteSpace" : false
    }, {
      "id" : "s3-t20",
      "begin" : 529,
      "end" : 535,
      "text" : "growth",
      "whiteSpace" : false
    }, {
      "id" : "s3-t21",
      "begin" : 535,
      "end" : 536,
      "text" : ".",
      "whiteSpace" : false
    } ]
  }, {
    "id" : "s4",
    "begin" : 537,
    "end" : 677,
    "text" : "We present empirical results that show that inequality in land and income ownership is negatively correlated with subsequent economic growth",
    "tokens" : [ {
      "id" : "s4-t0",
      "begin" : 537,
      "end" : 539,
      "text" : "We",
      "whiteSpace" : false
    }, {
      "id" : "s4-t1",
      "begin" : 540,
      "end" : 547,
      "text" : "present",
      "whiteSpace" : false
    }, {
      "id" : "s4-t2",
      "begin" : 548,
      "end" : 557,
      "text" : "empirical",
      "whiteSpace" : false
    }, {
      "id" : "s4-t3",
      "begin" : 558,
      "end" : 565,
      "text" : "results",
      "whiteSpace" : false
    }, {
      "id" : "s4-t4",
      "begin" : 566,
      "end" : 570,
      "text" : "that",
      "whiteSpace" : false
    }, {
      "id" : "s4-t5",
      "begin" : 571,
      "end" : 575,
      "text" : "show",
      "whiteSpace" : false
    }, {
      "id" : "s4-t6",
      "begin" : 576,
      "end" : 580,
      "text" : "that",
      "whiteSpace" : false
    }, {
      "id" : "s4-t7",
      "begin" : 581,
      "end" : 591,
      "text" : "inequality",
      "whiteSpace" : false
    }, {
      "id" : "s4-t8",
      "begin" : 592,
      "end" : 594,
      "text" : "in",
      "whiteSpace" : false
    }, {
      "id" : "s4-t9",
      "begin" : 595,
      "end" : 599,
      "text" : "land",
      "whiteSpace" : false
    }, {
      "id" : "s4-t10",
      "begin" : 600,
      "end" : 603,
      "text" : "and",
      "whiteSpace" : false
    }, {
      "id" : "s4-t11",
      "begin" : 604,
      "end" : 610,
      "text" : "income",
      "whiteSpace" : false
    }, {
      "id" : "s4-t12",
      "begin" : 611,
      "end" : 620,
      "text" : "ownership",
      "whiteSpace" : false
    }, {
      "id" : "s4-t13",
      "begin" : 621,
      "end" : 623,
      "text" : "is",
      "whiteSpace" : false
    }, {
      "id" : "s4-t14",
      "begin" : 624,
      "end" : 634,
      "text" : "negatively",
      "whiteSpace" : false
    }, {
      "id" : "s4-t15",
      "begin" : 635,
      "end" : 645,
      "text" : "correlated",
      "whiteSpace" : false
    }, {
      "id" : "s4-t16",
      "begin" : 646,
      "end" : 650,
      "text" : "with",
      "whiteSpace" : false
    }, {
      "id" : "s4-t17",
      "begin" : 651,
      "end" : 661,
      "text" : "subsequent",
      "whiteSpace" : false
    }, {
      "id" : "s4-t18",
      "begin" : 662,
      "end" : 670,
      "text" : "economic",
      "whiteSpace" : false
    }, {
      "id" : "s4-t19",
      "begin" : 671,
      "end" : 677,
      "text" : "growth",
      "whiteSpace" : false
    } ]
  } ],
  "mentions" : [ {
    "id" : "s0-m4",
    "properties" : {
      "SIRE_MENTION_ROLE" : "evidence",
      "SIRE_ENTITY_SUBTYPE" : "NONE",
      "SIRE_MENTION_TYPE" : "NONE",
      "SIRE_MENTION_CLASS" : "SPC"
    },
    "type" : "evidence",
    "begin" : 3,
    "end" : 8,
    "inCoref" : false
  }, {
    "id" : "s0-m3",
    "properties" : {
      "SIRE_MENTION_ROLE" : "relation",
      "SIRE_ENTITY_SUBTYPE" : "NONE",
      "SIRE_MENTION_TYPE" : "NONE",
      "SIRE_MENTION_CLASS" : "SPC"
    },
    "type" : "relation",
    "begin" : 13,
    "end" : 33,
    "inCoref" : false
  }, {
    "id" : "s0-m5",
    "properties" : {
      "SIRE_MENTION_ROLE" : "Variable",
      "SIRE_ENTITY_SUBTYPE" : "NONE",
      "SIRE_MENTION_TYPE" : "NONE",
      "SIRE_MENTION_CLASS" : "SPC"
    },
    "type" : "Variable",
    "begin" : 34,
    "end" : 42,
    "inCoref" : false
  }, {
    "id" : "m1",
    "properties" : {
      "SIRE_MENTION_TYPE" : "NONE",
      "SIRE_MENTION_CLASS" : "SPC",
      "SIRE_ENTITY_SUBTYPE" : "NONE",
      "SIRE_MENTION_ROLE" : "Variable"
    },
    "type" : "Variable",
    "begin" : 47,
    "end" : 62,
    "inCoref" : true
  }, {
    "id" : "m2",
    "properties" : {
      "SIRE_MENTION_TYPE" : "NONE",
      "SIRE_MENTION_CLASS" : "SPC",
      "SIRE_ENTITY_SUBTYPE" : "NONE",
      "SIRE_MENTION_ROLE" : "Variable"
    },
    "type" : "Variable",
    "begin" : 95,
    "end" : 101,
    "inCoref" : true
  }, {
    "id" : "s0-m7",
    "properties" : {
      "SIRE_MENTION_ROLE" : "Variable",
      "SIRE_ENTITY_SUBTYPE" : "NONE",
      "SIRE_MENTION_TYPE" : "NONE",
      "SIRE_MENTION_CLASS" : "SPC"
    },
    "type" : "Variable",
    "begin" : 163,
    "end" : 170,
    "inCoref" : false
  }, {
    "id" : "s0-m6",
    "properties" : {
      "SIRE_MENTION_ROLE" : "Variable",
      "SIRE_ENTITY_SUBTYPE" : "NONE",
      "SIRE_MENTION_TYPE" : "NONE",
      "SIRE_MENTION_CLASS" : "SPC"
    },
    "type" : "Variable",
    "begin" : 171,
    "end" : 183,
    "inCoref" : false
  }, {
    "id" : "s1-m6",
    "properties" : {
      "SIRE_MENTION_ROLE" : "evidence",
      "SIRE_ENTITY_SUBTYPE" : "NONE",
      "SIRE_MENTION_TYPE" : "NONE",
      "SIRE_MENTION_CLASS" : "SPC"
    },
    "type" : "evidence",
    "begin" : 188,
    "end" : 197,
    "inCoref" : false
  }, {
    "id" : "s1-m4",
    "properties" : {
      "SIRE_MENTION_ROLE" : "evidence",
      "SIRE_ENTITY_SUBTYPE" : "NONE",
      "SIRE_MENTION_TYPE" : "NONE",
      "SIRE_MENTION_CLASS" : "SPC"
    },
    "type" : "evidence",
    "begin" : 206,
    "end" : 213,
    "inCoref" : false
  }, {
    "id" : "s1-m5",
    "properties" : {
      "SIRE_MENTION_ROLE" : "Variable",
      "SIRE_ENTITY_SUBTYPE" : "NONE",
      "SIRE_MENTION_TYPE" : "NONE",
      "SIRE_MENTION_CLASS" : "SPC"
    },
    "type" : "Variable",
    "begin" : 228,
    "end" : 244,
    "inCoref" : true
  }, {
    "id" : "m3",
    "properties" : {
      "SIRE_MENTION_TYPE" : "NONE",
      "SIRE_MENTION_CLASS" : "SPC",
      "SIRE_ENTITY_SUBTYPE" : "NONE",
      "SIRE_MENTION_ROLE" : "Variable"
    },
    "type" : "Variable",
    "begin" : 287,
    "end" : 295,
    "inCoref" : false
  }, {
    "id" : "s1-m3",
    "properties" : {
      "SIRE_MENTION_ROLE" : "Variable",
      "SIRE_ENTITY_SUBTYPE" : "NONE",
      "SIRE_MENTION_TYPE" : "NONE",
      "SIRE_MENTION_CLASS" : "SPC"
    },
    "type" : "Variable",
    "begin" : 297,
    "end" : 311,
    "inCoref" : false
  }, {
    "id" : "m4",
    "properties" : {
      "SIRE_MENTION_TYPE" : "NONE",
      "SIRE_MENTION_CLASS" : "SPC",
      "SIRE_ENTITY_SUBTYPE" : "NONE",
      "SIRE_MENTION_ROLE" : "Variable"
    },
    "type" : "Variable",
    "begin" : 317,
    "end" : 323,
    "inCoref" : false
  }, {
    "id" : "m5",
    "properties" : {
      "SIRE_MENTION_TYPE" : "NONE",
      "SIRE_MENTION_CLASS" : "SPC",
      "SIRE_ENTITY_SUBTYPE" : "NONE",
      "SIRE_MENTION_ROLE" : "Variable"
    },
    "type" : "Variable",
    "begin" : 348,
    "end" : 354,
    "inCoref" : true
  }, {
    "id" : "s3-m4",
    "properties" : {
      "SIRE_MENTION_ROLE" : "relation",
      "SIRE_ENTITY_SUBTYPE" : "NONE",
      "SIRE_MENTION_TYPE" : "NONE",
      "SIRE_MENTION_CLASS" : "SPC"
    },
    "type" : "relation",
    "begin" : 437,
    "end" : 444,
    "inCoref" : false
  }, {
    "id" : "m6",
    "properties" : {
      "SIRE_MENTION_TYPE" : "NONE",
      "SIRE_MENTION_CLASS" : "SPC",
      "SIRE_ENTITY_SUBTYPE" : "NONE",
      "SIRE_MENTION_ROLE" : "Variable"
    },
    "type" : "Variable",
    "begin" : 449,
    "end" : 480,
    "inCoref" : false
  }, {
    "id" : "s3-m5",
    "properties" : {
      "SIRE_MENTION_ROLE" : "relation",
      "SIRE_ENTITY_SUBTYPE" : "NONE",
      "SIRE_MENTION_TYPE" : "NONE",
      "SIRE_MENTION_CLASS" : "SPC"
    },
    "type" : "relation",
    "begin" : 486,
    "end" : 492,
    "inCoref" : false
  }, {
    "id" : "m7",
    "properties" : {
      "SIRE_MENTION_TYPE" : "NONE",
      "SIRE_MENTION_CLASS" : "SPC",
      "SIRE_ENTITY_SUBTYPE" : "NONE",
      "SIRE_MENTION_ROLE" : "Variable"
    },
    "type" : "Variable",
    "begin" : 497,
    "end" : 513,
    "inCoref" : false
  }, {
    "id" : "s3-m6",
    "properties" : {
      "SIRE_MENTION_ROLE" : "relation",
      "SIRE_ENTITY_SUBTYPE" : "NONE",
      "SIRE_MENTION_TYPE" : "NONE",
      "SIRE_MENTION_CLASS" : "SPC"
    },
    "type" : "relation",
    "begin" : 523,
    "end" : 528,
    "inCoref" : false
  }, {
    "id" : "m8",
    "properties" : {
      "SIRE_MENTION_TYPE" : "NONE",
      "SIRE_MENTION_CLASS" : "SPC",
      "SIRE_ENTITY_SUBTYPE" : "NONE",
      "SIRE_MENTION_ROLE" : "Variable"
    },
    "type" : "Variable",
    "begin" : 529,
    "end" : 535,
    "inCoref" : true
  }, {
    "id" : "s4-m3",
    "properties" : {
      "SIRE_MENTION_ROLE" : "evidence",
      "SIRE_ENTITY_SUBTYPE" : "NONE",
      "SIRE_MENTION_TYPE" : "NONE",
      "SIRE_MENTION_CLASS" : "SPC"
    },
    "type" : "evidence",
    "begin" : 558,
    "end" : 565,
    "inCoref" : false
  }, {
    "id" : "s4-m5",
    "properties" : {
      "SIRE_MENTION_ROLE" : "evidence",
      "SIRE_ENTITY_SUBTYPE" : "NONE",
      "SIRE_MENTION_TYPE" : "NONE",
      "SIRE_MENTION_CLASS" : "SPC"
    },
    "type" : "evidence",
    "begin" : 571,
    "end" : 575,
    "inCoref" : false
  }, {
    "id" : "m9",
    "properties" : {
      "SIRE_MENTION_TYPE" : "NONE",
      "SIRE_MENTION_CLASS" : "SPC",
      "SIRE_ENTITY_SUBTYPE" : "NONE",
      "SIRE_MENTION_ROLE" : "Variable"
    },
    "type" : "Variable",
    "begin" : 581,
    "end" : 610,
    "inCoref" : true
  }, {
    "id" : "s4-m4",
    "properties" : {
      "SIRE_MENTION_ROLE" : "relation",
      "SIRE_ENTITY_SUBTYPE" : "NONE",
      "SIRE_MENTION_TYPE" : "NONE",
      "SIRE_MENTION_CLASS" : "SPC"
    },
    "type" : "relation",
    "begin" : 635,
    "end" : 650,
    "inCoref" : false
  }, {
    "id" : "m10",
    "properties" : {
      "SIRE_MENTION_TYPE" : "NONE",
      "SIRE_MENTION_CLASS" : "SPC",
      "SIRE_ENTITY_SUBTYPE" : "NONE",
      "SIRE_MENTION_ROLE" : "Variable"
    },
    "type" : "Variable",
    "begin" : 662,
    "end" : 677,
    "inCoref" : true
  } ],
  "relations" : [ {
    "id" : "s3-r3",
    "properties" : { },
    "type" : "RelateCorrelation",
    "args" : [ "m6", "m7" ]
  }, {
    "id" : "s3-r4",
    "properties" : { },
    "type" : "RelateCorrelation",
    "args" : [ "m6", "m8" ]
  }, {
    "id" : "s4-r1",
    "properties" : { },
    "type" : "RelateCorrelation",
    "args" : [ "m9", "m10" ]
  } ],
  "corefs" : [ {
    "id" : "c1",
    "properties" : { },
    "mentions" : [ "m1", "m2", "m5", "m8", "m10" ]
  }, {
    "id" : "c2",
    "properties" : { },
    "mentions" : [ "s1-m5", "m9" ]
  } ],
  "typeResolved" : true,
  "userResolved" : false
}