{
  "id" : "45fbb650-25c2-11ec-94b0-c7167c6b1af9-22",
  "name" : "7. Berg, A., and Ostry, J. (2011), .docx",
  "createdDate" : 0,
  "version" : 3,
  "text" : "The relationship between income inequality and economic growth is complex and the evidence mixed. This paper focuses on the connections between income inequality and the fragility of economic growth. We find that longer growth spells--periods of strong, healthy, per capita growth--are robustly associated with more equality in the income distribution, even when controlling for a range of other standard determinants. A key implication is that it would be a gamble to think that distribution will take care of itself provided policy makers steadfastly pursue growth. Over longer horizons, avoiding excessive inequality and sustaining economic growth may be two sides of the same coin.\n\n",
  "docLength" : 0,
  "language" : "EN",
  "status" : "SUBMITTED",
  "modifiedDate" : 1639148922429,
  "documentSet" : [ ],
  "preannotation" : [ "PRE_LW" ],
  "sentences" : [ {
    "id" : "s0",
    "begin" : 0,
    "end" : 97,
    "text" : "The relationship between income inequality and economic growth is complex and the evidence mixed.",
    "tokens" : [ {
      "id" : "s0-t0",
      "begin" : 0,
      "end" : 3,
      "text" : "The",
      "whiteSpace" : false
    }, {
      "id" : "s0-t1",
      "begin" : 4,
      "end" : 16,
      "text" : "relationship",
      "whiteSpace" : false
    }, {
      "id" : "s0-t2",
      "begin" : 17,
      "end" : 24,
      "text" : "between",
      "whiteSpace" : false
    }, {
      "id" : "s0-t3",
      "begin" : 25,
      "end" : 31,
      "text" : "income",
      "whiteSpace" : false
    }, {
      "id" : "s0-t4",
      "begin" : 32,
      "end" : 42,
      "text" : "inequality",
      "whiteSpace" : false
    }, {
      "id" : "s0-t5",
      "begin" : 43,
      "end" : 46,
      "text" : "and",
      "whiteSpace" : false
    }, {
      "id" : "s0-t6",
      "begin" : 47,
      "end" : 55,
      "text" : "economic",
      "whiteSpace" : false
    }, {
      "id" : "s0-t7",
      "begin" : 56,
      "end" : 62,
      "text" : "growth",
      "whiteSpace" : false
    }, {
      "id" : "s0-t8",
      "begin" : 63,
      "end" : 65,
      "text" : "is",
      "whiteSpace" : false
    }, {
      "id" : "s0-t9",
      "begin" : 66,
      "end" : 73,
      "text" : "complex",
      "whiteSpace" : false
    }, {
      "id" : "s0-t10",
      "begin" : 74,
      "end" : 77,
      "text" : "and",
      "whiteSpace" : false
    }, {
      "id" : "s0-t11",
      "begin" : 78,
      "end" : 81,
      "text" : "the",
      "whiteSpace" : false
    }, {
      "id" : "s0-t12",
      "begin" : 82,
      "end" : 90,
      "text" : "evidence",
      "whiteSpace" : false
    }, {
      "id" : "s0-t13",
      "begin" : 91,
      "end" : 96,
      "text" : "mixed",
      "whiteSpace" : false
    }, {
      "id" : "s0-t14",
      "begin" : 96,
      "end" : 97,
      "text" : ".",
      "whiteSpace" : false
    } ]
  }, {
    "id" : "s1",
    "begin" : 98,
    "end" : 199,
    "text" : "This paper focuses on the connections between income inequality and the fragility of economic growth.",
    "tokens" : [ {
      "id" : "s1-t0",
      "begin" : 98,
      "end" : 102,
      "text" : "This",
      "whiteSpace" : false
    }, {
      "id" : "s1-t1",
      "begin" : 103,
      "end" : 108,
      "text" : "paper",
      "whiteSpace" : false
    }, {
      "id" : "s1-t2",
      "begin" : 109,
      "end" : 116,
      "text" : "focuses",
      "whiteSpace" : false
    }, {
      "id" : "s1-t3",
      "begin" : 117,
      "end" : 119,
      "text" : "on",
      "whiteSpace" : false
    }, {
      "id" : "s1-t4",
      "begin" : 120,
      "end" : 123,
      "text" : "the",
      "whiteSpace" : false
    }, {
      "id" : "s1-t5",
      "begin" : 124,
      "end" : 135,
      "text" : "connections",
      "whiteSpace" : false
    }, {
      "id" : "s1-t6",
      "begin" : 136,
      "end" : 143,
      "text" : "between",
      "whiteSpace" : false
    }, {
      "id" : "s1-t7",
      "begin" : 144,
      "end" : 150,
      "text" : "income",
      "whiteSpace" : false
    }, {
      "id" : "s1-t8",
      "begin" : 151,
      "end" : 161,
      "text" : "inequality",
      "whiteSpace" : false
    }, {
      "id" : "s1-t9",
      "begin" : 162,
      "end" : 165,
      "text" : "and",
      "whiteSpace" : false
    }, {
      "id" : "s1-t10",
      "begin" : 166,
      "end" : 169,
      "text" : "the",
      "whiteSpace" : false
    }, {
      "id" : "s1-t11",
      "begin" : 170,
      "end" : 179,
      "text" : "fragility",
      "whiteSpace" : false
    }, {
      "id" : "s1-t12",
      "begin" : 180,
      "end" : 182,
      "text" : "of",
      "whiteSpace" : false
    }, {
      "id" : "s1-t13",
      "begin" : 183,
      "end" : 191,
      "text" : "economic",
      "whiteSpace" : false
    }, {
      "id" : "s1-t14",
      "begin" : 192,
      "end" : 198,
      "text" : "growth",
      "whiteSpace" : false
    }, {
      "id" : "s1-t15",
      "begin" : 198,
      "end" : 199,
      "text" : ".",
      "whiteSpace" : false
    } ]
  }, {
    "id" : "s2",
    "begin" : 200,
    "end" : 418,
    "text" : "We find that longer growth spells--periods of strong, healthy, per capita growth--are robustly associated with more equality in the income distribution, even when controlling for a range of other standard determinants.",
    "tokens" : [ {
      "id" : "s2-t0",
      "begin" : 200,
      "end" : 202,
      "text" : "We",
      "whiteSpace" : false
    }, {
      "id" : "s2-t1",
      "begin" : 203,
      "end" : 207,
      "text" : "find",
      "whiteSpace" : false
    }, {
      "id" : "s2-t2",
      "begin" : 208,
      "end" : 212,
      "text" : "that",
      "whiteSpace" : false
    }, {
      "id" : "s2-t3",
      "begin" : 213,
      "end" : 219,
      "text" : "longer",
      "whiteSpace" : false
    }, {
      "id" : "s2-t4",
      "begin" : 220,
      "end" : 226,
      "text" : "growth",
      "whiteSpace" : false
    }, {
      "id" : "s2-t5",
      "begin" : 227,
      "end" : 233,
      "text" : "spells",
      "whiteSpace" : false
    }, {
      "id" : "s2-t6",
      "begin" : 233,
      "end" : 235,
      "text" : "--",
      "whiteSpace" : false
    }, {
      "id" : "s2-t7",
      "begin" : 235,
      "end" : 242,
      "text" : "periods",
      "whiteSpace" : false
    }, {
      "id" : "s2-t8",
      "begin" : 243,
      "end" : 245,
      "text" : "of",
      "whiteSpace" : false
    }, {
      "id" : "s2-t9",
      "begin" : 246,
      "end" : 252,
      "text" : "strong",
      "whiteSpace" : false
    }, {
      "id" : "s2-t10",
      "begin" : 252,
      "end" : 253,
      "text" : ",",
      "whiteSpace" : false
    }, {
      "id" : "s2-t11",
      "begin" : 254,
      "end" : 261,
      "text" : "healthy",
      "whiteSpace" : false
    }, {
      "id" : "s2-t12",
      "begin" : 261,
      "end" : 262,
      "text" : ",",
      "whiteSpace" : false
    }, {
      "id" : "s2-t13",
      "begin" : 263,
      "end" : 266,
      "text" : "per",
      "whiteSpace" : false
    }, {
      "id" : "s2-t14",
      "begin" : 267,
      "end" : 273,
      "text" : "capita",
      "whiteSpace" : false
    }, {
      "id" : "s2-t15",
      "begin" : 274,
      "end" : 280,
      "text" : "growth",
      "whiteSpace" : false
    }, {
      "id" : "s2-t16",
      "begin" : 280,
      "end" : 282,
      "text" : "--",
      "whiteSpace" : false
    }, {
      "id" : "s2-t17",
      "begin" : 282,
      "end" : 285,
      "text" : "are",
      "whiteSpace" : false
    }, {
      "id" : "s2-t18",
      "begin" : 286,
      "end" : 294,
      "text" : "robustly",
      "whiteSpace" : false
    }, {
      "id" : "s2-t19",
      "begin" : 295,
      "end" : 305,
      "text" : "associated",
      "whiteSpace" : false
    }, {
      "id" : "s2-t20",
      "begin" : 306,
      "end" : 310,
      "text" : "with",
      "whiteSpace" : false
    }, {
      "id" : "s2-t21",
      "begin" : 311,
      "end" : 315,
      "text" : "more",
      "whiteSpace" : false
    }, {
      "id" : "s2-t22",
      "begin" : 316,
      "end" : 324,
      "text" : "equality",
      "whiteSpace" : false
    }, {
      "id" : "s2-t23",
      "begin" : 325,
      "end" : 327,
      "text" : "in",
      "whiteSpace" : false
    }, {
      "id" : "s2-t24",
      "begin" : 328,
      "end" : 331,
      "text" : "the",
      "whiteSpace" : false
    }, {
      "id" : "s2-t25",
      "begin" : 332,
      "end" : 338,
      "text" : "income",
      "whiteSpace" : false
    }, {
      "id" : "s2-t26",
      "begin" : 339,
      "end" : 351,
      "text" : "distribution",
      "whiteSpace" : false
    }, {
      "id" : "s2-t27",
      "begin" : 351,
      "end" : 352,
      "text" : ",",
      "whiteSpace" : false
    }, {
      "id" : "s2-t28",
      "begin" : 353,
      "end" : 357,
      "text" : "even",
      "whiteSpace" : false
    }, {
      "id" : "s2-t29",
      "begin" : 358,
      "end" : 362,
      "text" : "when",
      "whiteSpace" : false
    }, {
      "id" : "s2-t30",
      "begin" : 363,
      "end" : 374,
      "text" : "controlling",
      "whiteSpace" : false
    }, {
      "id" : "s2-t31",
      "begin" : 375,
      "end" : 378,
      "text" : "for",
      "whiteSpace" : false
    }, {
      "id" : "s2-t32",
      "begin" : 379,
      "end" : 380,
      "text" : "a",
      "whiteSpace" : false
    }, {
      "id" : "s2-t33",
      "begin" : 381,
      "end" : 386,
      "text" : "range",
      "whiteSpace" : false
    }, {
      "id" : "s2-t34",
      "begin" : 387,
      "end" : 389,
      "text" : "of",
      "whiteSpace" : false
    }, {
      "id" : "s2-t35",
      "begin" : 390,
      "end" : 395,
      "text" : "other",
      "whiteSpace" : false
    }, {
      "id" : "s2-t36",
      "begin" : 396,
      "end" : 404,
      "text" : "standard",
      "whiteSpace" : false
    }, {
      "id" : "s2-t37",
      "begin" : 405,
      "end" : 417,
      "text" : "determinants",
      "whiteSpace" : false
    }, {
      "id" : "s2-t38",
      "begin" : 417,
      "end" : 418,
      "text" : ".",
      "whiteSpace" : false
    } ]
  }, {
    "id" : "s3",
    "begin" : 419,
    "end" : 567,
    "text" : "A key implication is that it would be a gamble to think that distribution will take care of itself provided policy makers steadfastly pursue growth.",
    "tokens" : [ {
      "id" : "s3-t0",
      "begin" : 419,
      "end" : 420,
      "text" : "A",
      "whiteSpace" : false
    }, {
      "id" : "s3-t1",
      "begin" : 421,
      "end" : 424,
      "text" : "key",
      "whiteSpace" : false
    }, {
      "id" : "s3-t2",
      "begin" : 425,
      "end" : 436,
      "text" : "implication",
      "whiteSpace" : false
    }, {
      "id" : "s3-t3",
      "begin" : 437,
      "end" : 439,
      "text" : "is",
      "whiteSpace" : false
    }, {
      "id" : "s3-t4",
      "begin" : 440,
      "end" : 444,
      "text" : "that",
      "whiteSpace" : false
    }, {
      "id" : "s3-t5",
      "begin" : 445,
      "end" : 447,
      "text" : "it",
      "whiteSpace" : false
    }, {
      "id" : "s3-t6",
      "begin" : 448,
      "end" : 453,
      "text" : "would",
      "whiteSpace" : false
    }, {
      "id" : "s3-t7",
      "begin" : 454,
      "end" : 456,
      "text" : "be",
      "whiteSpace" : false
    }, {
      "id" : "s3-t8",
      "begin" : 457,
      "end" : 458,
      "text" : "a",
      "whiteSpace" : false
    }, {
      "id" : "s3-t9",
      "begin" : 459,
      "end" : 465,
      "text" : "gamble",
      "whiteSpace" : false
    }, {
      "id" : "s3-t10",
      "begin" : 466,
      "end" : 468,
      "text" : "to",
      "whiteSpace" : false
    }, {
      "id" : "s3-t11",
      "begin" : 469,
      "end" : 474,
      "text" : "think",
      "whiteSpace" : false
    }, {
      "id" : "s3-t12",
      "begin" : 475,
      "end" : 479,
      "text" : "that",
      "whiteSpace" : false
    }, {
      "id" : "s3-t13",
      "begin" : 480,
      "end" : 492,
      "text" : "distribution",
      "whiteSpace" : false
    }, {
      "id" : "s3-t14",
      "begin" : 493,
      "end" : 497,
      "text" : "will",
      "whiteSpace" : false
    }, {
      "id" : "s3-t15",
      "begin" : 498,
      "end" : 502,
      "text" : "take",
      "whiteSpace" : false
    }, {
      "id" : "s3-t16",
      "begin" : 503,
      "end" : 507,
      "text" : "care",
      "whiteSpace" : false
    }, {
      "id" : "s3-t17",
      "begin" : 508,
      "end" : 510,
      "text" : "of",
      "whiteSpace" : false
    }, {
      "id" : "s3-t18",
      "begin" : 511,
      "end" : 517,
      "text" : "itself",
      "whiteSpace" : false
    }, {
      "id" : "s3-t19",
      "begin" : 518,
      "end" : 526,
      "text" : "provided",
      "whiteSpace" : false
    }, {
      "id" : "s3-t20",
      "begin" : 527,
      "end" : 533,
      "text" : "policy",
      "whiteSpace" : false
    }, {
      "id" : "s3-t21",
      "begin" : 534,
      "end" : 540,
      "text" : "makers",
      "whiteSpace" : false
    }, {
      "id" : "s3-t22",
      "begin" : 541,
      "end" : 552,
      "text" : "steadfastly",
      "whiteSpace" : false
    }, {
      "id" : "s3-t23",
      "begin" : 553,
      "end" : 559,
      "text" : "pursue",
      "whiteSpace" : false
    }, {
      "id" : "s3-t24",
      "begin" : 560,
      "end" : 566,
      "text" : "growth",
      "whiteSpace" : false
    }, {
      "id" : "s3-t25",
      "begin" : 566,
      "end" : 567,
      "text" : ".",
      "whiteSpace" : false
    } ]
  }, {
    "id" : "s4",
    "begin" : 568,
    "end" : 685,
    "text" : "Over longer horizons, avoiding excessive inequality and sustaining economic growth may be two sides of the same coin.",
    "tokens" : [ {
      "id" : "s4-t0",
      "begin" : 568,
      "end" : 572,
      "text" : "Over",
      "whiteSpace" : false
    }, {
      "id" : "s4-t1",
      "begin" : 573,
      "end" : 579,
      "text" : "longer",
      "whiteSpace" : false
    }, {
      "id" : "s4-t2",
      "begin" : 580,
      "end" : 588,
      "text" : "horizons",
      "whiteSpace" : false
    }, {
      "id" : "s4-t3",
      "begin" : 588,
      "end" : 589,
      "text" : ",",
      "whiteSpace" : false
    }, {
      "id" : "s4-t4",
      "begin" : 590,
      "end" : 598,
      "text" : "avoiding",
      "whiteSpace" : false
    }, {
      "id" : "s4-t5",
      "begin" : 599,
      "end" : 608,
      "text" : "excessive",
      "whiteSpace" : false
    }, {
      "id" : "s4-t6",
      "begin" : 609,
      "end" : 619,
      "text" : "inequality",
      "whiteSpace" : false
    }, {
      "id" : "s4-t7",
      "begin" : 620,
      "end" : 623,
      "text" : "and",
      "whiteSpace" : false
    }, {
      "id" : "s4-t8",
      "begin" : 624,
      "end" : 634,
      "text" : "sustaining",
      "whiteSpace" : false
    }, {
      "id" : "s4-t9",
      "begin" : 635,
      "end" : 643,
      "text" : "economic",
      "whiteSpace" : false
    }, {
      "id" : "s4-t10",
      "begin" : 644,
      "end" : 650,
      "text" : "growth",
      "whiteSpace" : false
    }, {
      "id" : "s4-t11",
      "begin" : 651,
      "end" : 654,
      "text" : "may",
      "whiteSpace" : false
    }, {
      "id" : "s4-t12",
      "begin" : 655,
      "end" : 657,
      "text" : "be",
      "whiteSpace" : false
    }, {
      "id" : "s4-t13",
      "begin" : 658,
      "end" : 661,
      "text" : "two",
      "whiteSpace" : false
    }, {
      "id" : "s4-t14",
      "begin" : 662,
      "end" : 667,
      "text" : "sides",
      "whiteSpace" : false
    }, {
      "id" : "s4-t15",
      "begin" : 668,
      "end" : 670,
      "text" : "of",
      "whiteSpace" : false
    }, {
      "id" : "s4-t16",
      "begin" : 671,
      "end" : 674,
      "text" : "the",
      "whiteSpace" : false
    }, {
      "id" : "s4-t17",
      "begin" : 675,
      "end" : 679,
      "text" : "same",
      "whiteSpace" : false
    }, {
      "id" : "s4-t18",
      "begin" : 680,
      "end" : 684,
      "text" : "coin",
      "whiteSpace" : false
    }, {
      "id" : "s4-t19",
      "begin" : 684,
      "end" : 685,
      "text" : ".",
      "whiteSpace" : false
    } ]
  } ],
  "mentions" : [ {
    "id" : "s0-m3",
    "properties" : {
      "SIRE_MENTION_ROLE" : "relation",
      "SIRE_ENTITY_SUBTYPE" : "NONE",
      "SIRE_MENTION_TYPE" : "NONE",
      "SIRE_MENTION_CLASS" : "SPC"
    },
    "type" : "relation",
    "begin" : 4,
    "end" : 24,
    "inCoref" : false
  }, {
    "id" : "m1",
    "properties" : {
      "SIRE_MENTION_TYPE" : "NONE",
      "SIRE_MENTION_CLASS" : "SPC",
      "SIRE_ENTITY_SUBTYPE" : "NONE",
      "SIRE_MENTION_ROLE" : "Variable"
    },
    "type" : "Variable",
    "begin" : 25,
    "end" : 42,
    "inCoref" : true
  }, {
    "id" : "m2",
    "properties" : {
      "SIRE_MENTION_TYPE" : "NONE",
      "SIRE_MENTION_CLASS" : "SPC",
      "SIRE_ENTITY_SUBTYPE" : "NONE",
      "SIRE_MENTION_ROLE" : "Variable"
    },
    "type" : "Variable",
    "begin" : 47,
    "end" : 62,
    "inCoref" : true
  }, {
    "id" : "s0-m4",
    "properties" : {
      "SIRE_MENTION_ROLE" : "evidence",
      "SIRE_ENTITY_SUBTYPE" : "NONE",
      "SIRE_MENTION_TYPE" : "NONE",
      "SIRE_MENTION_CLASS" : "SPC"
    },
    "type" : "evidence",
    "begin" : 82,
    "end" : 90,
    "inCoref" : false
  }, {
    "id" : "s1-m3",
    "properties" : {
      "SIRE_MENTION_ROLE" : "relation",
      "SIRE_ENTITY_SUBTYPE" : "NONE",
      "SIRE_MENTION_TYPE" : "NONE",
      "SIRE_MENTION_CLASS" : "SPC"
    },
    "type" : "relation",
    "begin" : 124,
    "end" : 143,
    "inCoref" : false
  }, {
    "id" : "m3",
    "properties" : {
      "SIRE_MENTION_TYPE" : "NONE",
      "SIRE_MENTION_CLASS" : "SPC",
      "SIRE_ENTITY_SUBTYPE" : "NONE",
      "SIRE_MENTION_ROLE" : "Variable"
    },
    "type" : "Variable",
    "begin" : 144,
    "end" : 161,
    "inCoref" : true
  }, {
    "id" : "m4",
    "properties" : {
      "SIRE_MENTION_TYPE" : "NONE",
      "SIRE_MENTION_CLASS" : "SPC",
      "SIRE_ENTITY_SUBTYPE" : "NONE",
      "SIRE_MENTION_ROLE" : "Variable"
    },
    "type" : "Variable",
    "begin" : 183,
    "end" : 198,
    "inCoref" : true
  }, {
    "id" : "s2-m5",
    "properties" : {
      "SIRE_MENTION_ROLE" : "evidence",
      "SIRE_ENTITY_SUBTYPE" : "NONE",
      "SIRE_MENTION_TYPE" : "NONE",
      "SIRE_MENTION_CLASS" : "SPC"
    },
    "type" : "evidence",
    "begin" : 203,
    "end" : 207,
    "inCoref" : false
  }, {
    "id" : "m5",
    "properties" : {
      "SIRE_MENTION_TYPE" : "NONE",
      "SIRE_MENTION_CLASS" : "SPC",
      "SIRE_ENTITY_SUBTYPE" : "NONE",
      "SIRE_MENTION_ROLE" : "Variable"
    },
    "type" : "Variable",
    "begin" : 220,
    "end" : 226,
    "inCoref" : true
  }, {
    "id" : "m6",
    "properties" : {
      "SIRE_MENTION_TYPE" : "NONE",
      "SIRE_MENTION_CLASS" : "SPC",
      "SIRE_ENTITY_SUBTYPE" : "NONE",
      "SIRE_MENTION_ROLE" : "Variable"
    },
    "type" : "Variable",
    "begin" : 263,
    "end" : 280,
    "inCoref" : true
  }, {
    "id" : "s2-m4",
    "properties" : {
      "SIRE_MENTION_ROLE" : "relation",
      "SIRE_ENTITY_SUBTYPE" : "NONE",
      "SIRE_MENTION_TYPE" : "NONE",
      "SIRE_MENTION_CLASS" : "SPC"
    },
    "type" : "relation",
    "begin" : 295,
    "end" : 310,
    "inCoref" : false
  }, {
    "id" : "s2-m3",
    "properties" : {
      "SIRE_MENTION_ROLE" : "Variable",
      "SIRE_ENTITY_SUBTYPE" : "NONE",
      "SIRE_MENTION_TYPE" : "NONE",
      "SIRE_MENTION_CLASS" : "SPC"
    },
    "type" : "Variable",
    "begin" : 316,
    "end" : 351,
    "inCoref" : false
  }, {
    "id" : "m7",
    "properties" : {
      "SIRE_MENTION_TYPE" : "NONE",
      "SIRE_MENTION_CLASS" : "SPC",
      "SIRE_ENTITY_SUBTYPE" : "NONE",
      "SIRE_MENTION_ROLE" : "Variable"
    },
    "type" : "Variable",
    "begin" : 560,
    "end" : 566,
    "inCoref" : true
  }, {
    "id" : "m8",
    "properties" : {
      "SIRE_MENTION_TYPE" : "NONE",
      "SIRE_MENTION_CLASS" : "SPC",
      "SIRE_ENTITY_SUBTYPE" : "NONE",
      "SIRE_MENTION_ROLE" : "Variable"
    },
    "type" : "Variable",
    "begin" : 609,
    "end" : 619,
    "inCoref" : true
  }, {
    "id" : "m9",
    "properties" : {
      "SIRE_MENTION_TYPE" : "NONE",
      "SIRE_MENTION_CLASS" : "SPC",
      "SIRE_ENTITY_SUBTYPE" : "NONE",
      "SIRE_MENTION_ROLE" : "Variable"
    },
    "type" : "Variable",
    "begin" : 635,
    "end" : 650,
    "inCoref" : true
  } ],
  "relations" : [ {
    "id" : "s2-r4",
    "properties" : { },
    "type" : "RelateCorrelation",
    "args" : [ "m6", "s2-m3" ]
  } ],
  "corefs" : [ {
    "id" : "c1",
    "properties" : { },
    "mentions" : [ "m1", "m3", "m8" ]
  }, {
    "id" : "c2",
    "properties" : { },
    "mentions" : [ "m2", "m4", "m5", "m6", "m7", "m9" ]
  } ],
  "typeResolved" : true,
  "userResolved" : false
}