{
  "id" : "45fbb650-25c2-11ec-94b0-c7167c6b1af9-25",
  "name" : "1. Albanesi, S. (2007).docx",
  "createdDate" : 0,
  "version" : 3,
  "text" : "Cross-country evidence on inflation and income inequality suggests that they are positively related. This article explores the hypothesis that this correlation is the outcome of a distributional conflict underlying the determination of government policies. A political economy model is presented in which equilibrium inflation is positively related to the degree of inequality in income due to the relative vulnerability to inflation of low income households.\n\n",
  "docLength" : 0,
  "language" : "EN",
  "status" : "SUBMITTED",
  "modifiedDate" : 1639150330915,
  "documentSet" : [ ],
  "preannotation" : [ "PRE_LW" ],
  "sentences" : [ {
    "id" : "s0",
    "begin" : 0,
    "end" : 100,
    "text" : "Cross-country evidence on inflation and income inequality suggests that they are positively related.",
    "tokens" : [ {
      "id" : "s0-t0",
      "begin" : 0,
      "end" : 13,
      "text" : "Cross-country",
      "whiteSpace" : false
    }, {
      "id" : "s0-t1",
      "begin" : 14,
      "end" : 22,
      "text" : "evidence",
      "whiteSpace" : false
    }, {
      "id" : "s0-t2",
      "begin" : 23,
      "end" : 25,
      "text" : "on",
      "whiteSpace" : false
    }, {
      "id" : "s0-t3",
      "begin" : 26,
      "end" : 35,
      "text" : "inflation",
      "whiteSpace" : false
    }, {
      "id" : "s0-t4",
      "begin" : 36,
      "end" : 39,
      "text" : "and",
      "whiteSpace" : false
    }, {
      "id" : "s0-t5",
      "begin" : 40,
      "end" : 46,
      "text" : "income",
      "whiteSpace" : false
    }, {
      "id" : "s0-t6",
      "begin" : 47,
      "end" : 57,
      "text" : "inequality",
      "whiteSpace" : false
    }, {
      "id" : "s0-t7",
      "begin" : 58,
      "end" : 66,
      "text" : "suggests",
      "whiteSpace" : false
    }, {
      "id" : "s0-t8",
      "begin" : 67,
      "end" : 71,
      "text" : "that",
      "whiteSpace" : false
    }, {
      "id" : "s0-t9",
      "begin" : 72,
      "end" : 76,
      "text" : "they",
      "whiteSpace" : false
    }, {
      "id" : "s0-t10",
      "begin" : 77,
      "end" : 80,
      "text" : "are",
      "whiteSpace" : false
    }, {
      "id" : "s0-t11",
      "begin" : 81,
      "end" : 91,
      "text" : "positively",
      "whiteSpace" : false
    }, {
      "id" : "s0-t12",
      "begin" : 92,
      "end" : 99,
      "text" : "related",
      "whiteSpace" : false
    }, {
      "id" : "s0-t13",
      "begin" : 99,
      "end" : 100,
      "text" : ".",
      "whiteSpace" : false
    } ]
  }, {
    "id" : "s1",
    "begin" : 101,
    "end" : 256,
    "text" : "This article explores the hypothesis that this correlation is the outcome of a distributional conflict underlying the determination of government policies.",
    "tokens" : [ {
      "id" : "s1-t0",
      "begin" : 101,
      "end" : 105,
      "text" : "This",
      "whiteSpace" : false
    }, {
      "id" : "s1-t1",
      "begin" : 106,
      "end" : 113,
      "text" : "article",
      "whiteSpace" : false
    }, {
      "id" : "s1-t2",
      "begin" : 114,
      "end" : 122,
      "text" : "explores",
      "whiteSpace" : false
    }, {
      "id" : "s1-t3",
      "begin" : 123,
      "end" : 126,
      "text" : "the",
      "whiteSpace" : false
    }, {
      "id" : "s1-t4",
      "begin" : 127,
      "end" : 137,
      "text" : "hypothesis",
      "whiteSpace" : false
    }, {
      "id" : "s1-t5",
      "begin" : 138,
      "end" : 142,
      "text" : "that",
      "whiteSpace" : false
    }, {
      "id" : "s1-t6",
      "begin" : 143,
      "end" : 147,
      "text" : "this",
      "whiteSpace" : false
    }, {
      "id" : "s1-t7",
      "begin" : 148,
      "end" : 159,
      "text" : "correlation",
      "whiteSpace" : false
    }, {
      "id" : "s1-t8",
      "begin" : 160,
      "end" : 162,
      "text" : "is",
      "whiteSpace" : false
    }, {
      "id" : "s1-t9",
      "begin" : 163,
      "end" : 166,
      "text" : "the",
      "whiteSpace" : false
    }, {
      "id" : "s1-t10",
      "begin" : 167,
      "end" : 174,
      "text" : "outcome",
      "whiteSpace" : false
    }, {
      "id" : "s1-t11",
      "begin" : 175,
      "end" : 177,
      "text" : "of",
      "whiteSpace" : false
    }, {
      "id" : "s1-t12",
      "begin" : 178,
      "end" : 179,
      "text" : "a",
      "whiteSpace" : false
    }, {
      "id" : "s1-t13",
      "begin" : 180,
      "end" : 194,
      "text" : "distributional",
      "whiteSpace" : false
    }, {
      "id" : "s1-t14",
      "begin" : 195,
      "end" : 203,
      "text" : "conflict",
      "whiteSpace" : false
    }, {
      "id" : "s1-t15",
      "begin" : 204,
      "end" : 214,
      "text" : "underlying",
      "whiteSpace" : false
    }, {
      "id" : "s1-t16",
      "begin" : 215,
      "end" : 218,
      "text" : "the",
      "whiteSpace" : false
    }, {
      "id" : "s1-t17",
      "begin" : 219,
      "end" : 232,
      "text" : "determination",
      "whiteSpace" : false
    }, {
      "id" : "s1-t18",
      "begin" : 233,
      "end" : 235,
      "text" : "of",
      "whiteSpace" : false
    }, {
      "id" : "s1-t19",
      "begin" : 236,
      "end" : 246,
      "text" : "government",
      "whiteSpace" : false
    }, {
      "id" : "s1-t20",
      "begin" : 247,
      "end" : 255,
      "text" : "policies",
      "whiteSpace" : false
    }, {
      "id" : "s1-t21",
      "begin" : 255,
      "end" : 256,
      "text" : ".",
      "whiteSpace" : false
    } ]
  }, {
    "id" : "s2",
    "begin" : 257,
    "end" : 459,
    "text" : "A political economy model is presented in which equilibrium inflation is positively related to the degree of inequality in income due to the relative vulnerability to inflation of low income households.",
    "tokens" : [ {
      "id" : "s2-t0",
      "begin" : 257,
      "end" : 258,
      "text" : "A",
      "whiteSpace" : false
    }, {
      "id" : "s2-t1",
      "begin" : 259,
      "end" : 268,
      "text" : "political",
      "whiteSpace" : false
    }, {
      "id" : "s2-t2",
      "begin" : 269,
      "end" : 276,
      "text" : "economy",
      "whiteSpace" : false
    }, {
      "id" : "s2-t3",
      "begin" : 277,
      "end" : 282,
      "text" : "model",
      "whiteSpace" : false
    }, {
      "id" : "s2-t4",
      "begin" : 283,
      "end" : 285,
      "text" : "is",
      "whiteSpace" : false
    }, {
      "id" : "s2-t5",
      "begin" : 286,
      "end" : 295,
      "text" : "presented",
      "whiteSpace" : false
    }, {
      "id" : "s2-t6",
      "begin" : 296,
      "end" : 298,
      "text" : "in",
      "whiteSpace" : false
    }, {
      "id" : "s2-t7",
      "begin" : 299,
      "end" : 304,
      "text" : "which",
      "whiteSpace" : false
    }, {
      "id" : "s2-t8",
      "begin" : 305,
      "end" : 316,
      "text" : "equilibrium",
      "whiteSpace" : false
    }, {
      "id" : "s2-t9",
      "begin" : 317,
      "end" : 326,
      "text" : "inflation",
      "whiteSpace" : false
    }, {
      "id" : "s2-t10",
      "begin" : 327,
      "end" : 329,
      "text" : "is",
      "whiteSpace" : false
    }, {
      "id" : "s2-t11",
      "begin" : 330,
      "end" : 340,
      "text" : "positively",
      "whiteSpace" : false
    }, {
      "id" : "s2-t12",
      "begin" : 341,
      "end" : 348,
      "text" : "related",
      "whiteSpace" : false
    }, {
      "id" : "s2-t13",
      "begin" : 349,
      "end" : 351,
      "text" : "to",
      "whiteSpace" : false
    }, {
      "id" : "s2-t14",
      "begin" : 352,
      "end" : 355,
      "text" : "the",
      "whiteSpace" : false
    }, {
      "id" : "s2-t15",
      "begin" : 356,
      "end" : 362,
      "text" : "degree",
      "whiteSpace" : false
    }, {
      "id" : "s2-t16",
      "begin" : 363,
      "end" : 365,
      "text" : "of",
      "whiteSpace" : false
    }, {
      "id" : "s2-t17",
      "begin" : 366,
      "end" : 376,
      "text" : "inequality",
      "whiteSpace" : false
    }, {
      "id" : "s2-t18",
      "begin" : 377,
      "end" : 379,
      "text" : "in",
      "whiteSpace" : false
    }, {
      "id" : "s2-t19",
      "begin" : 380,
      "end" : 386,
      "text" : "income",
      "whiteSpace" : false
    }, {
      "id" : "s2-t20",
      "begin" : 387,
      "end" : 390,
      "text" : "due",
      "whiteSpace" : false
    }, {
      "id" : "s2-t21",
      "begin" : 391,
      "end" : 393,
      "text" : "to",
      "whiteSpace" : false
    }, {
      "id" : "s2-t22",
      "begin" : 394,
      "end" : 397,
      "text" : "the",
      "whiteSpace" : false
    }, {
      "id" : "s2-t23",
      "begin" : 398,
      "end" : 406,
      "text" : "relative",
      "whiteSpace" : false
    }, {
      "id" : "s2-t24",
      "begin" : 407,
      "end" : 420,
      "text" : "vulnerability",
      "whiteSpace" : false
    }, {
      "id" : "s2-t25",
      "begin" : 421,
      "end" : 423,
      "text" : "to",
      "whiteSpace" : false
    }, {
      "id" : "s2-t26",
      "begin" : 424,
      "end" : 433,
      "text" : "inflation",
      "whiteSpace" : false
    }, {
      "id" : "s2-t27",
      "begin" : 434,
      "end" : 436,
      "text" : "of",
      "whiteSpace" : false
    }, {
      "id" : "s2-t28",
      "begin" : 437,
      "end" : 440,
      "text" : "low",
      "whiteSpace" : false
    }, {
      "id" : "s2-t29",
      "begin" : 441,
      "end" : 447,
      "text" : "income",
      "whiteSpace" : false
    }, {
      "id" : "s2-t30",
      "begin" : 448,
      "end" : 458,
      "text" : "households",
      "whiteSpace" : false
    }, {
      "id" : "s2-t31",
      "begin" : 458,
      "end" : 459,
      "text" : ".",
      "whiteSpace" : false
    } ]
  } ],
  "mentions" : [ {
    "id" : "s0-m4",
    "properties" : {
      "SIRE_MENTION_ROLE" : "evidence",
      "SIRE_ENTITY_SUBTYPE" : "NONE",
      "SIRE_MENTION_TYPE" : "NONE",
      "SIRE_MENTION_CLASS" : "SPC"
    },
    "type" : "evidence",
    "begin" : 14,
    "end" : 22,
    "inCoref" : false
  }, {
    "id" : "m1",
    "properties" : {
      "SIRE_MENTION_TYPE" : "NONE",
      "SIRE_MENTION_CLASS" : "SPC",
      "SIRE_ENTITY_SUBTYPE" : "NONE",
      "SIRE_MENTION_ROLE" : "Variable"
    },
    "type" : "Variable",
    "begin" : 26,
    "end" : 35,
    "inCoref" : true
  }, {
    "id" : "m2",
    "properties" : {
      "SIRE_MENTION_TYPE" : "NONE",
      "SIRE_MENTION_CLASS" : "SPC",
      "SIRE_ENTITY_SUBTYPE" : "NONE",
      "SIRE_MENTION_ROLE" : "Variable"
    },
    "type" : "Variable",
    "begin" : 40,
    "end" : 57,
    "inCoref" : true
  }, {
    "id" : "s0-m5",
    "properties" : {
      "SIRE_MENTION_ROLE" : "evidence",
      "SIRE_ENTITY_SUBTYPE" : "NONE",
      "SIRE_MENTION_TYPE" : "NONE",
      "SIRE_MENTION_CLASS" : "SPC"
    },
    "type" : "evidence",
    "begin" : 58,
    "end" : 66,
    "inCoref" : false
  }, {
    "id" : "cm1",
    "properties" : {
      "SIRE_MENTION_ROLE" : "relation",
      "SIRE_ENTITY_SUBTYPE" : "NONE",
      "SIRE_MENTION_TYPE" : "NONE",
      "SIRE_MENTION_CLASS" : "SPC"
    },
    "type" : "relation",
    "begin" : 92,
    "end" : 99,
    "inCoref" : false
  }, {
    "id" : "s1-m2",
    "properties" : {
      "SIRE_MENTION_ROLE" : "evidence",
      "SIRE_ENTITY_SUBTYPE" : "NONE",
      "SIRE_MENTION_TYPE" : "NONE",
      "SIRE_MENTION_CLASS" : "SPC"
    },
    "type" : "evidence",
    "begin" : 114,
    "end" : 122,
    "inCoref" : false
  }, {
    "id" : "m6",
    "properties" : {
      "SIRE_MENTION_TYPE" : "NONE",
      "SIRE_MENTION_CLASS" : "SPC",
      "SIRE_MENTION_ROLE" : "relation",
      "SIRE_ENTITY_SUBTYPE" : "NONE"
    },
    "type" : "relation",
    "begin" : 148,
    "end" : 159,
    "inCoref" : false
  }, {
    "id" : "s2-m6",
    "properties" : {
      "SIRE_MENTION_ROLE" : "evidence",
      "SIRE_ENTITY_SUBTYPE" : "NONE",
      "SIRE_MENTION_TYPE" : "NONE",
      "SIRE_MENTION_CLASS" : "SPC"
    },
    "type" : "evidence",
    "begin" : 286,
    "end" : 295,
    "inCoref" : false
  }, {
    "id" : "m3",
    "properties" : {
      "SIRE_MENTION_TYPE" : "NONE",
      "SIRE_MENTION_CLASS" : "SPC",
      "SIRE_ENTITY_SUBTYPE" : "NONE",
      "SIRE_MENTION_ROLE" : "Variable"
    },
    "type" : "Variable",
    "begin" : 317,
    "end" : 326,
    "inCoref" : true
  }, {
    "id" : "cm2",
    "properties" : {
      "SIRE_MENTION_ROLE" : "relation",
      "SIRE_ENTITY_SUBTYPE" : "NONE",
      "SIRE_MENTION_TYPE" : "NONE",
      "SIRE_MENTION_CLASS" : "SPC"
    },
    "type" : "relation",
    "begin" : 341,
    "end" : 351,
    "inCoref" : false
  }, {
    "id" : "m4",
    "properties" : {
      "SIRE_MENTION_TYPE" : "NONE",
      "SIRE_MENTION_CLASS" : "SPC",
      "SIRE_ENTITY_SUBTYPE" : "NONE",
      "SIRE_MENTION_ROLE" : "Variable"
    },
    "type" : "Variable",
    "begin" : 366,
    "end" : 386,
    "inCoref" : true
  }, {
    "id" : "m5",
    "properties" : {
      "SIRE_MENTION_TYPE" : "NONE",
      "SIRE_MENTION_CLASS" : "SPC",
      "SIRE_ENTITY_SUBTYPE" : "NONE",
      "SIRE_MENTION_ROLE" : "Variable"
    },
    "type" : "Variable",
    "begin" : 424,
    "end" : 433,
    "inCoref" : true
  }, {
    "id" : "cm3",
    "properties" : {
      "SIRE_MENTION_ROLE" : "Variable",
      "SIRE_ENTITY_SUBTYPE" : "NONE",
      "SIRE_MENTION_TYPE" : "NONE",
      "SIRE_MENTION_CLASS" : "SPC"
    },
    "type" : "Variable",
    "begin" : 437,
    "end" : 458,
    "inCoref" : false
  } ],
  "relations" : [ {
    "id" : "s0-r2",
    "properties" : { },
    "type" : "RelateCorrelation",
    "args" : [ "m1", "m2" ]
  }, {
    "id" : "s2-r5",
    "properties" : { },
    "type" : "RelateCorrelation",
    "args" : [ "m3", "m4" ]
  } ],
  "corefs" : [ {
    "id" : "c1",
    "properties" : { },
    "mentions" : [ "m1", "m3", "m5" ]
  }, {
    "id" : "c4",
    "properties" : { },
    "mentions" : [ "m2", "m4" ]
  } ],
  "typeResolved" : true,
  "userResolved" : false
}