{
  "id" : "45fbb650-25c2-11ec-94b0-c7167c6b1af9-5",
  "name" : "41. Helpman, E. (2016), ‘Globalization and Wage Inequality’.docx",
  "createdDate" : 0,
  "version" : 3,
  "text" : "Globalization has been blamed for rising inequality in rich and poor countries. Yet the views of many protagonists in this debate are not based on evidence. To help form an evidence-based opinion, I review in this paper the theoretical and empirical literature on the relationship between globalization and wage inequality. While the initial analysis that started in the early 1990s focused on a particular mechanism that links trade to wages, subsequent studies have considered several other channels, and the quantitative assessment of the size of these influences has been carried out in multiple studies. Building on this research, I conclude that trade played an appreciable role in increasing wage inequality, but that its cumulative effect has been modest, and that globalization does not explain the preponderance of the rise in wage inequality within countries.\n\n",
  "docLength" : 0,
  "language" : "EN",
  "status" : "SUBMITTED",
  "modifiedDate" : 1634899408973,
  "documentSet" : [ ],
  "preannotation" : [ "PRE_LW" ],
  "sentences" : [ {
    "id" : "s0",
    "begin" : 0,
    "end" : 79,
    "text" : "Globalization has been blamed for rising inequality in rich and poor countries.",
    "tokens" : [ {
      "id" : "s0-t0",
      "begin" : 0,
      "end" : 13,
      "text" : "Globalization",
      "whiteSpace" : false
    }, {
      "id" : "s0-t1",
      "begin" : 14,
      "end" : 17,
      "text" : "has",
      "whiteSpace" : false
    }, {
      "id" : "s0-t2",
      "begin" : 18,
      "end" : 22,
      "text" : "been",
      "whiteSpace" : false
    }, {
      "id" : "s0-t3",
      "begin" : 23,
      "end" : 29,
      "text" : "blamed",
      "whiteSpace" : false
    }, {
      "id" : "s0-t4",
      "begin" : 30,
      "end" : 33,
      "text" : "for",
      "whiteSpace" : false
    }, {
      "id" : "s0-t5",
      "begin" : 34,
      "end" : 40,
      "text" : "rising",
      "whiteSpace" : false
    }, {
      "id" : "s0-t6",
      "begin" : 41,
      "end" : 51,
      "text" : "inequality",
      "whiteSpace" : false
    }, {
      "id" : "s0-t7",
      "begin" : 52,
      "end" : 54,
      "text" : "in",
      "whiteSpace" : false
    }, {
      "id" : "s0-t8",
      "begin" : 55,
      "end" : 59,
      "text" : "rich",
      "whiteSpace" : false
    }, {
      "id" : "s0-t9",
      "begin" : 60,
      "end" : 63,
      "text" : "and",
      "whiteSpace" : false
    }, {
      "id" : "s0-t10",
      "begin" : 64,
      "end" : 68,
      "text" : "poor",
      "whiteSpace" : false
    }, {
      "id" : "s0-t11",
      "begin" : 69,
      "end" : 78,
      "text" : "countries",
      "whiteSpace" : false
    }, {
      "id" : "s0-t12",
      "begin" : 78,
      "end" : 79,
      "text" : ".",
      "whiteSpace" : false
    } ]
  }, {
    "id" : "s1",
    "begin" : 80,
    "end" : 156,
    "text" : "Yet the views of many protagonists in this debate are not based on evidence.",
    "tokens" : [ {
      "id" : "s1-t0",
      "begin" : 80,
      "end" : 83,
      "text" : "Yet",
      "whiteSpace" : false
    }, {
      "id" : "s1-t1",
      "begin" : 84,
      "end" : 87,
      "text" : "the",
      "whiteSpace" : false
    }, {
      "id" : "s1-t2",
      "begin" : 88,
      "end" : 93,
      "text" : "views",
      "whiteSpace" : false
    }, {
      "id" : "s1-t3",
      "begin" : 94,
      "end" : 96,
      "text" : "of",
      "whiteSpace" : false
    }, {
      "id" : "s1-t4",
      "begin" : 97,
      "end" : 101,
      "text" : "many",
      "whiteSpace" : false
    }, {
      "id" : "s1-t5",
      "begin" : 102,
      "end" : 114,
      "text" : "protagonists",
      "whiteSpace" : false
    }, {
      "id" : "s1-t6",
      "begin" : 115,
      "end" : 117,
      "text" : "in",
      "whiteSpace" : false
    }, {
      "id" : "s1-t7",
      "begin" : 118,
      "end" : 122,
      "text" : "this",
      "whiteSpace" : false
    }, {
      "id" : "s1-t8",
      "begin" : 123,
      "end" : 129,
      "text" : "debate",
      "whiteSpace" : false
    }, {
      "id" : "s1-t9",
      "begin" : 130,
      "end" : 133,
      "text" : "are",
      "whiteSpace" : false
    }, {
      "id" : "s1-t10",
      "begin" : 134,
      "end" : 137,
      "text" : "not",
      "whiteSpace" : false
    }, {
      "id" : "s1-t11",
      "begin" : 138,
      "end" : 143,
      "text" : "based",
      "whiteSpace" : false
    }, {
      "id" : "s1-t12",
      "begin" : 144,
      "end" : 146,
      "text" : "on",
      "whiteSpace" : false
    }, {
      "id" : "s1-t13",
      "begin" : 147,
      "end" : 155,
      "text" : "evidence",
      "whiteSpace" : false
    }, {
      "id" : "s1-t14",
      "begin" : 155,
      "end" : 156,
      "text" : ".",
      "whiteSpace" : false
    } ]
  }, {
    "id" : "s2",
    "begin" : 157,
    "end" : 323,
    "text" : "To help form an evidence-based opinion, I review in this paper the theoretical and empirical literature on the relationship between globalization and wage inequality.",
    "tokens" : [ {
      "id" : "s2-t0",
      "begin" : 157,
      "end" : 159,
      "text" : "To",
      "whiteSpace" : false
    }, {
      "id" : "s2-t1",
      "begin" : 160,
      "end" : 164,
      "text" : "help",
      "whiteSpace" : false
    }, {
      "id" : "s2-t2",
      "begin" : 165,
      "end" : 169,
      "text" : "form",
      "whiteSpace" : false
    }, {
      "id" : "s2-t3",
      "begin" : 170,
      "end" : 172,
      "text" : "an",
      "whiteSpace" : false
    }, {
      "id" : "s2-t4",
      "begin" : 173,
      "end" : 187,
      "text" : "evidence-based",
      "whiteSpace" : false
    }, {
      "id" : "s2-t5",
      "begin" : 188,
      "end" : 195,
      "text" : "opinion",
      "whiteSpace" : false
    }, {
      "id" : "s2-t6",
      "begin" : 195,
      "end" : 196,
      "text" : ",",
      "whiteSpace" : false
    }, {
      "id" : "s2-t7",
      "begin" : 197,
      "end" : 198,
      "text" : "I",
      "whiteSpace" : false
    }, {
      "id" : "s2-t8",
      "begin" : 199,
      "end" : 205,
      "text" : "review",
      "whiteSpace" : false
    }, {
      "id" : "s2-t9",
      "begin" : 206,
      "end" : 208,
      "text" : "in",
      "whiteSpace" : false
    }, {
      "id" : "s2-t10",
      "begin" : 209,
      "end" : 213,
      "text" : "this",
      "whiteSpace" : false
    }, {
      "id" : "s2-t11",
      "begin" : 214,
      "end" : 219,
      "text" : "paper",
      "whiteSpace" : false
    }, {
      "id" : "s2-t12",
      "begin" : 220,
      "end" : 223,
      "text" : "the",
      "whiteSpace" : false
    }, {
      "id" : "s2-t13",
      "begin" : 224,
      "end" : 235,
      "text" : "theoretical",
      "whiteSpace" : false
    }, {
      "id" : "s2-t14",
      "begin" : 236,
      "end" : 239,
      "text" : "and",
      "whiteSpace" : false
    }, {
      "id" : "s2-t15",
      "begin" : 240,
      "end" : 249,
      "text" : "empirical",
      "whiteSpace" : false
    }, {
      "id" : "s2-t16",
      "begin" : 250,
      "end" : 260,
      "text" : "literature",
      "whiteSpace" : false
    }, {
      "id" : "s2-t17",
      "begin" : 261,
      "end" : 263,
      "text" : "on",
      "whiteSpace" : false
    }, {
      "id" : "s2-t18",
      "begin" : 264,
      "end" : 267,
      "text" : "the",
      "whiteSpace" : false
    }, {
      "id" : "s2-t19",
      "begin" : 268,
      "end" : 280,
      "text" : "relationship",
      "whiteSpace" : false
    }, {
      "id" : "s2-t20",
      "begin" : 281,
      "end" : 288,
      "text" : "between",
      "whiteSpace" : false
    }, {
      "id" : "s2-t21",
      "begin" : 289,
      "end" : 302,
      "text" : "globalization",
      "whiteSpace" : false
    }, {
      "id" : "s2-t22",
      "begin" : 303,
      "end" : 306,
      "text" : "and",
      "whiteSpace" : false
    }, {
      "id" : "s2-t23",
      "begin" : 307,
      "end" : 311,
      "text" : "wage",
      "whiteSpace" : false
    }, {
      "id" : "s2-t24",
      "begin" : 312,
      "end" : 322,
      "text" : "inequality",
      "whiteSpace" : false
    }, {
      "id" : "s2-t25",
      "begin" : 322,
      "end" : 323,
      "text" : ".",
      "whiteSpace" : false
    } ]
  }, {
    "id" : "s3",
    "begin" : 324,
    "end" : 608,
    "text" : "While the initial analysis that started in the early 1990s focused on a particular mechanism that links trade to wages, subsequent studies have considered several other channels, and the quantitative assessment of the size of these influences has been carried out in multiple studies.",
    "tokens" : [ {
      "id" : "s3-t0",
      "begin" : 324,
      "end" : 329,
      "text" : "While",
      "whiteSpace" : false
    }, {
      "id" : "s3-t1",
      "begin" : 330,
      "end" : 333,
      "text" : "the",
      "whiteSpace" : false
    }, {
      "id" : "s3-t2",
      "begin" : 334,
      "end" : 341,
      "text" : "initial",
      "whiteSpace" : false
    }, {
      "id" : "s3-t3",
      "begin" : 342,
      "end" : 350,
      "text" : "analysis",
      "whiteSpace" : false
    }, {
      "id" : "s3-t4",
      "begin" : 351,
      "end" : 355,
      "text" : "that",
      "whiteSpace" : false
    }, {
      "id" : "s3-t5",
      "begin" : 356,
      "end" : 363,
      "text" : "started",
      "whiteSpace" : false
    }, {
      "id" : "s3-t6",
      "begin" : 364,
      "end" : 366,
      "text" : "in",
      "whiteSpace" : false
    }, {
      "id" : "s3-t7",
      "begin" : 367,
      "end" : 370,
      "text" : "the",
      "whiteSpace" : false
    }, {
      "id" : "s3-t8",
      "begin" : 371,
      "end" : 376,
      "text" : "early",
      "whiteSpace" : false
    }, {
      "id" : "s3-t9",
      "begin" : 377,
      "end" : 382,
      "text" : "1990s",
      "whiteSpace" : false
    }, {
      "id" : "s3-t10",
      "begin" : 383,
      "end" : 390,
      "text" : "focused",
      "whiteSpace" : false
    }, {
      "id" : "s3-t11",
      "begin" : 391,
      "end" : 393,
      "text" : "on",
      "whiteSpace" : false
    }, {
      "id" : "s3-t12",
      "begin" : 394,
      "end" : 395,
      "text" : "a",
      "whiteSpace" : false
    }, {
      "id" : "s3-t13",
      "begin" : 396,
      "end" : 406,
      "text" : "particular",
      "whiteSpace" : false
    }, {
      "id" : "s3-t14",
      "begin" : 407,
      "end" : 416,
      "text" : "mechanism",
      "whiteSpace" : false
    }, {
      "id" : "s3-t15",
      "begin" : 417,
      "end" : 421,
      "text" : "that",
      "whiteSpace" : false
    }, {
      "id" : "s3-t16",
      "begin" : 422,
      "end" : 427,
      "text" : "links",
      "whiteSpace" : false
    }, {
      "id" : "s3-t17",
      "begin" : 428,
      "end" : 433,
      "text" : "trade",
      "whiteSpace" : false
    }, {
      "id" : "s3-t18",
      "begin" : 434,
      "end" : 436,
      "text" : "to",
      "whiteSpace" : false
    }, {
      "id" : "s3-t19",
      "begin" : 437,
      "end" : 442,
      "text" : "wages",
      "whiteSpace" : false
    }, {
      "id" : "s3-t20",
      "begin" : 442,
      "end" : 443,
      "text" : ",",
      "whiteSpace" : false
    }, {
      "id" : "s3-t21",
      "begin" : 444,
      "end" : 454,
      "text" : "subsequent",
      "whiteSpace" : false
    }, {
      "id" : "s3-t22",
      "begin" : 455,
      "end" : 462,
      "text" : "studies",
      "whiteSpace" : false
    }, {
      "id" : "s3-t23",
      "begin" : 463,
      "end" : 467,
      "text" : "have",
      "whiteSpace" : false
    }, {
      "id" : "s3-t24",
      "begin" : 468,
      "end" : 478,
      "text" : "considered",
      "whiteSpace" : false
    }, {
      "id" : "s3-t25",
      "begin" : 479,
      "end" : 486,
      "text" : "several",
      "whiteSpace" : false
    }, {
      "id" : "s3-t26",
      "begin" : 487,
      "end" : 492,
      "text" : "other",
      "whiteSpace" : false
    }, {
      "id" : "s3-t27",
      "begin" : 493,
      "end" : 501,
      "text" : "channels",
      "whiteSpace" : false
    }, {
      "id" : "s3-t28",
      "begin" : 501,
      "end" : 502,
      "text" : ",",
      "whiteSpace" : false
    }, {
      "id" : "s3-t29",
      "begin" : 503,
      "end" : 506,
      "text" : "and",
      "whiteSpace" : false
    }, {
      "id" : "s3-t30",
      "begin" : 507,
      "end" : 510,
      "text" : "the",
      "whiteSpace" : false
    }, {
      "id" : "s3-t31",
      "begin" : 511,
      "end" : 523,
      "text" : "quantitative",
      "whiteSpace" : false
    }, {
      "id" : "s3-t32",
      "begin" : 524,
      "end" : 534,
      "text" : "assessment",
      "whiteSpace" : false
    }, {
      "id" : "s3-t33",
      "begin" : 535,
      "end" : 537,
      "text" : "of",
      "whiteSpace" : false
    }, {
      "id" : "s3-t34",
      "begin" : 538,
      "end" : 541,
      "text" : "the",
      "whiteSpace" : false
    }, {
      "id" : "s3-t35",
      "begin" : 542,
      "end" : 546,
      "text" : "size",
      "whiteSpace" : false
    }, {
      "id" : "s3-t36",
      "begin" : 547,
      "end" : 549,
      "text" : "of",
      "whiteSpace" : false
    }, {
      "id" : "s3-t37",
      "begin" : 550,
      "end" : 555,
      "text" : "these",
      "whiteSpace" : false
    }, {
      "id" : "s3-t38",
      "begin" : 556,
      "end" : 566,
      "text" : "influences",
      "whiteSpace" : false
    }, {
      "id" : "s3-t39",
      "begin" : 567,
      "end" : 570,
      "text" : "has",
      "whiteSpace" : false
    }, {
      "id" : "s3-t40",
      "begin" : 571,
      "end" : 575,
      "text" : "been",
      "whiteSpace" : false
    }, {
      "id" : "s3-t41",
      "begin" : 576,
      "end" : 583,
      "text" : "carried",
      "whiteSpace" : false
    }, {
      "id" : "s3-t42",
      "begin" : 584,
      "end" : 587,
      "text" : "out",
      "whiteSpace" : false
    }, {
      "id" : "s3-t43",
      "begin" : 588,
      "end" : 590,
      "text" : "in",
      "whiteSpace" : false
    }, {
      "id" : "s3-t44",
      "begin" : 591,
      "end" : 599,
      "text" : "multiple",
      "whiteSpace" : false
    }, {
      "id" : "s3-t45",
      "begin" : 600,
      "end" : 607,
      "text" : "studies",
      "whiteSpace" : false
    }, {
      "id" : "s3-t46",
      "begin" : 607,
      "end" : 608,
      "text" : ".",
      "whiteSpace" : false
    } ]
  }, {
    "id" : "s4",
    "begin" : 609,
    "end" : 870,
    "text" : "Building on this research, I conclude that trade played an appreciable role in increasing wage inequality, but that its cumulative effect has been modest, and that globalization does not explain the preponderance of the rise in wage inequality within countries.",
    "tokens" : [ {
      "id" : "s4-t0",
      "begin" : 609,
      "end" : 617,
      "text" : "Building",
      "whiteSpace" : false
    }, {
      "id" : "s4-t1",
      "begin" : 618,
      "end" : 620,
      "text" : "on",
      "whiteSpace" : false
    }, {
      "id" : "s4-t2",
      "begin" : 621,
      "end" : 625,
      "text" : "this",
      "whiteSpace" : false
    }, {
      "id" : "s4-t3",
      "begin" : 626,
      "end" : 634,
      "text" : "research",
      "whiteSpace" : false
    }, {
      "id" : "s4-t4",
      "begin" : 634,
      "end" : 635,
      "text" : ",",
      "whiteSpace" : false
    }, {
      "id" : "s4-t5",
      "begin" : 636,
      "end" : 637,
      "text" : "I",
      "whiteSpace" : false
    }, {
      "id" : "s4-t6",
      "begin" : 638,
      "end" : 646,
      "text" : "conclude",
      "whiteSpace" : false
    }, {
      "id" : "s4-t7",
      "begin" : 647,
      "end" : 651,
      "text" : "that",
      "whiteSpace" : false
    }, {
      "id" : "s4-t8",
      "begin" : 652,
      "end" : 657,
      "text" : "trade",
      "whiteSpace" : false
    }, {
      "id" : "s4-t9",
      "begin" : 658,
      "end" : 664,
      "text" : "played",
      "whiteSpace" : false
    }, {
      "id" : "s4-t10",
      "begin" : 665,
      "end" : 667,
      "text" : "an",
      "whiteSpace" : false
    }, {
      "id" : "s4-t11",
      "begin" : 668,
      "end" : 679,
      "text" : "appreciable",
      "whiteSpace" : false
    }, {
      "id" : "s4-t12",
      "begin" : 680,
      "end" : 684,
      "text" : "role",
      "whiteSpace" : false
    }, {
      "id" : "s4-t13",
      "begin" : 685,
      "end" : 687,
      "text" : "in",
      "whiteSpace" : false
    }, {
      "id" : "s4-t14",
      "begin" : 688,
      "end" : 698,
      "text" : "increasing",
      "whiteSpace" : false
    }, {
      "id" : "s4-t15",
      "begin" : 699,
      "end" : 703,
      "text" : "wage",
      "whiteSpace" : false
    }, {
      "id" : "s4-t16",
      "begin" : 704,
      "end" : 714,
      "text" : "inequality",
      "whiteSpace" : false
    }, {
      "id" : "s4-t17",
      "begin" : 714,
      "end" : 715,
      "text" : ",",
      "whiteSpace" : false
    }, {
      "id" : "s4-t18",
      "begin" : 716,
      "end" : 719,
      "text" : "but",
      "whiteSpace" : false
    }, {
      "id" : "s4-t19",
      "begin" : 720,
      "end" : 724,
      "text" : "that",
      "whiteSpace" : false
    }, {
      "id" : "s4-t20",
      "begin" : 725,
      "end" : 728,
      "text" : "its",
      "whiteSpace" : false
    }, {
      "id" : "s4-t21",
      "begin" : 729,
      "end" : 739,
      "text" : "cumulative",
      "whiteSpace" : false
    }, {
      "id" : "s4-t22",
      "begin" : 740,
      "end" : 746,
      "text" : "effect",
      "whiteSpace" : false
    }, {
      "id" : "s4-t23",
      "begin" : 747,
      "end" : 750,
      "text" : "has",
      "whiteSpace" : false
    }, {
      "id" : "s4-t24",
      "begin" : 751,
      "end" : 755,
      "text" : "been",
      "whiteSpace" : false
    }, {
      "id" : "s4-t25",
      "begin" : 756,
      "end" : 762,
      "text" : "modest",
      "whiteSpace" : false
    }, {
      "id" : "s4-t26",
      "begin" : 762,
      "end" : 763,
      "text" : ",",
      "whiteSpace" : false
    }, {
      "id" : "s4-t27",
      "begin" : 764,
      "end" : 767,
      "text" : "and",
      "whiteSpace" : false
    }, {
      "id" : "s4-t28",
      "begin" : 768,
      "end" : 772,
      "text" : "that",
      "whiteSpace" : false
    }, {
      "id" : "s4-t29",
      "begin" : 773,
      "end" : 786,
      "text" : "globalization",
      "whiteSpace" : false
    }, {
      "id" : "s4-t30",
      "begin" : 787,
      "end" : 791,
      "text" : "does",
      "whiteSpace" : false
    }, {
      "id" : "s4-t31",
      "begin" : 792,
      "end" : 795,
      "text" : "not",
      "whiteSpace" : false
    }, {
      "id" : "s4-t32",
      "begin" : 796,
      "end" : 803,
      "text" : "explain",
      "whiteSpace" : false
    }, {
      "id" : "s4-t33",
      "begin" : 804,
      "end" : 807,
      "text" : "the",
      "whiteSpace" : false
    }, {
      "id" : "s4-t34",
      "begin" : 808,
      "end" : 821,
      "text" : "preponderance",
      "whiteSpace" : false
    }, {
      "id" : "s4-t35",
      "begin" : 822,
      "end" : 824,
      "text" : "of",
      "whiteSpace" : false
    }, {
      "id" : "s4-t36",
      "begin" : 825,
      "end" : 828,
      "text" : "the",
      "whiteSpace" : false
    }, {
      "id" : "s4-t37",
      "begin" : 829,
      "end" : 833,
      "text" : "rise",
      "whiteSpace" : false
    }, {
      "id" : "s4-t38",
      "begin" : 834,
      "end" : 836,
      "text" : "in",
      "whiteSpace" : false
    }, {
      "id" : "s4-t39",
      "begin" : 837,
      "end" : 841,
      "text" : "wage",
      "whiteSpace" : false
    }, {
      "id" : "s4-t40",
      "begin" : 842,
      "end" : 852,
      "text" : "inequality",
      "whiteSpace" : false
    }, {
      "id" : "s4-t41",
      "begin" : 853,
      "end" : 859,
      "text" : "within",
      "whiteSpace" : false
    }, {
      "id" : "s4-t42",
      "begin" : 860,
      "end" : 869,
      "text" : "countries",
      "whiteSpace" : false
    }, {
      "id" : "s4-t43",
      "begin" : 869,
      "end" : 870,
      "text" : ".",
      "whiteSpace" : false
    } ]
  } ],
  "mentions" : [ {
    "id" : "m1",
    "properties" : {
      "SIRE_MENTION_TYPE" : "NONE",
      "SIRE_MENTION_CLASS" : "SPC",
      "SIRE_ENTITY_SUBTYPE" : "NONE",
      "SIRE_MENTION_ROLE" : "Variable"
    },
    "type" : "Variable",
    "begin" : 0,
    "end" : 13,
    "inCoref" : true
  }, {
    "id" : "s0-m3",
    "properties" : {
      "SIRE_MENTION_ROLE" : "relation",
      "SIRE_ENTITY_SUBTYPE" : "NONE",
      "SIRE_MENTION_TYPE" : "NONE",
      "SIRE_MENTION_CLASS" : "SPC"
    },
    "type" : "relation",
    "begin" : 34,
    "end" : 40,
    "inCoref" : false
  }, {
    "id" : "m2",
    "properties" : {
      "SIRE_MENTION_TYPE" : "NONE",
      "SIRE_MENTION_CLASS" : "SPC",
      "SIRE_ENTITY_SUBTYPE" : "NONE",
      "SIRE_MENTION_ROLE" : "Variable"
    },
    "type" : "Variable",
    "begin" : 41,
    "end" : 51,
    "inCoref" : false
  }, {
    "id" : "s1-m2",
    "properties" : {
      "SIRE_MENTION_ROLE" : "negation",
      "SIRE_ENTITY_SUBTYPE" : "NONE",
      "SIRE_MENTION_TYPE" : "NONE",
      "SIRE_MENTION_CLASS" : "SPC"
    },
    "type" : "negation",
    "begin" : 134,
    "end" : 137,
    "inCoref" : false
  }, {
    "id" : "s1-m1",
    "properties" : {
      "SIRE_MENTION_ROLE" : "evidence",
      "SIRE_ENTITY_SUBTYPE" : "NONE",
      "SIRE_MENTION_TYPE" : "NONE",
      "SIRE_MENTION_CLASS" : "SPC"
    },
    "type" : "evidence",
    "begin" : 147,
    "end" : 155,
    "inCoref" : false
  }, {
    "id" : "s2-m3",
    "properties" : {
      "SIRE_MENTION_ROLE" : "evidence",
      "SIRE_ENTITY_SUBTYPE" : "NONE",
      "SIRE_MENTION_TYPE" : "NONE",
      "SIRE_MENTION_CLASS" : "SPC"
    },
    "type" : "evidence",
    "begin" : 173,
    "end" : 187,
    "inCoref" : false
  }, {
    "id" : "s2-m4",
    "properties" : {
      "SIRE_MENTION_ROLE" : "relation",
      "SIRE_ENTITY_SUBTYPE" : "NONE",
      "SIRE_MENTION_TYPE" : "NONE",
      "SIRE_MENTION_CLASS" : "SPC"
    },
    "type" : "relation",
    "begin" : 268,
    "end" : 288,
    "inCoref" : false
  }, {
    "id" : "m3",
    "properties" : {
      "SIRE_MENTION_TYPE" : "NONE",
      "SIRE_MENTION_CLASS" : "SPC",
      "SIRE_ENTITY_SUBTYPE" : "NONE",
      "SIRE_MENTION_ROLE" : "Variable"
    },
    "type" : "Variable",
    "begin" : 289,
    "end" : 302,
    "inCoref" : true
  }, {
    "id" : "m4",
    "properties" : {
      "SIRE_MENTION_TYPE" : "NONE",
      "SIRE_MENTION_CLASS" : "SPC",
      "SIRE_ENTITY_SUBTYPE" : "NONE",
      "SIRE_MENTION_ROLE" : "Variable"
    },
    "type" : "Variable",
    "begin" : 307,
    "end" : 322,
    "inCoref" : true
  }, {
    "id" : "s3-m3",
    "properties" : {
      "SIRE_MENTION_ROLE" : "relation",
      "SIRE_ENTITY_SUBTYPE" : "NONE",
      "SIRE_MENTION_TYPE" : "NONE",
      "SIRE_MENTION_CLASS" : "SPC"
    },
    "type" : "relation",
    "begin" : 422,
    "end" : 427,
    "inCoref" : false
  }, {
    "id" : "s3-m1",
    "properties" : {
      "SIRE_MENTION_ROLE" : "Variable",
      "SIRE_ENTITY_SUBTYPE" : "NONE",
      "SIRE_MENTION_TYPE" : "NONE",
      "SIRE_MENTION_CLASS" : "SPC"
    },
    "type" : "Variable",
    "begin" : 428,
    "end" : 433,
    "inCoref" : true
  }, {
    "id" : "s3-m2",
    "properties" : {
      "SIRE_MENTION_ROLE" : "Variable",
      "SIRE_ENTITY_SUBTYPE" : "NONE",
      "SIRE_MENTION_TYPE" : "NONE",
      "SIRE_MENTION_CLASS" : "SPC"
    },
    "type" : "Variable",
    "begin" : 437,
    "end" : 442,
    "inCoref" : false
  }, {
    "id" : "s4-m8",
    "properties" : {
      "SIRE_MENTION_ROLE" : "evidence",
      "SIRE_ENTITY_SUBTYPE" : "NONE",
      "SIRE_MENTION_TYPE" : "NONE",
      "SIRE_MENTION_CLASS" : "SPC"
    },
    "type" : "evidence",
    "begin" : 638,
    "end" : 646,
    "inCoref" : false
  }, {
    "id" : "s4-m5",
    "properties" : {
      "SIRE_MENTION_ROLE" : "Variable",
      "SIRE_ENTITY_SUBTYPE" : "NONE",
      "SIRE_MENTION_TYPE" : "NONE",
      "SIRE_MENTION_CLASS" : "SPC"
    },
    "type" : "Variable",
    "begin" : 652,
    "end" : 657,
    "inCoref" : true
  }, {
    "id" : "s4-m6",
    "properties" : {
      "SIRE_MENTION_ROLE" : "relation",
      "SIRE_ENTITY_SUBTYPE" : "NONE",
      "SIRE_MENTION_TYPE" : "NONE",
      "SIRE_MENTION_CLASS" : "SPC"
    },
    "type" : "relation",
    "begin" : 680,
    "end" : 687,
    "inCoref" : false
  }, {
    "id" : "s4-m7",
    "properties" : {
      "SIRE_MENTION_ROLE" : "relation",
      "SIRE_ENTITY_SUBTYPE" : "NONE",
      "SIRE_MENTION_TYPE" : "NONE",
      "SIRE_MENTION_CLASS" : "SPC"
    },
    "type" : "relation",
    "begin" : 688,
    "end" : 698,
    "inCoref" : false
  }, {
    "id" : "m5",
    "properties" : {
      "SIRE_MENTION_TYPE" : "NONE",
      "SIRE_MENTION_CLASS" : "SPC",
      "SIRE_ENTITY_SUBTYPE" : "NONE",
      "SIRE_MENTION_ROLE" : "Variable"
    },
    "type" : "Variable",
    "begin" : 699,
    "end" : 714,
    "inCoref" : true
  }, {
    "id" : "m8",
    "properties" : {
      "SIRE_MENTION_TYPE" : "NONE",
      "SIRE_MENTION_CLASS" : "SPC",
      "SIRE_ENTITY_SUBTYPE" : "NONE",
      "SIRE_MENTION_ROLE" : "relation"
    },
    "type" : "relation",
    "begin" : 740,
    "end" : 746,
    "inCoref" : false
  }, {
    "id" : "m6",
    "properties" : {
      "SIRE_MENTION_TYPE" : "NONE",
      "SIRE_MENTION_CLASS" : "SPC",
      "SIRE_ENTITY_SUBTYPE" : "NONE",
      "SIRE_MENTION_ROLE" : "Variable"
    },
    "type" : "Variable",
    "begin" : 773,
    "end" : 786,
    "inCoref" : true
  }, {
    "id" : "s4-m10",
    "properties" : {
      "SIRE_MENTION_ROLE" : "negation",
      "SIRE_ENTITY_SUBTYPE" : "NONE",
      "SIRE_MENTION_TYPE" : "NONE",
      "SIRE_MENTION_CLASS" : "SPC"
    },
    "type" : "negation",
    "begin" : 792,
    "end" : 795,
    "inCoref" : false
  }, {
    "id" : "s4-m9",
    "properties" : {
      "SIRE_MENTION_ROLE" : "relation",
      "SIRE_ENTITY_SUBTYPE" : "NONE",
      "SIRE_MENTION_TYPE" : "NONE",
      "SIRE_MENTION_CLASS" : "SPC"
    },
    "type" : "relation",
    "begin" : 796,
    "end" : 803,
    "inCoref" : false
  }, {
    "id" : "m7",
    "properties" : {
      "SIRE_MENTION_TYPE" : "NONE",
      "SIRE_MENTION_CLASS" : "SPC",
      "SIRE_ENTITY_SUBTYPE" : "NONE",
      "SIRE_MENTION_ROLE" : "Variable"
    },
    "type" : "Variable",
    "begin" : 837,
    "end" : 852,
    "inCoref" : true
  } ],
  "relations" : [ {
    "id" : "s0-r2",
    "properties" : { },
    "type" : "Causal",
    "args" : [ "m1", "m2" ]
  }, {
    "id" : "s2-r1",
    "properties" : { },
    "type" : "RelateCorrelation",
    "args" : [ "m3", "m4" ]
  }, {
    "id" : "s3-r1",
    "properties" : { },
    "type" : "RelateCorrelation",
    "args" : [ "s3-m1", "s3-m2" ]
  }, {
    "id" : "s4-r2",
    "properties" : { },
    "type" : "Causal",
    "args" : [ "s4-m5", "m5" ]
  }, {
    "id" : "s4-r3",
    "properties" : { },
    "type" : "NoRelation",
    "args" : [ "m6", "m7" ]
  } ],
  "corefs" : [ {
    "id" : "c1",
    "properties" : { },
    "mentions" : [ "m1", "m3", "m6" ]
  }, {
    "id" : "c3",
    "properties" : { },
    "mentions" : [ "m4", "m5", "m7" ]
  }, {
    "id" : "c4",
    "properties" : { },
    "mentions" : [ "s3-m1", "s4-m5" ]
  } ],
  "typeResolved" : true,
  "userResolved" : false
}