{
  "id" : "45fbb650-25c2-11ec-94b0-c7167c6b1af9-21",
  "name" : "8. Bergh, A., and Fink, G. (2008), .docx",
  "createdDate" : 0,
  "version" : 3,
  "text" : "The objective of this article is to examine whether public expenditure on higher education has an effect on income inequality by increasing enrollment. Methods. Combining data from the World Bank Development Indicators with data from the World Income Inequality Database version 2, we study the relation between government education expenditure and enrollment rates, as well as the relation between government education expenditure and the change in income inequality during the 1980s and the 1990s. Results. We find that public expenditure on higher education has no positive effect on enrollment. Increased enrollment is mainly explained by higher GDP per capita. Using carefully selected Gini coefficients to ensure comparability over time, we do not find a robust relation between higher education expenditure and lower income inequality, contrary to some previous studies. Conclusions. Government expenditure on higher education has very limited effects on enrollment and inequality. This finding, however, does not imply that there are no social benefits from such subsidies. For example, in countries where high marginal tax rates decrease the economic returns to education, governments may wish to compensate for this through subsidies.\n\n",
  "docLength" : 0,
  "language" : "EN",
  "status" : "SUBMITTED",
  "modifiedDate" : 1634899984590,
  "documentSet" : [ ],
  "preannotation" : [ "PRE_LW" ],
  "sentences" : [ {
    "id" : "s0",
    "begin" : 0,
    "end" : 151,
    "text" : "The objective of this article is to examine whether public expenditure on higher education has an effect on income inequality by increasing enrollment.",
    "tokens" : [ {
      "id" : "s0-t0",
      "begin" : 0,
      "end" : 3,
      "text" : "The",
      "whiteSpace" : false
    }, {
      "id" : "s0-t1",
      "begin" : 4,
      "end" : 13,
      "text" : "objective",
      "whiteSpace" : false
    }, {
      "id" : "s0-t2",
      "begin" : 14,
      "end" : 16,
      "text" : "of",
      "whiteSpace" : false
    }, {
      "id" : "s0-t3",
      "begin" : 17,
      "end" : 21,
      "text" : "this",
      "whiteSpace" : false
    }, {
      "id" : "s0-t4",
      "begin" : 22,
      "end" : 29,
      "text" : "article",
      "whiteSpace" : false
    }, {
      "id" : "s0-t5",
      "begin" : 30,
      "end" : 32,
      "text" : "is",
      "whiteSpace" : false
    }, {
      "id" : "s0-t6",
      "begin" : 33,
      "end" : 35,
      "text" : "to",
      "whiteSpace" : false
    }, {
      "id" : "s0-t7",
      "begin" : 36,
      "end" : 43,
      "text" : "examine",
      "whiteSpace" : false
    }, {
      "id" : "s0-t8",
      "begin" : 44,
      "end" : 51,
      "text" : "whether",
      "whiteSpace" : false
    }, {
      "id" : "s0-t9",
      "begin" : 52,
      "end" : 58,
      "text" : "public",
      "whiteSpace" : false
    }, {
      "id" : "s0-t10",
      "begin" : 59,
      "end" : 70,
      "text" : "expenditure",
      "whiteSpace" : false
    }, {
      "id" : "s0-t11",
      "begin" : 71,
      "end" : 73,
      "text" : "on",
      "whiteSpace" : false
    }, {
      "id" : "s0-t12",
      "begin" : 74,
      "end" : 80,
      "text" : "higher",
      "whiteSpace" : false
    }, {
      "id" : "s0-t13",
      "begin" : 81,
      "end" : 90,
      "text" : "education",
      "whiteSpace" : false
    }, {
      "id" : "s0-t14",
      "begin" : 91,
      "end" : 94,
      "text" : "has",
      "whiteSpace" : false
    }, {
      "id" : "s0-t15",
      "begin" : 95,
      "end" : 97,
      "text" : "an",
      "whiteSpace" : false
    }, {
      "id" : "s0-t16",
      "begin" : 98,
      "end" : 104,
      "text" : "effect",
      "whiteSpace" : false
    }, {
      "id" : "s0-t17",
      "begin" : 105,
      "end" : 107,
      "text" : "on",
      "whiteSpace" : false
    }, {
      "id" : "s0-t18",
      "begin" : 108,
      "end" : 114,
      "text" : "income",
      "whiteSpace" : false
    }, {
      "id" : "s0-t19",
      "begin" : 115,
      "end" : 125,
      "text" : "inequality",
      "whiteSpace" : false
    }, {
      "id" : "s0-t20",
      "begin" : 126,
      "end" : 128,
      "text" : "by",
      "whiteSpace" : false
    }, {
      "id" : "s0-t21",
      "begin" : 129,
      "end" : 139,
      "text" : "increasing",
      "whiteSpace" : false
    }, {
      "id" : "s0-t22",
      "begin" : 140,
      "end" : 150,
      "text" : "enrollment",
      "whiteSpace" : false
    }, {
      "id" : "s0-t23",
      "begin" : 150,
      "end" : 151,
      "text" : ".",
      "whiteSpace" : false
    } ]
  }, {
    "id" : "s1",
    "begin" : 152,
    "end" : 160,
    "text" : "Methods.",
    "tokens" : [ {
      "id" : "s1-t0",
      "begin" : 152,
      "end" : 159,
      "text" : "Methods",
      "whiteSpace" : false
    }, {
      "id" : "s1-t1",
      "begin" : 159,
      "end" : 160,
      "text" : ".",
      "whiteSpace" : false
    } ]
  }, {
    "id" : "s2",
    "begin" : 161,
    "end" : 499,
    "text" : "Combining data from the World Bank Development Indicators with data from the World Income Inequality Database version 2, we study the relation between government education expenditure and enrollment rates, as well as the relation between government education expenditure and the change in income inequality during the 1980s and the 1990s.",
    "tokens" : [ {
      "id" : "s2-t0",
      "begin" : 161,
      "end" : 170,
      "text" : "Combining",
      "whiteSpace" : false
    }, {
      "id" : "s2-t1",
      "begin" : 171,
      "end" : 175,
      "text" : "data",
      "whiteSpace" : false
    }, {
      "id" : "s2-t2",
      "begin" : 176,
      "end" : 180,
      "text" : "from",
      "whiteSpace" : false
    }, {
      "id" : "s2-t3",
      "begin" : 181,
      "end" : 184,
      "text" : "the",
      "whiteSpace" : false
    }, {
      "id" : "s2-t4",
      "begin" : 185,
      "end" : 190,
      "text" : "World",
      "whiteSpace" : false
    }, {
      "id" : "s2-t5",
      "begin" : 191,
      "end" : 195,
      "text" : "Bank",
      "whiteSpace" : false
    }, {
      "id" : "s2-t6",
      "begin" : 196,
      "end" : 207,
      "text" : "Development",
      "whiteSpace" : false
    }, {
      "id" : "s2-t7",
      "begin" : 208,
      "end" : 218,
      "text" : "Indicators",
      "whiteSpace" : false
    }, {
      "id" : "s2-t8",
      "begin" : 219,
      "end" : 223,
      "text" : "with",
      "whiteSpace" : false
    }, {
      "id" : "s2-t9",
      "begin" : 224,
      "end" : 228,
      "text" : "data",
      "whiteSpace" : false
    }, {
      "id" : "s2-t10",
      "begin" : 229,
      "end" : 233,
      "text" : "from",
      "whiteSpace" : false
    }, {
      "id" : "s2-t11",
      "begin" : 234,
      "end" : 237,
      "text" : "the",
      "whiteSpace" : false
    }, {
      "id" : "s2-t12",
      "begin" : 238,
      "end" : 243,
      "text" : "World",
      "whiteSpace" : false
    }, {
      "id" : "s2-t13",
      "begin" : 244,
      "end" : 250,
      "text" : "Income",
      "whiteSpace" : false
    }, {
      "id" : "s2-t14",
      "begin" : 251,
      "end" : 261,
      "text" : "Inequality",
      "whiteSpace" : false
    }, {
      "id" : "s2-t15",
      "begin" : 262,
      "end" : 270,
      "text" : "Database",
      "whiteSpace" : false
    }, {
      "id" : "s2-t16",
      "begin" : 271,
      "end" : 278,
      "text" : "version",
      "whiteSpace" : false
    }, {
      "id" : "s2-t17",
      "begin" : 279,
      "end" : 280,
      "text" : "2",
      "whiteSpace" : false
    }, {
      "id" : "s2-t18",
      "begin" : 280,
      "end" : 281,
      "text" : ",",
      "whiteSpace" : false
    }, {
      "id" : "s2-t19",
      "begin" : 282,
      "end" : 284,
      "text" : "we",
      "whiteSpace" : false
    }, {
      "id" : "s2-t20",
      "begin" : 285,
      "end" : 290,
      "text" : "study",
      "whiteSpace" : false
    }, {
      "id" : "s2-t21",
      "begin" : 291,
      "end" : 294,
      "text" : "the",
      "whiteSpace" : false
    }, {
      "id" : "s2-t22",
      "begin" : 295,
      "end" : 303,
      "text" : "relation",
      "whiteSpace" : false
    }, {
      "id" : "s2-t23",
      "begin" : 304,
      "end" : 311,
      "text" : "between",
      "whiteSpace" : false
    }, {
      "id" : "s2-t24",
      "begin" : 312,
      "end" : 322,
      "text" : "government",
      "whiteSpace" : false
    }, {
      "id" : "s2-t25",
      "begin" : 323,
      "end" : 332,
      "text" : "education",
      "whiteSpace" : false
    }, {
      "id" : "s2-t26",
      "begin" : 333,
      "end" : 344,
      "text" : "expenditure",
      "whiteSpace" : false
    }, {
      "id" : "s2-t27",
      "begin" : 345,
      "end" : 348,
      "text" : "and",
      "whiteSpace" : false
    }, {
      "id" : "s2-t28",
      "begin" : 349,
      "end" : 359,
      "text" : "enrollment",
      "whiteSpace" : false
    }, {
      "id" : "s2-t29",
      "begin" : 360,
      "end" : 365,
      "text" : "rates",
      "whiteSpace" : false
    }, {
      "id" : "s2-t30",
      "begin" : 365,
      "end" : 366,
      "text" : ",",
      "whiteSpace" : false
    }, {
      "id" : "s2-t31",
      "begin" : 367,
      "end" : 369,
      "text" : "as",
      "whiteSpace" : false
    }, {
      "id" : "s2-t32",
      "begin" : 370,
      "end" : 374,
      "text" : "well",
      "whiteSpace" : false
    }, {
      "id" : "s2-t33",
      "begin" : 375,
      "end" : 377,
      "text" : "as",
      "whiteSpace" : false
    }, {
      "id" : "s2-t34",
      "begin" : 378,
      "end" : 381,
      "text" : "the",
      "whiteSpace" : false
    }, {
      "id" : "s2-t35",
      "begin" : 382,
      "end" : 390,
      "text" : "relation",
      "whiteSpace" : false
    }, {
      "id" : "s2-t36",
      "begin" : 391,
      "end" : 398,
      "text" : "between",
      "whiteSpace" : false
    }, {
      "id" : "s2-t37",
      "begin" : 399,
      "end" : 409,
      "text" : "government",
      "whiteSpace" : false
    }, {
      "id" : "s2-t38",
      "begin" : 410,
      "end" : 419,
      "text" : "education",
      "whiteSpace" : false
    }, {
      "id" : "s2-t39",
      "begin" : 420,
      "end" : 431,
      "text" : "expenditure",
      "whiteSpace" : false
    }, {
      "id" : "s2-t40",
      "begin" : 432,
      "end" : 435,
      "text" : "and",
      "whiteSpace" : false
    }, {
      "id" : "s2-t41",
      "begin" : 436,
      "end" : 439,
      "text" : "the",
      "whiteSpace" : false
    }, {
      "id" : "s2-t42",
      "begin" : 440,
      "end" : 446,
      "text" : "change",
      "whiteSpace" : false
    }, {
      "id" : "s2-t43",
      "begin" : 447,
      "end" : 449,
      "text" : "in",
      "whiteSpace" : false
    }, {
      "id" : "s2-t44",
      "begin" : 450,
      "end" : 456,
      "text" : "income",
      "whiteSpace" : false
    }, {
      "id" : "s2-t45",
      "begin" : 457,
      "end" : 467,
      "text" : "inequality",
      "whiteSpace" : false
    }, {
      "id" : "s2-t46",
      "begin" : 468,
      "end" : 474,
      "text" : "during",
      "whiteSpace" : false
    }, {
      "id" : "s2-t47",
      "begin" : 475,
      "end" : 478,
      "text" : "the",
      "whiteSpace" : false
    }, {
      "id" : "s2-t48",
      "begin" : 479,
      "end" : 484,
      "text" : "1980s",
      "whiteSpace" : false
    }, {
      "id" : "s2-t49",
      "begin" : 485,
      "end" : 488,
      "text" : "and",
      "whiteSpace" : false
    }, {
      "id" : "s2-t50",
      "begin" : 489,
      "end" : 492,
      "text" : "the",
      "whiteSpace" : false
    }, {
      "id" : "s2-t51",
      "begin" : 493,
      "end" : 498,
      "text" : "1990s",
      "whiteSpace" : false
    }, {
      "id" : "s2-t52",
      "begin" : 498,
      "end" : 499,
      "text" : ".",
      "whiteSpace" : false
    } ]
  }, {
    "id" : "s3",
    "begin" : 500,
    "end" : 508,
    "text" : "Results.",
    "tokens" : [ {
      "id" : "s3-t0",
      "begin" : 500,
      "end" : 507,
      "text" : "Results",
      "whiteSpace" : false
    }, {
      "id" : "s3-t1",
      "begin" : 507,
      "end" : 508,
      "text" : ".",
      "whiteSpace" : false
    } ]
  }, {
    "id" : "s4",
    "begin" : 509,
    "end" : 598,
    "text" : "We find that public expenditure on higher education has no positive effect on enrollment.",
    "tokens" : [ {
      "id" : "s4-t0",
      "begin" : 509,
      "end" : 511,
      "text" : "We",
      "whiteSpace" : false
    }, {
      "id" : "s4-t1",
      "begin" : 512,
      "end" : 516,
      "text" : "find",
      "whiteSpace" : false
    }, {
      "id" : "s4-t2",
      "begin" : 517,
      "end" : 521,
      "text" : "that",
      "whiteSpace" : false
    }, {
      "id" : "s4-t3",
      "begin" : 522,
      "end" : 528,
      "text" : "public",
      "whiteSpace" : false
    }, {
      "id" : "s4-t4",
      "begin" : 529,
      "end" : 540,
      "text" : "expenditure",
      "whiteSpace" : false
    }, {
      "id" : "s4-t5",
      "begin" : 541,
      "end" : 543,
      "text" : "on",
      "whiteSpace" : false
    }, {
      "id" : "s4-t6",
      "begin" : 544,
      "end" : 550,
      "text" : "higher",
      "whiteSpace" : false
    }, {
      "id" : "s4-t7",
      "begin" : 551,
      "end" : 560,
      "text" : "education",
      "whiteSpace" : false
    }, {
      "id" : "s4-t8",
      "begin" : 561,
      "end" : 564,
      "text" : "has",
      "whiteSpace" : false
    }, {
      "id" : "s4-t9",
      "begin" : 565,
      "end" : 567,
      "text" : "no",
      "whiteSpace" : false
    }, {
      "id" : "s4-t10",
      "begin" : 568,
      "end" : 576,
      "text" : "positive",
      "whiteSpace" : false
    }, {
      "id" : "s4-t11",
      "begin" : 577,
      "end" : 583,
      "text" : "effect",
      "whiteSpace" : false
    }, {
      "id" : "s4-t12",
      "begin" : 584,
      "end" : 586,
      "text" : "on",
      "whiteSpace" : false
    }, {
      "id" : "s4-t13",
      "begin" : 587,
      "end" : 597,
      "text" : "enrollment",
      "whiteSpace" : false
    }, {
      "id" : "s4-t14",
      "begin" : 597,
      "end" : 598,
      "text" : ".",
      "whiteSpace" : false
    } ]
  }, {
    "id" : "s5",
    "begin" : 599,
    "end" : 665,
    "text" : "Increased enrollment is mainly explained by higher GDP per capita.",
    "tokens" : [ {
      "id" : "s5-t0",
      "begin" : 599,
      "end" : 608,
      "text" : "Increased",
      "whiteSpace" : false
    }, {
      "id" : "s5-t1",
      "begin" : 609,
      "end" : 619,
      "text" : "enrollment",
      "whiteSpace" : false
    }, {
      "id" : "s5-t2",
      "begin" : 620,
      "end" : 622,
      "text" : "is",
      "whiteSpace" : false
    }, {
      "id" : "s5-t3",
      "begin" : 623,
      "end" : 629,
      "text" : "mainly",
      "whiteSpace" : false
    }, {
      "id" : "s5-t4",
      "begin" : 630,
      "end" : 639,
      "text" : "explained",
      "whiteSpace" : false
    }, {
      "id" : "s5-t5",
      "begin" : 640,
      "end" : 642,
      "text" : "by",
      "whiteSpace" : false
    }, {
      "id" : "s5-t6",
      "begin" : 643,
      "end" : 649,
      "text" : "higher",
      "whiteSpace" : false
    }, {
      "id" : "s5-t7",
      "begin" : 650,
      "end" : 653,
      "text" : "GDP",
      "whiteSpace" : false
    }, {
      "id" : "s5-t8",
      "begin" : 654,
      "end" : 657,
      "text" : "per",
      "whiteSpace" : false
    }, {
      "id" : "s5-t9",
      "begin" : 658,
      "end" : 664,
      "text" : "capita",
      "whiteSpace" : false
    }, {
      "id" : "s5-t10",
      "begin" : 664,
      "end" : 665,
      "text" : ".",
      "whiteSpace" : false
    } ]
  }, {
    "id" : "s6",
    "begin" : 666,
    "end" : 877,
    "text" : "Using carefully selected Gini coefficients to ensure comparability over time, we do not find a robust relation between higher education expenditure and lower income inequality, contrary to some previous studies.",
    "tokens" : [ {
      "id" : "s6-t0",
      "begin" : 666,
      "end" : 671,
      "text" : "Using",
      "whiteSpace" : false
    }, {
      "id" : "s6-t1",
      "begin" : 672,
      "end" : 681,
      "text" : "carefully",
      "whiteSpace" : false
    }, {
      "id" : "s6-t2",
      "begin" : 682,
      "end" : 690,
      "text" : "selected",
      "whiteSpace" : false
    }, {
      "id" : "s6-t3",
      "begin" : 691,
      "end" : 695,
      "text" : "Gini",
      "whiteSpace" : false
    }, {
      "id" : "s6-t4",
      "begin" : 696,
      "end" : 708,
      "text" : "coefficients",
      "whiteSpace" : false
    }, {
      "id" : "s6-t5",
      "begin" : 709,
      "end" : 711,
      "text" : "to",
      "whiteSpace" : false
    }, {
      "id" : "s6-t6",
      "begin" : 712,
      "end" : 718,
      "text" : "ensure",
      "whiteSpace" : false
    }, {
      "id" : "s6-t7",
      "begin" : 719,
      "end" : 732,
      "text" : "comparability",
      "whiteSpace" : false
    }, {
      "id" : "s6-t8",
      "begin" : 733,
      "end" : 737,
      "text" : "over",
      "whiteSpace" : false
    }, {
      "id" : "s6-t9",
      "begin" : 738,
      "end" : 742,
      "text" : "time",
      "whiteSpace" : false
    }, {
      "id" : "s6-t10",
      "begin" : 742,
      "end" : 743,
      "text" : ",",
      "whiteSpace" : false
    }, {
      "id" : "s6-t11",
      "begin" : 744,
      "end" : 746,
      "text" : "we",
      "whiteSpace" : false
    }, {
      "id" : "s6-t12",
      "begin" : 747,
      "end" : 749,
      "text" : "do",
      "whiteSpace" : false
    }, {
      "id" : "s6-t13",
      "begin" : 750,
      "end" : 753,
      "text" : "not",
      "whiteSpace" : false
    }, {
      "id" : "s6-t14",
      "begin" : 754,
      "end" : 758,
      "text" : "find",
      "whiteSpace" : false
    }, {
      "id" : "s6-t15",
      "begin" : 759,
      "end" : 760,
      "text" : "a",
      "whiteSpace" : false
    }, {
      "id" : "s6-t16",
      "begin" : 761,
      "end" : 767,
      "text" : "robust",
      "whiteSpace" : false
    }, {
      "id" : "s6-t17",
      "begin" : 768,
      "end" : 776,
      "text" : "relation",
      "whiteSpace" : false
    }, {
      "id" : "s6-t18",
      "begin" : 777,
      "end" : 784,
      "text" : "between",
      "whiteSpace" : false
    }, {
      "id" : "s6-t19",
      "begin" : 785,
      "end" : 791,
      "text" : "higher",
      "whiteSpace" : false
    }, {
      "id" : "s6-t20",
      "begin" : 792,
      "end" : 801,
      "text" : "education",
      "whiteSpace" : false
    }, {
      "id" : "s6-t21",
      "begin" : 802,
      "end" : 813,
      "text" : "expenditure",
      "whiteSpace" : false
    }, {
      "id" : "s6-t22",
      "begin" : 814,
      "end" : 817,
      "text" : "and",
      "whiteSpace" : false
    }, {
      "id" : "s6-t23",
      "begin" : 818,
      "end" : 823,
      "text" : "lower",
      "whiteSpace" : false
    }, {
      "id" : "s6-t24",
      "begin" : 824,
      "end" : 830,
      "text" : "income",
      "whiteSpace" : false
    }, {
      "id" : "s6-t25",
      "begin" : 831,
      "end" : 841,
      "text" : "inequality",
      "whiteSpace" : false
    }, {
      "id" : "s6-t26",
      "begin" : 841,
      "end" : 842,
      "text" : ",",
      "whiteSpace" : false
    }, {
      "id" : "s6-t27",
      "begin" : 843,
      "end" : 851,
      "text" : "contrary",
      "whiteSpace" : false
    }, {
      "id" : "s6-t28",
      "begin" : 852,
      "end" : 854,
      "text" : "to",
      "whiteSpace" : false
    }, {
      "id" : "s6-t29",
      "begin" : 855,
      "end" : 859,
      "text" : "some",
      "whiteSpace" : false
    }, {
      "id" : "s6-t30",
      "begin" : 860,
      "end" : 868,
      "text" : "previous",
      "whiteSpace" : false
    }, {
      "id" : "s6-t31",
      "begin" : 869,
      "end" : 876,
      "text" : "studies",
      "whiteSpace" : false
    }, {
      "id" : "s6-t32",
      "begin" : 876,
      "end" : 877,
      "text" : ".",
      "whiteSpace" : false
    } ]
  }, {
    "id" : "s7",
    "begin" : 878,
    "end" : 890,
    "text" : "Conclusions.",
    "tokens" : [ {
      "id" : "s7-t0",
      "begin" : 878,
      "end" : 889,
      "text" : "Conclusions",
      "whiteSpace" : false
    }, {
      "id" : "s7-t1",
      "begin" : 889,
      "end" : 890,
      "text" : ".",
      "whiteSpace" : false
    } ]
  }, {
    "id" : "s8",
    "begin" : 891,
    "end" : 988,
    "text" : "Government expenditure on higher education has very limited effects on enrollment and inequality.",
    "tokens" : [ {
      "id" : "s8-t0",
      "begin" : 891,
      "end" : 901,
      "text" : "Government",
      "whiteSpace" : false
    }, {
      "id" : "s8-t1",
      "begin" : 902,
      "end" : 913,
      "text" : "expenditure",
      "whiteSpace" : false
    }, {
      "id" : "s8-t2",
      "begin" : 914,
      "end" : 916,
      "text" : "on",
      "whiteSpace" : false
    }, {
      "id" : "s8-t3",
      "begin" : 917,
      "end" : 923,
      "text" : "higher",
      "whiteSpace" : false
    }, {
      "id" : "s8-t4",
      "begin" : 924,
      "end" : 933,
      "text" : "education",
      "whiteSpace" : false
    }, {
      "id" : "s8-t5",
      "begin" : 934,
      "end" : 937,
      "text" : "has",
      "whiteSpace" : false
    }, {
      "id" : "s8-t6",
      "begin" : 938,
      "end" : 942,
      "text" : "very",
      "whiteSpace" : false
    }, {
      "id" : "s8-t7",
      "begin" : 943,
      "end" : 950,
      "text" : "limited",
      "whiteSpace" : false
    }, {
      "id" : "s8-t8",
      "begin" : 951,
      "end" : 958,
      "text" : "effects",
      "whiteSpace" : false
    }, {
      "id" : "s8-t9",
      "begin" : 959,
      "end" : 961,
      "text" : "on",
      "whiteSpace" : false
    }, {
      "id" : "s8-t10",
      "begin" : 962,
      "end" : 972,
      "text" : "enrollment",
      "whiteSpace" : false
    }, {
      "id" : "s8-t11",
      "begin" : 973,
      "end" : 976,
      "text" : "and",
      "whiteSpace" : false
    }, {
      "id" : "s8-t12",
      "begin" : 977,
      "end" : 987,
      "text" : "inequality",
      "whiteSpace" : false
    }, {
      "id" : "s8-t13",
      "begin" : 987,
      "end" : 988,
      "text" : ".",
      "whiteSpace" : false
    } ]
  }, {
    "id" : "s9",
    "begin" : 989,
    "end" : 1081,
    "text" : "This finding, however, does not imply that there are no social benefits from such subsidies.",
    "tokens" : [ {
      "id" : "s9-t0",
      "begin" : 989,
      "end" : 993,
      "text" : "This",
      "whiteSpace" : false
    }, {
      "id" : "s9-t1",
      "begin" : 994,
      "end" : 1001,
      "text" : "finding",
      "whiteSpace" : false
    }, {
      "id" : "s9-t2",
      "begin" : 1001,
      "end" : 1002,
      "text" : ",",
      "whiteSpace" : false
    }, {
      "id" : "s9-t3",
      "begin" : 1003,
      "end" : 1010,
      "text" : "however",
      "whiteSpace" : false
    }, {
      "id" : "s9-t4",
      "begin" : 1010,
      "end" : 1011,
      "text" : ",",
      "whiteSpace" : false
    }, {
      "id" : "s9-t5",
      "begin" : 1012,
      "end" : 1016,
      "text" : "does",
      "whiteSpace" : false
    }, {
      "id" : "s9-t6",
      "begin" : 1017,
      "end" : 1020,
      "text" : "not",
      "whiteSpace" : false
    }, {
      "id" : "s9-t7",
      "begin" : 1021,
      "end" : 1026,
      "text" : "imply",
      "whiteSpace" : false
    }, {
      "id" : "s9-t8",
      "begin" : 1027,
      "end" : 1031,
      "text" : "that",
      "whiteSpace" : false
    }, {
      "id" : "s9-t9",
      "begin" : 1032,
      "end" : 1037,
      "text" : "there",
      "whiteSpace" : false
    }, {
      "id" : "s9-t10",
      "begin" : 1038,
      "end" : 1041,
      "text" : "are",
      "whiteSpace" : false
    }, {
      "id" : "s9-t11",
      "begin" : 1042,
      "end" : 1044,
      "text" : "no",
      "whiteSpace" : false
    }, {
      "id" : "s9-t12",
      "begin" : 1045,
      "end" : 1051,
      "text" : "social",
      "whiteSpace" : false
    }, {
      "id" : "s9-t13",
      "begin" : 1052,
      "end" : 1060,
      "text" : "benefits",
      "whiteSpace" : false
    }, {
      "id" : "s9-t14",
      "begin" : 1061,
      "end" : 1065,
      "text" : "from",
      "whiteSpace" : false
    }, {
      "id" : "s9-t15",
      "begin" : 1066,
      "end" : 1070,
      "text" : "such",
      "whiteSpace" : false
    }, {
      "id" : "s9-t16",
      "begin" : 1071,
      "end" : 1080,
      "text" : "subsidies",
      "whiteSpace" : false
    }, {
      "id" : "s9-t17",
      "begin" : 1080,
      "end" : 1081,
      "text" : ".",
      "whiteSpace" : false
    } ]
  }, {
    "id" : "s10",
    "begin" : 1082,
    "end" : 1244,
    "text" : "For example, in countries where high marginal tax rates decrease the economic returns to education, governments may wish to compensate for this through subsidies.",
    "tokens" : [ {
      "id" : "s10-t0",
      "begin" : 1082,
      "end" : 1085,
      "text" : "For",
      "whiteSpace" : false
    }, {
      "id" : "s10-t1",
      "begin" : 1086,
      "end" : 1093,
      "text" : "example",
      "whiteSpace" : false
    }, {
      "id" : "s10-t2",
      "begin" : 1093,
      "end" : 1094,
      "text" : ",",
      "whiteSpace" : false
    }, {
      "id" : "s10-t3",
      "begin" : 1095,
      "end" : 1097,
      "text" : "in",
      "whiteSpace" : false
    }, {
      "id" : "s10-t4",
      "begin" : 1098,
      "end" : 1107,
      "text" : "countries",
      "whiteSpace" : false
    }, {
      "id" : "s10-t5",
      "begin" : 1108,
      "end" : 1113,
      "text" : "where",
      "whiteSpace" : false
    }, {
      "id" : "s10-t6",
      "begin" : 1114,
      "end" : 1118,
      "text" : "high",
      "whiteSpace" : false
    }, {
      "id" : "s10-t7",
      "begin" : 1119,
      "end" : 1127,
      "text" : "marginal",
      "whiteSpace" : false
    }, {
      "id" : "s10-t8",
      "begin" : 1128,
      "end" : 1131,
      "text" : "tax",
      "whiteSpace" : false
    }, {
      "id" : "s10-t9",
      "begin" : 1132,
      "end" : 1137,
      "text" : "rates",
      "whiteSpace" : false
    }, {
      "id" : "s10-t10",
      "begin" : 1138,
      "end" : 1146,
      "text" : "decrease",
      "whiteSpace" : false
    }, {
      "id" : "s10-t11",
      "begin" : 1147,
      "end" : 1150,
      "text" : "the",
      "whiteSpace" : false
    }, {
      "id" : "s10-t12",
      "begin" : 1151,
      "end" : 1159,
      "text" : "economic",
      "whiteSpace" : false
    }, {
      "id" : "s10-t13",
      "begin" : 1160,
      "end" : 1167,
      "text" : "returns",
      "whiteSpace" : false
    }, {
      "id" : "s10-t14",
      "begin" : 1168,
      "end" : 1170,
      "text" : "to",
      "whiteSpace" : false
    }, {
      "id" : "s10-t15",
      "begin" : 1171,
      "end" : 1180,
      "text" : "education",
      "whiteSpace" : false
    }, {
      "id" : "s10-t16",
      "begin" : 1180,
      "end" : 1181,
      "text" : ",",
      "whiteSpace" : false
    }, {
      "id" : "s10-t17",
      "begin" : 1182,
      "end" : 1193,
      "text" : "governments",
      "whiteSpace" : false
    }, {
      "id" : "s10-t18",
      "begin" : 1194,
      "end" : 1197,
      "text" : "may",
      "whiteSpace" : false
    }, {
      "id" : "s10-t19",
      "begin" : 1198,
      "end" : 1202,
      "text" : "wish",
      "whiteSpace" : false
    }, {
      "id" : "s10-t20",
      "begin" : 1203,
      "end" : 1205,
      "text" : "to",
      "whiteSpace" : false
    }, {
      "id" : "s10-t21",
      "begin" : 1206,
      "end" : 1216,
      "text" : "compensate",
      "whiteSpace" : false
    }, {
      "id" : "s10-t22",
      "begin" : 1217,
      "end" : 1220,
      "text" : "for",
      "whiteSpace" : false
    }, {
      "id" : "s10-t23",
      "begin" : 1221,
      "end" : 1225,
      "text" : "this",
      "whiteSpace" : false
    }, {
      "id" : "s10-t24",
      "begin" : 1226,
      "end" : 1233,
      "text" : "through",
      "whiteSpace" : false
    }, {
      "id" : "s10-t25",
      "begin" : 1234,
      "end" : 1243,
      "text" : "subsidies",
      "whiteSpace" : false
    }, {
      "id" : "s10-t26",
      "begin" : 1243,
      "end" : 1244,
      "text" : ".",
      "whiteSpace" : false
    } ]
  } ],
  "mentions" : [ {
    "id" : "s0-m6",
    "properties" : {
      "SIRE_MENTION_ROLE" : "evidence",
      "SIRE_ENTITY_SUBTYPE" : "NONE",
      "SIRE_MENTION_TYPE" : "NONE",
      "SIRE_MENTION_CLASS" : "SPC"
    },
    "type" : "evidence",
    "begin" : 36,
    "end" : 43,
    "inCoref" : false
  }, {
    "id" : "s0-m5",
    "properties" : {
      "SIRE_MENTION_ROLE" : "Variable",
      "SIRE_ENTITY_SUBTYPE" : "NONE",
      "SIRE_MENTION_TYPE" : "NONE",
      "SIRE_MENTION_CLASS" : "SPC"
    },
    "type" : "Variable",
    "begin" : 52,
    "end" : 90,
    "inCoref" : true
  }, {
    "id" : "m20",
    "properties" : {
      "SIRE_MENTION_TYPE" : "NONE",
      "SIRE_MENTION_CLASS" : "SPC",
      "SIRE_ENTITY_SUBTYPE" : "NONE",
      "SIRE_MENTION_ROLE" : "relation"
    },
    "type" : "relation",
    "begin" : 98,
    "end" : 107,
    "inCoref" : false
  }, {
    "id" : "m2",
    "properties" : {
      "SIRE_MENTION_TYPE" : "NONE",
      "SIRE_MENTION_CLASS" : "SPC",
      "SIRE_ENTITY_SUBTYPE" : "NONE",
      "SIRE_MENTION_ROLE" : "Variable"
    },
    "type" : "Variable",
    "begin" : 108,
    "end" : 125,
    "inCoref" : true
  }, {
    "id" : "s0-m7",
    "properties" : {
      "SIRE_MENTION_ROLE" : "relation",
      "SIRE_ENTITY_SUBTYPE" : "NONE",
      "SIRE_MENTION_TYPE" : "NONE",
      "SIRE_MENTION_CLASS" : "SPC"
    },
    "type" : "relation",
    "begin" : 129,
    "end" : 139,
    "inCoref" : false
  }, {
    "id" : "m3",
    "properties" : {
      "SIRE_MENTION_TYPE" : "NONE",
      "SIRE_MENTION_CLASS" : "SPC",
      "SIRE_ENTITY_SUBTYPE" : "NONE",
      "SIRE_MENTION_ROLE" : "Variable"
    },
    "type" : "Variable",
    "begin" : 140,
    "end" : 150,
    "inCoref" : true
  }, {
    "id" : "m4",
    "properties" : {
      "SIRE_MENTION_TYPE" : "NONE",
      "SIRE_MENTION_CLASS" : "SPC",
      "SIRE_ENTITY_SUBTYPE" : "NONE",
      "SIRE_MENTION_ROLE" : "Variable"
    },
    "type" : "Variable",
    "begin" : 244,
    "end" : 261,
    "inCoref" : true
  }, {
    "id" : "s2-m6",
    "properties" : {
      "SIRE_MENTION_ROLE" : "evidence",
      "SIRE_ENTITY_SUBTYPE" : "NONE",
      "SIRE_MENTION_TYPE" : "NONE",
      "SIRE_MENTION_CLASS" : "SPC"
    },
    "type" : "evidence",
    "begin" : 285,
    "end" : 290,
    "inCoref" : false
  }, {
    "id" : "s2-m7",
    "properties" : {
      "SIRE_MENTION_ROLE" : "relation",
      "SIRE_ENTITY_SUBTYPE" : "NONE",
      "SIRE_MENTION_TYPE" : "NONE",
      "SIRE_MENTION_CLASS" : "SPC"
    },
    "type" : "relation",
    "begin" : 295,
    "end" : 311,
    "inCoref" : false
  }, {
    "id" : "m5",
    "properties" : {
      "SIRE_MENTION_TYPE" : "NONE",
      "SIRE_MENTION_CLASS" : "SPC",
      "SIRE_ENTITY_SUBTYPE" : "NONE",
      "SIRE_MENTION_ROLE" : "Variable"
    },
    "type" : "Variable",
    "begin" : 312,
    "end" : 344,
    "inCoref" : true
  }, {
    "id" : "m6",
    "properties" : {
      "SIRE_MENTION_TYPE" : "NONE",
      "SIRE_MENTION_CLASS" : "SPC",
      "SIRE_ENTITY_SUBTYPE" : "NONE",
      "SIRE_MENTION_ROLE" : "Variable"
    },
    "type" : "Variable",
    "begin" : 349,
    "end" : 365,
    "inCoref" : true
  }, {
    "id" : "s2-m8",
    "properties" : {
      "SIRE_MENTION_ROLE" : "relation",
      "SIRE_ENTITY_SUBTYPE" : "NONE",
      "SIRE_MENTION_TYPE" : "NONE",
      "SIRE_MENTION_CLASS" : "SPC"
    },
    "type" : "relation",
    "begin" : 382,
    "end" : 398,
    "inCoref" : false
  }, {
    "id" : "m7",
    "properties" : {
      "SIRE_MENTION_TYPE" : "NONE",
      "SIRE_MENTION_CLASS" : "SPC",
      "SIRE_ENTITY_SUBTYPE" : "NONE",
      "SIRE_MENTION_ROLE" : "Variable"
    },
    "type" : "Variable",
    "begin" : 399,
    "end" : 431,
    "inCoref" : true
  }, {
    "id" : "s2-m9",
    "properties" : {
      "SIRE_MENTION_ROLE" : "relation",
      "SIRE_ENTITY_SUBTYPE" : "NONE",
      "SIRE_MENTION_TYPE" : "NONE",
      "SIRE_MENTION_CLASS" : "SPC"
    },
    "type" : "relation",
    "begin" : 440,
    "end" : 449,
    "inCoref" : false
  }, {
    "id" : "m8",
    "properties" : {
      "SIRE_MENTION_TYPE" : "NONE",
      "SIRE_MENTION_CLASS" : "SPC",
      "SIRE_ENTITY_SUBTYPE" : "NONE",
      "SIRE_MENTION_ROLE" : "Variable"
    },
    "type" : "Variable",
    "begin" : 450,
    "end" : 467,
    "inCoref" : true
  }, {
    "id" : "s3-m1",
    "properties" : {
      "SIRE_MENTION_ROLE" : "evidence",
      "SIRE_ENTITY_SUBTYPE" : "NONE",
      "SIRE_MENTION_TYPE" : "NONE",
      "SIRE_MENTION_CLASS" : "SPC"
    },
    "type" : "evidence",
    "begin" : 500,
    "end" : 507,
    "inCoref" : false
  }, {
    "id" : "s4-m4",
    "properties" : {
      "SIRE_MENTION_ROLE" : "evidence",
      "SIRE_ENTITY_SUBTYPE" : "NONE",
      "SIRE_MENTION_TYPE" : "NONE",
      "SIRE_MENTION_CLASS" : "SPC"
    },
    "type" : "evidence",
    "begin" : 512,
    "end" : 516,
    "inCoref" : false
  }, {
    "id" : "m9",
    "properties" : {
      "SIRE_MENTION_TYPE" : "NONE",
      "SIRE_MENTION_CLASS" : "SPC",
      "SIRE_ENTITY_SUBTYPE" : "NONE",
      "SIRE_MENTION_ROLE" : "Variable"
    },
    "type" : "Variable",
    "begin" : 522,
    "end" : 560,
    "inCoref" : true
  }, {
    "id" : "s4-m5",
    "properties" : {
      "SIRE_MENTION_ROLE" : "negation",
      "SIRE_ENTITY_SUBTYPE" : "NONE",
      "SIRE_MENTION_TYPE" : "NONE",
      "SIRE_MENTION_CLASS" : "SPC"
    },
    "type" : "negation",
    "begin" : 565,
    "end" : 567,
    "inCoref" : false
  }, {
    "id" : "m21",
    "properties" : {
      "SIRE_MENTION_TYPE" : "NONE",
      "SIRE_MENTION_CLASS" : "SPC",
      "SIRE_ENTITY_SUBTYPE" : "NONE",
      "SIRE_MENTION_ROLE" : "relation"
    },
    "type" : "relation",
    "begin" : 577,
    "end" : 586,
    "inCoref" : false
  }, {
    "id" : "m10",
    "properties" : {
      "SIRE_MENTION_TYPE" : "NONE",
      "SIRE_MENTION_CLASS" : "SPC",
      "SIRE_ENTITY_SUBTYPE" : "NONE",
      "SIRE_MENTION_ROLE" : "Variable"
    },
    "type" : "Variable",
    "begin" : 587,
    "end" : 597,
    "inCoref" : true
  }, {
    "id" : "s5-m4",
    "properties" : {
      "SIRE_MENTION_ROLE" : "relation",
      "SIRE_ENTITY_SUBTYPE" : "NONE",
      "SIRE_MENTION_TYPE" : "NONE",
      "SIRE_MENTION_CLASS" : "SPC"
    },
    "type" : "relation",
    "begin" : 599,
    "end" : 608,
    "inCoref" : false
  }, {
    "id" : "m11",
    "properties" : {
      "SIRE_MENTION_TYPE" : "NONE",
      "SIRE_MENTION_CLASS" : "SPC",
      "SIRE_ENTITY_SUBTYPE" : "NONE",
      "SIRE_MENTION_ROLE" : "Variable"
    },
    "type" : "Variable",
    "begin" : 609,
    "end" : 619,
    "inCoref" : true
  }, {
    "id" : "s5-m3",
    "properties" : {
      "SIRE_MENTION_ROLE" : "relation",
      "SIRE_ENTITY_SUBTYPE" : "NONE",
      "SIRE_MENTION_TYPE" : "NONE",
      "SIRE_MENTION_CLASS" : "SPC"
    },
    "type" : "relation",
    "begin" : 630,
    "end" : 642,
    "inCoref" : false
  }, {
    "id" : "s5-m5",
    "properties" : {
      "SIRE_MENTION_ROLE" : "relation",
      "SIRE_ENTITY_SUBTYPE" : "NONE",
      "SIRE_MENTION_TYPE" : "NONE",
      "SIRE_MENTION_CLASS" : "SPC"
    },
    "type" : "relation",
    "begin" : 643,
    "end" : 649,
    "inCoref" : false
  }, {
    "id" : "m12",
    "properties" : {
      "SIRE_MENTION_TYPE" : "NONE",
      "SIRE_MENTION_CLASS" : "SPC",
      "SIRE_ENTITY_SUBTYPE" : "NONE",
      "SIRE_MENTION_ROLE" : "Variable"
    },
    "type" : "Variable",
    "begin" : 650,
    "end" : 664,
    "inCoref" : false
  }, {
    "id" : "s6-m5",
    "properties" : {
      "SIRE_MENTION_ROLE" : "negation",
      "SIRE_ENTITY_SUBTYPE" : "NONE",
      "SIRE_MENTION_TYPE" : "NONE",
      "SIRE_MENTION_CLASS" : "SPC"
    },
    "type" : "negation",
    "begin" : 750,
    "end" : 753,
    "inCoref" : false
  }, {
    "id" : "s6-m4",
    "properties" : {
      "SIRE_MENTION_ROLE" : "evidence",
      "SIRE_ENTITY_SUBTYPE" : "NONE",
      "SIRE_MENTION_TYPE" : "NONE",
      "SIRE_MENTION_CLASS" : "SPC"
    },
    "type" : "evidence",
    "begin" : 754,
    "end" : 758,
    "inCoref" : false
  }, {
    "id" : "s6-m3",
    "properties" : {
      "SIRE_MENTION_ROLE" : "relation",
      "SIRE_ENTITY_SUBTYPE" : "NONE",
      "SIRE_MENTION_TYPE" : "NONE",
      "SIRE_MENTION_CLASS" : "SPC"
    },
    "type" : "relation",
    "begin" : 768,
    "end" : 784,
    "inCoref" : false
  }, {
    "id" : "m13",
    "properties" : {
      "SIRE_MENTION_TYPE" : "NONE",
      "SIRE_MENTION_CLASS" : "SPC",
      "SIRE_ENTITY_SUBTYPE" : "NONE",
      "SIRE_MENTION_ROLE" : "Variable"
    },
    "type" : "Variable",
    "begin" : 785,
    "end" : 813,
    "inCoref" : true
  }, {
    "id" : "m14",
    "properties" : {
      "SIRE_MENTION_TYPE" : "NONE",
      "SIRE_MENTION_CLASS" : "SPC",
      "SIRE_ENTITY_SUBTYPE" : "NONE",
      "SIRE_MENTION_ROLE" : "Variable"
    },
    "type" : "Variable",
    "begin" : 824,
    "end" : 841,
    "inCoref" : true
  }, {
    "id" : "m15",
    "properties" : {
      "SIRE_MENTION_TYPE" : "NONE",
      "SIRE_MENTION_CLASS" : "SPC",
      "SIRE_ENTITY_SUBTYPE" : "NONE",
      "SIRE_MENTION_ROLE" : "Variable"
    },
    "type" : "Variable",
    "begin" : 891,
    "end" : 933,
    "inCoref" : true
  }, {
    "id" : "s8-m5",
    "properties" : {
      "SIRE_MENTION_ROLE" : "negation",
      "SIRE_ENTITY_SUBTYPE" : "NONE",
      "SIRE_MENTION_TYPE" : "NONE",
      "SIRE_MENTION_CLASS" : "SPC"
    },
    "type" : "negation",
    "begin" : 943,
    "end" : 950,
    "inCoref" : false
  }, {
    "id" : "s8-m4",
    "properties" : {
      "SIRE_MENTION_ROLE" : "relation",
      "SIRE_ENTITY_SUBTYPE" : "NONE",
      "SIRE_MENTION_TYPE" : "NONE",
      "SIRE_MENTION_CLASS" : "SPC"
    },
    "type" : "relation",
    "begin" : 951,
    "end" : 961,
    "inCoref" : false
  }, {
    "id" : "m16",
    "properties" : {
      "SIRE_MENTION_TYPE" : "NONE",
      "SIRE_MENTION_CLASS" : "SPC",
      "SIRE_ENTITY_SUBTYPE" : "NONE",
      "SIRE_MENTION_ROLE" : "Variable"
    },
    "type" : "Variable",
    "begin" : 962,
    "end" : 972,
    "inCoref" : true
  }, {
    "id" : "m17",
    "properties" : {
      "SIRE_MENTION_TYPE" : "NONE",
      "SIRE_MENTION_CLASS" : "SPC",
      "SIRE_ENTITY_SUBTYPE" : "NONE",
      "SIRE_MENTION_ROLE" : "Variable"
    },
    "type" : "Variable",
    "begin" : 977,
    "end" : 987,
    "inCoref" : true
  }, {
    "id" : "s9-m1",
    "properties" : {
      "SIRE_MENTION_ROLE" : "evidence",
      "SIRE_ENTITY_SUBTYPE" : "NONE",
      "SIRE_MENTION_TYPE" : "NONE",
      "SIRE_MENTION_CLASS" : "SPC"
    },
    "type" : "evidence",
    "begin" : 994,
    "end" : 1001,
    "inCoref" : false
  }, {
    "id" : "s10-m3",
    "properties" : {
      "SIRE_MENTION_ROLE" : "Variable",
      "SIRE_ENTITY_SUBTYPE" : "NONE",
      "SIRE_MENTION_TYPE" : "NONE",
      "SIRE_MENTION_CLASS" : "SPC"
    },
    "type" : "Variable",
    "begin" : 1119,
    "end" : 1137,
    "inCoref" : false
  }, {
    "id" : "m19",
    "properties" : {
      "SIRE_MENTION_TYPE" : "NONE",
      "SIRE_MENTION_CLASS" : "SPC",
      "SIRE_MENTION_ROLE" : "relation",
      "SIRE_ENTITY_SUBTYPE" : "NONE"
    },
    "type" : "relation",
    "begin" : 1138,
    "end" : 1146,
    "inCoref" : false
  }, {
    "id" : "m18",
    "properties" : {
      "SIRE_MENTION_TYPE" : "NONE",
      "SIRE_MENTION_CLASS" : "SPC",
      "SIRE_ENTITY_SUBTYPE" : "NONE",
      "SIRE_MENTION_ROLE" : "Variable"
    },
    "type" : "Variable",
    "begin" : 1151,
    "end" : 1180,
    "inCoref" : false
  }, {
    "id" : "s10-m4",
    "properties" : {
      "SIRE_MENTION_ROLE" : "Variable",
      "SIRE_ENTITY_SUBTYPE" : "NONE",
      "SIRE_MENTION_TYPE" : "NONE",
      "SIRE_MENTION_CLASS" : "SPC"
    },
    "type" : "Variable",
    "begin" : 1234,
    "end" : 1243,
    "inCoref" : false
  } ],
  "relations" : [ {
    "id" : "s4-r1",
    "properties" : { },
    "type" : "NoRelation",
    "args" : [ "m9", "m10" ]
  }, {
    "id" : "s5-r2",
    "properties" : { },
    "type" : "Causal",
    "args" : [ "m12", "m11" ]
  }, {
    "id" : "s6-r1",
    "properties" : { },
    "type" : "NoRelation",
    "args" : [ "m13", "m14" ]
  }, {
    "id" : "s8-r1",
    "properties" : { },
    "type" : "NoRelation",
    "args" : [ "m15", "m16" ]
  }, {
    "id" : "s8-r2",
    "properties" : { },
    "type" : "NoRelation",
    "args" : [ "m15", "m17" ]
  } ],
  "corefs" : [ {
    "id" : "c1",
    "properties" : { },
    "mentions" : [ "s0-m5", "m5", "m7", "m9", "m13", "m15" ]
  }, {
    "id" : "c2",
    "properties" : { },
    "mentions" : [ "m2", "m4", "m8", "m14", "m17" ]
  }, {
    "id" : "c3",
    "properties" : { },
    "mentions" : [ "m3", "m6", "m10", "m11", "m16" ]
  } ],
  "typeResolved" : true,
  "userResolved" : false
}