{
  "id" : "45fbb650-25c2-11ec-94b0-c7167c6b1af9-17",
  "name" : "16. Chen, W.-H., Forster, M., Llena-Nozal, A. (2013.docx",
  "createdDate" : 0,
  "version" : 3,
  "text" : "This paper examines the distributive impact of economic globalisation, technological progress and changes in labour market policies, regulations and institutions in OECD countries over the past quarter century, up to the Great Recession. It identifies the relevant pathways between macro-economic developments and earnings inequality among the whole working-age population by accounting for both changes in wage dispersion among workers and changes in earnings gaps between the employed and non-employed. The results suggest that technological progress is a key driver behind the upward trend of earnings inequality; it transmitted inequality mainly through raising wage dispersion. Economic globalisation, in terms of both rapidly rising trade and financial integration, appears overall distributional neutral once other factors, in particular changes in policies and institutions, are also controlled for. Regulatory reforms that aimed at promoting growth and productivity appeared to exert contrasting effects: they tended to close the gap between employed and non-employed, by increasing job opportunities but at the same time also contributed to greater wage inequality. Finally, the growth in the supply of skilled workers is an important equalizing factor contributing not only to reduce wage dispersion among workers but also to higher employment rates. Up-skilling provided a sizable counterweight to the increase in earnings inequality resulting from technological progress, pressure from globalisation and institutional changes.\n\n",
  "docLength" : 0,
  "language" : "EN",
  "status" : "SUBMITTED",
  "modifiedDate" : 1639150438389,
  "documentSet" : [ ],
  "preannotation" : [ "PRE_LW" ],
  "sentences" : [ {
    "id" : "s0",
    "begin" : 0,
    "end" : 237,
    "text" : "This paper examines the distributive impact of economic globalisation, technological progress and changes in labour market policies, regulations and institutions in OECD countries over the past quarter century, up to the Great Recession.",
    "tokens" : [ {
      "id" : "s0-t0",
      "begin" : 0,
      "end" : 4,
      "text" : "This",
      "whiteSpace" : false
    }, {
      "id" : "s0-t1",
      "begin" : 5,
      "end" : 10,
      "text" : "paper",
      "whiteSpace" : false
    }, {
      "id" : "s0-t2",
      "begin" : 11,
      "end" : 19,
      "text" : "examines",
      "whiteSpace" : false
    }, {
      "id" : "s0-t3",
      "begin" : 20,
      "end" : 23,
      "text" : "the",
      "whiteSpace" : false
    }, {
      "id" : "s0-t4",
      "begin" : 24,
      "end" : 36,
      "text" : "distributive",
      "whiteSpace" : false
    }, {
      "id" : "s0-t5",
      "begin" : 37,
      "end" : 43,
      "text" : "impact",
      "whiteSpace" : false
    }, {
      "id" : "s0-t6",
      "begin" : 44,
      "end" : 46,
      "text" : "of",
      "whiteSpace" : false
    }, {
      "id" : "s0-t7",
      "begin" : 47,
      "end" : 55,
      "text" : "economic",
      "whiteSpace" : false
    }, {
      "id" : "s0-t8",
      "begin" : 56,
      "end" : 69,
      "text" : "globalisation",
      "whiteSpace" : false
    }, {
      "id" : "s0-t9",
      "begin" : 69,
      "end" : 70,
      "text" : ",",
      "whiteSpace" : false
    }, {
      "id" : "s0-t10",
      "begin" : 71,
      "end" : 84,
      "text" : "technological",
      "whiteSpace" : false
    }, {
      "id" : "s0-t11",
      "begin" : 85,
      "end" : 93,
      "text" : "progress",
      "whiteSpace" : false
    }, {
      "id" : "s0-t12",
      "begin" : 94,
      "end" : 97,
      "text" : "and",
      "whiteSpace" : false
    }, {
      "id" : "s0-t13",
      "begin" : 98,
      "end" : 105,
      "text" : "changes",
      "whiteSpace" : false
    }, {
      "id" : "s0-t14",
      "begin" : 106,
      "end" : 108,
      "text" : "in",
      "whiteSpace" : false
    }, {
      "id" : "s0-t15",
      "begin" : 109,
      "end" : 115,
      "text" : "labour",
      "whiteSpace" : false
    }, {
      "id" : "s0-t16",
      "begin" : 116,
      "end" : 122,
      "text" : "market",
      "whiteSpace" : false
    }, {
      "id" : "s0-t17",
      "begin" : 123,
      "end" : 131,
      "text" : "policies",
      "whiteSpace" : false
    }, {
      "id" : "s0-t18",
      "begin" : 131,
      "end" : 132,
      "text" : ",",
      "whiteSpace" : false
    }, {
      "id" : "s0-t19",
      "begin" : 133,
      "end" : 144,
      "text" : "regulations",
      "whiteSpace" : false
    }, {
      "id" : "s0-t20",
      "begin" : 145,
      "end" : 148,
      "text" : "and",
      "whiteSpace" : false
    }, {
      "id" : "s0-t21",
      "begin" : 149,
      "end" : 161,
      "text" : "institutions",
      "whiteSpace" : false
    }, {
      "id" : "s0-t22",
      "begin" : 162,
      "end" : 164,
      "text" : "in",
      "whiteSpace" : false
    }, {
      "id" : "s0-t23",
      "begin" : 165,
      "end" : 169,
      "text" : "OECD",
      "whiteSpace" : false
    }, {
      "id" : "s0-t24",
      "begin" : 170,
      "end" : 179,
      "text" : "countries",
      "whiteSpace" : false
    }, {
      "id" : "s0-t25",
      "begin" : 180,
      "end" : 184,
      "text" : "over",
      "whiteSpace" : false
    }, {
      "id" : "s0-t26",
      "begin" : 185,
      "end" : 188,
      "text" : "the",
      "whiteSpace" : false
    }, {
      "id" : "s0-t27",
      "begin" : 189,
      "end" : 193,
      "text" : "past",
      "whiteSpace" : false
    }, {
      "id" : "s0-t28",
      "begin" : 194,
      "end" : 201,
      "text" : "quarter",
      "whiteSpace" : false
    }, {
      "id" : "s0-t29",
      "begin" : 202,
      "end" : 209,
      "text" : "century",
      "whiteSpace" : false
    }, {
      "id" : "s0-t30",
      "begin" : 209,
      "end" : 210,
      "text" : ",",
      "whiteSpace" : false
    }, {
      "id" : "s0-t31",
      "begin" : 211,
      "end" : 213,
      "text" : "up",
      "whiteSpace" : false
    }, {
      "id" : "s0-t32",
      "begin" : 214,
      "end" : 216,
      "text" : "to",
      "whiteSpace" : false
    }, {
      "id" : "s0-t33",
      "begin" : 217,
      "end" : 220,
      "text" : "the",
      "whiteSpace" : false
    }, {
      "id" : "s0-t34",
      "begin" : 221,
      "end" : 226,
      "text" : "Great",
      "whiteSpace" : false
    }, {
      "id" : "s0-t35",
      "begin" : 227,
      "end" : 236,
      "text" : "Recession",
      "whiteSpace" : false
    }, {
      "id" : "s0-t36",
      "begin" : 236,
      "end" : 237,
      "text" : ".",
      "whiteSpace" : false
    } ]
  }, {
    "id" : "s1",
    "begin" : 238,
    "end" : 504,
    "text" : "It identifies the relevant pathways between macro-economic developments and earnings inequality among the whole working-age population by accounting for both changes in wage dispersion among workers and changes in earnings gaps between the employed and non-employed.",
    "tokens" : [ {
      "id" : "s1-t0",
      "begin" : 238,
      "end" : 240,
      "text" : "It",
      "whiteSpace" : false
    }, {
      "id" : "s1-t1",
      "begin" : 241,
      "end" : 251,
      "text" : "identifies",
      "whiteSpace" : false
    }, {
      "id" : "s1-t2",
      "begin" : 252,
      "end" : 255,
      "text" : "the",
      "whiteSpace" : false
    }, {
      "id" : "s1-t3",
      "begin" : 256,
      "end" : 264,
      "text" : "relevant",
      "whiteSpace" : false
    }, {
      "id" : "s1-t4",
      "begin" : 265,
      "end" : 273,
      "text" : "pathways",
      "whiteSpace" : false
    }, {
      "id" : "s1-t5",
      "begin" : 274,
      "end" : 281,
      "text" : "between",
      "whiteSpace" : false
    }, {
      "id" : "s1-t6",
      "begin" : 282,
      "end" : 296,
      "text" : "macro-economic",
      "whiteSpace" : false
    }, {
      "id" : "s1-t7",
      "begin" : 297,
      "end" : 309,
      "text" : "developments",
      "whiteSpace" : false
    }, {
      "id" : "s1-t8",
      "begin" : 310,
      "end" : 313,
      "text" : "and",
      "whiteSpace" : false
    }, {
      "id" : "s1-t9",
      "begin" : 314,
      "end" : 322,
      "text" : "earnings",
      "whiteSpace" : false
    }, {
      "id" : "s1-t10",
      "begin" : 323,
      "end" : 333,
      "text" : "inequality",
      "whiteSpace" : false
    }, {
      "id" : "s1-t11",
      "begin" : 334,
      "end" : 339,
      "text" : "among",
      "whiteSpace" : false
    }, {
      "id" : "s1-t12",
      "begin" : 340,
      "end" : 343,
      "text" : "the",
      "whiteSpace" : false
    }, {
      "id" : "s1-t13",
      "begin" : 344,
      "end" : 349,
      "text" : "whole",
      "whiteSpace" : false
    }, {
      "id" : "s1-t14",
      "begin" : 350,
      "end" : 361,
      "text" : "working-age",
      "whiteSpace" : false
    }, {
      "id" : "s1-t15",
      "begin" : 362,
      "end" : 372,
      "text" : "population",
      "whiteSpace" : false
    }, {
      "id" : "s1-t16",
      "begin" : 373,
      "end" : 375,
      "text" : "by",
      "whiteSpace" : false
    }, {
      "id" : "s1-t17",
      "begin" : 376,
      "end" : 386,
      "text" : "accounting",
      "whiteSpace" : false
    }, {
      "id" : "s1-t18",
      "begin" : 387,
      "end" : 390,
      "text" : "for",
      "whiteSpace" : false
    }, {
      "id" : "s1-t19",
      "begin" : 391,
      "end" : 395,
      "text" : "both",
      "whiteSpace" : false
    }, {
      "id" : "s1-t20",
      "begin" : 396,
      "end" : 403,
      "text" : "changes",
      "whiteSpace" : false
    }, {
      "id" : "s1-t21",
      "begin" : 404,
      "end" : 406,
      "text" : "in",
      "whiteSpace" : false
    }, {
      "id" : "s1-t22",
      "begin" : 407,
      "end" : 411,
      "text" : "wage",
      "whiteSpace" : false
    }, {
      "id" : "s1-t23",
      "begin" : 412,
      "end" : 422,
      "text" : "dispersion",
      "whiteSpace" : false
    }, {
      "id" : "s1-t24",
      "begin" : 423,
      "end" : 428,
      "text" : "among",
      "whiteSpace" : false
    }, {
      "id" : "s1-t25",
      "begin" : 429,
      "end" : 436,
      "text" : "workers",
      "whiteSpace" : false
    }, {
      "id" : "s1-t26",
      "begin" : 437,
      "end" : 440,
      "text" : "and",
      "whiteSpace" : false
    }, {
      "id" : "s1-t27",
      "begin" : 441,
      "end" : 448,
      "text" : "changes",
      "whiteSpace" : false
    }, {
      "id" : "s1-t28",
      "begin" : 449,
      "end" : 451,
      "text" : "in",
      "whiteSpace" : false
    }, {
      "id" : "s1-t29",
      "begin" : 452,
      "end" : 460,
      "text" : "earnings",
      "whiteSpace" : false
    }, {
      "id" : "s1-t30",
      "begin" : 461,
      "end" : 465,
      "text" : "gaps",
      "whiteSpace" : false
    }, {
      "id" : "s1-t31",
      "begin" : 466,
      "end" : 473,
      "text" : "between",
      "whiteSpace" : false
    }, {
      "id" : "s1-t32",
      "begin" : 474,
      "end" : 477,
      "text" : "the",
      "whiteSpace" : false
    }, {
      "id" : "s1-t33",
      "begin" : 478,
      "end" : 486,
      "text" : "employed",
      "whiteSpace" : false
    }, {
      "id" : "s1-t34",
      "begin" : 487,
      "end" : 490,
      "text" : "and",
      "whiteSpace" : false
    }, {
      "id" : "s1-t35",
      "begin" : 491,
      "end" : 494,
      "text" : "non",
      "whiteSpace" : false
    }, {
      "id" : "s1-t36",
      "begin" : 494,
      "end" : 495,
      "text" : "-",
      "whiteSpace" : false
    }, {
      "id" : "s1-t37",
      "begin" : 495,
      "end" : 503,
      "text" : "employed",
      "whiteSpace" : false
    }, {
      "id" : "s1-t38",
      "begin" : 503,
      "end" : 504,
      "text" : ".",
      "whiteSpace" : false
    } ]
  }, {
    "id" : "s2",
    "begin" : 505,
    "end" : 682,
    "text" : "The results suggest that technological progress is a key driver behind the upward trend of earnings inequality; it transmitted inequality mainly through raising wage dispersion.",
    "tokens" : [ {
      "id" : "s2-t0",
      "begin" : 505,
      "end" : 508,
      "text" : "The",
      "whiteSpace" : false
    }, {
      "id" : "s2-t1",
      "begin" : 509,
      "end" : 516,
      "text" : "results",
      "whiteSpace" : false
    }, {
      "id" : "s2-t2",
      "begin" : 517,
      "end" : 524,
      "text" : "suggest",
      "whiteSpace" : false
    }, {
      "id" : "s2-t3",
      "begin" : 525,
      "end" : 529,
      "text" : "that",
      "whiteSpace" : false
    }, {
      "id" : "s2-t4",
      "begin" : 530,
      "end" : 543,
      "text" : "technological",
      "whiteSpace" : false
    }, {
      "id" : "s2-t5",
      "begin" : 544,
      "end" : 552,
      "text" : "progress",
      "whiteSpace" : false
    }, {
      "id" : "s2-t6",
      "begin" : 553,
      "end" : 555,
      "text" : "is",
      "whiteSpace" : false
    }, {
      "id" : "s2-t7",
      "begin" : 556,
      "end" : 557,
      "text" : "a",
      "whiteSpace" : false
    }, {
      "id" : "s2-t8",
      "begin" : 558,
      "end" : 561,
      "text" : "key",
      "whiteSpace" : false
    }, {
      "id" : "s2-t9",
      "begin" : 562,
      "end" : 568,
      "text" : "driver",
      "whiteSpace" : false
    }, {
      "id" : "s2-t10",
      "begin" : 569,
      "end" : 575,
      "text" : "behind",
      "whiteSpace" : false
    }, {
      "id" : "s2-t11",
      "begin" : 576,
      "end" : 579,
      "text" : "the",
      "whiteSpace" : false
    }, {
      "id" : "s2-t12",
      "begin" : 580,
      "end" : 586,
      "text" : "upward",
      "whiteSpace" : false
    }, {
      "id" : "s2-t13",
      "begin" : 587,
      "end" : 592,
      "text" : "trend",
      "whiteSpace" : false
    }, {
      "id" : "s2-t14",
      "begin" : 593,
      "end" : 595,
      "text" : "of",
      "whiteSpace" : false
    }, {
      "id" : "s2-t15",
      "begin" : 596,
      "end" : 604,
      "text" : "earnings",
      "whiteSpace" : false
    }, {
      "id" : "s2-t16",
      "begin" : 605,
      "end" : 615,
      "text" : "inequality",
      "whiteSpace" : false
    }, {
      "id" : "s2-t17",
      "begin" : 615,
      "end" : 616,
      "text" : ";",
      "whiteSpace" : false
    }, {
      "id" : "s2-t18",
      "begin" : 617,
      "end" : 619,
      "text" : "it",
      "whiteSpace" : false
    }, {
      "id" : "s2-t19",
      "begin" : 620,
      "end" : 631,
      "text" : "transmitted",
      "whiteSpace" : false
    }, {
      "id" : "s2-t20",
      "begin" : 632,
      "end" : 642,
      "text" : "inequality",
      "whiteSpace" : false
    }, {
      "id" : "s2-t21",
      "begin" : 643,
      "end" : 649,
      "text" : "mainly",
      "whiteSpace" : false
    }, {
      "id" : "s2-t22",
      "begin" : 650,
      "end" : 657,
      "text" : "through",
      "whiteSpace" : false
    }, {
      "id" : "s2-t23",
      "begin" : 658,
      "end" : 665,
      "text" : "raising",
      "whiteSpace" : false
    }, {
      "id" : "s2-t24",
      "begin" : 666,
      "end" : 670,
      "text" : "wage",
      "whiteSpace" : false
    }, {
      "id" : "s2-t25",
      "begin" : 671,
      "end" : 681,
      "text" : "dispersion",
      "whiteSpace" : false
    }, {
      "id" : "s2-t26",
      "begin" : 681,
      "end" : 682,
      "text" : ".",
      "whiteSpace" : false
    } ]
  }, {
    "id" : "s3",
    "begin" : 683,
    "end" : 907,
    "text" : "Economic globalisation, in terms of both rapidly rising trade and financial integration, appears overall distributional neutral once other factors, in particular changes in policies and institutions, are also controlled for.",
    "tokens" : [ {
      "id" : "s3-t0",
      "begin" : 683,
      "end" : 691,
      "text" : "Economic",
      "whiteSpace" : false
    }, {
      "id" : "s3-t1",
      "begin" : 692,
      "end" : 705,
      "text" : "globalisation",
      "whiteSpace" : false
    }, {
      "id" : "s3-t2",
      "begin" : 705,
      "end" : 706,
      "text" : ",",
      "whiteSpace" : false
    }, {
      "id" : "s3-t3",
      "begin" : 707,
      "end" : 709,
      "text" : "in",
      "whiteSpace" : false
    }, {
      "id" : "s3-t4",
      "begin" : 710,
      "end" : 715,
      "text" : "terms",
      "whiteSpace" : false
    }, {
      "id" : "s3-t5",
      "begin" : 716,
      "end" : 718,
      "text" : "of",
      "whiteSpace" : false
    }, {
      "id" : "s3-t6",
      "begin" : 719,
      "end" : 723,
      "text" : "both",
      "whiteSpace" : false
    }, {
      "id" : "s3-t7",
      "begin" : 724,
      "end" : 731,
      "text" : "rapidly",
      "whiteSpace" : false
    }, {
      "id" : "s3-t8",
      "begin" : 732,
      "end" : 738,
      "text" : "rising",
      "whiteSpace" : false
    }, {
      "id" : "s3-t9",
      "begin" : 739,
      "end" : 744,
      "text" : "trade",
      "whiteSpace" : false
    }, {
      "id" : "s3-t10",
      "begin" : 745,
      "end" : 748,
      "text" : "and",
      "whiteSpace" : false
    }, {
      "id" : "s3-t11",
      "begin" : 749,
      "end" : 758,
      "text" : "financial",
      "whiteSpace" : false
    }, {
      "id" : "s3-t12",
      "begin" : 759,
      "end" : 770,
      "text" : "integration",
      "whiteSpace" : false
    }, {
      "id" : "s3-t13",
      "begin" : 770,
      "end" : 771,
      "text" : ",",
      "whiteSpace" : false
    }, {
      "id" : "s3-t14",
      "begin" : 772,
      "end" : 779,
      "text" : "appears",
      "whiteSpace" : false
    }, {
      "id" : "s3-t15",
      "begin" : 780,
      "end" : 787,
      "text" : "overall",
      "whiteSpace" : false
    }, {
      "id" : "s3-t16",
      "begin" : 788,
      "end" : 802,
      "text" : "distributional",
      "whiteSpace" : false
    }, {
      "id" : "s3-t17",
      "begin" : 803,
      "end" : 810,
      "text" : "neutral",
      "whiteSpace" : false
    }, {
      "id" : "s3-t18",
      "begin" : 811,
      "end" : 815,
      "text" : "once",
      "whiteSpace" : false
    }, {
      "id" : "s3-t19",
      "begin" : 816,
      "end" : 821,
      "text" : "other",
      "whiteSpace" : false
    }, {
      "id" : "s3-t20",
      "begin" : 822,
      "end" : 829,
      "text" : "factors",
      "whiteSpace" : false
    }, {
      "id" : "s3-t21",
      "begin" : 829,
      "end" : 830,
      "text" : ",",
      "whiteSpace" : false
    }, {
      "id" : "s3-t22",
      "begin" : 831,
      "end" : 833,
      "text" : "in",
      "whiteSpace" : false
    }, {
      "id" : "s3-t23",
      "begin" : 834,
      "end" : 844,
      "text" : "particular",
      "whiteSpace" : false
    }, {
      "id" : "s3-t24",
      "begin" : 845,
      "end" : 852,
      "text" : "changes",
      "whiteSpace" : false
    }, {
      "id" : "s3-t25",
      "begin" : 853,
      "end" : 855,
      "text" : "in",
      "whiteSpace" : false
    }, {
      "id" : "s3-t26",
      "begin" : 856,
      "end" : 864,
      "text" : "policies",
      "whiteSpace" : false
    }, {
      "id" : "s3-t27",
      "begin" : 865,
      "end" : 868,
      "text" : "and",
      "whiteSpace" : false
    }, {
      "id" : "s3-t28",
      "begin" : 869,
      "end" : 881,
      "text" : "institutions",
      "whiteSpace" : false
    }, {
      "id" : "s3-t29",
      "begin" : 881,
      "end" : 882,
      "text" : ",",
      "whiteSpace" : false
    }, {
      "id" : "s3-t30",
      "begin" : 883,
      "end" : 886,
      "text" : "are",
      "whiteSpace" : false
    }, {
      "id" : "s3-t31",
      "begin" : 887,
      "end" : 891,
      "text" : "also",
      "whiteSpace" : false
    }, {
      "id" : "s3-t32",
      "begin" : 892,
      "end" : 902,
      "text" : "controlled",
      "whiteSpace" : false
    }, {
      "id" : "s3-t33",
      "begin" : 903,
      "end" : 906,
      "text" : "for",
      "whiteSpace" : false
    }, {
      "id" : "s3-t34",
      "begin" : 906,
      "end" : 907,
      "text" : ".",
      "whiteSpace" : false
    } ]
  }, {
    "id" : "s4",
    "begin" : 908,
    "end" : 1175,
    "text" : "Regulatory reforms that aimed at promoting growth and productivity appeared to exert contrasting effects: they tended to close the gap between employed and non-employed, by increasing job opportunities but at the same time also contributed to greater wage inequality.",
    "tokens" : [ {
      "id" : "s4-t0",
      "begin" : 908,
      "end" : 918,
      "text" : "Regulatory",
      "whiteSpace" : false
    }, {
      "id" : "s4-t1",
      "begin" : 919,
      "end" : 926,
      "text" : "reforms",
      "whiteSpace" : false
    }, {
      "id" : "s4-t2",
      "begin" : 927,
      "end" : 931,
      "text" : "that",
      "whiteSpace" : false
    }, {
      "id" : "s4-t3",
      "begin" : 932,
      "end" : 937,
      "text" : "aimed",
      "whiteSpace" : false
    }, {
      "id" : "s4-t4",
      "begin" : 938,
      "end" : 940,
      "text" : "at",
      "whiteSpace" : false
    }, {
      "id" : "s4-t5",
      "begin" : 941,
      "end" : 950,
      "text" : "promoting",
      "whiteSpace" : false
    }, {
      "id" : "s4-t6",
      "begin" : 951,
      "end" : 957,
      "text" : "growth",
      "whiteSpace" : false
    }, {
      "id" : "s4-t7",
      "begin" : 958,
      "end" : 961,
      "text" : "and",
      "whiteSpace" : false
    }, {
      "id" : "s4-t8",
      "begin" : 962,
      "end" : 974,
      "text" : "productivity",
      "whiteSpace" : false
    }, {
      "id" : "s4-t9",
      "begin" : 975,
      "end" : 983,
      "text" : "appeared",
      "whiteSpace" : false
    }, {
      "id" : "s4-t10",
      "begin" : 984,
      "end" : 986,
      "text" : "to",
      "whiteSpace" : false
    }, {
      "id" : "s4-t11",
      "begin" : 987,
      "end" : 992,
      "text" : "exert",
      "whiteSpace" : false
    }, {
      "id" : "s4-t12",
      "begin" : 993,
      "end" : 1004,
      "text" : "contrasting",
      "whiteSpace" : false
    }, {
      "id" : "s4-t13",
      "begin" : 1005,
      "end" : 1012,
      "text" : "effects",
      "whiteSpace" : false
    }, {
      "id" : "s4-t14",
      "begin" : 1012,
      "end" : 1013,
      "text" : ":",
      "whiteSpace" : false
    }, {
      "id" : "s4-t15",
      "begin" : 1014,
      "end" : 1018,
      "text" : "they",
      "whiteSpace" : false
    }, {
      "id" : "s4-t16",
      "begin" : 1019,
      "end" : 1025,
      "text" : "tended",
      "whiteSpace" : false
    }, {
      "id" : "s4-t17",
      "begin" : 1026,
      "end" : 1028,
      "text" : "to",
      "whiteSpace" : false
    }, {
      "id" : "s4-t18",
      "begin" : 1029,
      "end" : 1034,
      "text" : "close",
      "whiteSpace" : false
    }, {
      "id" : "s4-t19",
      "begin" : 1035,
      "end" : 1038,
      "text" : "the",
      "whiteSpace" : false
    }, {
      "id" : "s4-t20",
      "begin" : 1039,
      "end" : 1042,
      "text" : "gap",
      "whiteSpace" : false
    }, {
      "id" : "s4-t21",
      "begin" : 1043,
      "end" : 1050,
      "text" : "between",
      "whiteSpace" : false
    }, {
      "id" : "s4-t22",
      "begin" : 1051,
      "end" : 1059,
      "text" : "employed",
      "whiteSpace" : false
    }, {
      "id" : "s4-t23",
      "begin" : 1060,
      "end" : 1063,
      "text" : "and",
      "whiteSpace" : false
    }, {
      "id" : "s4-t24",
      "begin" : 1064,
      "end" : 1067,
      "text" : "non",
      "whiteSpace" : false
    }, {
      "id" : "s4-t25",
      "begin" : 1067,
      "end" : 1068,
      "text" : "-",
      "whiteSpace" : false
    }, {
      "id" : "s4-t26",
      "begin" : 1068,
      "end" : 1076,
      "text" : "employed",
      "whiteSpace" : false
    }, {
      "id" : "s4-t27",
      "begin" : 1076,
      "end" : 1077,
      "text" : ",",
      "whiteSpace" : false
    }, {
      "id" : "s4-t28",
      "begin" : 1078,
      "end" : 1080,
      "text" : "by",
      "whiteSpace" : false
    }, {
      "id" : "s4-t29",
      "begin" : 1081,
      "end" : 1091,
      "text" : "increasing",
      "whiteSpace" : false
    }, {
      "id" : "s4-t30",
      "begin" : 1092,
      "end" : 1095,
      "text" : "job",
      "whiteSpace" : false
    }, {
      "id" : "s4-t31",
      "begin" : 1096,
      "end" : 1109,
      "text" : "opportunities",
      "whiteSpace" : false
    }, {
      "id" : "s4-t32",
      "begin" : 1110,
      "end" : 1113,
      "text" : "but",
      "whiteSpace" : false
    }, {
      "id" : "s4-t33",
      "begin" : 1114,
      "end" : 1116,
      "text" : "at",
      "whiteSpace" : false
    }, {
      "id" : "s4-t34",
      "begin" : 1117,
      "end" : 1120,
      "text" : "the",
      "whiteSpace" : false
    }, {
      "id" : "s4-t35",
      "begin" : 1121,
      "end" : 1125,
      "text" : "same",
      "whiteSpace" : false
    }, {
      "id" : "s4-t36",
      "begin" : 1126,
      "end" : 1130,
      "text" : "time",
      "whiteSpace" : false
    }, {
      "id" : "s4-t37",
      "begin" : 1131,
      "end" : 1135,
      "text" : "also",
      "whiteSpace" : false
    }, {
      "id" : "s4-t38",
      "begin" : 1136,
      "end" : 1147,
      "text" : "contributed",
      "whiteSpace" : false
    }, {
      "id" : "s4-t39",
      "begin" : 1148,
      "end" : 1150,
      "text" : "to",
      "whiteSpace" : false
    }, {
      "id" : "s4-t40",
      "begin" : 1151,
      "end" : 1158,
      "text" : "greater",
      "whiteSpace" : false
    }, {
      "id" : "s4-t41",
      "begin" : 1159,
      "end" : 1163,
      "text" : "wage",
      "whiteSpace" : false
    }, {
      "id" : "s4-t42",
      "begin" : 1164,
      "end" : 1174,
      "text" : "inequality",
      "whiteSpace" : false
    }, {
      "id" : "s4-t43",
      "begin" : 1174,
      "end" : 1175,
      "text" : ".",
      "whiteSpace" : false
    } ]
  }, {
    "id" : "s5",
    "begin" : 1176,
    "end" : 1361,
    "text" : "Finally, the growth in the supply of skilled workers is an important equalizing factor contributing not only to reduce wage dispersion among workers but also to higher employment rates.",
    "tokens" : [ {
      "id" : "s5-t0",
      "begin" : 1176,
      "end" : 1183,
      "text" : "Finally",
      "whiteSpace" : false
    }, {
      "id" : "s5-t1",
      "begin" : 1183,
      "end" : 1184,
      "text" : ",",
      "whiteSpace" : false
    }, {
      "id" : "s5-t2",
      "begin" : 1185,
      "end" : 1188,
      "text" : "the",
      "whiteSpace" : false
    }, {
      "id" : "s5-t3",
      "begin" : 1189,
      "end" : 1195,
      "text" : "growth",
      "whiteSpace" : false
    }, {
      "id" : "s5-t4",
      "begin" : 1196,
      "end" : 1198,
      "text" : "in",
      "whiteSpace" : false
    }, {
      "id" : "s5-t5",
      "begin" : 1199,
      "end" : 1202,
      "text" : "the",
      "whiteSpace" : false
    }, {
      "id" : "s5-t6",
      "begin" : 1203,
      "end" : 1209,
      "text" : "supply",
      "whiteSpace" : false
    }, {
      "id" : "s5-t7",
      "begin" : 1210,
      "end" : 1212,
      "text" : "of",
      "whiteSpace" : false
    }, {
      "id" : "s5-t8",
      "begin" : 1213,
      "end" : 1220,
      "text" : "skilled",
      "whiteSpace" : false
    }, {
      "id" : "s5-t9",
      "begin" : 1221,
      "end" : 1228,
      "text" : "workers",
      "whiteSpace" : false
    }, {
      "id" : "s5-t10",
      "begin" : 1229,
      "end" : 1231,
      "text" : "is",
      "whiteSpace" : false
    }, {
      "id" : "s5-t11",
      "begin" : 1232,
      "end" : 1234,
      "text" : "an",
      "whiteSpace" : false
    }, {
      "id" : "s5-t12",
      "begin" : 1235,
      "end" : 1244,
      "text" : "important",
      "whiteSpace" : false
    }, {
      "id" : "s5-t13",
      "begin" : 1245,
      "end" : 1255,
      "text" : "equalizing",
      "whiteSpace" : false
    }, {
      "id" : "s5-t14",
      "begin" : 1256,
      "end" : 1262,
      "text" : "factor",
      "whiteSpace" : false
    }, {
      "id" : "s5-t15",
      "begin" : 1263,
      "end" : 1275,
      "text" : "contributing",
      "whiteSpace" : false
    }, {
      "id" : "s5-t16",
      "begin" : 1276,
      "end" : 1279,
      "text" : "not",
      "whiteSpace" : false
    }, {
      "id" : "s5-t17",
      "begin" : 1280,
      "end" : 1284,
      "text" : "only",
      "whiteSpace" : false
    }, {
      "id" : "s5-t18",
      "begin" : 1285,
      "end" : 1287,
      "text" : "to",
      "whiteSpace" : false
    }, {
      "id" : "s5-t19",
      "begin" : 1288,
      "end" : 1294,
      "text" : "reduce",
      "whiteSpace" : false
    }, {
      "id" : "s5-t20",
      "begin" : 1295,
      "end" : 1299,
      "text" : "wage",
      "whiteSpace" : false
    }, {
      "id" : "s5-t21",
      "begin" : 1300,
      "end" : 1310,
      "text" : "dispersion",
      "whiteSpace" : false
    }, {
      "id" : "s5-t22",
      "begin" : 1311,
      "end" : 1316,
      "text" : "among",
      "whiteSpace" : false
    }, {
      "id" : "s5-t23",
      "begin" : 1317,
      "end" : 1324,
      "text" : "workers",
      "whiteSpace" : false
    }, {
      "id" : "s5-t24",
      "begin" : 1325,
      "end" : 1328,
      "text" : "but",
      "whiteSpace" : false
    }, {
      "id" : "s5-t25",
      "begin" : 1329,
      "end" : 1333,
      "text" : "also",
      "whiteSpace" : false
    }, {
      "id" : "s5-t26",
      "begin" : 1334,
      "end" : 1336,
      "text" : "to",
      "whiteSpace" : false
    }, {
      "id" : "s5-t27",
      "begin" : 1337,
      "end" : 1343,
      "text" : "higher",
      "whiteSpace" : false
    }, {
      "id" : "s5-t28",
      "begin" : 1344,
      "end" : 1354,
      "text" : "employment",
      "whiteSpace" : false
    }, {
      "id" : "s5-t29",
      "begin" : 1355,
      "end" : 1360,
      "text" : "rates",
      "whiteSpace" : false
    }, {
      "id" : "s5-t30",
      "begin" : 1360,
      "end" : 1361,
      "text" : ".",
      "whiteSpace" : false
    } ]
  }, {
    "id" : "s6",
    "begin" : 1362,
    "end" : 1539,
    "text" : "Up-skilling provided a sizable counterweight to the increase in earnings inequality resulting from technological progress, pressure from globalisation and institutional changes.",
    "tokens" : [ {
      "id" : "s6-t0",
      "begin" : 1362,
      "end" : 1373,
      "text" : "Up-skilling",
      "whiteSpace" : false
    }, {
      "id" : "s6-t1",
      "begin" : 1374,
      "end" : 1382,
      "text" : "provided",
      "whiteSpace" : false
    }, {
      "id" : "s6-t2",
      "begin" : 1383,
      "end" : 1384,
      "text" : "a",
      "whiteSpace" : false
    }, {
      "id" : "s6-t3",
      "begin" : 1385,
      "end" : 1392,
      "text" : "sizable",
      "whiteSpace" : false
    }, {
      "id" : "s6-t4",
      "begin" : 1393,
      "end" : 1406,
      "text" : "counterweight",
      "whiteSpace" : false
    }, {
      "id" : "s6-t5",
      "begin" : 1407,
      "end" : 1409,
      "text" : "to",
      "whiteSpace" : false
    }, {
      "id" : "s6-t6",
      "begin" : 1410,
      "end" : 1413,
      "text" : "the",
      "whiteSpace" : false
    }, {
      "id" : "s6-t7",
      "begin" : 1414,
      "end" : 1422,
      "text" : "increase",
      "whiteSpace" : false
    }, {
      "id" : "s6-t8",
      "begin" : 1423,
      "end" : 1425,
      "text" : "in",
      "whiteSpace" : false
    }, {
      "id" : "s6-t9",
      "begin" : 1426,
      "end" : 1434,
      "text" : "earnings",
      "whiteSpace" : false
    }, {
      "id" : "s6-t10",
      "begin" : 1435,
      "end" : 1445,
      "text" : "inequality",
      "whiteSpace" : false
    }, {
      "id" : "s6-t11",
      "begin" : 1446,
      "end" : 1455,
      "text" : "resulting",
      "whiteSpace" : false
    }, {
      "id" : "s6-t12",
      "begin" : 1456,
      "end" : 1460,
      "text" : "from",
      "whiteSpace" : false
    }, {
      "id" : "s6-t13",
      "begin" : 1461,
      "end" : 1474,
      "text" : "technological",
      "whiteSpace" : false
    }, {
      "id" : "s6-t14",
      "begin" : 1475,
      "end" : 1483,
      "text" : "progress",
      "whiteSpace" : false
    }, {
      "id" : "s6-t15",
      "begin" : 1483,
      "end" : 1484,
      "text" : ",",
      "whiteSpace" : false
    }, {
      "id" : "s6-t16",
      "begin" : 1485,
      "end" : 1493,
      "text" : "pressure",
      "whiteSpace" : false
    }, {
      "id" : "s6-t17",
      "begin" : 1494,
      "end" : 1498,
      "text" : "from",
      "whiteSpace" : false
    }, {
      "id" : "s6-t18",
      "begin" : 1499,
      "end" : 1512,
      "text" : "globalisation",
      "whiteSpace" : false
    }, {
      "id" : "s6-t19",
      "begin" : 1513,
      "end" : 1516,
      "text" : "and",
      "whiteSpace" : false
    }, {
      "id" : "s6-t20",
      "begin" : 1517,
      "end" : 1530,
      "text" : "institutional",
      "whiteSpace" : false
    }, {
      "id" : "s6-t21",
      "begin" : 1531,
      "end" : 1538,
      "text" : "changes",
      "whiteSpace" : false
    }, {
      "id" : "s6-t22",
      "begin" : 1538,
      "end" : 1539,
      "text" : ".",
      "whiteSpace" : false
    } ]
  } ],
  "mentions" : [ {
    "id" : "s0-m3",
    "properties" : {
      "SIRE_MENTION_ROLE" : "evidence",
      "SIRE_ENTITY_SUBTYPE" : "NONE",
      "SIRE_MENTION_TYPE" : "NONE",
      "SIRE_MENTION_CLASS" : "SPC"
    },
    "type" : "evidence",
    "begin" : 11,
    "end" : 19,
    "inCoref" : false
  }, {
    "id" : "s0-m4",
    "properties" : {
      "SIRE_MENTION_ROLE" : "relation",
      "SIRE_ENTITY_SUBTYPE" : "NONE",
      "SIRE_MENTION_TYPE" : "NONE",
      "SIRE_MENTION_CLASS" : "SPC"
    },
    "type" : "relation",
    "begin" : 37,
    "end" : 46,
    "inCoref" : false
  }, {
    "id" : "m9",
    "properties" : {
      "SIRE_MENTION_TYPE" : "NONE",
      "SIRE_MENTION_CLASS" : "SPC",
      "SIRE_ENTITY_SUBTYPE" : "NONE",
      "SIRE_MENTION_ROLE" : "Variable"
    },
    "type" : "Variable",
    "begin" : 47,
    "end" : 69,
    "inCoref" : true
  }, {
    "id" : "m10",
    "properties" : {
      "SIRE_MENTION_TYPE" : "NONE",
      "SIRE_MENTION_CLASS" : "SPC",
      "SIRE_ENTITY_SUBTYPE" : "NONE",
      "SIRE_MENTION_ROLE" : "Variable"
    },
    "type" : "Variable",
    "begin" : 71,
    "end" : 93,
    "inCoref" : true
  }, {
    "id" : "s0-m5",
    "properties" : {
      "SIRE_MENTION_ROLE" : "Variable",
      "SIRE_ENTITY_SUBTYPE" : "NONE",
      "SIRE_MENTION_TYPE" : "NONE",
      "SIRE_MENTION_CLASS" : "SPC"
    },
    "type" : "Variable",
    "begin" : 109,
    "end" : 131,
    "inCoref" : false
  }, {
    "id" : "s0-m6",
    "properties" : {
      "SIRE_MENTION_ROLE" : "Variable",
      "SIRE_ENTITY_SUBTYPE" : "NONE",
      "SIRE_MENTION_TYPE" : "NONE",
      "SIRE_MENTION_CLASS" : "SPC"
    },
    "type" : "Variable",
    "begin" : 133,
    "end" : 144,
    "inCoref" : false
  }, {
    "id" : "s0-m7",
    "properties" : {
      "SIRE_MENTION_ROLE" : "Variable",
      "SIRE_ENTITY_SUBTYPE" : "NONE",
      "SIRE_MENTION_TYPE" : "NONE",
      "SIRE_MENTION_CLASS" : "SPC"
    },
    "type" : "Variable",
    "begin" : 149,
    "end" : 161,
    "inCoref" : false
  }, {
    "id" : "s1-m5",
    "properties" : {
      "SIRE_MENTION_ROLE" : "evidence",
      "SIRE_ENTITY_SUBTYPE" : "NONE",
      "SIRE_MENTION_TYPE" : "NONE",
      "SIRE_MENTION_CLASS" : "SPC"
    },
    "type" : "evidence",
    "begin" : 241,
    "end" : 251,
    "inCoref" : false
  }, {
    "id" : "s1-m4",
    "properties" : {
      "SIRE_MENTION_ROLE" : "Variable",
      "SIRE_ENTITY_SUBTYPE" : "NONE",
      "SIRE_MENTION_TYPE" : "NONE",
      "SIRE_MENTION_CLASS" : "SPC"
    },
    "type" : "Variable",
    "begin" : 282,
    "end" : 309,
    "inCoref" : false
  }, {
    "id" : "m1",
    "properties" : {
      "SIRE_MENTION_TYPE" : "NONE",
      "SIRE_MENTION_CLASS" : "SPC",
      "SIRE_ENTITY_SUBTYPE" : "NONE",
      "SIRE_MENTION_ROLE" : "Variable"
    },
    "type" : "Variable",
    "begin" : 314,
    "end" : 333,
    "inCoref" : true
  }, {
    "id" : "s1-m6",
    "properties" : {
      "SIRE_MENTION_ROLE" : "relation",
      "SIRE_ENTITY_SUBTYPE" : "NONE",
      "SIRE_MENTION_TYPE" : "NONE",
      "SIRE_MENTION_CLASS" : "SPC"
    },
    "type" : "relation",
    "begin" : 396,
    "end" : 406,
    "inCoref" : false
  }, {
    "id" : "s1-m2",
    "properties" : {
      "SIRE_MENTION_ROLE" : "Variable",
      "SIRE_ENTITY_SUBTYPE" : "NONE",
      "SIRE_MENTION_TYPE" : "NONE",
      "SIRE_MENTION_CLASS" : "SPC"
    },
    "type" : "Variable",
    "begin" : 407,
    "end" : 422,
    "inCoref" : true
  }, {
    "id" : "s1-m7",
    "properties" : {
      "SIRE_MENTION_ROLE" : "relation",
      "SIRE_ENTITY_SUBTYPE" : "NONE",
      "SIRE_MENTION_TYPE" : "NONE",
      "SIRE_MENTION_CLASS" : "SPC"
    },
    "type" : "relation",
    "begin" : 441,
    "end" : 451,
    "inCoref" : false
  }, {
    "id" : "s1-m3",
    "properties" : {
      "SIRE_MENTION_ROLE" : "Variable",
      "SIRE_ENTITY_SUBTYPE" : "NONE",
      "SIRE_MENTION_TYPE" : "NONE",
      "SIRE_MENTION_CLASS" : "SPC"
    },
    "type" : "Variable",
    "begin" : 452,
    "end" : 465,
    "inCoref" : true
  }, {
    "id" : "s2-m6",
    "properties" : {
      "SIRE_MENTION_ROLE" : "evidence",
      "SIRE_ENTITY_SUBTYPE" : "NONE",
      "SIRE_MENTION_TYPE" : "NONE",
      "SIRE_MENTION_CLASS" : "SPC"
    },
    "type" : "evidence",
    "begin" : 509,
    "end" : 516,
    "inCoref" : false
  }, {
    "id" : "s2-m9",
    "properties" : {
      "SIRE_MENTION_ROLE" : "evidence",
      "SIRE_ENTITY_SUBTYPE" : "NONE",
      "SIRE_MENTION_TYPE" : "NONE",
      "SIRE_MENTION_CLASS" : "SPC"
    },
    "type" : "evidence",
    "begin" : 517,
    "end" : 524,
    "inCoref" : false
  }, {
    "id" : "m11",
    "properties" : {
      "SIRE_MENTION_TYPE" : "NONE",
      "SIRE_MENTION_CLASS" : "SPC",
      "SIRE_ENTITY_SUBTYPE" : "NONE",
      "SIRE_MENTION_ROLE" : "Variable"
    },
    "type" : "Variable",
    "begin" : 530,
    "end" : 552,
    "inCoref" : true
  }, {
    "id" : "s2-m5",
    "properties" : {
      "SIRE_MENTION_ROLE" : "relation",
      "SIRE_ENTITY_SUBTYPE" : "NONE",
      "SIRE_MENTION_TYPE" : "NONE",
      "SIRE_MENTION_CLASS" : "SPC"
    },
    "type" : "relation",
    "begin" : 558,
    "end" : 568,
    "inCoref" : false
  }, {
    "id" : "s2-m7",
    "properties" : {
      "SIRE_MENTION_ROLE" : "relation",
      "SIRE_ENTITY_SUBTYPE" : "NONE",
      "SIRE_MENTION_TYPE" : "NONE",
      "SIRE_MENTION_CLASS" : "SPC"
    },
    "type" : "relation",
    "begin" : 587,
    "end" : 595,
    "inCoref" : false
  }, {
    "id" : "m2",
    "properties" : {
      "SIRE_MENTION_TYPE" : "NONE",
      "SIRE_MENTION_CLASS" : "SPC",
      "SIRE_ENTITY_SUBTYPE" : "NONE",
      "SIRE_MENTION_ROLE" : "Variable"
    },
    "type" : "Variable",
    "begin" : 596,
    "end" : 615,
    "inCoref" : true
  }, {
    "id" : "m3",
    "properties" : {
      "SIRE_MENTION_TYPE" : "NONE",
      "SIRE_MENTION_CLASS" : "SPC",
      "SIRE_ENTITY_SUBTYPE" : "NONE",
      "SIRE_MENTION_ROLE" : "Variable"
    },
    "type" : "Variable",
    "begin" : 632,
    "end" : 642,
    "inCoref" : false
  }, {
    "id" : "s2-m8",
    "properties" : {
      "SIRE_MENTION_ROLE" : "relation",
      "SIRE_ENTITY_SUBTYPE" : "NONE",
      "SIRE_MENTION_TYPE" : "NONE",
      "SIRE_MENTION_CLASS" : "SPC"
    },
    "type" : "relation",
    "begin" : 658,
    "end" : 665,
    "inCoref" : false
  }, {
    "id" : "s2-m4",
    "properties" : {
      "SIRE_MENTION_ROLE" : "Variable",
      "SIRE_ENTITY_SUBTYPE" : "NONE",
      "SIRE_MENTION_TYPE" : "NONE",
      "SIRE_MENTION_CLASS" : "SPC"
    },
    "type" : "Variable",
    "begin" : 666,
    "end" : 681,
    "inCoref" : true
  }, {
    "id" : "m12",
    "properties" : {
      "SIRE_MENTION_TYPE" : "NONE",
      "SIRE_MENTION_CLASS" : "SPC",
      "SIRE_ENTITY_SUBTYPE" : "NONE",
      "SIRE_MENTION_ROLE" : "Variable"
    },
    "type" : "Variable",
    "begin" : 683,
    "end" : 705,
    "inCoref" : true
  }, {
    "id" : "s3-m4",
    "properties" : {
      "SIRE_MENTION_ROLE" : "relation",
      "SIRE_ENTITY_SUBTYPE" : "NONE",
      "SIRE_MENTION_TYPE" : "NONE",
      "SIRE_MENTION_CLASS" : "SPC"
    },
    "type" : "relation",
    "begin" : 732,
    "end" : 738,
    "inCoref" : false
  }, {
    "id" : "s3-m2",
    "properties" : {
      "SIRE_MENTION_ROLE" : "Variable",
      "SIRE_ENTITY_SUBTYPE" : "NONE",
      "SIRE_MENTION_TYPE" : "NONE",
      "SIRE_MENTION_CLASS" : "SPC"
    },
    "type" : "Variable",
    "begin" : 739,
    "end" : 744,
    "inCoref" : false
  }, {
    "id" : "s3-m3",
    "properties" : {
      "SIRE_MENTION_ROLE" : "Variable",
      "SIRE_ENTITY_SUBTYPE" : "NONE",
      "SIRE_MENTION_TYPE" : "NONE",
      "SIRE_MENTION_CLASS" : "SPC"
    },
    "type" : "Variable",
    "begin" : 749,
    "end" : 770,
    "inCoref" : false
  }, {
    "id" : "s3-m5",
    "properties" : {
      "SIRE_MENTION_ROLE" : "Variable",
      "SIRE_ENTITY_SUBTYPE" : "NONE",
      "SIRE_MENTION_TYPE" : "NONE",
      "SIRE_MENTION_CLASS" : "SPC"
    },
    "type" : "Variable",
    "begin" : 869,
    "end" : 881,
    "inCoref" : false
  }, {
    "id" : "m4",
    "properties" : {
      "SIRE_MENTION_TYPE" : "NONE",
      "SIRE_MENTION_CLASS" : "SPC",
      "SIRE_ENTITY_SUBTYPE" : "NONE",
      "SIRE_MENTION_ROLE" : "Variable"
    },
    "type" : "Variable",
    "begin" : 951,
    "end" : 957,
    "inCoref" : false
  }, {
    "id" : "m13",
    "properties" : {
      "SIRE_MENTION_TYPE" : "NONE",
      "SIRE_MENTION_CLASS" : "SPC",
      "SIRE_ENTITY_SUBTYPE" : "NONE",
      "SIRE_MENTION_ROLE" : "Variable"
    },
    "type" : "Variable",
    "begin" : 962,
    "end" : 974,
    "inCoref" : false
  }, {
    "id" : "s4-m5",
    "properties" : {
      "SIRE_MENTION_ROLE" : "relation",
      "SIRE_ENTITY_SUBTYPE" : "NONE",
      "SIRE_MENTION_TYPE" : "NONE",
      "SIRE_MENTION_CLASS" : "SPC"
    },
    "type" : "relation",
    "begin" : 1005,
    "end" : 1012,
    "inCoref" : false
  }, {
    "id" : "s4-m8",
    "properties" : {
      "SIRE_MENTION_ROLE" : "Variable",
      "SIRE_ENTITY_SUBTYPE" : "NONE",
      "SIRE_MENTION_TYPE" : "NONE",
      "SIRE_MENTION_CLASS" : "SPC"
    },
    "type" : "Variable",
    "begin" : 1039,
    "end" : 1076,
    "inCoref" : false
  }, {
    "id" : "s4-m9",
    "properties" : {
      "SIRE_MENTION_ROLE" : "relation",
      "SIRE_ENTITY_SUBTYPE" : "NONE",
      "SIRE_MENTION_TYPE" : "NONE",
      "SIRE_MENTION_CLASS" : "SPC"
    },
    "type" : "relation",
    "begin" : 1081,
    "end" : 1091,
    "inCoref" : false
  }, {
    "id" : "s4-m4",
    "properties" : {
      "SIRE_MENTION_ROLE" : "Variable",
      "SIRE_ENTITY_SUBTYPE" : "NONE",
      "SIRE_MENTION_TYPE" : "NONE",
      "SIRE_MENTION_CLASS" : "SPC"
    },
    "type" : "Variable",
    "begin" : 1092,
    "end" : 1109,
    "inCoref" : false
  }, {
    "id" : "s4-m11",
    "properties" : {
      "SIRE_MENTION_ROLE" : "relation",
      "SIRE_ENTITY_SUBTYPE" : "NONE",
      "SIRE_MENTION_TYPE" : "NONE",
      "SIRE_MENTION_CLASS" : "SPC"
    },
    "type" : "relation",
    "begin" : 1136,
    "end" : 1150,
    "inCoref" : false
  }, {
    "id" : "s4-m10",
    "properties" : {
      "SIRE_MENTION_ROLE" : "relation",
      "SIRE_ENTITY_SUBTYPE" : "NONE",
      "SIRE_MENTION_TYPE" : "NONE",
      "SIRE_MENTION_CLASS" : "SPC"
    },
    "type" : "relation",
    "begin" : 1151,
    "end" : 1158,
    "inCoref" : false
  }, {
    "id" : "m5",
    "properties" : {
      "SIRE_MENTION_TYPE" : "NONE",
      "SIRE_MENTION_CLASS" : "SPC",
      "SIRE_ENTITY_SUBTYPE" : "NONE",
      "SIRE_MENTION_ROLE" : "Variable"
    },
    "type" : "Variable",
    "begin" : 1159,
    "end" : 1174,
    "inCoref" : true
  }, {
    "id" : "s5-m3",
    "properties" : {
      "SIRE_MENTION_ROLE" : "Variable",
      "SIRE_ENTITY_SUBTYPE" : "NONE",
      "SIRE_MENTION_TYPE" : "NONE",
      "SIRE_MENTION_CLASS" : "SPC"
    },
    "type" : "Variable",
    "begin" : 1203,
    "end" : 1228,
    "inCoref" : false
  }, {
    "id" : "s5-m7",
    "properties" : {
      "SIRE_MENTION_ROLE" : "relation",
      "SIRE_ENTITY_SUBTYPE" : "NONE",
      "SIRE_MENTION_TYPE" : "NONE",
      "SIRE_MENTION_CLASS" : "SPC"
    },
    "type" : "relation",
    "begin" : 1263,
    "end" : 1275,
    "inCoref" : false
  }, {
    "id" : "s5-m4",
    "properties" : {
      "SIRE_MENTION_ROLE" : "Variable",
      "SIRE_ENTITY_SUBTYPE" : "NONE",
      "SIRE_MENTION_TYPE" : "NONE",
      "SIRE_MENTION_CLASS" : "SPC"
    },
    "type" : "Variable",
    "begin" : 1295,
    "end" : 1310,
    "inCoref" : true
  }, {
    "id" : "s5-m2",
    "properties" : {
      "SIRE_MENTION_ROLE" : "Variable",
      "SIRE_ENTITY_SUBTYPE" : "NONE",
      "SIRE_MENTION_TYPE" : "NONE",
      "SIRE_MENTION_CLASS" : "SPC"
    },
    "type" : "Variable",
    "begin" : 1344,
    "end" : 1360,
    "inCoref" : false
  }, {
    "id" : "s6-m6",
    "properties" : {
      "SIRE_MENTION_ROLE" : "relation",
      "SIRE_ENTITY_SUBTYPE" : "NONE",
      "SIRE_MENTION_TYPE" : "NONE",
      "SIRE_MENTION_CLASS" : "SPC"
    },
    "type" : "relation",
    "begin" : 1414,
    "end" : 1425,
    "inCoref" : false
  }, {
    "id" : "m7",
    "properties" : {
      "SIRE_MENTION_TYPE" : "NONE",
      "SIRE_MENTION_CLASS" : "SPC",
      "SIRE_ENTITY_SUBTYPE" : "NONE",
      "SIRE_MENTION_ROLE" : "Variable"
    },
    "type" : "Variable",
    "begin" : 1426,
    "end" : 1445,
    "inCoref" : true
  }, {
    "id" : "m14",
    "properties" : {
      "SIRE_MENTION_TYPE" : "NONE",
      "SIRE_MENTION_CLASS" : "SPC",
      "SIRE_ENTITY_SUBTYPE" : "NONE",
      "SIRE_MENTION_ROLE" : "Variable"
    },
    "type" : "Variable",
    "begin" : 1461,
    "end" : 1483,
    "inCoref" : true
  }, {
    "id" : "m15",
    "properties" : {
      "SIRE_MENTION_TYPE" : "NONE",
      "SIRE_MENTION_CLASS" : "SPC",
      "SIRE_ENTITY_SUBTYPE" : "NONE",
      "SIRE_MENTION_ROLE" : "Variable"
    },
    "type" : "Variable",
    "begin" : 1499,
    "end" : 1512,
    "inCoref" : true
  }, {
    "id" : "s6-m5",
    "properties" : {
      "SIRE_MENTION_ROLE" : "Variable",
      "SIRE_ENTITY_SUBTYPE" : "NONE",
      "SIRE_MENTION_TYPE" : "NONE",
      "SIRE_MENTION_CLASS" : "SPC"
    },
    "type" : "Variable",
    "begin" : 1517,
    "end" : 1538,
    "inCoref" : false
  } ],
  "relations" : [ {
    "id" : "s2-r1",
    "properties" : { },
    "type" : "Causal",
    "args" : [ "m11", "m2" ]
  }, {
    "id" : "s2-r2",
    "properties" : { },
    "type" : "Causal",
    "args" : [ "s2-m4", "m3" ]
  }, {
    "id" : "s4-r1",
    "properties" : { },
    "type" : "Causal",
    "args" : [ "m4", "m5" ]
  }, {
    "id" : "s4-r2",
    "properties" : { },
    "type" : "Causal",
    "args" : [ "m13", "m5" ]
  }, {
    "id" : "s4-r3",
    "properties" : { },
    "type" : "Causal",
    "args" : [ "m4", "s4-m4" ]
  }, {
    "id" : "s4-r4",
    "properties" : { },
    "type" : "Causal",
    "args" : [ "m13", "s4-m4" ]
  }, {
    "id" : "s4-r5",
    "properties" : { },
    "type" : "Causal",
    "args" : [ "s4-m4", "s4-m8" ]
  }, {
    "id" : "s5-r1",
    "properties" : { },
    "type" : "Causal",
    "args" : [ "s5-m3", "s5-m4" ]
  }, {
    "id" : "s5-r2",
    "properties" : { },
    "type" : "Causal",
    "args" : [ "s5-m3", "s5-m2" ]
  } ],
  "corefs" : [ {
    "id" : "c1",
    "properties" : { },
    "mentions" : [ "m9", "m12", "m15" ]
  }, {
    "id" : "c2",
    "properties" : { },
    "mentions" : [ "m10", "m11", "m14" ]
  }, {
    "id" : "c3",
    "properties" : { },
    "mentions" : [ "m1", "s1-m2", "s1-m3", "s2-m4", "m5", "s5-m4", "m7", "m2" ]
  } ],
  "typeResolved" : true,
  "userResolved" : false
}