{
  "id" : "45fbb650-25c2-11ec-94b0-c7167c6b1af9-10",
  "name" : "29. Feenstra, R. C., and Hanson, G. H. (1996.docx",
  "createdDate" : 0,
  "version" : 3,
  "text" : "\nThe effect of outsourcing on the demand for skilled workers in the US is examined by developing a model using import data from the National Bureau of Economic Research and input purchase data from the 'Census of Manufactures.' Regression estimates reveal that for the period 1972-1979, outsourcing has not significantly affected the demand for labor. On the other hand, results for the 1979-1990 period show a positive relationship between the two variables\n\n",
  "docLength" : 0,
  "language" : "EN",
  "status" : "SUBMITTED",
  "modifiedDate" : 1639150082562,
  "documentSet" : [ ],
  "preannotation" : [ "PRE_LW" ],
  "sentences" : [ {
    "id" : "s0",
    "begin" : 1,
    "end" : 226,
    "text" : "The effect of outsourcing on the demand for skilled workers in the US is examined by developing a model using import data from the National Bureau of Economic Research and input purchase data from the 'Census of Manufactures.",
    "tokens" : [ {
      "id" : "s0-t0",
      "begin" : 1,
      "end" : 4,
      "text" : "The",
      "whiteSpace" : false
    }, {
      "id" : "s0-t1",
      "begin" : 5,
      "end" : 11,
      "text" : "effect",
      "whiteSpace" : false
    }, {
      "id" : "s0-t2",
      "begin" : 12,
      "end" : 14,
      "text" : "of",
      "whiteSpace" : false
    }, {
      "id" : "s0-t3",
      "begin" : 15,
      "end" : 26,
      "text" : "outsourcing",
      "whiteSpace" : false
    }, {
      "id" : "s0-t4",
      "begin" : 27,
      "end" : 29,
      "text" : "on",
      "whiteSpace" : false
    }, {
      "id" : "s0-t5",
      "begin" : 30,
      "end" : 33,
      "text" : "the",
      "whiteSpace" : false
    }, {
      "id" : "s0-t6",
      "begin" : 34,
      "end" : 40,
      "text" : "demand",
      "whiteSpace" : false
    }, {
      "id" : "s0-t7",
      "begin" : 41,
      "end" : 44,
      "text" : "for",
      "whiteSpace" : false
    }, {
      "id" : "s0-t8",
      "begin" : 45,
      "end" : 52,
      "text" : "skilled",
      "whiteSpace" : false
    }, {
      "id" : "s0-t9",
      "begin" : 53,
      "end" : 60,
      "text" : "workers",
      "whiteSpace" : false
    }, {
      "id" : "s0-t10",
      "begin" : 61,
      "end" : 63,
      "text" : "in",
      "whiteSpace" : false
    }, {
      "id" : "s0-t11",
      "begin" : 64,
      "end" : 67,
      "text" : "the",
      "whiteSpace" : false
    }, {
      "id" : "s0-t12",
      "begin" : 68,
      "end" : 70,
      "text" : "US",
      "whiteSpace" : false
    }, {
      "id" : "s0-t13",
      "begin" : 71,
      "end" : 73,
      "text" : "is",
      "whiteSpace" : false
    }, {
      "id" : "s0-t14",
      "begin" : 74,
      "end" : 82,
      "text" : "examined",
      "whiteSpace" : false
    }, {
      "id" : "s0-t15",
      "begin" : 83,
      "end" : 85,
      "text" : "by",
      "whiteSpace" : false
    }, {
      "id" : "s0-t16",
      "begin" : 86,
      "end" : 96,
      "text" : "developing",
      "whiteSpace" : false
    }, {
      "id" : "s0-t17",
      "begin" : 97,
      "end" : 98,
      "text" : "a",
      "whiteSpace" : false
    }, {
      "id" : "s0-t18",
      "begin" : 99,
      "end" : 104,
      "text" : "model",
      "whiteSpace" : false
    }, {
      "id" : "s0-t19",
      "begin" : 105,
      "end" : 110,
      "text" : "using",
      "whiteSpace" : false
    }, {
      "id" : "s0-t20",
      "begin" : 111,
      "end" : 117,
      "text" : "import",
      "whiteSpace" : false
    }, {
      "id" : "s0-t21",
      "begin" : 118,
      "end" : 122,
      "text" : "data",
      "whiteSpace" : false
    }, {
      "id" : "s0-t22",
      "begin" : 123,
      "end" : 127,
      "text" : "from",
      "whiteSpace" : false
    }, {
      "id" : "s0-t23",
      "begin" : 128,
      "end" : 131,
      "text" : "the",
      "whiteSpace" : false
    }, {
      "id" : "s0-t24",
      "begin" : 132,
      "end" : 140,
      "text" : "National",
      "whiteSpace" : false
    }, {
      "id" : "s0-t25",
      "begin" : 141,
      "end" : 147,
      "text" : "Bureau",
      "whiteSpace" : false
    }, {
      "id" : "s0-t26",
      "begin" : 148,
      "end" : 150,
      "text" : "of",
      "whiteSpace" : false
    }, {
      "id" : "s0-t27",
      "begin" : 151,
      "end" : 159,
      "text" : "Economic",
      "whiteSpace" : false
    }, {
      "id" : "s0-t28",
      "begin" : 160,
      "end" : 168,
      "text" : "Research",
      "whiteSpace" : false
    }, {
      "id" : "s0-t29",
      "begin" : 169,
      "end" : 172,
      "text" : "and",
      "whiteSpace" : false
    }, {
      "id" : "s0-t30",
      "begin" : 173,
      "end" : 178,
      "text" : "input",
      "whiteSpace" : false
    }, {
      "id" : "s0-t31",
      "begin" : 179,
      "end" : 187,
      "text" : "purchase",
      "whiteSpace" : false
    }, {
      "id" : "s0-t32",
      "begin" : 188,
      "end" : 192,
      "text" : "data",
      "whiteSpace" : false
    }, {
      "id" : "s0-t33",
      "begin" : 193,
      "end" : 197,
      "text" : "from",
      "whiteSpace" : false
    }, {
      "id" : "s0-t34",
      "begin" : 198,
      "end" : 201,
      "text" : "the",
      "whiteSpace" : false
    }, {
      "id" : "s0-t35",
      "begin" : 202,
      "end" : 203,
      "text" : "'",
      "whiteSpace" : false
    }, {
      "id" : "s0-t36",
      "begin" : 203,
      "end" : 209,
      "text" : "Census",
      "whiteSpace" : false
    }, {
      "id" : "s0-t37",
      "begin" : 210,
      "end" : 212,
      "text" : "of",
      "whiteSpace" : false
    }, {
      "id" : "s0-t38",
      "begin" : 213,
      "end" : 225,
      "text" : "Manufactures",
      "whiteSpace" : false
    }, {
      "id" : "s0-t39",
      "begin" : 225,
      "end" : 226,
      "text" : ".",
      "whiteSpace" : false
    } ]
  }, {
    "id" : "s1",
    "begin" : 226,
    "end" : 351,
    "text" : "' Regression estimates reveal that for the period 1972-1979, outsourcing has not significantly affected the demand for labor.",
    "tokens" : [ {
      "id" : "s1-t0",
      "begin" : 226,
      "end" : 227,
      "text" : "'",
      "whiteSpace" : false
    }, {
      "id" : "s1-t1",
      "begin" : 228,
      "end" : 238,
      "text" : "Regression",
      "whiteSpace" : false
    }, {
      "id" : "s1-t2",
      "begin" : 239,
      "end" : 248,
      "text" : "estimates",
      "whiteSpace" : false
    }, {
      "id" : "s1-t3",
      "begin" : 249,
      "end" : 255,
      "text" : "reveal",
      "whiteSpace" : false
    }, {
      "id" : "s1-t4",
      "begin" : 256,
      "end" : 260,
      "text" : "that",
      "whiteSpace" : false
    }, {
      "id" : "s1-t5",
      "begin" : 261,
      "end" : 264,
      "text" : "for",
      "whiteSpace" : false
    }, {
      "id" : "s1-t6",
      "begin" : 265,
      "end" : 268,
      "text" : "the",
      "whiteSpace" : false
    }, {
      "id" : "s1-t7",
      "begin" : 269,
      "end" : 275,
      "text" : "period",
      "whiteSpace" : false
    }, {
      "id" : "s1-t8",
      "begin" : 276,
      "end" : 285,
      "text" : "1972-1979",
      "whiteSpace" : false
    }, {
      "id" : "s1-t9",
      "begin" : 285,
      "end" : 286,
      "text" : ",",
      "whiteSpace" : false
    }, {
      "id" : "s1-t10",
      "begin" : 287,
      "end" : 298,
      "text" : "outsourcing",
      "whiteSpace" : false
    }, {
      "id" : "s1-t11",
      "begin" : 299,
      "end" : 302,
      "text" : "has",
      "whiteSpace" : false
    }, {
      "id" : "s1-t12",
      "begin" : 303,
      "end" : 306,
      "text" : "not",
      "whiteSpace" : false
    }, {
      "id" : "s1-t13",
      "begin" : 307,
      "end" : 320,
      "text" : "significantly",
      "whiteSpace" : false
    }, {
      "id" : "s1-t14",
      "begin" : 321,
      "end" : 329,
      "text" : "affected",
      "whiteSpace" : false
    }, {
      "id" : "s1-t15",
      "begin" : 330,
      "end" : 333,
      "text" : "the",
      "whiteSpace" : false
    }, {
      "id" : "s1-t16",
      "begin" : 334,
      "end" : 340,
      "text" : "demand",
      "whiteSpace" : false
    }, {
      "id" : "s1-t17",
      "begin" : 341,
      "end" : 344,
      "text" : "for",
      "whiteSpace" : false
    }, {
      "id" : "s1-t18",
      "begin" : 345,
      "end" : 350,
      "text" : "labor",
      "whiteSpace" : false
    }, {
      "id" : "s1-t19",
      "begin" : 350,
      "end" : 351,
      "text" : ".",
      "whiteSpace" : false
    } ]
  }, {
    "id" : "s2",
    "begin" : 352,
    "end" : 458,
    "text" : "On the other hand, results for the 1979-1990 period show a positive relationship between the two variables",
    "tokens" : [ {
      "id" : "s2-t0",
      "begin" : 352,
      "end" : 354,
      "text" : "On",
      "whiteSpace" : false
    }, {
      "id" : "s2-t1",
      "begin" : 355,
      "end" : 358,
      "text" : "the",
      "whiteSpace" : false
    }, {
      "id" : "s2-t2",
      "begin" : 359,
      "end" : 364,
      "text" : "other",
      "whiteSpace" : false
    }, {
      "id" : "s2-t3",
      "begin" : 365,
      "end" : 369,
      "text" : "hand",
      "whiteSpace" : false
    }, {
      "id" : "s2-t4",
      "begin" : 369,
      "end" : 370,
      "text" : ",",
      "whiteSpace" : false
    }, {
      "id" : "s2-t5",
      "begin" : 371,
      "end" : 378,
      "text" : "results",
      "whiteSpace" : false
    }, {
      "id" : "s2-t6",
      "begin" : 379,
      "end" : 382,
      "text" : "for",
      "whiteSpace" : false
    }, {
      "id" : "s2-t7",
      "begin" : 383,
      "end" : 386,
      "text" : "the",
      "whiteSpace" : false
    }, {
      "id" : "s2-t8",
      "begin" : 387,
      "end" : 396,
      "text" : "1979-1990",
      "whiteSpace" : false
    }, {
      "id" : "s2-t9",
      "begin" : 397,
      "end" : 403,
      "text" : "period",
      "whiteSpace" : false
    }, {
      "id" : "s2-t10",
      "begin" : 404,
      "end" : 408,
      "text" : "show",
      "whiteSpace" : false
    }, {
      "id" : "s2-t11",
      "begin" : 409,
      "end" : 410,
      "text" : "a",
      "whiteSpace" : false
    }, {
      "id" : "s2-t12",
      "begin" : 411,
      "end" : 419,
      "text" : "positive",
      "whiteSpace" : false
    }, {
      "id" : "s2-t13",
      "begin" : 420,
      "end" : 432,
      "text" : "relationship",
      "whiteSpace" : false
    }, {
      "id" : "s2-t14",
      "begin" : 433,
      "end" : 440,
      "text" : "between",
      "whiteSpace" : false
    }, {
      "id" : "s2-t15",
      "begin" : 441,
      "end" : 444,
      "text" : "the",
      "whiteSpace" : false
    }, {
      "id" : "s2-t16",
      "begin" : 445,
      "end" : 448,
      "text" : "two",
      "whiteSpace" : false
    }, {
      "id" : "s2-t17",
      "begin" : 449,
      "end" : 458,
      "text" : "variables",
      "whiteSpace" : false
    } ]
  } ],
  "mentions" : [ {
    "id" : "m1",
    "properties" : {
      "SIRE_MENTION_TYPE" : "NONE",
      "SIRE_MENTION_CLASS" : "SPC",
      "SIRE_ENTITY_SUBTYPE" : "NONE",
      "SIRE_MENTION_ROLE" : "relation"
    },
    "type" : "relation",
    "begin" : 5,
    "end" : 14,
    "inCoref" : false
  }, {
    "id" : "s0-m3",
    "properties" : {
      "SIRE_MENTION_ROLE" : "Variable",
      "SIRE_ENTITY_SUBTYPE" : "NONE",
      "SIRE_MENTION_TYPE" : "NONE",
      "SIRE_MENTION_CLASS" : "SPC"
    },
    "type" : "Variable",
    "begin" : 15,
    "end" : 26,
    "inCoref" : true
  }, {
    "id" : "s0-m4",
    "properties" : {
      "SIRE_MENTION_ROLE" : "Variable",
      "SIRE_ENTITY_SUBTYPE" : "NONE",
      "SIRE_MENTION_TYPE" : "NONE",
      "SIRE_MENTION_CLASS" : "SPC"
    },
    "type" : "Variable",
    "begin" : 34,
    "end" : 60,
    "inCoref" : true
  }, {
    "id" : "s0-m2",
    "properties" : {
      "SIRE_MENTION_ROLE" : "evidence",
      "SIRE_ENTITY_SUBTYPE" : "NONE",
      "SIRE_MENTION_TYPE" : "NONE",
      "SIRE_MENTION_CLASS" : "SPC"
    },
    "type" : "evidence",
    "begin" : 74,
    "end" : 82,
    "inCoref" : false
  }, {
    "id" : "s1-m1",
    "properties" : {
      "SIRE_MENTION_ROLE" : "Variable",
      "SIRE_ENTITY_SUBTYPE" : "NONE",
      "SIRE_MENTION_TYPE" : "NONE",
      "SIRE_MENTION_CLASS" : "SPC"
    },
    "type" : "Variable",
    "begin" : 287,
    "end" : 298,
    "inCoref" : true
  }, {
    "id" : "s1-m5",
    "properties" : {
      "SIRE_MENTION_ROLE" : "negation",
      "SIRE_ENTITY_SUBTYPE" : "NONE",
      "SIRE_MENTION_TYPE" : "NONE",
      "SIRE_MENTION_CLASS" : "SPC"
    },
    "type" : "negation",
    "begin" : 303,
    "end" : 306,
    "inCoref" : false
  }, {
    "id" : "s1-m4",
    "properties" : {
      "SIRE_MENTION_ROLE" : "relation",
      "SIRE_ENTITY_SUBTYPE" : "NONE",
      "SIRE_MENTION_TYPE" : "NONE",
      "SIRE_MENTION_CLASS" : "SPC"
    },
    "type" : "relation",
    "begin" : 321,
    "end" : 329,
    "inCoref" : false
  }, {
    "id" : "s1-m3",
    "properties" : {
      "SIRE_MENTION_ROLE" : "Variable",
      "SIRE_ENTITY_SUBTYPE" : "NONE",
      "SIRE_MENTION_TYPE" : "NONE",
      "SIRE_MENTION_CLASS" : "SPC"
    },
    "type" : "Variable",
    "begin" : 334,
    "end" : 350,
    "inCoref" : true
  }, {
    "id" : "s2-m1",
    "properties" : {
      "SIRE_MENTION_ROLE" : "relation",
      "SIRE_ENTITY_SUBTYPE" : "NONE",
      "SIRE_MENTION_TYPE" : "NONE",
      "SIRE_MENTION_CLASS" : "SPC"
    },
    "type" : "relation",
    "begin" : 420,
    "end" : 440,
    "inCoref" : false
  } ],
  "relations" : [ {
    "id" : "s1-r1",
    "properties" : { },
    "type" : "NoRelation",
    "args" : [ "s1-m1", "s1-m3" ]
  } ],
  "corefs" : [ {
    "id" : "c1",
    "properties" : { },
    "mentions" : [ "s0-m3", "s1-m1" ]
  }, {
    "id" : "c2",
    "properties" : { },
    "mentions" : [ "s0-m4", "s1-m3" ]
  } ],
  "typeResolved" : true,
  "userResolved" : false
}