{
  "id" : "45fbb650-25c2-11ec-94b0-c7167c6b1af9-8",
  "name" : "38. Gupta, S., Davoodi, H. R., and Alonso-Terme, R. (2002.docx",
  "createdDate" : 0,
  "version" : 3,
  "text" : "This paper provides evidence that high and rising corruption increases income inequality and poverty. An increase of one standard deviation in corruption increases the Gini coefficient of income inequality by about 11 points and income growth of the poor by about 5 percentage points per year. These findings are robust to use of different instruments for corruption and other sensitivity analyses. The paper discusses several channels through which corruption may affect income inequality and poverty. An important implication of these findings is that policies that reduce corruption will most likely reduce income inequality and poverty as well.\n\n",
  "docLength" : 0,
  "language" : "EN",
  "status" : "SUBMITTED",
  "modifiedDate" : 1634122564190,
  "documentSet" : [ ],
  "preannotation" : [ "PRE_LW" ],
  "sentences" : [ {
    "id" : "s0",
    "begin" : 0,
    "end" : 101,
    "text" : "This paper provides evidence that high and rising corruption increases income inequality and poverty.",
    "tokens" : [ {
      "id" : "s0-t0",
      "begin" : 0,
      "end" : 4,
      "text" : "This",
      "whiteSpace" : false
    }, {
      "id" : "s0-t1",
      "begin" : 5,
      "end" : 10,
      "text" : "paper",
      "whiteSpace" : false
    }, {
      "id" : "s0-t2",
      "begin" : 11,
      "end" : 19,
      "text" : "provides",
      "whiteSpace" : false
    }, {
      "id" : "s0-t3",
      "begin" : 20,
      "end" : 28,
      "text" : "evidence",
      "whiteSpace" : false
    }, {
      "id" : "s0-t4",
      "begin" : 29,
      "end" : 33,
      "text" : "that",
      "whiteSpace" : false
    }, {
      "id" : "s0-t5",
      "begin" : 34,
      "end" : 38,
      "text" : "high",
      "whiteSpace" : false
    }, {
      "id" : "s0-t6",
      "begin" : 39,
      "end" : 42,
      "text" : "and",
      "whiteSpace" : false
    }, {
      "id" : "s0-t7",
      "begin" : 43,
      "end" : 49,
      "text" : "rising",
      "whiteSpace" : false
    }, {
      "id" : "s0-t8",
      "begin" : 50,
      "end" : 60,
      "text" : "corruption",
      "whiteSpace" : false
    }, {
      "id" : "s0-t9",
      "begin" : 61,
      "end" : 70,
      "text" : "increases",
      "whiteSpace" : false
    }, {
      "id" : "s0-t10",
      "begin" : 71,
      "end" : 77,
      "text" : "income",
      "whiteSpace" : false
    }, {
      "id" : "s0-t11",
      "begin" : 78,
      "end" : 88,
      "text" : "inequality",
      "whiteSpace" : false
    }, {
      "id" : "s0-t12",
      "begin" : 89,
      "end" : 92,
      "text" : "and",
      "whiteSpace" : false
    }, {
      "id" : "s0-t13",
      "begin" : 93,
      "end" : 100,
      "text" : "poverty",
      "whiteSpace" : false
    }, {
      "id" : "s0-t14",
      "begin" : 100,
      "end" : 101,
      "text" : ".",
      "whiteSpace" : false
    } ]
  }, {
    "id" : "s1",
    "begin" : 102,
    "end" : 293,
    "text" : "An increase of one standard deviation in corruption increases the Gini coefficient of income inequality by about 11 points and income growth of the poor by about 5 percentage points per year.",
    "tokens" : [ {
      "id" : "s1-t0",
      "begin" : 102,
      "end" : 104,
      "text" : "An",
      "whiteSpace" : false
    }, {
      "id" : "s1-t1",
      "begin" : 105,
      "end" : 113,
      "text" : "increase",
      "whiteSpace" : false
    }, {
      "id" : "s1-t2",
      "begin" : 114,
      "end" : 116,
      "text" : "of",
      "whiteSpace" : false
    }, {
      "id" : "s1-t3",
      "begin" : 117,
      "end" : 120,
      "text" : "one",
      "whiteSpace" : false
    }, {
      "id" : "s1-t4",
      "begin" : 121,
      "end" : 129,
      "text" : "standard",
      "whiteSpace" : false
    }, {
      "id" : "s1-t5",
      "begin" : 130,
      "end" : 139,
      "text" : "deviation",
      "whiteSpace" : false
    }, {
      "id" : "s1-t6",
      "begin" : 140,
      "end" : 142,
      "text" : "in",
      "whiteSpace" : false
    }, {
      "id" : "s1-t7",
      "begin" : 143,
      "end" : 153,
      "text" : "corruption",
      "whiteSpace" : false
    }, {
      "id" : "s1-t8",
      "begin" : 154,
      "end" : 163,
      "text" : "increases",
      "whiteSpace" : false
    }, {
      "id" : "s1-t9",
      "begin" : 164,
      "end" : 167,
      "text" : "the",
      "whiteSpace" : false
    }, {
      "id" : "s1-t10",
      "begin" : 168,
      "end" : 172,
      "text" : "Gini",
      "whiteSpace" : false
    }, {
      "id" : "s1-t11",
      "begin" : 173,
      "end" : 184,
      "text" : "coefficient",
      "whiteSpace" : false
    }, {
      "id" : "s1-t12",
      "begin" : 185,
      "end" : 187,
      "text" : "of",
      "whiteSpace" : false
    }, {
      "id" : "s1-t13",
      "begin" : 188,
      "end" : 194,
      "text" : "income",
      "whiteSpace" : false
    }, {
      "id" : "s1-t14",
      "begin" : 195,
      "end" : 205,
      "text" : "inequality",
      "whiteSpace" : false
    }, {
      "id" : "s1-t15",
      "begin" : 206,
      "end" : 208,
      "text" : "by",
      "whiteSpace" : false
    }, {
      "id" : "s1-t16",
      "begin" : 209,
      "end" : 214,
      "text" : "about",
      "whiteSpace" : false
    }, {
      "id" : "s1-t17",
      "begin" : 215,
      "end" : 217,
      "text" : "11",
      "whiteSpace" : false
    }, {
      "id" : "s1-t18",
      "begin" : 218,
      "end" : 224,
      "text" : "points",
      "whiteSpace" : false
    }, {
      "id" : "s1-t19",
      "begin" : 225,
      "end" : 228,
      "text" : "and",
      "whiteSpace" : false
    }, {
      "id" : "s1-t20",
      "begin" : 229,
      "end" : 235,
      "text" : "income",
      "whiteSpace" : false
    }, {
      "id" : "s1-t21",
      "begin" : 236,
      "end" : 242,
      "text" : "growth",
      "whiteSpace" : false
    }, {
      "id" : "s1-t22",
      "begin" : 243,
      "end" : 245,
      "text" : "of",
      "whiteSpace" : false
    }, {
      "id" : "s1-t23",
      "begin" : 246,
      "end" : 249,
      "text" : "the",
      "whiteSpace" : false
    }, {
      "id" : "s1-t24",
      "begin" : 250,
      "end" : 254,
      "text" : "poor",
      "whiteSpace" : false
    }, {
      "id" : "s1-t25",
      "begin" : 255,
      "end" : 257,
      "text" : "by",
      "whiteSpace" : false
    }, {
      "id" : "s1-t26",
      "begin" : 258,
      "end" : 263,
      "text" : "about",
      "whiteSpace" : false
    }, {
      "id" : "s1-t27",
      "begin" : 264,
      "end" : 265,
      "text" : "5",
      "whiteSpace" : false
    }, {
      "id" : "s1-t28",
      "begin" : 266,
      "end" : 276,
      "text" : "percentage",
      "whiteSpace" : false
    }, {
      "id" : "s1-t29",
      "begin" : 277,
      "end" : 283,
      "text" : "points",
      "whiteSpace" : false
    }, {
      "id" : "s1-t30",
      "begin" : 284,
      "end" : 287,
      "text" : "per",
      "whiteSpace" : false
    }, {
      "id" : "s1-t31",
      "begin" : 288,
      "end" : 292,
      "text" : "year",
      "whiteSpace" : false
    }, {
      "id" : "s1-t32",
      "begin" : 292,
      "end" : 293,
      "text" : ".",
      "whiteSpace" : false
    } ]
  }, {
    "id" : "s2",
    "begin" : 294,
    "end" : 398,
    "text" : "These findings are robust to use of different instruments for corruption and other sensitivity analyses.",
    "tokens" : [ {
      "id" : "s2-t0",
      "begin" : 294,
      "end" : 299,
      "text" : "These",
      "whiteSpace" : false
    }, {
      "id" : "s2-t1",
      "begin" : 300,
      "end" : 308,
      "text" : "findings",
      "whiteSpace" : false
    }, {
      "id" : "s2-t2",
      "begin" : 309,
      "end" : 312,
      "text" : "are",
      "whiteSpace" : false
    }, {
      "id" : "s2-t3",
      "begin" : 313,
      "end" : 319,
      "text" : "robust",
      "whiteSpace" : false
    }, {
      "id" : "s2-t4",
      "begin" : 320,
      "end" : 322,
      "text" : "to",
      "whiteSpace" : false
    }, {
      "id" : "s2-t5",
      "begin" : 323,
      "end" : 326,
      "text" : "use",
      "whiteSpace" : false
    }, {
      "id" : "s2-t6",
      "begin" : 327,
      "end" : 329,
      "text" : "of",
      "whiteSpace" : false
    }, {
      "id" : "s2-t7",
      "begin" : 330,
      "end" : 339,
      "text" : "different",
      "whiteSpace" : false
    }, {
      "id" : "s2-t8",
      "begin" : 340,
      "end" : 351,
      "text" : "instruments",
      "whiteSpace" : false
    }, {
      "id" : "s2-t9",
      "begin" : 352,
      "end" : 355,
      "text" : "for",
      "whiteSpace" : false
    }, {
      "id" : "s2-t10",
      "begin" : 356,
      "end" : 366,
      "text" : "corruption",
      "whiteSpace" : false
    }, {
      "id" : "s2-t11",
      "begin" : 367,
      "end" : 370,
      "text" : "and",
      "whiteSpace" : false
    }, {
      "id" : "s2-t12",
      "begin" : 371,
      "end" : 376,
      "text" : "other",
      "whiteSpace" : false
    }, {
      "id" : "s2-t13",
      "begin" : 377,
      "end" : 388,
      "text" : "sensitivity",
      "whiteSpace" : false
    }, {
      "id" : "s2-t14",
      "begin" : 389,
      "end" : 397,
      "text" : "analyses",
      "whiteSpace" : false
    }, {
      "id" : "s2-t15",
      "begin" : 397,
      "end" : 398,
      "text" : ".",
      "whiteSpace" : false
    } ]
  }, {
    "id" : "s3",
    "begin" : 399,
    "end" : 502,
    "text" : "The paper discusses several channels through which corruption may affect income inequality and poverty.",
    "tokens" : [ {
      "id" : "s3-t0",
      "begin" : 399,
      "end" : 402,
      "text" : "The",
      "whiteSpace" : false
    }, {
      "id" : "s3-t1",
      "begin" : 403,
      "end" : 408,
      "text" : "paper",
      "whiteSpace" : false
    }, {
      "id" : "s3-t2",
      "begin" : 409,
      "end" : 418,
      "text" : "discusses",
      "whiteSpace" : false
    }, {
      "id" : "s3-t3",
      "begin" : 419,
      "end" : 426,
      "text" : "several",
      "whiteSpace" : false
    }, {
      "id" : "s3-t4",
      "begin" : 427,
      "end" : 435,
      "text" : "channels",
      "whiteSpace" : false
    }, {
      "id" : "s3-t5",
      "begin" : 436,
      "end" : 443,
      "text" : "through",
      "whiteSpace" : false
    }, {
      "id" : "s3-t6",
      "begin" : 444,
      "end" : 449,
      "text" : "which",
      "whiteSpace" : false
    }, {
      "id" : "s3-t7",
      "begin" : 450,
      "end" : 460,
      "text" : "corruption",
      "whiteSpace" : false
    }, {
      "id" : "s3-t8",
      "begin" : 461,
      "end" : 464,
      "text" : "may",
      "whiteSpace" : false
    }, {
      "id" : "s3-t9",
      "begin" : 465,
      "end" : 471,
      "text" : "affect",
      "whiteSpace" : false
    }, {
      "id" : "s3-t10",
      "begin" : 472,
      "end" : 478,
      "text" : "income",
      "whiteSpace" : false
    }, {
      "id" : "s3-t11",
      "begin" : 479,
      "end" : 489,
      "text" : "inequality",
      "whiteSpace" : false
    }, {
      "id" : "s3-t12",
      "begin" : 490,
      "end" : 493,
      "text" : "and",
      "whiteSpace" : false
    }, {
      "id" : "s3-t13",
      "begin" : 494,
      "end" : 501,
      "text" : "poverty",
      "whiteSpace" : false
    }, {
      "id" : "s3-t14",
      "begin" : 501,
      "end" : 502,
      "text" : ".",
      "whiteSpace" : false
    } ]
  }, {
    "id" : "s4",
    "begin" : 503,
    "end" : 648,
    "text" : "An important implication of these findings is that policies that reduce corruption will most likely reduce income inequality and poverty as well.",
    "tokens" : [ {
      "id" : "s4-t0",
      "begin" : 503,
      "end" : 505,
      "text" : "An",
      "whiteSpace" : false
    }, {
      "id" : "s4-t1",
      "begin" : 506,
      "end" : 515,
      "text" : "important",
      "whiteSpace" : false
    }, {
      "id" : "s4-t2",
      "begin" : 516,
      "end" : 527,
      "text" : "implication",
      "whiteSpace" : false
    }, {
      "id" : "s4-t3",
      "begin" : 528,
      "end" : 530,
      "text" : "of",
      "whiteSpace" : false
    }, {
      "id" : "s4-t4",
      "begin" : 531,
      "end" : 536,
      "text" : "these",
      "whiteSpace" : false
    }, {
      "id" : "s4-t5",
      "begin" : 537,
      "end" : 545,
      "text" : "findings",
      "whiteSpace" : false
    }, {
      "id" : "s4-t6",
      "begin" : 546,
      "end" : 548,
      "text" : "is",
      "whiteSpace" : false
    }, {
      "id" : "s4-t7",
      "begin" : 549,
      "end" : 553,
      "text" : "that",
      "whiteSpace" : false
    }, {
      "id" : "s4-t8",
      "begin" : 554,
      "end" : 562,
      "text" : "policies",
      "whiteSpace" : false
    }, {
      "id" : "s4-t9",
      "begin" : 563,
      "end" : 567,
      "text" : "that",
      "whiteSpace" : false
    }, {
      "id" : "s4-t10",
      "begin" : 568,
      "end" : 574,
      "text" : "reduce",
      "whiteSpace" : false
    }, {
      "id" : "s4-t11",
      "begin" : 575,
      "end" : 585,
      "text" : "corruption",
      "whiteSpace" : false
    }, {
      "id" : "s4-t12",
      "begin" : 586,
      "end" : 590,
      "text" : "will",
      "whiteSpace" : false
    }, {
      "id" : "s4-t13",
      "begin" : 591,
      "end" : 595,
      "text" : "most",
      "whiteSpace" : false
    }, {
      "id" : "s4-t14",
      "begin" : 596,
      "end" : 602,
      "text" : "likely",
      "whiteSpace" : false
    }, {
      "id" : "s4-t15",
      "begin" : 603,
      "end" : 609,
      "text" : "reduce",
      "whiteSpace" : false
    }, {
      "id" : "s4-t16",
      "begin" : 610,
      "end" : 616,
      "text" : "income",
      "whiteSpace" : false
    }, {
      "id" : "s4-t17",
      "begin" : 617,
      "end" : 627,
      "text" : "inequality",
      "whiteSpace" : false
    }, {
      "id" : "s4-t18",
      "begin" : 628,
      "end" : 631,
      "text" : "and",
      "whiteSpace" : false
    }, {
      "id" : "s4-t19",
      "begin" : 632,
      "end" : 639,
      "text" : "poverty",
      "whiteSpace" : false
    }, {
      "id" : "s4-t20",
      "begin" : 640,
      "end" : 642,
      "text" : "as",
      "whiteSpace" : false
    }, {
      "id" : "s4-t21",
      "begin" : 643,
      "end" : 647,
      "text" : "well",
      "whiteSpace" : false
    }, {
      "id" : "s4-t22",
      "begin" : 647,
      "end" : 648,
      "text" : ".",
      "whiteSpace" : false
    } ]
  } ],
  "mentions" : [ {
    "id" : "s0-m5",
    "properties" : {
      "SIRE_MENTION_ROLE" : "evidence",
      "SIRE_ENTITY_SUBTYPE" : "NONE",
      "SIRE_MENTION_TYPE" : "NONE",
      "SIRE_MENTION_CLASS" : "SPC"
    },
    "type" : "evidence",
    "begin" : 20,
    "end" : 28,
    "inCoref" : false
  }, {
    "id" : "s0-m6",
    "properties" : {
      "SIRE_MENTION_ROLE" : "relation",
      "SIRE_ENTITY_SUBTYPE" : "NONE",
      "SIRE_MENTION_TYPE" : "NONE",
      "SIRE_MENTION_CLASS" : "SPC"
    },
    "type" : "relation",
    "begin" : 43,
    "end" : 49,
    "inCoref" : false
  }, {
    "id" : "m1",
    "properties" : {
      "SIRE_MENTION_TYPE" : "NONE",
      "SIRE_MENTION_CLASS" : "SPC",
      "SIRE_ENTITY_SUBTYPE" : "NONE",
      "SIRE_MENTION_ROLE" : "Variable"
    },
    "type" : "Variable",
    "begin" : 50,
    "end" : 60,
    "inCoref" : true
  }, {
    "id" : "m14",
    "properties" : {
      "SIRE_MENTION_TYPE" : "NONE",
      "SIRE_MENTION_CLASS" : "SPC",
      "SIRE_MENTION_ROLE" : "relation",
      "SIRE_ENTITY_SUBTYPE" : "NONE"
    },
    "type" : "relation",
    "begin" : 61,
    "end" : 70,
    "inCoref" : false
  }, {
    "id" : "m2",
    "properties" : {
      "SIRE_MENTION_TYPE" : "NONE",
      "SIRE_MENTION_CLASS" : "SPC",
      "SIRE_ENTITY_SUBTYPE" : "NONE",
      "SIRE_MENTION_ROLE" : "Variable"
    },
    "type" : "Variable",
    "begin" : 71,
    "end" : 88,
    "inCoref" : true
  }, {
    "id" : "m3",
    "properties" : {
      "SIRE_MENTION_TYPE" : "NONE",
      "SIRE_MENTION_CLASS" : "SPC",
      "SIRE_ENTITY_SUBTYPE" : "NONE",
      "SIRE_MENTION_ROLE" : "Variable"
    },
    "type" : "Variable",
    "begin" : 93,
    "end" : 100,
    "inCoref" : true
  }, {
    "id" : "m15",
    "properties" : {
      "SIRE_MENTION_TYPE" : "NONE",
      "SIRE_MENTION_CLASS" : "SPC",
      "SIRE_MENTION_ROLE" : "relation",
      "SIRE_ENTITY_SUBTYPE" : "NONE"
    },
    "type" : "relation",
    "begin" : 105,
    "end" : 116,
    "inCoref" : false
  }, {
    "id" : "m4",
    "properties" : {
      "SIRE_MENTION_TYPE" : "NONE",
      "SIRE_MENTION_CLASS" : "SPC",
      "SIRE_ENTITY_SUBTYPE" : "NONE",
      "SIRE_MENTION_ROLE" : "Variable"
    },
    "type" : "Variable",
    "begin" : 143,
    "end" : 153,
    "inCoref" : true
  }, {
    "id" : "m16",
    "properties" : {
      "SIRE_MENTION_TYPE" : "NONE",
      "SIRE_MENTION_CLASS" : "SPC",
      "SIRE_MENTION_ROLE" : "relation",
      "SIRE_ENTITY_SUBTYPE" : "NONE"
    },
    "type" : "relation",
    "begin" : 154,
    "end" : 163,
    "inCoref" : false
  }, {
    "id" : "m5",
    "properties" : {
      "SIRE_MENTION_TYPE" : "NONE",
      "SIRE_MENTION_CLASS" : "SPC",
      "SIRE_ENTITY_SUBTYPE" : "NONE",
      "SIRE_MENTION_ROLE" : "Variable"
    },
    "type" : "Variable",
    "begin" : 168,
    "end" : 205,
    "inCoref" : true
  }, {
    "id" : "s1-m6",
    "properties" : {
      "SIRE_MENTION_ROLE" : "Variable",
      "SIRE_ENTITY_SUBTYPE" : "NONE",
      "SIRE_MENTION_TYPE" : "NONE",
      "SIRE_MENTION_CLASS" : "SPC"
    },
    "type" : "Variable",
    "begin" : 229,
    "end" : 254,
    "inCoref" : false
  }, {
    "id" : "s2-m2",
    "properties" : {
      "SIRE_MENTION_ROLE" : "evidence",
      "SIRE_ENTITY_SUBTYPE" : "NONE",
      "SIRE_MENTION_TYPE" : "NONE",
      "SIRE_MENTION_CLASS" : "SPC"
    },
    "type" : "evidence",
    "begin" : 300,
    "end" : 308,
    "inCoref" : false
  }, {
    "id" : "m7",
    "properties" : {
      "SIRE_MENTION_TYPE" : "NONE",
      "SIRE_MENTION_CLASS" : "SPC",
      "SIRE_ENTITY_SUBTYPE" : "NONE",
      "SIRE_MENTION_ROLE" : "Variable"
    },
    "type" : "Variable",
    "begin" : 356,
    "end" : 366,
    "inCoref" : true
  }, {
    "id" : "s3-m5",
    "properties" : {
      "SIRE_MENTION_ROLE" : "evidence",
      "SIRE_ENTITY_SUBTYPE" : "NONE",
      "SIRE_MENTION_TYPE" : "NONE",
      "SIRE_MENTION_CLASS" : "SPC"
    },
    "type" : "evidence",
    "begin" : 409,
    "end" : 418,
    "inCoref" : false
  }, {
    "id" : "m8",
    "properties" : {
      "SIRE_MENTION_TYPE" : "NONE",
      "SIRE_MENTION_CLASS" : "SPC",
      "SIRE_ENTITY_SUBTYPE" : "NONE",
      "SIRE_MENTION_ROLE" : "Variable"
    },
    "type" : "Variable",
    "begin" : 450,
    "end" : 460,
    "inCoref" : true
  }, {
    "id" : "m17",
    "properties" : {
      "SIRE_MENTION_TYPE" : "NONE",
      "SIRE_MENTION_CLASS" : "SPC",
      "SIRE_ENTITY_SUBTYPE" : "NONE",
      "SIRE_MENTION_ROLE" : "relation"
    },
    "type" : "relation",
    "begin" : 465,
    "end" : 471,
    "inCoref" : false
  }, {
    "id" : "m9",
    "properties" : {
      "SIRE_MENTION_TYPE" : "NONE",
      "SIRE_MENTION_CLASS" : "SPC",
      "SIRE_ENTITY_SUBTYPE" : "NONE",
      "SIRE_MENTION_ROLE" : "Variable"
    },
    "type" : "Variable",
    "begin" : 472,
    "end" : 489,
    "inCoref" : true
  }, {
    "id" : "m10",
    "properties" : {
      "SIRE_MENTION_TYPE" : "NONE",
      "SIRE_MENTION_CLASS" : "SPC",
      "SIRE_ENTITY_SUBTYPE" : "NONE",
      "SIRE_MENTION_ROLE" : "Variable"
    },
    "type" : "Variable",
    "begin" : 494,
    "end" : 501,
    "inCoref" : true
  }, {
    "id" : "s4-m4",
    "properties" : {
      "SIRE_MENTION_ROLE" : "evidence",
      "SIRE_ENTITY_SUBTYPE" : "NONE",
      "SIRE_MENTION_TYPE" : "NONE",
      "SIRE_MENTION_CLASS" : "SPC"
    },
    "type" : "evidence",
    "begin" : 537,
    "end" : 545,
    "inCoref" : false
  }, {
    "id" : "s4-m5",
    "properties" : {
      "SIRE_MENTION_ROLE" : "relation",
      "SIRE_ENTITY_SUBTYPE" : "NONE",
      "SIRE_MENTION_TYPE" : "NONE",
      "SIRE_MENTION_CLASS" : "SPC"
    },
    "type" : "relation",
    "begin" : 568,
    "end" : 574,
    "inCoref" : false
  }, {
    "id" : "m11",
    "properties" : {
      "SIRE_MENTION_TYPE" : "NONE",
      "SIRE_MENTION_CLASS" : "SPC",
      "SIRE_ENTITY_SUBTYPE" : "NONE",
      "SIRE_MENTION_ROLE" : "Variable"
    },
    "type" : "Variable",
    "begin" : 575,
    "end" : 585,
    "inCoref" : true
  }, {
    "id" : "s4-m6",
    "properties" : {
      "SIRE_MENTION_ROLE" : "relation",
      "SIRE_ENTITY_SUBTYPE" : "NONE",
      "SIRE_MENTION_TYPE" : "NONE",
      "SIRE_MENTION_CLASS" : "SPC"
    },
    "type" : "relation",
    "begin" : 603,
    "end" : 609,
    "inCoref" : false
  }, {
    "id" : "m12",
    "properties" : {
      "SIRE_MENTION_TYPE" : "NONE",
      "SIRE_MENTION_CLASS" : "SPC",
      "SIRE_ENTITY_SUBTYPE" : "NONE",
      "SIRE_MENTION_ROLE" : "Variable"
    },
    "type" : "Variable",
    "begin" : 610,
    "end" : 627,
    "inCoref" : true
  }, {
    "id" : "m13",
    "properties" : {
      "SIRE_MENTION_TYPE" : "NONE",
      "SIRE_MENTION_CLASS" : "SPC",
      "SIRE_ENTITY_SUBTYPE" : "NONE",
      "SIRE_MENTION_ROLE" : "Variable"
    },
    "type" : "Variable",
    "begin" : 632,
    "end" : 639,
    "inCoref" : true
  } ],
  "relations" : [ {
    "id" : "s0-r3",
    "properties" : { },
    "type" : "Causal",
    "args" : [ "m1", "m2" ]
  }, {
    "id" : "s0-r4",
    "properties" : { },
    "type" : "Causal",
    "args" : [ "m1", "m3" ]
  }, {
    "id" : "s1-r3",
    "properties" : { },
    "type" : "Causal",
    "args" : [ "m4", "m5" ]
  }, {
    "id" : "s1-r4",
    "properties" : { },
    "type" : "Causal",
    "args" : [ "m4", "s1-m6" ]
  }, {
    "id" : "s3-r2",
    "properties" : { },
    "type" : "Causal",
    "args" : [ "m8", "m9" ]
  }, {
    "id" : "s3-r3",
    "properties" : { },
    "type" : "Causal",
    "args" : [ "m8", "m10" ]
  }, {
    "id" : "s4-r3",
    "properties" : { },
    "type" : "Causal",
    "args" : [ "m11", "m12" ]
  }, {
    "id" : "s4-r4",
    "properties" : { },
    "type" : "Causal",
    "args" : [ "m11", "m13" ]
  } ],
  "corefs" : [ {
    "id" : "c1",
    "properties" : { },
    "mentions" : [ "m1", "m4", "m7", "m8", "m11" ]
  }, {
    "id" : "c2",
    "properties" : { },
    "mentions" : [ "m3", "m10", "m13" ]
  }, {
    "id" : "c3",
    "properties" : { },
    "mentions" : [ "m2", "m5", "m12", "m9" ]
  } ],
  "typeResolved" : true,
  "userResolved" : false
}