{
  "id" : "45fbb650-25c2-11ec-94b0-c7167c6b1af9-13",
  "name" : "24. de Haan, J., and Sturm, J. (2016), .docx",
  "createdDate" : 0,
  "version" : 3,
  "text" : "\nUsing a panel fixed effects model for a sample of 121 countries covering 1975–2005, we examine how financial development, financial liberalization and banking crises are related to income inequality. In contrast with most previous work, our results suggest that all finance variables increase income inequality. The level of financial development conditions the impact of financial liberalization on inequality. Also the quality of political institutions conditions the impact of financial liberalization on income inequality, in contrast to the quality of economic institutions. Our main findings are robust for using random effects, cross-country regressions and legal origin as instrument for financial development.\n\n",
  "docLength" : 0,
  "language" : "EN",
  "status" : "SUBMITTED",
  "modifiedDate" : 1639149333558,
  "documentSet" : [ ],
  "preannotation" : [ "PRE_LW" ],
  "sentences" : [ {
    "id" : "s0",
    "begin" : 1,
    "end" : 200,
    "text" : "Using a panel fixed effects model for a sample of 121 countries covering 1975–2005, we examine how financial development, financial liberalization and banking crises are related to income inequality.",
    "tokens" : [ {
      "id" : "s0-t0",
      "begin" : 1,
      "end" : 6,
      "text" : "Using",
      "whiteSpace" : false
    }, {
      "id" : "s0-t1",
      "begin" : 7,
      "end" : 8,
      "text" : "a",
      "whiteSpace" : false
    }, {
      "id" : "s0-t2",
      "begin" : 9,
      "end" : 14,
      "text" : "panel",
      "whiteSpace" : false
    }, {
      "id" : "s0-t3",
      "begin" : 15,
      "end" : 20,
      "text" : "fixed",
      "whiteSpace" : false
    }, {
      "id" : "s0-t4",
      "begin" : 21,
      "end" : 28,
      "text" : "effects",
      "whiteSpace" : false
    }, {
      "id" : "s0-t5",
      "begin" : 29,
      "end" : 34,
      "text" : "model",
      "whiteSpace" : false
    }, {
      "id" : "s0-t6",
      "begin" : 35,
      "end" : 38,
      "text" : "for",
      "whiteSpace" : false
    }, {
      "id" : "s0-t7",
      "begin" : 39,
      "end" : 40,
      "text" : "a",
      "whiteSpace" : false
    }, {
      "id" : "s0-t8",
      "begin" : 41,
      "end" : 47,
      "text" : "sample",
      "whiteSpace" : false
    }, {
      "id" : "s0-t9",
      "begin" : 48,
      "end" : 50,
      "text" : "of",
      "whiteSpace" : false
    }, {
      "id" : "s0-t10",
      "begin" : 51,
      "end" : 54,
      "text" : "121",
      "whiteSpace" : false
    }, {
      "id" : "s0-t11",
      "begin" : 55,
      "end" : 64,
      "text" : "countries",
      "whiteSpace" : false
    }, {
      "id" : "s0-t12",
      "begin" : 65,
      "end" : 73,
      "text" : "covering",
      "whiteSpace" : false
    }, {
      "id" : "s0-t13",
      "begin" : 74,
      "end" : 83,
      "text" : "1975–2005",
      "whiteSpace" : false
    }, {
      "id" : "s0-t14",
      "begin" : 83,
      "end" : 84,
      "text" : ",",
      "whiteSpace" : false
    }, {
      "id" : "s0-t15",
      "begin" : 85,
      "end" : 87,
      "text" : "we",
      "whiteSpace" : false
    }, {
      "id" : "s0-t16",
      "begin" : 88,
      "end" : 95,
      "text" : "examine",
      "whiteSpace" : false
    }, {
      "id" : "s0-t17",
      "begin" : 96,
      "end" : 99,
      "text" : "how",
      "whiteSpace" : false
    }, {
      "id" : "s0-t18",
      "begin" : 100,
      "end" : 109,
      "text" : "financial",
      "whiteSpace" : false
    }, {
      "id" : "s0-t19",
      "begin" : 110,
      "end" : 121,
      "text" : "development",
      "whiteSpace" : false
    }, {
      "id" : "s0-t20",
      "begin" : 121,
      "end" : 122,
      "text" : ",",
      "whiteSpace" : false
    }, {
      "id" : "s0-t21",
      "begin" : 123,
      "end" : 132,
      "text" : "financial",
      "whiteSpace" : false
    }, {
      "id" : "s0-t22",
      "begin" : 133,
      "end" : 147,
      "text" : "liberalization",
      "whiteSpace" : false
    }, {
      "id" : "s0-t23",
      "begin" : 148,
      "end" : 151,
      "text" : "and",
      "whiteSpace" : false
    }, {
      "id" : "s0-t24",
      "begin" : 152,
      "end" : 159,
      "text" : "banking",
      "whiteSpace" : false
    }, {
      "id" : "s0-t25",
      "begin" : 160,
      "end" : 166,
      "text" : "crises",
      "whiteSpace" : false
    }, {
      "id" : "s0-t26",
      "begin" : 167,
      "end" : 170,
      "text" : "are",
      "whiteSpace" : false
    }, {
      "id" : "s0-t27",
      "begin" : 171,
      "end" : 178,
      "text" : "related",
      "whiteSpace" : false
    }, {
      "id" : "s0-t28",
      "begin" : 179,
      "end" : 181,
      "text" : "to",
      "whiteSpace" : false
    }, {
      "id" : "s0-t29",
      "begin" : 182,
      "end" : 188,
      "text" : "income",
      "whiteSpace" : false
    }, {
      "id" : "s0-t30",
      "begin" : 189,
      "end" : 199,
      "text" : "inequality",
      "whiteSpace" : false
    }, {
      "id" : "s0-t31",
      "begin" : 199,
      "end" : 200,
      "text" : ".",
      "whiteSpace" : false
    } ]
  }, {
    "id" : "s1",
    "begin" : 201,
    "end" : 312,
    "text" : "In contrast with most previous work, our results suggest that all finance variables increase income inequality.",
    "tokens" : [ {
      "id" : "s1-t0",
      "begin" : 201,
      "end" : 203,
      "text" : "In",
      "whiteSpace" : false
    }, {
      "id" : "s1-t1",
      "begin" : 204,
      "end" : 212,
      "text" : "contrast",
      "whiteSpace" : false
    }, {
      "id" : "s1-t2",
      "begin" : 213,
      "end" : 217,
      "text" : "with",
      "whiteSpace" : false
    }, {
      "id" : "s1-t3",
      "begin" : 218,
      "end" : 222,
      "text" : "most",
      "whiteSpace" : false
    }, {
      "id" : "s1-t4",
      "begin" : 223,
      "end" : 231,
      "text" : "previous",
      "whiteSpace" : false
    }, {
      "id" : "s1-t5",
      "begin" : 232,
      "end" : 236,
      "text" : "work",
      "whiteSpace" : false
    }, {
      "id" : "s1-t6",
      "begin" : 236,
      "end" : 237,
      "text" : ",",
      "whiteSpace" : false
    }, {
      "id" : "s1-t7",
      "begin" : 238,
      "end" : 241,
      "text" : "our",
      "whiteSpace" : false
    }, {
      "id" : "s1-t8",
      "begin" : 242,
      "end" : 249,
      "text" : "results",
      "whiteSpace" : false
    }, {
      "id" : "s1-t9",
      "begin" : 250,
      "end" : 257,
      "text" : "suggest",
      "whiteSpace" : false
    }, {
      "id" : "s1-t10",
      "begin" : 258,
      "end" : 262,
      "text" : "that",
      "whiteSpace" : false
    }, {
      "id" : "s1-t11",
      "begin" : 263,
      "end" : 266,
      "text" : "all",
      "whiteSpace" : false
    }, {
      "id" : "s1-t12",
      "begin" : 267,
      "end" : 274,
      "text" : "finance",
      "whiteSpace" : false
    }, {
      "id" : "s1-t13",
      "begin" : 275,
      "end" : 284,
      "text" : "variables",
      "whiteSpace" : false
    }, {
      "id" : "s1-t14",
      "begin" : 285,
      "end" : 293,
      "text" : "increase",
      "whiteSpace" : false
    }, {
      "id" : "s1-t15",
      "begin" : 294,
      "end" : 300,
      "text" : "income",
      "whiteSpace" : false
    }, {
      "id" : "s1-t16",
      "begin" : 301,
      "end" : 311,
      "text" : "inequality",
      "whiteSpace" : false
    }, {
      "id" : "s1-t17",
      "begin" : 311,
      "end" : 312,
      "text" : ".",
      "whiteSpace" : false
    } ]
  }, {
    "id" : "s2",
    "begin" : 313,
    "end" : 412,
    "text" : "The level of financial development conditions the impact of financial liberalization on inequality.",
    "tokens" : [ {
      "id" : "s2-t0",
      "begin" : 313,
      "end" : 316,
      "text" : "The",
      "whiteSpace" : false
    }, {
      "id" : "s2-t1",
      "begin" : 317,
      "end" : 322,
      "text" : "level",
      "whiteSpace" : false
    }, {
      "id" : "s2-t2",
      "begin" : 323,
      "end" : 325,
      "text" : "of",
      "whiteSpace" : false
    }, {
      "id" : "s2-t3",
      "begin" : 326,
      "end" : 335,
      "text" : "financial",
      "whiteSpace" : false
    }, {
      "id" : "s2-t4",
      "begin" : 336,
      "end" : 347,
      "text" : "development",
      "whiteSpace" : false
    }, {
      "id" : "s2-t5",
      "begin" : 348,
      "end" : 358,
      "text" : "conditions",
      "whiteSpace" : false
    }, {
      "id" : "s2-t6",
      "begin" : 359,
      "end" : 362,
      "text" : "the",
      "whiteSpace" : false
    }, {
      "id" : "s2-t7",
      "begin" : 363,
      "end" : 369,
      "text" : "impact",
      "whiteSpace" : false
    }, {
      "id" : "s2-t8",
      "begin" : 370,
      "end" : 372,
      "text" : "of",
      "whiteSpace" : false
    }, {
      "id" : "s2-t9",
      "begin" : 373,
      "end" : 382,
      "text" : "financial",
      "whiteSpace" : false
    }, {
      "id" : "s2-t10",
      "begin" : 383,
      "end" : 397,
      "text" : "liberalization",
      "whiteSpace" : false
    }, {
      "id" : "s2-t11",
      "begin" : 398,
      "end" : 400,
      "text" : "on",
      "whiteSpace" : false
    }, {
      "id" : "s2-t12",
      "begin" : 401,
      "end" : 411,
      "text" : "inequality",
      "whiteSpace" : false
    }, {
      "id" : "s2-t13",
      "begin" : 411,
      "end" : 412,
      "text" : ".",
      "whiteSpace" : false
    } ]
  }, {
    "id" : "s3",
    "begin" : 413,
    "end" : 580,
    "text" : "Also the quality of political institutions conditions the impact of financial liberalization on income inequality, in contrast to the quality of economic institutions.",
    "tokens" : [ {
      "id" : "s3-t0",
      "begin" : 413,
      "end" : 417,
      "text" : "Also",
      "whiteSpace" : false
    }, {
      "id" : "s3-t1",
      "begin" : 418,
      "end" : 421,
      "text" : "the",
      "whiteSpace" : false
    }, {
      "id" : "s3-t2",
      "begin" : 422,
      "end" : 429,
      "text" : "quality",
      "whiteSpace" : false
    }, {
      "id" : "s3-t3",
      "begin" : 430,
      "end" : 432,
      "text" : "of",
      "whiteSpace" : false
    }, {
      "id" : "s3-t4",
      "begin" : 433,
      "end" : 442,
      "text" : "political",
      "whiteSpace" : false
    }, {
      "id" : "s3-t5",
      "begin" : 443,
      "end" : 455,
      "text" : "institutions",
      "whiteSpace" : false
    }, {
      "id" : "s3-t6",
      "begin" : 456,
      "end" : 466,
      "text" : "conditions",
      "whiteSpace" : false
    }, {
      "id" : "s3-t7",
      "begin" : 467,
      "end" : 470,
      "text" : "the",
      "whiteSpace" : false
    }, {
      "id" : "s3-t8",
      "begin" : 471,
      "end" : 477,
      "text" : "impact",
      "whiteSpace" : false
    }, {
      "id" : "s3-t9",
      "begin" : 478,
      "end" : 480,
      "text" : "of",
      "whiteSpace" : false
    }, {
      "id" : "s3-t10",
      "begin" : 481,
      "end" : 490,
      "text" : "financial",
      "whiteSpace" : false
    }, {
      "id" : "s3-t11",
      "begin" : 491,
      "end" : 505,
      "text" : "liberalization",
      "whiteSpace" : false
    }, {
      "id" : "s3-t12",
      "begin" : 506,
      "end" : 508,
      "text" : "on",
      "whiteSpace" : false
    }, {
      "id" : "s3-t13",
      "begin" : 509,
      "end" : 515,
      "text" : "income",
      "whiteSpace" : false
    }, {
      "id" : "s3-t14",
      "begin" : 516,
      "end" : 526,
      "text" : "inequality",
      "whiteSpace" : false
    }, {
      "id" : "s3-t15",
      "begin" : 526,
      "end" : 527,
      "text" : ",",
      "whiteSpace" : false
    }, {
      "id" : "s3-t16",
      "begin" : 528,
      "end" : 530,
      "text" : "in",
      "whiteSpace" : false
    }, {
      "id" : "s3-t17",
      "begin" : 531,
      "end" : 539,
      "text" : "contrast",
      "whiteSpace" : false
    }, {
      "id" : "s3-t18",
      "begin" : 540,
      "end" : 542,
      "text" : "to",
      "whiteSpace" : false
    }, {
      "id" : "s3-t19",
      "begin" : 543,
      "end" : 546,
      "text" : "the",
      "whiteSpace" : false
    }, {
      "id" : "s3-t20",
      "begin" : 547,
      "end" : 554,
      "text" : "quality",
      "whiteSpace" : false
    }, {
      "id" : "s3-t21",
      "begin" : 555,
      "end" : 557,
      "text" : "of",
      "whiteSpace" : false
    }, {
      "id" : "s3-t22",
      "begin" : 558,
      "end" : 566,
      "text" : "economic",
      "whiteSpace" : false
    }, {
      "id" : "s3-t23",
      "begin" : 567,
      "end" : 579,
      "text" : "institutions",
      "whiteSpace" : false
    }, {
      "id" : "s3-t24",
      "begin" : 579,
      "end" : 580,
      "text" : ".",
      "whiteSpace" : false
    } ]
  }, {
    "id" : "s4",
    "begin" : 581,
    "end" : 719,
    "text" : "Our main findings are robust for using random effects, cross-country regressions and legal origin as instrument for financial development.",
    "tokens" : [ {
      "id" : "s4-t0",
      "begin" : 581,
      "end" : 584,
      "text" : "Our",
      "whiteSpace" : false
    }, {
      "id" : "s4-t1",
      "begin" : 585,
      "end" : 589,
      "text" : "main",
      "whiteSpace" : false
    }, {
      "id" : "s4-t2",
      "begin" : 590,
      "end" : 598,
      "text" : "findings",
      "whiteSpace" : false
    }, {
      "id" : "s4-t3",
      "begin" : 599,
      "end" : 602,
      "text" : "are",
      "whiteSpace" : false
    }, {
      "id" : "s4-t4",
      "begin" : 603,
      "end" : 609,
      "text" : "robust",
      "whiteSpace" : false
    }, {
      "id" : "s4-t5",
      "begin" : 610,
      "end" : 613,
      "text" : "for",
      "whiteSpace" : false
    }, {
      "id" : "s4-t6",
      "begin" : 614,
      "end" : 619,
      "text" : "using",
      "whiteSpace" : false
    }, {
      "id" : "s4-t7",
      "begin" : 620,
      "end" : 626,
      "text" : "random",
      "whiteSpace" : false
    }, {
      "id" : "s4-t8",
      "begin" : 627,
      "end" : 634,
      "text" : "effects",
      "whiteSpace" : false
    }, {
      "id" : "s4-t9",
      "begin" : 634,
      "end" : 635,
      "text" : ",",
      "whiteSpace" : false
    }, {
      "id" : "s4-t10",
      "begin" : 636,
      "end" : 649,
      "text" : "cross-country",
      "whiteSpace" : false
    }, {
      "id" : "s4-t11",
      "begin" : 650,
      "end" : 661,
      "text" : "regressions",
      "whiteSpace" : false
    }, {
      "id" : "s4-t12",
      "begin" : 662,
      "end" : 665,
      "text" : "and",
      "whiteSpace" : false
    }, {
      "id" : "s4-t13",
      "begin" : 666,
      "end" : 671,
      "text" : "legal",
      "whiteSpace" : false
    }, {
      "id" : "s4-t14",
      "begin" : 672,
      "end" : 678,
      "text" : "origin",
      "whiteSpace" : false
    }, {
      "id" : "s4-t15",
      "begin" : 679,
      "end" : 681,
      "text" : "as",
      "whiteSpace" : false
    }, {
      "id" : "s4-t16",
      "begin" : 682,
      "end" : 692,
      "text" : "instrument",
      "whiteSpace" : false
    }, {
      "id" : "s4-t17",
      "begin" : 693,
      "end" : 696,
      "text" : "for",
      "whiteSpace" : false
    }, {
      "id" : "s4-t18",
      "begin" : 697,
      "end" : 706,
      "text" : "financial",
      "whiteSpace" : false
    }, {
      "id" : "s4-t19",
      "begin" : 707,
      "end" : 718,
      "text" : "development",
      "whiteSpace" : false
    }, {
      "id" : "s4-t20",
      "begin" : 718,
      "end" : 719,
      "text" : ".",
      "whiteSpace" : false
    } ]
  } ],
  "mentions" : [ {
    "id" : "s0-m6",
    "properties" : {
      "SIRE_MENTION_ROLE" : "evidence",
      "SIRE_ENTITY_SUBTYPE" : "NONE",
      "SIRE_MENTION_TYPE" : "NONE",
      "SIRE_MENTION_CLASS" : "SPC"
    },
    "type" : "evidence",
    "begin" : 88,
    "end" : 95,
    "inCoref" : false
  }, {
    "id" : "m1",
    "properties" : {
      "SIRE_MENTION_TYPE" : "NONE",
      "SIRE_MENTION_CLASS" : "SPC",
      "SIRE_ENTITY_SUBTYPE" : "NONE",
      "SIRE_MENTION_ROLE" : "Variable"
    },
    "type" : "Variable",
    "begin" : 100,
    "end" : 121,
    "inCoref" : true
  }, {
    "id" : "s0-m4",
    "properties" : {
      "SIRE_MENTION_ROLE" : "Variable",
      "SIRE_ENTITY_SUBTYPE" : "NONE",
      "SIRE_MENTION_TYPE" : "NONE",
      "SIRE_MENTION_CLASS" : "SPC"
    },
    "type" : "Variable",
    "begin" : 123,
    "end" : 147,
    "inCoref" : true
  }, {
    "id" : "s0-m5",
    "properties" : {
      "SIRE_MENTION_ROLE" : "Variable",
      "SIRE_ENTITY_SUBTYPE" : "NONE",
      "SIRE_MENTION_TYPE" : "NONE",
      "SIRE_MENTION_CLASS" : "SPC"
    },
    "type" : "Variable",
    "begin" : 152,
    "end" : 166,
    "inCoref" : false
  }, {
    "id" : "m9",
    "properties" : {
      "SIRE_MENTION_TYPE" : "NONE",
      "SIRE_MENTION_CLASS" : "SPC",
      "SIRE_ENTITY_SUBTYPE" : "NONE",
      "SIRE_MENTION_ROLE" : "relation"
    },
    "type" : "relation",
    "begin" : 171,
    "end" : 181,
    "inCoref" : false
  }, {
    "id" : "m2",
    "properties" : {
      "SIRE_MENTION_TYPE" : "NONE",
      "SIRE_MENTION_CLASS" : "SPC",
      "SIRE_ENTITY_SUBTYPE" : "NONE",
      "SIRE_MENTION_ROLE" : "Variable"
    },
    "type" : "Variable",
    "begin" : 182,
    "end" : 199,
    "inCoref" : true
  }, {
    "id" : "s1-m3",
    "properties" : {
      "SIRE_MENTION_ROLE" : "evidence",
      "SIRE_ENTITY_SUBTYPE" : "NONE",
      "SIRE_MENTION_TYPE" : "NONE",
      "SIRE_MENTION_CLASS" : "SPC"
    },
    "type" : "evidence",
    "begin" : 242,
    "end" : 249,
    "inCoref" : false
  }, {
    "id" : "s1-m5",
    "properties" : {
      "SIRE_MENTION_ROLE" : "evidence",
      "SIRE_ENTITY_SUBTYPE" : "NONE",
      "SIRE_MENTION_TYPE" : "NONE",
      "SIRE_MENTION_CLASS" : "SPC"
    },
    "type" : "evidence",
    "begin" : 250,
    "end" : 257,
    "inCoref" : false
  }, {
    "id" : "s1-m4",
    "properties" : {
      "SIRE_MENTION_ROLE" : "Variable",
      "SIRE_ENTITY_SUBTYPE" : "NONE",
      "SIRE_MENTION_TYPE" : "NONE",
      "SIRE_MENTION_CLASS" : "SPC"
    },
    "type" : "Variable",
    "begin" : 267,
    "end" : 284,
    "inCoref" : false
  }, {
    "id" : "m8",
    "properties" : {
      "SIRE_MENTION_TYPE" : "NONE",
      "SIRE_MENTION_CLASS" : "SPC",
      "SIRE_MENTION_ROLE" : "relation",
      "SIRE_ENTITY_SUBTYPE" : "NONE"
    },
    "type" : "relation",
    "begin" : 285,
    "end" : 293,
    "inCoref" : false
  }, {
    "id" : "m3",
    "properties" : {
      "SIRE_MENTION_TYPE" : "NONE",
      "SIRE_MENTION_CLASS" : "SPC",
      "SIRE_ENTITY_SUBTYPE" : "NONE",
      "SIRE_MENTION_ROLE" : "Variable"
    },
    "type" : "Variable",
    "begin" : 294,
    "end" : 311,
    "inCoref" : true
  }, {
    "id" : "m4",
    "properties" : {
      "SIRE_MENTION_TYPE" : "NONE",
      "SIRE_MENTION_CLASS" : "SPC",
      "SIRE_ENTITY_SUBTYPE" : "NONE",
      "SIRE_MENTION_ROLE" : "Variable"
    },
    "type" : "Variable",
    "begin" : 326,
    "end" : 347,
    "inCoref" : true
  }, {
    "id" : "s2-m4",
    "properties" : {
      "SIRE_MENTION_ROLE" : "relation",
      "SIRE_ENTITY_SUBTYPE" : "NONE",
      "SIRE_MENTION_TYPE" : "NONE",
      "SIRE_MENTION_CLASS" : "SPC"
    },
    "type" : "relation",
    "begin" : 363,
    "end" : 372,
    "inCoref" : false
  }, {
    "id" : "s2-m3",
    "properties" : {
      "SIRE_MENTION_ROLE" : "Variable",
      "SIRE_ENTITY_SUBTYPE" : "NONE",
      "SIRE_MENTION_TYPE" : "NONE",
      "SIRE_MENTION_CLASS" : "SPC"
    },
    "type" : "Variable",
    "begin" : 373,
    "end" : 397,
    "inCoref" : true
  }, {
    "id" : "m5",
    "properties" : {
      "SIRE_MENTION_TYPE" : "NONE",
      "SIRE_MENTION_CLASS" : "SPC",
      "SIRE_ENTITY_SUBTYPE" : "NONE",
      "SIRE_MENTION_ROLE" : "Variable"
    },
    "type" : "Variable",
    "begin" : 401,
    "end" : 411,
    "inCoref" : false
  }, {
    "id" : "s3-m3",
    "properties" : {
      "SIRE_MENTION_ROLE" : "Variable",
      "SIRE_ENTITY_SUBTYPE" : "NONE",
      "SIRE_MENTION_TYPE" : "NONE",
      "SIRE_MENTION_CLASS" : "SPC"
    },
    "type" : "Variable",
    "begin" : 422,
    "end" : 455,
    "inCoref" : false
  }, {
    "id" : "s3-m5",
    "properties" : {
      "SIRE_MENTION_ROLE" : "relation",
      "SIRE_ENTITY_SUBTYPE" : "NONE",
      "SIRE_MENTION_TYPE" : "NONE",
      "SIRE_MENTION_CLASS" : "SPC"
    },
    "type" : "relation",
    "begin" : 471,
    "end" : 480,
    "inCoref" : false
  }, {
    "id" : "s3-m2",
    "properties" : {
      "SIRE_MENTION_ROLE" : "Variable",
      "SIRE_ENTITY_SUBTYPE" : "NONE",
      "SIRE_MENTION_TYPE" : "NONE",
      "SIRE_MENTION_CLASS" : "SPC"
    },
    "type" : "Variable",
    "begin" : 481,
    "end" : 505,
    "inCoref" : true
  }, {
    "id" : "m6",
    "properties" : {
      "SIRE_MENTION_TYPE" : "NONE",
      "SIRE_MENTION_CLASS" : "SPC",
      "SIRE_ENTITY_SUBTYPE" : "NONE",
      "SIRE_MENTION_ROLE" : "Variable"
    },
    "type" : "Variable",
    "begin" : 509,
    "end" : 526,
    "inCoref" : true
  }, {
    "id" : "s3-m4",
    "properties" : {
      "SIRE_MENTION_ROLE" : "Variable",
      "SIRE_ENTITY_SUBTYPE" : "NONE",
      "SIRE_MENTION_TYPE" : "NONE",
      "SIRE_MENTION_CLASS" : "SPC"
    },
    "type" : "Variable",
    "begin" : 547,
    "end" : 579,
    "inCoref" : false
  }, {
    "id" : "s4-m2",
    "properties" : {
      "SIRE_MENTION_ROLE" : "evidence",
      "SIRE_ENTITY_SUBTYPE" : "NONE",
      "SIRE_MENTION_TYPE" : "NONE",
      "SIRE_MENTION_CLASS" : "SPC"
    },
    "type" : "evidence",
    "begin" : 590,
    "end" : 598,
    "inCoref" : false
  }, {
    "id" : "m7",
    "properties" : {
      "SIRE_MENTION_TYPE" : "NONE",
      "SIRE_MENTION_CLASS" : "SPC",
      "SIRE_ENTITY_SUBTYPE" : "NONE",
      "SIRE_MENTION_ROLE" : "Variable"
    },
    "type" : "Variable",
    "begin" : 697,
    "end" : 718,
    "inCoref" : true
  } ],
  "relations" : [ {
    "id" : "s1-r1",
    "properties" : { },
    "type" : "Causal",
    "args" : [ "s1-m4", "m3" ]
  }, {
    "id" : "s2-r1",
    "properties" : { },
    "type" : "Causal",
    "args" : [ "s2-m3", "m5" ]
  }, {
    "id" : "s3-r1",
    "properties" : { },
    "type" : "Causal",
    "args" : [ "s3-m2", "m6" ]
  } ],
  "corefs" : [ {
    "id" : "c2",
    "properties" : { },
    "mentions" : [ "m2", "m3", "m6" ]
  }, {
    "id" : "c3",
    "properties" : { },
    "mentions" : [ "m1", "m4", "m7" ]
  }, {
    "id" : "c4",
    "properties" : { },
    "mentions" : [ "s0-m4", "s3-m2", "s2-m3" ]
  } ],
  "typeResolved" : true,
  "userResolved" : false
}