{
  "id" : "45fbb650-25c2-11ec-94b0-c7167c6b1af9-18",
  "name" : "15. Checchi, D., and Garcia-Penalosa, C. (2008), .docx",
  "createdDate" : 0,
  "version" : 3,
  "text" : "\nA large literature has studied the impact of labour market institutions on wage inequality, but their effect on income inequality has received little attention. This paper argues that personal income inequality depends on the wage differential, the labour share and the unemployment rate. Labour market institutions affect income inequality through these three channels, and their overall effect is theoretically ambiguous. We use a panel of OECD countries for the period 1960-2000 to examine these effects. We find that greater unionization and greater wage bargaining coordination have opposite effects on inequality, implying conflicting effects of greater union presence on income inequality.\n\n",
  "docLength" : 0,
  "language" : "EN",
  "status" : "SUBMITTED",
  "modifiedDate" : 1634203209883,
  "documentSet" : [ ],
  "preannotation" : [ "PRE_LW" ],
  "sentences" : [ {
    "id" : "s0",
    "begin" : 1,
    "end" : 161,
    "text" : "A large literature has studied the impact of labour market institutions on wage inequality, but their effect on income inequality has received little attention.",
    "tokens" : [ {
      "id" : "s0-t0",
      "begin" : 1,
      "end" : 2,
      "text" : "A",
      "whiteSpace" : false
    }, {
      "id" : "s0-t1",
      "begin" : 3,
      "end" : 8,
      "text" : "large",
      "whiteSpace" : false
    }, {
      "id" : "s0-t2",
      "begin" : 9,
      "end" : 19,
      "text" : "literature",
      "whiteSpace" : false
    }, {
      "id" : "s0-t3",
      "begin" : 20,
      "end" : 23,
      "text" : "has",
      "whiteSpace" : false
    }, {
      "id" : "s0-t4",
      "begin" : 24,
      "end" : 31,
      "text" : "studied",
      "whiteSpace" : false
    }, {
      "id" : "s0-t5",
      "begin" : 32,
      "end" : 35,
      "text" : "the",
      "whiteSpace" : false
    }, {
      "id" : "s0-t6",
      "begin" : 36,
      "end" : 42,
      "text" : "impact",
      "whiteSpace" : false
    }, {
      "id" : "s0-t7",
      "begin" : 43,
      "end" : 45,
      "text" : "of",
      "whiteSpace" : false
    }, {
      "id" : "s0-t8",
      "begin" : 46,
      "end" : 52,
      "text" : "labour",
      "whiteSpace" : false
    }, {
      "id" : "s0-t9",
      "begin" : 53,
      "end" : 59,
      "text" : "market",
      "whiteSpace" : false
    }, {
      "id" : "s0-t10",
      "begin" : 60,
      "end" : 72,
      "text" : "institutions",
      "whiteSpace" : false
    }, {
      "id" : "s0-t11",
      "begin" : 73,
      "end" : 75,
      "text" : "on",
      "whiteSpace" : false
    }, {
      "id" : "s0-t12",
      "begin" : 76,
      "end" : 80,
      "text" : "wage",
      "whiteSpace" : false
    }, {
      "id" : "s0-t13",
      "begin" : 81,
      "end" : 91,
      "text" : "inequality",
      "whiteSpace" : false
    }, {
      "id" : "s0-t14",
      "begin" : 91,
      "end" : 92,
      "text" : ",",
      "whiteSpace" : false
    }, {
      "id" : "s0-t15",
      "begin" : 93,
      "end" : 96,
      "text" : "but",
      "whiteSpace" : false
    }, {
      "id" : "s0-t16",
      "begin" : 97,
      "end" : 102,
      "text" : "their",
      "whiteSpace" : false
    }, {
      "id" : "s0-t17",
      "begin" : 103,
      "end" : 109,
      "text" : "effect",
      "whiteSpace" : false
    }, {
      "id" : "s0-t18",
      "begin" : 110,
      "end" : 112,
      "text" : "on",
      "whiteSpace" : false
    }, {
      "id" : "s0-t19",
      "begin" : 113,
      "end" : 119,
      "text" : "income",
      "whiteSpace" : false
    }, {
      "id" : "s0-t20",
      "begin" : 120,
      "end" : 130,
      "text" : "inequality",
      "whiteSpace" : false
    }, {
      "id" : "s0-t21",
      "begin" : 131,
      "end" : 134,
      "text" : "has",
      "whiteSpace" : false
    }, {
      "id" : "s0-t22",
      "begin" : 135,
      "end" : 143,
      "text" : "received",
      "whiteSpace" : false
    }, {
      "id" : "s0-t23",
      "begin" : 144,
      "end" : 150,
      "text" : "little",
      "whiteSpace" : false
    }, {
      "id" : "s0-t24",
      "begin" : 151,
      "end" : 160,
      "text" : "attention",
      "whiteSpace" : false
    }, {
      "id" : "s0-t25",
      "begin" : 160,
      "end" : 161,
      "text" : ".",
      "whiteSpace" : false
    } ]
  }, {
    "id" : "s1",
    "begin" : 162,
    "end" : 289,
    "text" : "This paper argues that personal income inequality depends on the wage differential, the labour share and the unemployment rate.",
    "tokens" : [ {
      "id" : "s1-t0",
      "begin" : 162,
      "end" : 166,
      "text" : "This",
      "whiteSpace" : false
    }, {
      "id" : "s1-t1",
      "begin" : 167,
      "end" : 172,
      "text" : "paper",
      "whiteSpace" : false
    }, {
      "id" : "s1-t2",
      "begin" : 173,
      "end" : 179,
      "text" : "argues",
      "whiteSpace" : false
    }, {
      "id" : "s1-t3",
      "begin" : 180,
      "end" : 184,
      "text" : "that",
      "whiteSpace" : false
    }, {
      "id" : "s1-t4",
      "begin" : 185,
      "end" : 193,
      "text" : "personal",
      "whiteSpace" : false
    }, {
      "id" : "s1-t5",
      "begin" : 194,
      "end" : 200,
      "text" : "income",
      "whiteSpace" : false
    }, {
      "id" : "s1-t6",
      "begin" : 201,
      "end" : 211,
      "text" : "inequality",
      "whiteSpace" : false
    }, {
      "id" : "s1-t7",
      "begin" : 212,
      "end" : 219,
      "text" : "depends",
      "whiteSpace" : false
    }, {
      "id" : "s1-t8",
      "begin" : 220,
      "end" : 222,
      "text" : "on",
      "whiteSpace" : false
    }, {
      "id" : "s1-t9",
      "begin" : 223,
      "end" : 226,
      "text" : "the",
      "whiteSpace" : false
    }, {
      "id" : "s1-t10",
      "begin" : 227,
      "end" : 231,
      "text" : "wage",
      "whiteSpace" : false
    }, {
      "id" : "s1-t11",
      "begin" : 232,
      "end" : 244,
      "text" : "differential",
      "whiteSpace" : false
    }, {
      "id" : "s1-t12",
      "begin" : 244,
      "end" : 245,
      "text" : ",",
      "whiteSpace" : false
    }, {
      "id" : "s1-t13",
      "begin" : 246,
      "end" : 249,
      "text" : "the",
      "whiteSpace" : false
    }, {
      "id" : "s1-t14",
      "begin" : 250,
      "end" : 256,
      "text" : "labour",
      "whiteSpace" : false
    }, {
      "id" : "s1-t15",
      "begin" : 257,
      "end" : 262,
      "text" : "share",
      "whiteSpace" : false
    }, {
      "id" : "s1-t16",
      "begin" : 263,
      "end" : 266,
      "text" : "and",
      "whiteSpace" : false
    }, {
      "id" : "s1-t17",
      "begin" : 267,
      "end" : 270,
      "text" : "the",
      "whiteSpace" : false
    }, {
      "id" : "s1-t18",
      "begin" : 271,
      "end" : 283,
      "text" : "unemployment",
      "whiteSpace" : false
    }, {
      "id" : "s1-t19",
      "begin" : 284,
      "end" : 288,
      "text" : "rate",
      "whiteSpace" : false
    }, {
      "id" : "s1-t20",
      "begin" : 288,
      "end" : 289,
      "text" : ".",
      "whiteSpace" : false
    } ]
  }, {
    "id" : "s2",
    "begin" : 290,
    "end" : 424,
    "text" : "Labour market institutions affect income inequality through these three channels, and their overall effect is theoretically ambiguous.",
    "tokens" : [ {
      "id" : "s2-t0",
      "begin" : 290,
      "end" : 296,
      "text" : "Labour",
      "whiteSpace" : false
    }, {
      "id" : "s2-t1",
      "begin" : 297,
      "end" : 303,
      "text" : "market",
      "whiteSpace" : false
    }, {
      "id" : "s2-t2",
      "begin" : 304,
      "end" : 316,
      "text" : "institutions",
      "whiteSpace" : false
    }, {
      "id" : "s2-t3",
      "begin" : 317,
      "end" : 323,
      "text" : "affect",
      "whiteSpace" : false
    }, {
      "id" : "s2-t4",
      "begin" : 324,
      "end" : 330,
      "text" : "income",
      "whiteSpace" : false
    }, {
      "id" : "s2-t5",
      "begin" : 331,
      "end" : 341,
      "text" : "inequality",
      "whiteSpace" : false
    }, {
      "id" : "s2-t6",
      "begin" : 342,
      "end" : 349,
      "text" : "through",
      "whiteSpace" : false
    }, {
      "id" : "s2-t7",
      "begin" : 350,
      "end" : 355,
      "text" : "these",
      "whiteSpace" : false
    }, {
      "id" : "s2-t8",
      "begin" : 356,
      "end" : 361,
      "text" : "three",
      "whiteSpace" : false
    }, {
      "id" : "s2-t9",
      "begin" : 362,
      "end" : 370,
      "text" : "channels",
      "whiteSpace" : false
    }, {
      "id" : "s2-t10",
      "begin" : 370,
      "end" : 371,
      "text" : ",",
      "whiteSpace" : false
    }, {
      "id" : "s2-t11",
      "begin" : 372,
      "end" : 375,
      "text" : "and",
      "whiteSpace" : false
    }, {
      "id" : "s2-t12",
      "begin" : 376,
      "end" : 381,
      "text" : "their",
      "whiteSpace" : false
    }, {
      "id" : "s2-t13",
      "begin" : 382,
      "end" : 389,
      "text" : "overall",
      "whiteSpace" : false
    }, {
      "id" : "s2-t14",
      "begin" : 390,
      "end" : 396,
      "text" : "effect",
      "whiteSpace" : false
    }, {
      "id" : "s2-t15",
      "begin" : 397,
      "end" : 399,
      "text" : "is",
      "whiteSpace" : false
    }, {
      "id" : "s2-t16",
      "begin" : 400,
      "end" : 413,
      "text" : "theoretically",
      "whiteSpace" : false
    }, {
      "id" : "s2-t17",
      "begin" : 414,
      "end" : 423,
      "text" : "ambiguous",
      "whiteSpace" : false
    }, {
      "id" : "s2-t18",
      "begin" : 423,
      "end" : 424,
      "text" : ".",
      "whiteSpace" : false
    } ]
  }, {
    "id" : "s3",
    "begin" : 425,
    "end" : 508,
    "text" : "We use a panel of OECD countries for the period 1960-2000 to examine these effects.",
    "tokens" : [ {
      "id" : "s3-t0",
      "begin" : 425,
      "end" : 427,
      "text" : "We",
      "whiteSpace" : false
    }, {
      "id" : "s3-t1",
      "begin" : 428,
      "end" : 431,
      "text" : "use",
      "whiteSpace" : false
    }, {
      "id" : "s3-t2",
      "begin" : 432,
      "end" : 433,
      "text" : "a",
      "whiteSpace" : false
    }, {
      "id" : "s3-t3",
      "begin" : 434,
      "end" : 439,
      "text" : "panel",
      "whiteSpace" : false
    }, {
      "id" : "s3-t4",
      "begin" : 440,
      "end" : 442,
      "text" : "of",
      "whiteSpace" : false
    }, {
      "id" : "s3-t5",
      "begin" : 443,
      "end" : 447,
      "text" : "OECD",
      "whiteSpace" : false
    }, {
      "id" : "s3-t6",
      "begin" : 448,
      "end" : 457,
      "text" : "countries",
      "whiteSpace" : false
    }, {
      "id" : "s3-t7",
      "begin" : 458,
      "end" : 461,
      "text" : "for",
      "whiteSpace" : false
    }, {
      "id" : "s3-t8",
      "begin" : 462,
      "end" : 465,
      "text" : "the",
      "whiteSpace" : false
    }, {
      "id" : "s3-t9",
      "begin" : 466,
      "end" : 472,
      "text" : "period",
      "whiteSpace" : false
    }, {
      "id" : "s3-t10",
      "begin" : 473,
      "end" : 482,
      "text" : "1960-2000",
      "whiteSpace" : false
    }, {
      "id" : "s3-t11",
      "begin" : 483,
      "end" : 485,
      "text" : "to",
      "whiteSpace" : false
    }, {
      "id" : "s3-t12",
      "begin" : 486,
      "end" : 493,
      "text" : "examine",
      "whiteSpace" : false
    }, {
      "id" : "s3-t13",
      "begin" : 494,
      "end" : 499,
      "text" : "these",
      "whiteSpace" : false
    }, {
      "id" : "s3-t14",
      "begin" : 500,
      "end" : 507,
      "text" : "effects",
      "whiteSpace" : false
    }, {
      "id" : "s3-t15",
      "begin" : 507,
      "end" : 508,
      "text" : ".",
      "whiteSpace" : false
    } ]
  }, {
    "id" : "s4",
    "begin" : 509,
    "end" : 697,
    "text" : "We find that greater unionization and greater wage bargaining coordination have opposite effects on inequality, implying conflicting effects of greater union presence on income inequality.",
    "tokens" : [ {
      "id" : "s4-t0",
      "begin" : 509,
      "end" : 511,
      "text" : "We",
      "whiteSpace" : false
    }, {
      "id" : "s4-t1",
      "begin" : 512,
      "end" : 516,
      "text" : "find",
      "whiteSpace" : false
    }, {
      "id" : "s4-t2",
      "begin" : 517,
      "end" : 521,
      "text" : "that",
      "whiteSpace" : false
    }, {
      "id" : "s4-t3",
      "begin" : 522,
      "end" : 529,
      "text" : "greater",
      "whiteSpace" : false
    }, {
      "id" : "s4-t4",
      "begin" : 530,
      "end" : 542,
      "text" : "unionization",
      "whiteSpace" : false
    }, {
      "id" : "s4-t5",
      "begin" : 543,
      "end" : 546,
      "text" : "and",
      "whiteSpace" : false
    }, {
      "id" : "s4-t6",
      "begin" : 547,
      "end" : 554,
      "text" : "greater",
      "whiteSpace" : false
    }, {
      "id" : "s4-t7",
      "begin" : 555,
      "end" : 559,
      "text" : "wage",
      "whiteSpace" : false
    }, {
      "id" : "s4-t8",
      "begin" : 560,
      "end" : 570,
      "text" : "bargaining",
      "whiteSpace" : false
    }, {
      "id" : "s4-t9",
      "begin" : 571,
      "end" : 583,
      "text" : "coordination",
      "whiteSpace" : false
    }, {
      "id" : "s4-t10",
      "begin" : 584,
      "end" : 588,
      "text" : "have",
      "whiteSpace" : false
    }, {
      "id" : "s4-t11",
      "begin" : 589,
      "end" : 597,
      "text" : "opposite",
      "whiteSpace" : false
    }, {
      "id" : "s4-t12",
      "begin" : 598,
      "end" : 605,
      "text" : "effects",
      "whiteSpace" : false
    }, {
      "id" : "s4-t13",
      "begin" : 606,
      "end" : 608,
      "text" : "on",
      "whiteSpace" : false
    }, {
      "id" : "s4-t14",
      "begin" : 609,
      "end" : 619,
      "text" : "inequality",
      "whiteSpace" : false
    }, {
      "id" : "s4-t15",
      "begin" : 619,
      "end" : 620,
      "text" : ",",
      "whiteSpace" : false
    }, {
      "id" : "s4-t16",
      "begin" : 621,
      "end" : 629,
      "text" : "implying",
      "whiteSpace" : false
    }, {
      "id" : "s4-t17",
      "begin" : 630,
      "end" : 641,
      "text" : "conflicting",
      "whiteSpace" : false
    }, {
      "id" : "s4-t18",
      "begin" : 642,
      "end" : 649,
      "text" : "effects",
      "whiteSpace" : false
    }, {
      "id" : "s4-t19",
      "begin" : 650,
      "end" : 652,
      "text" : "of",
      "whiteSpace" : false
    }, {
      "id" : "s4-t20",
      "begin" : 653,
      "end" : 660,
      "text" : "greater",
      "whiteSpace" : false
    }, {
      "id" : "s4-t21",
      "begin" : 661,
      "end" : 666,
      "text" : "union",
      "whiteSpace" : false
    }, {
      "id" : "s4-t22",
      "begin" : 667,
      "end" : 675,
      "text" : "presence",
      "whiteSpace" : false
    }, {
      "id" : "s4-t23",
      "begin" : 676,
      "end" : 678,
      "text" : "on",
      "whiteSpace" : false
    }, {
      "id" : "s4-t24",
      "begin" : 679,
      "end" : 685,
      "text" : "income",
      "whiteSpace" : false
    }, {
      "id" : "s4-t25",
      "begin" : 686,
      "end" : 696,
      "text" : "inequality",
      "whiteSpace" : false
    }, {
      "id" : "s4-t26",
      "begin" : 696,
      "end" : 697,
      "text" : ".",
      "whiteSpace" : false
    } ]
  } ],
  "mentions" : [ {
    "id" : "s0-m6",
    "properties" : {
      "SIRE_MENTION_ROLE" : "evidence",
      "SIRE_ENTITY_SUBTYPE" : "NONE",
      "SIRE_MENTION_TYPE" : "NONE",
      "SIRE_MENTION_CLASS" : "SPC"
    },
    "type" : "evidence",
    "begin" : 24,
    "end" : 31,
    "inCoref" : false
  }, {
    "id" : "s0-m5",
    "properties" : {
      "SIRE_MENTION_ROLE" : "relation",
      "SIRE_ENTITY_SUBTYPE" : "NONE",
      "SIRE_MENTION_TYPE" : "NONE",
      "SIRE_MENTION_CLASS" : "SPC"
    },
    "type" : "relation",
    "begin" : 36,
    "end" : 45,
    "inCoref" : false
  }, {
    "id" : "s0-m3",
    "properties" : {
      "SIRE_MENTION_ROLE" : "Variable",
      "SIRE_ENTITY_SUBTYPE" : "NONE",
      "SIRE_MENTION_TYPE" : "NONE",
      "SIRE_MENTION_CLASS" : "SPC"
    },
    "type" : "Variable",
    "begin" : 46,
    "end" : 72,
    "inCoref" : true
  }, {
    "id" : "m1",
    "properties" : {
      "SIRE_MENTION_TYPE" : "NONE",
      "SIRE_MENTION_CLASS" : "SPC",
      "SIRE_ENTITY_SUBTYPE" : "NONE",
      "SIRE_MENTION_ROLE" : "Variable"
    },
    "type" : "Variable",
    "begin" : 76,
    "end" : 91,
    "inCoref" : true
  }, {
    "id" : "m8",
    "properties" : {
      "SIRE_MENTION_TYPE" : "NONE",
      "SIRE_MENTION_CLASS" : "SPC",
      "SIRE_ENTITY_SUBTYPE" : "NONE",
      "SIRE_MENTION_ROLE" : "relation"
    },
    "type" : "relation",
    "begin" : 103,
    "end" : 112,
    "inCoref" : false
  }, {
    "id" : "m2",
    "properties" : {
      "SIRE_MENTION_TYPE" : "NONE",
      "SIRE_MENTION_CLASS" : "SPC",
      "SIRE_ENTITY_SUBTYPE" : "NONE",
      "SIRE_MENTION_ROLE" : "Variable"
    },
    "type" : "Variable",
    "begin" : 113,
    "end" : 130,
    "inCoref" : true
  }, {
    "id" : "s1-m6",
    "properties" : {
      "SIRE_MENTION_ROLE" : "evidence",
      "SIRE_ENTITY_SUBTYPE" : "NONE",
      "SIRE_MENTION_TYPE" : "NONE",
      "SIRE_MENTION_CLASS" : "SPC"
    },
    "type" : "evidence",
    "begin" : 173,
    "end" : 179,
    "inCoref" : false
  }, {
    "id" : "m3",
    "properties" : {
      "SIRE_MENTION_TYPE" : "NONE",
      "SIRE_MENTION_CLASS" : "SPC",
      "SIRE_ENTITY_SUBTYPE" : "NONE",
      "SIRE_MENTION_ROLE" : "Variable"
    },
    "type" : "Variable",
    "begin" : 194,
    "end" : 211,
    "inCoref" : true
  }, {
    "id" : "s1-m5",
    "properties" : {
      "SIRE_MENTION_ROLE" : "relation",
      "SIRE_ENTITY_SUBTYPE" : "NONE",
      "SIRE_MENTION_TYPE" : "NONE",
      "SIRE_MENTION_CLASS" : "SPC"
    },
    "type" : "relation",
    "begin" : 212,
    "end" : 222,
    "inCoref" : false
  }, {
    "id" : "s1-m4",
    "properties" : {
      "SIRE_MENTION_ROLE" : "Variable",
      "SIRE_ENTITY_SUBTYPE" : "NONE",
      "SIRE_MENTION_TYPE" : "NONE",
      "SIRE_MENTION_CLASS" : "SPC"
    },
    "type" : "Variable",
    "begin" : 227,
    "end" : 244,
    "inCoref" : true
  }, {
    "id" : "m4",
    "properties" : {
      "SIRE_MENTION_TYPE" : "NONE",
      "SIRE_MENTION_CLASS" : "SPC",
      "SIRE_ENTITY_SUBTYPE" : "NONE",
      "SIRE_MENTION_ROLE" : "Variable"
    },
    "type" : "Variable",
    "begin" : 250,
    "end" : 262,
    "inCoref" : false
  }, {
    "id" : "s1-m3",
    "properties" : {
      "SIRE_MENTION_ROLE" : "Variable",
      "SIRE_ENTITY_SUBTYPE" : "NONE",
      "SIRE_MENTION_TYPE" : "NONE",
      "SIRE_MENTION_CLASS" : "SPC"
    },
    "type" : "Variable",
    "begin" : 271,
    "end" : 288,
    "inCoref" : false
  }, {
    "id" : "s2-m2",
    "properties" : {
      "SIRE_MENTION_ROLE" : "Variable",
      "SIRE_ENTITY_SUBTYPE" : "NONE",
      "SIRE_MENTION_TYPE" : "NONE",
      "SIRE_MENTION_CLASS" : "SPC"
    },
    "type" : "Variable",
    "begin" : 290,
    "end" : 316,
    "inCoref" : true
  }, {
    "id" : "s2-m3",
    "properties" : {
      "SIRE_MENTION_ROLE" : "relation",
      "SIRE_ENTITY_SUBTYPE" : "NONE",
      "SIRE_MENTION_TYPE" : "NONE",
      "SIRE_MENTION_CLASS" : "SPC"
    },
    "type" : "relation",
    "begin" : 317,
    "end" : 323,
    "inCoref" : false
  }, {
    "id" : "m5",
    "properties" : {
      "SIRE_MENTION_TYPE" : "NONE",
      "SIRE_MENTION_CLASS" : "SPC",
      "SIRE_ENTITY_SUBTYPE" : "NONE",
      "SIRE_MENTION_ROLE" : "Variable"
    },
    "type" : "Variable",
    "begin" : 324,
    "end" : 341,
    "inCoref" : true
  }, {
    "id" : "m9",
    "properties" : {
      "SIRE_MENTION_TYPE" : "NONE",
      "SIRE_MENTION_CLASS" : "SPC",
      "SIRE_ENTITY_SUBTYPE" : "NONE",
      "SIRE_MENTION_ROLE" : "relation"
    },
    "type" : "relation",
    "begin" : 390,
    "end" : 396,
    "inCoref" : false
  }, {
    "id" : "s4-m11",
    "properties" : {
      "SIRE_MENTION_ROLE" : "evidence",
      "SIRE_ENTITY_SUBTYPE" : "NONE",
      "SIRE_MENTION_TYPE" : "NONE",
      "SIRE_MENTION_CLASS" : "SPC"
    },
    "type" : "evidence",
    "begin" : 512,
    "end" : 516,
    "inCoref" : false
  }, {
    "id" : "s4-m9",
    "properties" : {
      "SIRE_MENTION_ROLE" : "relation",
      "SIRE_ENTITY_SUBTYPE" : "NONE",
      "SIRE_MENTION_TYPE" : "NONE",
      "SIRE_MENTION_CLASS" : "SPC"
    },
    "type" : "relation",
    "begin" : 522,
    "end" : 529,
    "inCoref" : false
  }, {
    "id" : "s4-m3",
    "properties" : {
      "SIRE_MENTION_ROLE" : "Variable",
      "SIRE_ENTITY_SUBTYPE" : "NONE",
      "SIRE_MENTION_TYPE" : "NONE",
      "SIRE_MENTION_CLASS" : "SPC"
    },
    "type" : "Variable",
    "begin" : 530,
    "end" : 542,
    "inCoref" : true
  }, {
    "id" : "s4-m8",
    "properties" : {
      "SIRE_MENTION_ROLE" : "relation",
      "SIRE_ENTITY_SUBTYPE" : "NONE",
      "SIRE_MENTION_TYPE" : "NONE",
      "SIRE_MENTION_CLASS" : "SPC"
    },
    "type" : "relation",
    "begin" : 547,
    "end" : 554,
    "inCoref" : false
  }, {
    "id" : "s4-m4",
    "properties" : {
      "SIRE_MENTION_ROLE" : "Variable",
      "SIRE_ENTITY_SUBTYPE" : "NONE",
      "SIRE_MENTION_TYPE" : "NONE",
      "SIRE_MENTION_CLASS" : "SPC"
    },
    "type" : "Variable",
    "begin" : 555,
    "end" : 583,
    "inCoref" : false
  }, {
    "id" : "s4-m6",
    "properties" : {
      "SIRE_MENTION_ROLE" : "relation",
      "SIRE_ENTITY_SUBTYPE" : "NONE",
      "SIRE_MENTION_TYPE" : "NONE",
      "SIRE_MENTION_CLASS" : "SPC"
    },
    "type" : "relation",
    "begin" : 589,
    "end" : 605,
    "inCoref" : false
  }, {
    "id" : "m6",
    "properties" : {
      "SIRE_MENTION_TYPE" : "NONE",
      "SIRE_MENTION_CLASS" : "SPC",
      "SIRE_ENTITY_SUBTYPE" : "NONE",
      "SIRE_MENTION_ROLE" : "Variable"
    },
    "type" : "Variable",
    "begin" : 609,
    "end" : 619,
    "inCoref" : false
  }, {
    "id" : "s4-m7",
    "properties" : {
      "SIRE_MENTION_ROLE" : "relation",
      "SIRE_ENTITY_SUBTYPE" : "NONE",
      "SIRE_MENTION_TYPE" : "NONE",
      "SIRE_MENTION_CLASS" : "SPC"
    },
    "type" : "relation",
    "begin" : 642,
    "end" : 652,
    "inCoref" : false
  }, {
    "id" : "s4-m10",
    "properties" : {
      "SIRE_MENTION_ROLE" : "relation",
      "SIRE_ENTITY_SUBTYPE" : "NONE",
      "SIRE_MENTION_TYPE" : "NONE",
      "SIRE_MENTION_CLASS" : "SPC"
    },
    "type" : "relation",
    "begin" : 653,
    "end" : 660,
    "inCoref" : false
  }, {
    "id" : "s4-m5",
    "properties" : {
      "SIRE_MENTION_ROLE" : "Variable",
      "SIRE_ENTITY_SUBTYPE" : "NONE",
      "SIRE_MENTION_TYPE" : "NONE",
      "SIRE_MENTION_CLASS" : "SPC"
    },
    "type" : "Variable",
    "begin" : 661,
    "end" : 675,
    "inCoref" : true
  }, {
    "id" : "m7",
    "properties" : {
      "SIRE_MENTION_TYPE" : "NONE",
      "SIRE_MENTION_CLASS" : "SPC",
      "SIRE_ENTITY_SUBTYPE" : "NONE",
      "SIRE_MENTION_ROLE" : "Variable"
    },
    "type" : "Variable",
    "begin" : 679,
    "end" : 696,
    "inCoref" : true
  } ],
  "relations" : [ {
    "id" : "s1-r2",
    "properties" : { },
    "type" : "Causal",
    "args" : [ "s1-m4", "m3" ]
  }, {
    "id" : "s1-r3",
    "properties" : { },
    "type" : "Causal",
    "args" : [ "m4", "m3" ]
  }, {
    "id" : "s1-r4",
    "properties" : { },
    "type" : "Causal",
    "args" : [ "s1-m3", "m3" ]
  }, {
    "id" : "s2-r1",
    "properties" : { },
    "type" : "Causal",
    "args" : [ "s2-m2", "m5" ]
  }, {
    "id" : "s4-r4",
    "properties" : { },
    "type" : "Causal",
    "args" : [ "s4-m3", "m6" ]
  }, {
    "id" : "s4-r5",
    "properties" : { },
    "type" : "Causal",
    "args" : [ "s4-m4", "m6" ]
  }, {
    "id" : "s4-r6",
    "properties" : { },
    "type" : "Causal",
    "args" : [ "s4-m5", "m7" ]
  } ],
  "corefs" : [ {
    "id" : "c1",
    "properties" : { },
    "mentions" : [ "s0-m3", "s2-m2" ]
  }, {
    "id" : "c2",
    "properties" : { },
    "mentions" : [ "m2", "m3", "m5", "m7" ]
  }, {
    "id" : "c3",
    "properties" : { },
    "mentions" : [ "s4-m3", "s4-m5" ]
  }, {
    "id" : "c4",
    "properties" : { },
    "mentions" : [ "m1", "s1-m4" ]
  } ],
  "typeResolved" : true,
  "userResolved" : false
}