{
  "id" : "59343010-30e1-11ec-9ec9-37837bd054ad-0",
  "name" : "4. Adrián RissoW, Sánchez Carrera EJ (2019) .docx",
  "createdDate" : 0,
  "version" : 3,
  "text" : "\nWe present robust results on the empirical relationship among income inequality, innovation, and economic growth for a panel dataset of 74 countries over the period 1996-2014. We estimate pairwise causality tests to show that there is bidirectional causality between GDP per capita and R&D, while R&D causes the Gini index of income inequality, and it causes human capital. Allowing coefficients to be different across cross-sections of countries, we get in any case a pairwise bi-directionality. By dynamic panel data estimations, when regressing R&D on GDP per capita, we obtain a threshold value of 0.16% of R&D such that for values above it there is economic growth. While regressing R&D on the Gini index, we get a threshold of 0.10% of R&D above which, the income distribution begins to improve. Finally, we estimate a growth equation that depends on R&D, income inequality, and physical capital. We obtain two thresholds, one of 38.79 for the Gini, and one of 0.06% for R&D such that above it, economic growth is rising.\n\n",
  "docLength" : 0,
  "language" : "EN",
  "status" : "IN_PROGRESS",
  "modifiedDate" : 1639153677973,
  "documentSet" : [ ],
  "preannotation" : [ "PRE_SIRE" ],
  "sentences" : [ {
    "id" : "s0",
    "begin" : 1,
    "end" : 176,
    "text" : "We present robust results on the empirical relationship among income inequality, innovation, and economic growth for a panel dataset of 74 countries over the period 1996-2014.",
    "tokens" : [ {
      "id" : "s0-t0",
      "begin" : 1,
      "end" : 3,
      "text" : "We",
      "whiteSpace" : false
    }, {
      "id" : "s0-t1",
      "begin" : 4,
      "end" : 11,
      "text" : "present",
      "whiteSpace" : false
    }, {
      "id" : "s0-t2",
      "begin" : 12,
      "end" : 18,
      "text" : "robust",
      "whiteSpace" : false
    }, {
      "id" : "s0-t3",
      "begin" : 19,
      "end" : 26,
      "text" : "results",
      "whiteSpace" : false
    }, {
      "id" : "s0-t4",
      "begin" : 27,
      "end" : 29,
      "text" : "on",
      "whiteSpace" : false
    }, {
      "id" : "s0-t5",
      "begin" : 30,
      "end" : 33,
      "text" : "the",
      "whiteSpace" : false
    }, {
      "id" : "s0-t6",
      "begin" : 34,
      "end" : 43,
      "text" : "empirical",
      "whiteSpace" : false
    }, {
      "id" : "s0-t7",
      "begin" : 44,
      "end" : 56,
      "text" : "relationship",
      "whiteSpace" : false
    }, {
      "id" : "s0-t8",
      "begin" : 57,
      "end" : 62,
      "text" : "among",
      "whiteSpace" : false
    }, {
      "id" : "s0-t9",
      "begin" : 63,
      "end" : 69,
      "text" : "income",
      "whiteSpace" : false
    }, {
      "id" : "s0-t10",
      "begin" : 70,
      "end" : 80,
      "text" : "inequality",
      "whiteSpace" : false
    }, {
      "id" : "s0-t11",
      "begin" : 80,
      "end" : 81,
      "text" : ",",
      "whiteSpace" : false
    }, {
      "id" : "s0-t12",
      "begin" : 82,
      "end" : 92,
      "text" : "innovation",
      "whiteSpace" : false
    }, {
      "id" : "s0-t13",
      "begin" : 92,
      "end" : 93,
      "text" : ",",
      "whiteSpace" : false
    }, {
      "id" : "s0-t14",
      "begin" : 94,
      "end" : 97,
      "text" : "and",
      "whiteSpace" : false
    }, {
      "id" : "s0-t15",
      "begin" : 98,
      "end" : 106,
      "text" : "economic",
      "whiteSpace" : false
    }, {
      "id" : "s0-t16",
      "begin" : 107,
      "end" : 113,
      "text" : "growth",
      "whiteSpace" : false
    }, {
      "id" : "s0-t17",
      "begin" : 114,
      "end" : 117,
      "text" : "for",
      "whiteSpace" : false
    }, {
      "id" : "s0-t18",
      "begin" : 118,
      "end" : 119,
      "text" : "a",
      "whiteSpace" : false
    }, {
      "id" : "s0-t19",
      "begin" : 120,
      "end" : 125,
      "text" : "panel",
      "whiteSpace" : false
    }, {
      "id" : "s0-t20",
      "begin" : 126,
      "end" : 133,
      "text" : "dataset",
      "whiteSpace" : false
    }, {
      "id" : "s0-t21",
      "begin" : 134,
      "end" : 136,
      "text" : "of",
      "whiteSpace" : false
    }, {
      "id" : "s0-t22",
      "begin" : 137,
      "end" : 139,
      "text" : "74",
      "whiteSpace" : false
    }, {
      "id" : "s0-t23",
      "begin" : 140,
      "end" : 149,
      "text" : "countries",
      "whiteSpace" : false
    }, {
      "id" : "s0-t24",
      "begin" : 150,
      "end" : 154,
      "text" : "over",
      "whiteSpace" : false
    }, {
      "id" : "s0-t25",
      "begin" : 155,
      "end" : 158,
      "text" : "the",
      "whiteSpace" : false
    }, {
      "id" : "s0-t26",
      "begin" : 159,
      "end" : 165,
      "text" : "period",
      "whiteSpace" : false
    }, {
      "id" : "s0-t27",
      "begin" : 166,
      "end" : 175,
      "text" : "1996-2014",
      "whiteSpace" : false
    }, {
      "id" : "s0-t28",
      "begin" : 175,
      "end" : 176,
      "text" : ".",
      "whiteSpace" : false
    } ]
  }, {
    "id" : "s1",
    "begin" : 177,
    "end" : 374,
    "text" : "We estimate pairwise causality tests to show that there is bidirectional causality between GDP per capita and R&D, while R&D causes the Gini index of income inequality, and it causes human capital.",
    "tokens" : [ {
      "id" : "s1-t0",
      "begin" : 177,
      "end" : 179,
      "text" : "We",
      "whiteSpace" : false
    }, {
      "id" : "s1-t1",
      "begin" : 180,
      "end" : 188,
      "text" : "estimate",
      "whiteSpace" : false
    }, {
      "id" : "s1-t2",
      "begin" : 189,
      "end" : 197,
      "text" : "pairwise",
      "whiteSpace" : false
    }, {
      "id" : "s1-t3",
      "begin" : 198,
      "end" : 207,
      "text" : "causality",
      "whiteSpace" : false
    }, {
      "id" : "s1-t4",
      "begin" : 208,
      "end" : 213,
      "text" : "tests",
      "whiteSpace" : false
    }, {
      "id" : "s1-t5",
      "begin" : 214,
      "end" : 216,
      "text" : "to",
      "whiteSpace" : false
    }, {
      "id" : "s1-t6",
      "begin" : 217,
      "end" : 221,
      "text" : "show",
      "whiteSpace" : false
    }, {
      "id" : "s1-t7",
      "begin" : 222,
      "end" : 226,
      "text" : "that",
      "whiteSpace" : false
    }, {
      "id" : "s1-t8",
      "begin" : 227,
      "end" : 232,
      "text" : "there",
      "whiteSpace" : false
    }, {
      "id" : "s1-t9",
      "begin" : 233,
      "end" : 235,
      "text" : "is",
      "whiteSpace" : false
    }, {
      "id" : "s1-t10",
      "begin" : 236,
      "end" : 249,
      "text" : "bidirectional",
      "whiteSpace" : false
    }, {
      "id" : "s1-t11",
      "begin" : 250,
      "end" : 259,
      "text" : "causality",
      "whiteSpace" : false
    }, {
      "id" : "s1-t12",
      "begin" : 260,
      "end" : 267,
      "text" : "between",
      "whiteSpace" : false
    }, {
      "id" : "s1-t13",
      "begin" : 268,
      "end" : 271,
      "text" : "GDP",
      "whiteSpace" : false
    }, {
      "id" : "s1-t14",
      "begin" : 272,
      "end" : 275,
      "text" : "per",
      "whiteSpace" : false
    }, {
      "id" : "s1-t15",
      "begin" : 276,
      "end" : 282,
      "text" : "capita",
      "whiteSpace" : false
    }, {
      "id" : "s1-t16",
      "begin" : 283,
      "end" : 286,
      "text" : "and",
      "whiteSpace" : false
    }, {
      "id" : "s1-t17",
      "begin" : 287,
      "end" : 290,
      "text" : "R&D",
      "whiteSpace" : false
    }, {
      "id" : "s1-t18",
      "begin" : 290,
      "end" : 291,
      "text" : ",",
      "whiteSpace" : false
    }, {
      "id" : "s1-t19",
      "begin" : 292,
      "end" : 297,
      "text" : "while",
      "whiteSpace" : false
    }, {
      "id" : "s1-t20",
      "begin" : 298,
      "end" : 301,
      "text" : "R&D",
      "whiteSpace" : false
    }, {
      "id" : "s1-t21",
      "begin" : 302,
      "end" : 308,
      "text" : "causes",
      "whiteSpace" : false
    }, {
      "id" : "s1-t22",
      "begin" : 309,
      "end" : 312,
      "text" : "the",
      "whiteSpace" : false
    }, {
      "id" : "s1-t23",
      "begin" : 313,
      "end" : 317,
      "text" : "Gini",
      "whiteSpace" : false
    }, {
      "id" : "s1-t24",
      "begin" : 318,
      "end" : 323,
      "text" : "index",
      "whiteSpace" : false
    }, {
      "id" : "s1-t25",
      "begin" : 324,
      "end" : 326,
      "text" : "of",
      "whiteSpace" : false
    }, {
      "id" : "s1-t26",
      "begin" : 327,
      "end" : 333,
      "text" : "income",
      "whiteSpace" : false
    }, {
      "id" : "s1-t27",
      "begin" : 334,
      "end" : 344,
      "text" : "inequality",
      "whiteSpace" : false
    }, {
      "id" : "s1-t28",
      "begin" : 344,
      "end" : 345,
      "text" : ",",
      "whiteSpace" : false
    }, {
      "id" : "s1-t29",
      "begin" : 346,
      "end" : 349,
      "text" : "and",
      "whiteSpace" : false
    }, {
      "id" : "s1-t30",
      "begin" : 350,
      "end" : 352,
      "text" : "it",
      "whiteSpace" : false
    }, {
      "id" : "s1-t31",
      "begin" : 353,
      "end" : 359,
      "text" : "causes",
      "whiteSpace" : false
    }, {
      "id" : "s1-t32",
      "begin" : 360,
      "end" : 365,
      "text" : "human",
      "whiteSpace" : false
    }, {
      "id" : "s1-t33",
      "begin" : 366,
      "end" : 373,
      "text" : "capital",
      "whiteSpace" : false
    }, {
      "id" : "s1-t34",
      "begin" : 373,
      "end" : 374,
      "text" : ".",
      "whiteSpace" : false
    } ]
  }, {
    "id" : "s2",
    "begin" : 375,
    "end" : 497,
    "text" : "Allowing coefficients to be different across cross-sections of countries, we get in any case a pairwise bi-directionality.",
    "tokens" : [ {
      "id" : "s2-t0",
      "begin" : 375,
      "end" : 383,
      "text" : "Allowing",
      "whiteSpace" : false
    }, {
      "id" : "s2-t1",
      "begin" : 384,
      "end" : 396,
      "text" : "coefficients",
      "whiteSpace" : false
    }, {
      "id" : "s2-t2",
      "begin" : 397,
      "end" : 399,
      "text" : "to",
      "whiteSpace" : false
    }, {
      "id" : "s2-t3",
      "begin" : 400,
      "end" : 402,
      "text" : "be",
      "whiteSpace" : false
    }, {
      "id" : "s2-t4",
      "begin" : 403,
      "end" : 412,
      "text" : "different",
      "whiteSpace" : false
    }, {
      "id" : "s2-t5",
      "begin" : 413,
      "end" : 419,
      "text" : "across",
      "whiteSpace" : false
    }, {
      "id" : "s2-t6",
      "begin" : 420,
      "end" : 434,
      "text" : "cross-sections",
      "whiteSpace" : false
    }, {
      "id" : "s2-t7",
      "begin" : 435,
      "end" : 437,
      "text" : "of",
      "whiteSpace" : false
    }, {
      "id" : "s2-t8",
      "begin" : 438,
      "end" : 447,
      "text" : "countries",
      "whiteSpace" : false
    }, {
      "id" : "s2-t9",
      "begin" : 447,
      "end" : 448,
      "text" : ",",
      "whiteSpace" : false
    }, {
      "id" : "s2-t10",
      "begin" : 449,
      "end" : 451,
      "text" : "we",
      "whiteSpace" : false
    }, {
      "id" : "s2-t11",
      "begin" : 452,
      "end" : 455,
      "text" : "get",
      "whiteSpace" : false
    }, {
      "id" : "s2-t12",
      "begin" : 456,
      "end" : 458,
      "text" : "in",
      "whiteSpace" : false
    }, {
      "id" : "s2-t13",
      "begin" : 459,
      "end" : 462,
      "text" : "any",
      "whiteSpace" : false
    }, {
      "id" : "s2-t14",
      "begin" : 463,
      "end" : 467,
      "text" : "case",
      "whiteSpace" : false
    }, {
      "id" : "s2-t15",
      "begin" : 468,
      "end" : 469,
      "text" : "a",
      "whiteSpace" : false
    }, {
      "id" : "s2-t16",
      "begin" : 470,
      "end" : 478,
      "text" : "pairwise",
      "whiteSpace" : false
    }, {
      "id" : "s2-t17",
      "begin" : 479,
      "end" : 496,
      "text" : "bi-directionality",
      "whiteSpace" : false
    }, {
      "id" : "s2-t18",
      "begin" : 496,
      "end" : 497,
      "text" : ".",
      "whiteSpace" : false
    } ]
  }, {
    "id" : "s3",
    "begin" : 498,
    "end" : 671,
    "text" : "By dynamic panel data estimations, when regressing R&D on GDP per capita, we obtain a threshold value of 0.16% of R&D such that for values above it there is economic growth.",
    "tokens" : [ {
      "id" : "s3-t0",
      "begin" : 498,
      "end" : 500,
      "text" : "By",
      "whiteSpace" : false
    }, {
      "id" : "s3-t1",
      "begin" : 501,
      "end" : 508,
      "text" : "dynamic",
      "whiteSpace" : false
    }, {
      "id" : "s3-t2",
      "begin" : 509,
      "end" : 514,
      "text" : "panel",
      "whiteSpace" : false
    }, {
      "id" : "s3-t3",
      "begin" : 515,
      "end" : 519,
      "text" : "data",
      "whiteSpace" : false
    }, {
      "id" : "s3-t4",
      "begin" : 520,
      "end" : 531,
      "text" : "estimations",
      "whiteSpace" : false
    }, {
      "id" : "s3-t5",
      "begin" : 531,
      "end" : 532,
      "text" : ",",
      "whiteSpace" : false
    }, {
      "id" : "s3-t6",
      "begin" : 533,
      "end" : 537,
      "text" : "when",
      "whiteSpace" : false
    }, {
      "id" : "s3-t7",
      "begin" : 538,
      "end" : 548,
      "text" : "regressing",
      "whiteSpace" : false
    }, {
      "id" : "s3-t8",
      "begin" : 549,
      "end" : 552,
      "text" : "R&D",
      "whiteSpace" : false
    }, {
      "id" : "s3-t9",
      "begin" : 553,
      "end" : 555,
      "text" : "on",
      "whiteSpace" : false
    }, {
      "id" : "s3-t10",
      "begin" : 556,
      "end" : 559,
      "text" : "GDP",
      "whiteSpace" : false
    }, {
      "id" : "s3-t11",
      "begin" : 560,
      "end" : 563,
      "text" : "per",
      "whiteSpace" : false
    }, {
      "id" : "s3-t12",
      "begin" : 564,
      "end" : 570,
      "text" : "capita",
      "whiteSpace" : false
    }, {
      "id" : "s3-t13",
      "begin" : 570,
      "end" : 571,
      "text" : ",",
      "whiteSpace" : false
    }, {
      "id" : "s3-t14",
      "begin" : 572,
      "end" : 574,
      "text" : "we",
      "whiteSpace" : false
    }, {
      "id" : "s3-t15",
      "begin" : 575,
      "end" : 581,
      "text" : "obtain",
      "whiteSpace" : false
    }, {
      "id" : "s3-t16",
      "begin" : 582,
      "end" : 583,
      "text" : "a",
      "whiteSpace" : false
    }, {
      "id" : "s3-t17",
      "begin" : 584,
      "end" : 593,
      "text" : "threshold",
      "whiteSpace" : false
    }, {
      "id" : "s3-t18",
      "begin" : 594,
      "end" : 599,
      "text" : "value",
      "whiteSpace" : false
    }, {
      "id" : "s3-t19",
      "begin" : 600,
      "end" : 602,
      "text" : "of",
      "whiteSpace" : false
    }, {
      "id" : "s3-t20",
      "begin" : 603,
      "end" : 607,
      "text" : "0.16",
      "whiteSpace" : false
    }, {
      "id" : "s3-t21",
      "begin" : 607,
      "end" : 608,
      "text" : "%",
      "whiteSpace" : false
    }, {
      "id" : "s3-t22",
      "begin" : 609,
      "end" : 611,
      "text" : "of",
      "whiteSpace" : false
    }, {
      "id" : "s3-t23",
      "begin" : 612,
      "end" : 615,
      "text" : "R&D",
      "whiteSpace" : false
    }, {
      "id" : "s3-t24",
      "begin" : 616,
      "end" : 620,
      "text" : "such",
      "whiteSpace" : false
    }, {
      "id" : "s3-t25",
      "begin" : 621,
      "end" : 625,
      "text" : "that",
      "whiteSpace" : false
    }, {
      "id" : "s3-t26",
      "begin" : 626,
      "end" : 629,
      "text" : "for",
      "whiteSpace" : false
    }, {
      "id" : "s3-t27",
      "begin" : 630,
      "end" : 636,
      "text" : "values",
      "whiteSpace" : false
    }, {
      "id" : "s3-t28",
      "begin" : 637,
      "end" : 642,
      "text" : "above",
      "whiteSpace" : false
    }, {
      "id" : "s3-t29",
      "begin" : 643,
      "end" : 645,
      "text" : "it",
      "whiteSpace" : false
    }, {
      "id" : "s3-t30",
      "begin" : 646,
      "end" : 651,
      "text" : "there",
      "whiteSpace" : false
    }, {
      "id" : "s3-t31",
      "begin" : 652,
      "end" : 654,
      "text" : "is",
      "whiteSpace" : false
    }, {
      "id" : "s3-t32",
      "begin" : 655,
      "end" : 663,
      "text" : "economic",
      "whiteSpace" : false
    }, {
      "id" : "s3-t33",
      "begin" : 664,
      "end" : 670,
      "text" : "growth",
      "whiteSpace" : false
    }, {
      "id" : "s3-t34",
      "begin" : 670,
      "end" : 671,
      "text" : ".",
      "whiteSpace" : false
    } ]
  }, {
    "id" : "s4",
    "begin" : 672,
    "end" : 802,
    "text" : "While regressing R&D on the Gini index, we get a threshold of 0.10% of R&D above which, the income distribution begins to improve.",
    "tokens" : [ {
      "id" : "s4-t0",
      "begin" : 672,
      "end" : 677,
      "text" : "While",
      "whiteSpace" : false
    }, {
      "id" : "s4-t1",
      "begin" : 678,
      "end" : 688,
      "text" : "regressing",
      "whiteSpace" : false
    }, {
      "id" : "s4-t2",
      "begin" : 689,
      "end" : 692,
      "text" : "R&D",
      "whiteSpace" : false
    }, {
      "id" : "s4-t3",
      "begin" : 693,
      "end" : 695,
      "text" : "on",
      "whiteSpace" : false
    }, {
      "id" : "s4-t4",
      "begin" : 696,
      "end" : 699,
      "text" : "the",
      "whiteSpace" : false
    }, {
      "id" : "s4-t5",
      "begin" : 700,
      "end" : 704,
      "text" : "Gini",
      "whiteSpace" : false
    }, {
      "id" : "s4-t6",
      "begin" : 705,
      "end" : 710,
      "text" : "index",
      "whiteSpace" : false
    }, {
      "id" : "s4-t7",
      "begin" : 710,
      "end" : 711,
      "text" : ",",
      "whiteSpace" : false
    }, {
      "id" : "s4-t8",
      "begin" : 712,
      "end" : 714,
      "text" : "we",
      "whiteSpace" : false
    }, {
      "id" : "s4-t9",
      "begin" : 715,
      "end" : 718,
      "text" : "get",
      "whiteSpace" : false
    }, {
      "id" : "s4-t10",
      "begin" : 719,
      "end" : 720,
      "text" : "a",
      "whiteSpace" : false
    }, {
      "id" : "s4-t11",
      "begin" : 721,
      "end" : 730,
      "text" : "threshold",
      "whiteSpace" : false
    }, {
      "id" : "s4-t12",
      "begin" : 731,
      "end" : 733,
      "text" : "of",
      "whiteSpace" : false
    }, {
      "id" : "s4-t13",
      "begin" : 734,
      "end" : 738,
      "text" : "0.10",
      "whiteSpace" : false
    }, {
      "id" : "s4-t14",
      "begin" : 738,
      "end" : 739,
      "text" : "%",
      "whiteSpace" : false
    }, {
      "id" : "s4-t15",
      "begin" : 740,
      "end" : 742,
      "text" : "of",
      "whiteSpace" : false
    }, {
      "id" : "s4-t16",
      "begin" : 743,
      "end" : 746,
      "text" : "R&D",
      "whiteSpace" : false
    }, {
      "id" : "s4-t17",
      "begin" : 747,
      "end" : 752,
      "text" : "above",
      "whiteSpace" : false
    }, {
      "id" : "s4-t18",
      "begin" : 753,
      "end" : 758,
      "text" : "which",
      "whiteSpace" : false
    }, {
      "id" : "s4-t19",
      "begin" : 758,
      "end" : 759,
      "text" : ",",
      "whiteSpace" : false
    }, {
      "id" : "s4-t20",
      "begin" : 760,
      "end" : 763,
      "text" : "the",
      "whiteSpace" : false
    }, {
      "id" : "s4-t21",
      "begin" : 764,
      "end" : 770,
      "text" : "income",
      "whiteSpace" : false
    }, {
      "id" : "s4-t22",
      "begin" : 771,
      "end" : 783,
      "text" : "distribution",
      "whiteSpace" : false
    }, {
      "id" : "s4-t23",
      "begin" : 784,
      "end" : 790,
      "text" : "begins",
      "whiteSpace" : false
    }, {
      "id" : "s4-t24",
      "begin" : 791,
      "end" : 793,
      "text" : "to",
      "whiteSpace" : false
    }, {
      "id" : "s4-t25",
      "begin" : 794,
      "end" : 801,
      "text" : "improve",
      "whiteSpace" : false
    }, {
      "id" : "s4-t26",
      "begin" : 801,
      "end" : 802,
      "text" : ".",
      "whiteSpace" : false
    } ]
  }, {
    "id" : "s5",
    "begin" : 803,
    "end" : 903,
    "text" : "Finally, we estimate a growth equation that depends on R&D, income inequality, and physical capital.",
    "tokens" : [ {
      "id" : "s5-t0",
      "begin" : 803,
      "end" : 810,
      "text" : "Finally",
      "whiteSpace" : false
    }, {
      "id" : "s5-t1",
      "begin" : 810,
      "end" : 811,
      "text" : ",",
      "whiteSpace" : false
    }, {
      "id" : "s5-t2",
      "begin" : 812,
      "end" : 814,
      "text" : "we",
      "whiteSpace" : false
    }, {
      "id" : "s5-t3",
      "begin" : 815,
      "end" : 823,
      "text" : "estimate",
      "whiteSpace" : false
    }, {
      "id" : "s5-t4",
      "begin" : 824,
      "end" : 825,
      "text" : "a",
      "whiteSpace" : false
    }, {
      "id" : "s5-t5",
      "begin" : 826,
      "end" : 832,
      "text" : "growth",
      "whiteSpace" : false
    }, {
      "id" : "s5-t6",
      "begin" : 833,
      "end" : 841,
      "text" : "equation",
      "whiteSpace" : false
    }, {
      "id" : "s5-t7",
      "begin" : 842,
      "end" : 846,
      "text" : "that",
      "whiteSpace" : false
    }, {
      "id" : "s5-t8",
      "begin" : 847,
      "end" : 854,
      "text" : "depends",
      "whiteSpace" : false
    }, {
      "id" : "s5-t9",
      "begin" : 855,
      "end" : 857,
      "text" : "on",
      "whiteSpace" : false
    }, {
      "id" : "s5-t10",
      "begin" : 858,
      "end" : 861,
      "text" : "R&D",
      "whiteSpace" : false
    }, {
      "id" : "s5-t11",
      "begin" : 861,
      "end" : 862,
      "text" : ",",
      "whiteSpace" : false
    }, {
      "id" : "s5-t12",
      "begin" : 863,
      "end" : 869,
      "text" : "income",
      "whiteSpace" : false
    }, {
      "id" : "s5-t13",
      "begin" : 870,
      "end" : 880,
      "text" : "inequality",
      "whiteSpace" : false
    }, {
      "id" : "s5-t14",
      "begin" : 880,
      "end" : 881,
      "text" : ",",
      "whiteSpace" : false
    }, {
      "id" : "s5-t15",
      "begin" : 882,
      "end" : 885,
      "text" : "and",
      "whiteSpace" : false
    }, {
      "id" : "s5-t16",
      "begin" : 886,
      "end" : 894,
      "text" : "physical",
      "whiteSpace" : false
    }, {
      "id" : "s5-t17",
      "begin" : 895,
      "end" : 902,
      "text" : "capital",
      "whiteSpace" : false
    }, {
      "id" : "s5-t18",
      "begin" : 902,
      "end" : 903,
      "text" : ".",
      "whiteSpace" : false
    } ]
  }, {
    "id" : "s6",
    "begin" : 904,
    "end" : 1028,
    "text" : "We obtain two thresholds, one of 38.79 for the Gini, and one of 0.06% for R&D such that above it, economic growth is rising.",
    "tokens" : [ {
      "id" : "s6-t0",
      "begin" : 904,
      "end" : 906,
      "text" : "We",
      "whiteSpace" : false
    }, {
      "id" : "s6-t1",
      "begin" : 907,
      "end" : 913,
      "text" : "obtain",
      "whiteSpace" : false
    }, {
      "id" : "s6-t2",
      "begin" : 914,
      "end" : 917,
      "text" : "two",
      "whiteSpace" : false
    }, {
      "id" : "s6-t3",
      "begin" : 918,
      "end" : 928,
      "text" : "thresholds",
      "whiteSpace" : false
    }, {
      "id" : "s6-t4",
      "begin" : 928,
      "end" : 929,
      "text" : ",",
      "whiteSpace" : false
    }, {
      "id" : "s6-t5",
      "begin" : 930,
      "end" : 933,
      "text" : "one",
      "whiteSpace" : false
    }, {
      "id" : "s6-t6",
      "begin" : 934,
      "end" : 936,
      "text" : "of",
      "whiteSpace" : false
    }, {
      "id" : "s6-t7",
      "begin" : 937,
      "end" : 942,
      "text" : "38.79",
      "whiteSpace" : false
    }, {
      "id" : "s6-t8",
      "begin" : 943,
      "end" : 946,
      "text" : "for",
      "whiteSpace" : false
    }, {
      "id" : "s6-t9",
      "begin" : 947,
      "end" : 950,
      "text" : "the",
      "whiteSpace" : false
    }, {
      "id" : "s6-t10",
      "begin" : 951,
      "end" : 955,
      "text" : "Gini",
      "whiteSpace" : false
    }, {
      "id" : "s6-t11",
      "begin" : 955,
      "end" : 956,
      "text" : ",",
      "whiteSpace" : false
    }, {
      "id" : "s6-t12",
      "begin" : 957,
      "end" : 960,
      "text" : "and",
      "whiteSpace" : false
    }, {
      "id" : "s6-t13",
      "begin" : 961,
      "end" : 964,
      "text" : "one",
      "whiteSpace" : false
    }, {
      "id" : "s6-t14",
      "begin" : 965,
      "end" : 967,
      "text" : "of",
      "whiteSpace" : false
    }, {
      "id" : "s6-t15",
      "begin" : 968,
      "end" : 972,
      "text" : "0.06",
      "whiteSpace" : false
    }, {
      "id" : "s6-t16",
      "begin" : 972,
      "end" : 973,
      "text" : "%",
      "whiteSpace" : false
    }, {
      "id" : "s6-t17",
      "begin" : 974,
      "end" : 977,
      "text" : "for",
      "whiteSpace" : false
    }, {
      "id" : "s6-t18",
      "begin" : 978,
      "end" : 981,
      "text" : "R&D",
      "whiteSpace" : false
    }, {
      "id" : "s6-t19",
      "begin" : 982,
      "end" : 986,
      "text" : "such",
      "whiteSpace" : false
    }, {
      "id" : "s6-t20",
      "begin" : 987,
      "end" : 991,
      "text" : "that",
      "whiteSpace" : false
    }, {
      "id" : "s6-t21",
      "begin" : 992,
      "end" : 997,
      "text" : "above",
      "whiteSpace" : false
    }, {
      "id" : "s6-t22",
      "begin" : 998,
      "end" : 1000,
      "text" : "it",
      "whiteSpace" : false
    }, {
      "id" : "s6-t23",
      "begin" : 1000,
      "end" : 1001,
      "text" : ",",
      "whiteSpace" : false
    }, {
      "id" : "s6-t24",
      "begin" : 1002,
      "end" : 1010,
      "text" : "economic",
      "whiteSpace" : false
    }, {
      "id" : "s6-t25",
      "begin" : 1011,
      "end" : 1017,
      "text" : "growth",
      "whiteSpace" : false
    }, {
      "id" : "s6-t26",
      "begin" : 1018,
      "end" : 1020,
      "text" : "is",
      "whiteSpace" : false
    }, {
      "id" : "s6-t27",
      "begin" : 1021,
      "end" : 1027,
      "text" : "rising",
      "whiteSpace" : false
    }, {
      "id" : "s6-t28",
      "begin" : 1027,
      "end" : 1028,
      "text" : ".",
      "whiteSpace" : false
    } ]
  } ],
  "mentions" : [ {
    "id" : "m1",
    "properties" : {
      "SIRE_MENTION_ROLE" : "evidence",
      "SIRE_MENTION_CLASS" : "SPC",
      "SIRE_ENTITY_LEVEL" : "NONE",
      "SIRE_MENTION_TYPE" : "NONE",
      "SIRE_ENTITY_CLASS" : "SPC",
      "SIRE_ENTITY_SUBTYPE" : "NONE"
    },
    "type" : "evidence",
    "begin" : 19,
    "end" : 26,
    "inCoref" : false
  }, {
    "id" : "m2",
    "properties" : {
      "SIRE_MENTION_ROLE" : "relation",
      "SIRE_MENTION_CLASS" : "SPC",
      "SIRE_ENTITY_LEVEL" : "NONE",
      "SIRE_MENTION_TYPE" : "NONE",
      "SIRE_ENTITY_CLASS" : "SPC",
      "SIRE_ENTITY_SUBTYPE" : "NONE"
    },
    "type" : "relation",
    "begin" : 44,
    "end" : 62,
    "inCoref" : false
  }, {
    "id" : "m3",
    "properties" : {
      "SIRE_MENTION_ROLE" : "Variable",
      "SIRE_MENTION_CLASS" : "SPC",
      "SIRE_ENTITY_LEVEL" : "NONE",
      "SIRE_MENTION_TYPE" : "NONE",
      "SIRE_ENTITY_CLASS" : "SPC",
      "SIRE_ENTITY_SUBTYPE" : "NONE"
    },
    "type" : "Variable",
    "begin" : 63,
    "end" : 80,
    "inCoref" : true
  }, {
    "id" : "s0-m5",
    "properties" : {
      "SIRE_MENTION_ROLE" : "Variable",
      "SIRE_ENTITY_SUBTYPE" : "NONE",
      "SIRE_MENTION_TYPE" : "NONE",
      "SIRE_MENTION_CLASS" : "SPC"
    },
    "type" : "Variable",
    "begin" : 82,
    "end" : 92,
    "inCoref" : false
  }, {
    "id" : "m4",
    "properties" : {
      "SIRE_MENTION_ROLE" : "Variable",
      "SIRE_MENTION_CLASS" : "SPC",
      "SIRE_ENTITY_LEVEL" : "NONE",
      "SIRE_MENTION_TYPE" : "NONE",
      "SIRE_ENTITY_CLASS" : "SPC",
      "SIRE_ENTITY_SUBTYPE" : "NONE"
    },
    "type" : "Variable",
    "begin" : 98,
    "end" : 113,
    "inCoref" : true
  }, {
    "id" : "m5",
    "properties" : {
      "SIRE_MENTION_ROLE" : "evidence",
      "SIRE_MENTION_CLASS" : "SPC",
      "SIRE_ENTITY_LEVEL" : "NONE",
      "SIRE_MENTION_TYPE" : "NONE",
      "SIRE_ENTITY_CLASS" : "SPC",
      "SIRE_ENTITY_SUBTYPE" : "NONE"
    },
    "type" : "evidence",
    "begin" : 180,
    "end" : 188,
    "inCoref" : false
  }, {
    "id" : "s1-m14",
    "properties" : {
      "SIRE_MENTION_ROLE" : "evidence",
      "SIRE_ENTITY_SUBTYPE" : "NONE",
      "SIRE_MENTION_TYPE" : "NONE",
      "SIRE_MENTION_CLASS" : "SPC"
    },
    "type" : "evidence",
    "begin" : 217,
    "end" : 221,
    "inCoref" : false
  }, {
    "id" : "s1-m10",
    "properties" : {
      "SIRE_MENTION_ROLE" : "relation",
      "SIRE_ENTITY_SUBTYPE" : "NONE",
      "SIRE_MENTION_TYPE" : "NONE",
      "SIRE_MENTION_CLASS" : "SPC"
    },
    "type" : "relation",
    "begin" : 250,
    "end" : 267,
    "inCoref" : false
  }, {
    "id" : "s1-m6",
    "properties" : {
      "SIRE_MENTION_ROLE" : "Variable",
      "SIRE_ENTITY_SUBTYPE" : "NONE",
      "SIRE_MENTION_TYPE" : "NONE",
      "SIRE_MENTION_CLASS" : "SPC"
    },
    "type" : "Variable",
    "begin" : 268,
    "end" : 282,
    "inCoref" : true
  }, {
    "id" : "s1-m7",
    "properties" : {
      "SIRE_MENTION_ROLE" : "Variable",
      "SIRE_ENTITY_SUBTYPE" : "NONE",
      "SIRE_MENTION_TYPE" : "NONE",
      "SIRE_MENTION_CLASS" : "SPC"
    },
    "type" : "Variable",
    "begin" : 287,
    "end" : 290,
    "inCoref" : true
  }, {
    "id" : "s1-m8",
    "properties" : {
      "SIRE_MENTION_ROLE" : "Variable",
      "SIRE_ENTITY_SUBTYPE" : "NONE",
      "SIRE_MENTION_TYPE" : "NONE",
      "SIRE_MENTION_CLASS" : "SPC"
    },
    "type" : "Variable",
    "begin" : 298,
    "end" : 301,
    "inCoref" : true
  }, {
    "id" : "s1-m11",
    "properties" : {
      "SIRE_MENTION_ROLE" : "relation",
      "SIRE_ENTITY_SUBTYPE" : "NONE",
      "SIRE_MENTION_TYPE" : "NONE",
      "SIRE_MENTION_CLASS" : "SPC"
    },
    "type" : "relation",
    "begin" : 302,
    "end" : 308,
    "inCoref" : false
  }, {
    "id" : "s1-m9",
    "properties" : {
      "SIRE_MENTION_ROLE" : "Variable",
      "SIRE_ENTITY_SUBTYPE" : "NONE",
      "SIRE_MENTION_TYPE" : "NONE",
      "SIRE_MENTION_CLASS" : "SPC"
    },
    "type" : "Variable",
    "begin" : 313,
    "end" : 344,
    "inCoref" : true
  }, {
    "id" : "s1-m13",
    "properties" : {
      "SIRE_MENTION_ROLE" : "Variable",
      "SIRE_ENTITY_SUBTYPE" : "NONE",
      "SIRE_MENTION_TYPE" : "NONE",
      "SIRE_MENTION_CLASS" : "SPC"
    },
    "type" : "Variable",
    "begin" : 350,
    "end" : 352,
    "inCoref" : true
  }, {
    "id" : "s1-m12",
    "properties" : {
      "SIRE_MENTION_ROLE" : "relation",
      "SIRE_ENTITY_SUBTYPE" : "NONE",
      "SIRE_MENTION_TYPE" : "NONE",
      "SIRE_MENTION_CLASS" : "SPC"
    },
    "type" : "relation",
    "begin" : 353,
    "end" : 359,
    "inCoref" : false
  }, {
    "id" : "m9",
    "properties" : {
      "SIRE_MENTION_ROLE" : "Variable",
      "SIRE_MENTION_CLASS" : "SPC",
      "SIRE_ENTITY_LEVEL" : "NONE",
      "SIRE_MENTION_TYPE" : "NONE",
      "SIRE_ENTITY_CLASS" : "SPC",
      "SIRE_ENTITY_SUBTYPE" : "NONE"
    },
    "type" : "Variable",
    "begin" : 360,
    "end" : 373,
    "inCoref" : false
  }, {
    "id" : "s3-m3",
    "properties" : {
      "SIRE_MENTION_ROLE" : "Variable",
      "SIRE_ENTITY_SUBTYPE" : "NONE",
      "SIRE_MENTION_TYPE" : "NONE",
      "SIRE_MENTION_CLASS" : "SPC"
    },
    "type" : "Variable",
    "begin" : 549,
    "end" : 552,
    "inCoref" : true
  }, {
    "id" : "m10",
    "properties" : {
      "SIRE_MENTION_ROLE" : "Variable",
      "SIRE_MENTION_CLASS" : "SPC",
      "SIRE_ENTITY_LEVEL" : "NONE",
      "SIRE_MENTION_TYPE" : "NONE",
      "SIRE_ENTITY_CLASS" : "SPC",
      "SIRE_ENTITY_SUBTYPE" : "NONE"
    },
    "type" : "Variable",
    "begin" : 556,
    "end" : 570,
    "inCoref" : true
  }, {
    "id" : "s3-m4",
    "properties" : {
      "SIRE_MENTION_ROLE" : "Variable",
      "SIRE_ENTITY_SUBTYPE" : "NONE",
      "SIRE_MENTION_TYPE" : "NONE",
      "SIRE_MENTION_CLASS" : "SPC"
    },
    "type" : "Variable",
    "begin" : 612,
    "end" : 615,
    "inCoref" : true
  }, {
    "id" : "m11",
    "properties" : {
      "SIRE_MENTION_ROLE" : "Variable",
      "SIRE_MENTION_CLASS" : "SPC",
      "SIRE_ENTITY_LEVEL" : "NONE",
      "SIRE_MENTION_TYPE" : "NONE",
      "SIRE_ENTITY_CLASS" : "SPC",
      "SIRE_ENTITY_SUBTYPE" : "NONE"
    },
    "type" : "Variable",
    "begin" : 655,
    "end" : 670,
    "inCoref" : true
  }, {
    "id" : "s4-m3",
    "properties" : {
      "SIRE_MENTION_ROLE" : "Variable",
      "SIRE_ENTITY_SUBTYPE" : "NONE",
      "SIRE_MENTION_TYPE" : "NONE",
      "SIRE_MENTION_CLASS" : "SPC"
    },
    "type" : "Variable",
    "begin" : 689,
    "end" : 692,
    "inCoref" : true
  }, {
    "id" : "m12",
    "properties" : {
      "SIRE_MENTION_ROLE" : "Variable",
      "SIRE_MENTION_CLASS" : "SPC",
      "SIRE_ENTITY_LEVEL" : "NONE",
      "SIRE_MENTION_TYPE" : "NONE",
      "SIRE_ENTITY_CLASS" : "SPC",
      "SIRE_ENTITY_SUBTYPE" : "NONE"
    },
    "type" : "Variable",
    "begin" : 700,
    "end" : 710,
    "inCoref" : true
  }, {
    "id" : "s4-m4",
    "properties" : {
      "SIRE_MENTION_ROLE" : "Variable",
      "SIRE_ENTITY_SUBTYPE" : "NONE",
      "SIRE_MENTION_TYPE" : "NONE",
      "SIRE_MENTION_CLASS" : "SPC"
    },
    "type" : "Variable",
    "begin" : 743,
    "end" : 746,
    "inCoref" : true
  }, {
    "id" : "m13",
    "properties" : {
      "SIRE_MENTION_ROLE" : "Variable",
      "SIRE_MENTION_CLASS" : "SPC",
      "SIRE_ENTITY_LEVEL" : "NONE",
      "SIRE_MENTION_TYPE" : "NONE",
      "SIRE_ENTITY_CLASS" : "SPC",
      "SIRE_ENTITY_SUBTYPE" : "NONE"
    },
    "type" : "Variable",
    "begin" : 764,
    "end" : 783,
    "inCoref" : false
  }, {
    "id" : "m14",
    "properties" : {
      "SIRE_MENTION_ROLE" : "evidence",
      "SIRE_MENTION_CLASS" : "SPC",
      "SIRE_ENTITY_LEVEL" : "NONE",
      "SIRE_MENTION_TYPE" : "NONE",
      "SIRE_ENTITY_CLASS" : "SPC",
      "SIRE_ENTITY_SUBTYPE" : "NONE"
    },
    "type" : "evidence",
    "begin" : 815,
    "end" : 823,
    "inCoref" : false
  }, {
    "id" : "m15",
    "properties" : {
      "SIRE_MENTION_ROLE" : "Variable",
      "SIRE_MENTION_CLASS" : "SPC",
      "SIRE_ENTITY_LEVEL" : "NONE",
      "SIRE_MENTION_TYPE" : "NONE",
      "SIRE_ENTITY_CLASS" : "SPC",
      "SIRE_ENTITY_SUBTYPE" : "NONE"
    },
    "type" : "Variable",
    "begin" : 826,
    "end" : 832,
    "inCoref" : true
  }, {
    "id" : "s5-m6",
    "properties" : {
      "SIRE_MENTION_ROLE" : "relation",
      "SIRE_ENTITY_SUBTYPE" : "NONE",
      "SIRE_MENTION_TYPE" : "NONE",
      "SIRE_MENTION_CLASS" : "SPC"
    },
    "type" : "relation",
    "begin" : 847,
    "end" : 857,
    "inCoref" : false
  }, {
    "id" : "s5-m4",
    "properties" : {
      "SIRE_MENTION_ROLE" : "Variable",
      "SIRE_ENTITY_SUBTYPE" : "NONE",
      "SIRE_MENTION_TYPE" : "NONE",
      "SIRE_MENTION_CLASS" : "SPC"
    },
    "type" : "Variable",
    "begin" : 858,
    "end" : 861,
    "inCoref" : true
  }, {
    "id" : "m16",
    "properties" : {
      "SIRE_MENTION_ROLE" : "Variable",
      "SIRE_MENTION_CLASS" : "SPC",
      "SIRE_ENTITY_LEVEL" : "NONE",
      "SIRE_MENTION_TYPE" : "NONE",
      "SIRE_ENTITY_CLASS" : "SPC",
      "SIRE_ENTITY_SUBTYPE" : "NONE"
    },
    "type" : "Variable",
    "begin" : 863,
    "end" : 880,
    "inCoref" : true
  }, {
    "id" : "s5-m5",
    "properties" : {
      "SIRE_MENTION_ROLE" : "Variable",
      "SIRE_ENTITY_SUBTYPE" : "NONE",
      "SIRE_MENTION_TYPE" : "NONE",
      "SIRE_MENTION_CLASS" : "SPC"
    },
    "type" : "Variable",
    "begin" : 886,
    "end" : 902,
    "inCoref" : false
  }, {
    "id" : "m17",
    "properties" : {
      "SIRE_MENTION_ROLE" : "Variable",
      "SIRE_MENTION_CLASS" : "SPC",
      "SIRE_ENTITY_LEVEL" : "NONE",
      "SIRE_MENTION_TYPE" : "NONE",
      "SIRE_ENTITY_CLASS" : "SPC",
      "SIRE_ENTITY_SUBTYPE" : "NONE"
    },
    "type" : "Variable",
    "begin" : 951,
    "end" : 955,
    "inCoref" : true
  }, {
    "id" : "s6-m4",
    "properties" : {
      "SIRE_MENTION_ROLE" : "Variable",
      "SIRE_ENTITY_SUBTYPE" : "NONE",
      "SIRE_MENTION_TYPE" : "NONE",
      "SIRE_MENTION_CLASS" : "SPC"
    },
    "type" : "Variable",
    "begin" : 978,
    "end" : 981,
    "inCoref" : true
  }, {
    "id" : "m18",
    "properties" : {
      "SIRE_MENTION_ROLE" : "Variable",
      "SIRE_MENTION_CLASS" : "SPC",
      "SIRE_ENTITY_LEVEL" : "NONE",
      "SIRE_MENTION_TYPE" : "NONE",
      "SIRE_ENTITY_CLASS" : "SPC",
      "SIRE_ENTITY_SUBTYPE" : "NONE"
    },
    "type" : "Variable",
    "begin" : 1002,
    "end" : 1017,
    "inCoref" : true
  }, {
    "id" : "m19",
    "properties" : {
      "SIRE_MENTION_ROLE" : "relation",
      "SIRE_MENTION_CLASS" : "SPC",
      "SIRE_ENTITY_LEVEL" : "NONE",
      "SIRE_MENTION_TYPE" : "NONE",
      "SIRE_ENTITY_CLASS" : "SPC",
      "SIRE_ENTITY_SUBTYPE" : "NONE"
    },
    "type" : "relation",
    "begin" : 1021,
    "end" : 1027,
    "inCoref" : false
  } ],
  "relations" : [ {
    "id" : "s0-r1",
    "properties" : { },
    "type" : "RelateCorrelation",
    "args" : [ "m3", "s0-m5" ]
  }, {
    "id" : "s0-r2",
    "properties" : { },
    "type" : "RelateCorrelation",
    "args" : [ "m3", "m4" ]
  }, {
    "id" : "s1-r1",
    "properties" : { },
    "type" : "Causal",
    "args" : [ "s1-m6", "s1-m7" ]
  }, {
    "id" : "s1-r2",
    "properties" : { },
    "type" : "Causal",
    "args" : [ "s1-m8", "s1-m9" ]
  }, {
    "id" : "s1-r3",
    "properties" : { },
    "type" : "Causal",
    "args" : [ "s1-m13", "m9" ]
  }, {
    "id" : "s5-r1",
    "properties" : { },
    "type" : "Causal",
    "args" : [ "s5-m4", "m15" ]
  }, {
    "id" : "s5-r2",
    "properties" : { },
    "type" : "Causal",
    "args" : [ "m16", "m15" ]
  }, {
    "id" : "s5-r3",
    "properties" : { },
    "type" : "Causal",
    "args" : [ "s5-m5", "m15" ]
  } ],
  "corefs" : [ {
    "id" : "c1",
    "properties" : { },
    "mentions" : [ "m3", "m16", "s1-m9" ]
  }, {
    "id" : "c2",
    "properties" : { },
    "mentions" : [ "m4", "m11", "m15", "m18" ]
  }, {
    "id" : "c4",
    "properties" : { },
    "mentions" : [ "m12", "m17" ]
  }, {
    "id" : "c5",
    "properties" : { },
    "mentions" : [ "m10", "s1-m6" ]
  }, {
    "id" : "c6",
    "properties" : { },
    "mentions" : [ "s5-m4", "s6-m4", "s4-m4", "s4-m3", "s3-m4", "s1-m13", "s1-m7", "s1-m8", "s3-m3" ]
  } ],
  "typeResolved" : true,
  "userResolved" : false
}