{
  "id" : "59343010-30e1-11ec-9ec9-37837bd054ad-6",
  "name" : "47. Panizza U (2002) .docx",
  "createdDate" : 0,
  "version" : 3,
  "text" : "\nWhile most cross-country studies find a negative relationship between income inequality and economic growth, studies that use panel data suggest the presence of a positive relationship between inequality and growth. This paper uses a cross-state panel for the United States to assess the relationship between inequality and growth. Using both standard fixed effects and GMM estimations, this paper does not find evidence of a positive relationship between inequality and growth but finds some evidence in support of a negative relationship between inequality and growth. The paper, however, shows that the relationship between inequality and growth is not robust and that small differences in the method used to measure inequality can result in large differences in the estimated relationship between inequality and growth.\n\n",
  "docLength" : 0,
  "language" : "EN",
  "status" : "IN_PROGRESS",
  "modifiedDate" : 1639153819665,
  "documentSet" : [ ],
  "preannotation" : [ "PRE_SIRE" ],
  "sentences" : [ {
    "id" : "s0",
    "begin" : 1,
    "end" : 216,
    "text" : "While most cross-country studies find a negative relationship between income inequality and economic growth, studies that use panel data suggest the presence of a positive relationship between inequality and growth.",
    "tokens" : [ {
      "id" : "s0-t0",
      "begin" : 1,
      "end" : 6,
      "text" : "While",
      "whiteSpace" : false
    }, {
      "id" : "s0-t1",
      "begin" : 7,
      "end" : 11,
      "text" : "most",
      "whiteSpace" : false
    }, {
      "id" : "s0-t2",
      "begin" : 12,
      "end" : 25,
      "text" : "cross-country",
      "whiteSpace" : false
    }, {
      "id" : "s0-t3",
      "begin" : 26,
      "end" : 33,
      "text" : "studies",
      "whiteSpace" : false
    }, {
      "id" : "s0-t4",
      "begin" : 34,
      "end" : 38,
      "text" : "find",
      "whiteSpace" : false
    }, {
      "id" : "s0-t5",
      "begin" : 39,
      "end" : 40,
      "text" : "a",
      "whiteSpace" : false
    }, {
      "id" : "s0-t6",
      "begin" : 41,
      "end" : 49,
      "text" : "negative",
      "whiteSpace" : false
    }, {
      "id" : "s0-t7",
      "begin" : 50,
      "end" : 62,
      "text" : "relationship",
      "whiteSpace" : false
    }, {
      "id" : "s0-t8",
      "begin" : 63,
      "end" : 70,
      "text" : "between",
      "whiteSpace" : false
    }, {
      "id" : "s0-t9",
      "begin" : 71,
      "end" : 77,
      "text" : "income",
      "whiteSpace" : false
    }, {
      "id" : "s0-t10",
      "begin" : 78,
      "end" : 88,
      "text" : "inequality",
      "whiteSpace" : false
    }, {
      "id" : "s0-t11",
      "begin" : 89,
      "end" : 92,
      "text" : "and",
      "whiteSpace" : false
    }, {
      "id" : "s0-t12",
      "begin" : 93,
      "end" : 101,
      "text" : "economic",
      "whiteSpace" : false
    }, {
      "id" : "s0-t13",
      "begin" : 102,
      "end" : 108,
      "text" : "growth",
      "whiteSpace" : false
    }, {
      "id" : "s0-t14",
      "begin" : 108,
      "end" : 109,
      "text" : ",",
      "whiteSpace" : false
    }, {
      "id" : "s0-t15",
      "begin" : 110,
      "end" : 117,
      "text" : "studies",
      "whiteSpace" : false
    }, {
      "id" : "s0-t16",
      "begin" : 118,
      "end" : 122,
      "text" : "that",
      "whiteSpace" : false
    }, {
      "id" : "s0-t17",
      "begin" : 123,
      "end" : 126,
      "text" : "use",
      "whiteSpace" : false
    }, {
      "id" : "s0-t18",
      "begin" : 127,
      "end" : 132,
      "text" : "panel",
      "whiteSpace" : false
    }, {
      "id" : "s0-t19",
      "begin" : 133,
      "end" : 137,
      "text" : "data",
      "whiteSpace" : false
    }, {
      "id" : "s0-t20",
      "begin" : 138,
      "end" : 145,
      "text" : "suggest",
      "whiteSpace" : false
    }, {
      "id" : "s0-t21",
      "begin" : 146,
      "end" : 149,
      "text" : "the",
      "whiteSpace" : false
    }, {
      "id" : "s0-t22",
      "begin" : 150,
      "end" : 158,
      "text" : "presence",
      "whiteSpace" : false
    }, {
      "id" : "s0-t23",
      "begin" : 159,
      "end" : 161,
      "text" : "of",
      "whiteSpace" : false
    }, {
      "id" : "s0-t24",
      "begin" : 162,
      "end" : 163,
      "text" : "a",
      "whiteSpace" : false
    }, {
      "id" : "s0-t25",
      "begin" : 164,
      "end" : 172,
      "text" : "positive",
      "whiteSpace" : false
    }, {
      "id" : "s0-t26",
      "begin" : 173,
      "end" : 185,
      "text" : "relationship",
      "whiteSpace" : false
    }, {
      "id" : "s0-t27",
      "begin" : 186,
      "end" : 193,
      "text" : "between",
      "whiteSpace" : false
    }, {
      "id" : "s0-t28",
      "begin" : 194,
      "end" : 204,
      "text" : "inequality",
      "whiteSpace" : false
    }, {
      "id" : "s0-t29",
      "begin" : 205,
      "end" : 208,
      "text" : "and",
      "whiteSpace" : false
    }, {
      "id" : "s0-t30",
      "begin" : 209,
      "end" : 215,
      "text" : "growth",
      "whiteSpace" : false
    }, {
      "id" : "s0-t31",
      "begin" : 215,
      "end" : 216,
      "text" : ".",
      "whiteSpace" : false
    } ]
  }, {
    "id" : "s1",
    "begin" : 217,
    "end" : 332,
    "text" : "This paper uses a cross-state panel for the United States to assess the relationship between inequality and growth.",
    "tokens" : [ {
      "id" : "s1-t0",
      "begin" : 217,
      "end" : 221,
      "text" : "This",
      "whiteSpace" : false
    }, {
      "id" : "s1-t1",
      "begin" : 222,
      "end" : 227,
      "text" : "paper",
      "whiteSpace" : false
    }, {
      "id" : "s1-t2",
      "begin" : 228,
      "end" : 232,
      "text" : "uses",
      "whiteSpace" : false
    }, {
      "id" : "s1-t3",
      "begin" : 233,
      "end" : 234,
      "text" : "a",
      "whiteSpace" : false
    }, {
      "id" : "s1-t4",
      "begin" : 235,
      "end" : 246,
      "text" : "cross-state",
      "whiteSpace" : false
    }, {
      "id" : "s1-t5",
      "begin" : 247,
      "end" : 252,
      "text" : "panel",
      "whiteSpace" : false
    }, {
      "id" : "s1-t6",
      "begin" : 253,
      "end" : 256,
      "text" : "for",
      "whiteSpace" : false
    }, {
      "id" : "s1-t7",
      "begin" : 257,
      "end" : 260,
      "text" : "the",
      "whiteSpace" : false
    }, {
      "id" : "s1-t8",
      "begin" : 261,
      "end" : 267,
      "text" : "United",
      "whiteSpace" : false
    }, {
      "id" : "s1-t9",
      "begin" : 268,
      "end" : 274,
      "text" : "States",
      "whiteSpace" : false
    }, {
      "id" : "s1-t10",
      "begin" : 275,
      "end" : 277,
      "text" : "to",
      "whiteSpace" : false
    }, {
      "id" : "s1-t11",
      "begin" : 278,
      "end" : 284,
      "text" : "assess",
      "whiteSpace" : false
    }, {
      "id" : "s1-t12",
      "begin" : 285,
      "end" : 288,
      "text" : "the",
      "whiteSpace" : false
    }, {
      "id" : "s1-t13",
      "begin" : 289,
      "end" : 301,
      "text" : "relationship",
      "whiteSpace" : false
    }, {
      "id" : "s1-t14",
      "begin" : 302,
      "end" : 309,
      "text" : "between",
      "whiteSpace" : false
    }, {
      "id" : "s1-t15",
      "begin" : 310,
      "end" : 320,
      "text" : "inequality",
      "whiteSpace" : false
    }, {
      "id" : "s1-t16",
      "begin" : 321,
      "end" : 324,
      "text" : "and",
      "whiteSpace" : false
    }, {
      "id" : "s1-t17",
      "begin" : 325,
      "end" : 331,
      "text" : "growth",
      "whiteSpace" : false
    }, {
      "id" : "s1-t18",
      "begin" : 331,
      "end" : 332,
      "text" : ".",
      "whiteSpace" : false
    } ]
  }, {
    "id" : "s2",
    "begin" : 333,
    "end" : 571,
    "text" : "Using both standard fixed effects and GMM estimations, this paper does not find evidence of a positive relationship between inequality and growth but finds some evidence in support of a negative relationship between inequality and growth.",
    "tokens" : [ {
      "id" : "s2-t0",
      "begin" : 333,
      "end" : 338,
      "text" : "Using",
      "whiteSpace" : false
    }, {
      "id" : "s2-t1",
      "begin" : 339,
      "end" : 343,
      "text" : "both",
      "whiteSpace" : false
    }, {
      "id" : "s2-t2",
      "begin" : 344,
      "end" : 352,
      "text" : "standard",
      "whiteSpace" : false
    }, {
      "id" : "s2-t3",
      "begin" : 353,
      "end" : 358,
      "text" : "fixed",
      "whiteSpace" : false
    }, {
      "id" : "s2-t4",
      "begin" : 359,
      "end" : 366,
      "text" : "effects",
      "whiteSpace" : false
    }, {
      "id" : "s2-t5",
      "begin" : 367,
      "end" : 370,
      "text" : "and",
      "whiteSpace" : false
    }, {
      "id" : "s2-t6",
      "begin" : 371,
      "end" : 374,
      "text" : "GMM",
      "whiteSpace" : false
    }, {
      "id" : "s2-t7",
      "begin" : 375,
      "end" : 386,
      "text" : "estimations",
      "whiteSpace" : false
    }, {
      "id" : "s2-t8",
      "begin" : 386,
      "end" : 387,
      "text" : ",",
      "whiteSpace" : false
    }, {
      "id" : "s2-t9",
      "begin" : 388,
      "end" : 392,
      "text" : "this",
      "whiteSpace" : false
    }, {
      "id" : "s2-t10",
      "begin" : 393,
      "end" : 398,
      "text" : "paper",
      "whiteSpace" : false
    }, {
      "id" : "s2-t11",
      "begin" : 399,
      "end" : 403,
      "text" : "does",
      "whiteSpace" : false
    }, {
      "id" : "s2-t12",
      "begin" : 404,
      "end" : 407,
      "text" : "not",
      "whiteSpace" : false
    }, {
      "id" : "s2-t13",
      "begin" : 408,
      "end" : 412,
      "text" : "find",
      "whiteSpace" : false
    }, {
      "id" : "s2-t14",
      "begin" : 413,
      "end" : 421,
      "text" : "evidence",
      "whiteSpace" : false
    }, {
      "id" : "s2-t15",
      "begin" : 422,
      "end" : 424,
      "text" : "of",
      "whiteSpace" : false
    }, {
      "id" : "s2-t16",
      "begin" : 425,
      "end" : 426,
      "text" : "a",
      "whiteSpace" : false
    }, {
      "id" : "s2-t17",
      "begin" : 427,
      "end" : 435,
      "text" : "positive",
      "whiteSpace" : false
    }, {
      "id" : "s2-t18",
      "begin" : 436,
      "end" : 448,
      "text" : "relationship",
      "whiteSpace" : false
    }, {
      "id" : "s2-t19",
      "begin" : 449,
      "end" : 456,
      "text" : "between",
      "whiteSpace" : false
    }, {
      "id" : "s2-t20",
      "begin" : 457,
      "end" : 467,
      "text" : "inequality",
      "whiteSpace" : false
    }, {
      "id" : "s2-t21",
      "begin" : 468,
      "end" : 471,
      "text" : "and",
      "whiteSpace" : false
    }, {
      "id" : "s2-t22",
      "begin" : 472,
      "end" : 478,
      "text" : "growth",
      "whiteSpace" : false
    }, {
      "id" : "s2-t23",
      "begin" : 479,
      "end" : 482,
      "text" : "but",
      "whiteSpace" : false
    }, {
      "id" : "s2-t24",
      "begin" : 483,
      "end" : 488,
      "text" : "finds",
      "whiteSpace" : false
    }, {
      "id" : "s2-t25",
      "begin" : 489,
      "end" : 493,
      "text" : "some",
      "whiteSpace" : false
    }, {
      "id" : "s2-t26",
      "begin" : 494,
      "end" : 502,
      "text" : "evidence",
      "whiteSpace" : false
    }, {
      "id" : "s2-t27",
      "begin" : 503,
      "end" : 505,
      "text" : "in",
      "whiteSpace" : false
    }, {
      "id" : "s2-t28",
      "begin" : 506,
      "end" : 513,
      "text" : "support",
      "whiteSpace" : false
    }, {
      "id" : "s2-t29",
      "begin" : 514,
      "end" : 516,
      "text" : "of",
      "whiteSpace" : false
    }, {
      "id" : "s2-t30",
      "begin" : 517,
      "end" : 518,
      "text" : "a",
      "whiteSpace" : false
    }, {
      "id" : "s2-t31",
      "begin" : 519,
      "end" : 527,
      "text" : "negative",
      "whiteSpace" : false
    }, {
      "id" : "s2-t32",
      "begin" : 528,
      "end" : 540,
      "text" : "relationship",
      "whiteSpace" : false
    }, {
      "id" : "s2-t33",
      "begin" : 541,
      "end" : 548,
      "text" : "between",
      "whiteSpace" : false
    }, {
      "id" : "s2-t34",
      "begin" : 549,
      "end" : 559,
      "text" : "inequality",
      "whiteSpace" : false
    }, {
      "id" : "s2-t35",
      "begin" : 560,
      "end" : 563,
      "text" : "and",
      "whiteSpace" : false
    }, {
      "id" : "s2-t36",
      "begin" : 564,
      "end" : 570,
      "text" : "growth",
      "whiteSpace" : false
    }, {
      "id" : "s2-t37",
      "begin" : 570,
      "end" : 571,
      "text" : ".",
      "whiteSpace" : false
    } ]
  }, {
    "id" : "s3",
    "begin" : 572,
    "end" : 824,
    "text" : "The paper, however, shows that the relationship between inequality and growth is not robust and that small differences in the method used to measure inequality can result in large differences in the estimated relationship between inequality and growth.",
    "tokens" : [ {
      "id" : "s3-t0",
      "begin" : 572,
      "end" : 575,
      "text" : "The",
      "whiteSpace" : false
    }, {
      "id" : "s3-t1",
      "begin" : 576,
      "end" : 581,
      "text" : "paper",
      "whiteSpace" : false
    }, {
      "id" : "s3-t2",
      "begin" : 581,
      "end" : 582,
      "text" : ",",
      "whiteSpace" : false
    }, {
      "id" : "s3-t3",
      "begin" : 583,
      "end" : 590,
      "text" : "however",
      "whiteSpace" : false
    }, {
      "id" : "s3-t4",
      "begin" : 590,
      "end" : 591,
      "text" : ",",
      "whiteSpace" : false
    }, {
      "id" : "s3-t5",
      "begin" : 592,
      "end" : 597,
      "text" : "shows",
      "whiteSpace" : false
    }, {
      "id" : "s3-t6",
      "begin" : 598,
      "end" : 602,
      "text" : "that",
      "whiteSpace" : false
    }, {
      "id" : "s3-t7",
      "begin" : 603,
      "end" : 606,
      "text" : "the",
      "whiteSpace" : false
    }, {
      "id" : "s3-t8",
      "begin" : 607,
      "end" : 619,
      "text" : "relationship",
      "whiteSpace" : false
    }, {
      "id" : "s3-t9",
      "begin" : 620,
      "end" : 627,
      "text" : "between",
      "whiteSpace" : false
    }, {
      "id" : "s3-t10",
      "begin" : 628,
      "end" : 638,
      "text" : "inequality",
      "whiteSpace" : false
    }, {
      "id" : "s3-t11",
      "begin" : 639,
      "end" : 642,
      "text" : "and",
      "whiteSpace" : false
    }, {
      "id" : "s3-t12",
      "begin" : 643,
      "end" : 649,
      "text" : "growth",
      "whiteSpace" : false
    }, {
      "id" : "s3-t13",
      "begin" : 650,
      "end" : 652,
      "text" : "is",
      "whiteSpace" : false
    }, {
      "id" : "s3-t14",
      "begin" : 653,
      "end" : 656,
      "text" : "not",
      "whiteSpace" : false
    }, {
      "id" : "s3-t15",
      "begin" : 657,
      "end" : 663,
      "text" : "robust",
      "whiteSpace" : false
    }, {
      "id" : "s3-t16",
      "begin" : 664,
      "end" : 667,
      "text" : "and",
      "whiteSpace" : false
    }, {
      "id" : "s3-t17",
      "begin" : 668,
      "end" : 672,
      "text" : "that",
      "whiteSpace" : false
    }, {
      "id" : "s3-t18",
      "begin" : 673,
      "end" : 678,
      "text" : "small",
      "whiteSpace" : false
    }, {
      "id" : "s3-t19",
      "begin" : 679,
      "end" : 690,
      "text" : "differences",
      "whiteSpace" : false
    }, {
      "id" : "s3-t20",
      "begin" : 691,
      "end" : 693,
      "text" : "in",
      "whiteSpace" : false
    }, {
      "id" : "s3-t21",
      "begin" : 694,
      "end" : 697,
      "text" : "the",
      "whiteSpace" : false
    }, {
      "id" : "s3-t22",
      "begin" : 698,
      "end" : 704,
      "text" : "method",
      "whiteSpace" : false
    }, {
      "id" : "s3-t23",
      "begin" : 705,
      "end" : 709,
      "text" : "used",
      "whiteSpace" : false
    }, {
      "id" : "s3-t24",
      "begin" : 710,
      "end" : 712,
      "text" : "to",
      "whiteSpace" : false
    }, {
      "id" : "s3-t25",
      "begin" : 713,
      "end" : 720,
      "text" : "measure",
      "whiteSpace" : false
    }, {
      "id" : "s3-t26",
      "begin" : 721,
      "end" : 731,
      "text" : "inequality",
      "whiteSpace" : false
    }, {
      "id" : "s3-t27",
      "begin" : 732,
      "end" : 735,
      "text" : "can",
      "whiteSpace" : false
    }, {
      "id" : "s3-t28",
      "begin" : 736,
      "end" : 742,
      "text" : "result",
      "whiteSpace" : false
    }, {
      "id" : "s3-t29",
      "begin" : 743,
      "end" : 745,
      "text" : "in",
      "whiteSpace" : false
    }, {
      "id" : "s3-t30",
      "begin" : 746,
      "end" : 751,
      "text" : "large",
      "whiteSpace" : false
    }, {
      "id" : "s3-t31",
      "begin" : 752,
      "end" : 763,
      "text" : "differences",
      "whiteSpace" : false
    }, {
      "id" : "s3-t32",
      "begin" : 764,
      "end" : 766,
      "text" : "in",
      "whiteSpace" : false
    }, {
      "id" : "s3-t33",
      "begin" : 767,
      "end" : 770,
      "text" : "the",
      "whiteSpace" : false
    }, {
      "id" : "s3-t34",
      "begin" : 771,
      "end" : 780,
      "text" : "estimated",
      "whiteSpace" : false
    }, {
      "id" : "s3-t35",
      "begin" : 781,
      "end" : 793,
      "text" : "relationship",
      "whiteSpace" : false
    }, {
      "id" : "s3-t36",
      "begin" : 794,
      "end" : 801,
      "text" : "between",
      "whiteSpace" : false
    }, {
      "id" : "s3-t37",
      "begin" : 802,
      "end" : 812,
      "text" : "inequality",
      "whiteSpace" : false
    }, {
      "id" : "s3-t38",
      "begin" : 813,
      "end" : 816,
      "text" : "and",
      "whiteSpace" : false
    }, {
      "id" : "s3-t39",
      "begin" : 817,
      "end" : 823,
      "text" : "growth",
      "whiteSpace" : false
    }, {
      "id" : "s3-t40",
      "begin" : 823,
      "end" : 824,
      "text" : ".",
      "whiteSpace" : false
    } ]
  } ],
  "mentions" : [ {
    "id" : "m1",
    "properties" : {
      "SIRE_MENTION_ROLE" : "evidence",
      "SIRE_MENTION_CLASS" : "SPC",
      "SIRE_ENTITY_LEVEL" : "NONE",
      "SIRE_MENTION_TYPE" : "NONE",
      "SIRE_ENTITY_CLASS" : "SPC",
      "SIRE_ENTITY_SUBTYPE" : "NONE"
    },
    "type" : "evidence",
    "begin" : 34,
    "end" : 38,
    "inCoref" : false
  }, {
    "id" : "m2",
    "properties" : {
      "SIRE_MENTION_ROLE" : "relation",
      "SIRE_MENTION_CLASS" : "SPC",
      "SIRE_ENTITY_LEVEL" : "NONE",
      "SIRE_MENTION_TYPE" : "NONE",
      "SIRE_ENTITY_CLASS" : "SPC",
      "SIRE_ENTITY_SUBTYPE" : "NONE"
    },
    "type" : "relation",
    "begin" : 50,
    "end" : 70,
    "inCoref" : false
  }, {
    "id" : "m3",
    "properties" : {
      "SIRE_MENTION_ROLE" : "Variable",
      "SIRE_MENTION_CLASS" : "SPC",
      "SIRE_ENTITY_LEVEL" : "NONE",
      "SIRE_MENTION_TYPE" : "NONE",
      "SIRE_ENTITY_CLASS" : "SPC",
      "SIRE_ENTITY_SUBTYPE" : "NONE"
    },
    "type" : "Variable",
    "begin" : 71,
    "end" : 88,
    "inCoref" : true
  }, {
    "id" : "m4",
    "properties" : {
      "SIRE_MENTION_ROLE" : "Variable",
      "SIRE_MENTION_CLASS" : "SPC",
      "SIRE_ENTITY_LEVEL" : "NONE",
      "SIRE_MENTION_TYPE" : "NONE",
      "SIRE_ENTITY_CLASS" : "SPC",
      "SIRE_ENTITY_SUBTYPE" : "NONE"
    },
    "type" : "Variable",
    "begin" : 93,
    "end" : 108,
    "inCoref" : true
  }, {
    "id" : "m5",
    "properties" : {
      "SIRE_MENTION_ROLE" : "relation",
      "SIRE_MENTION_CLASS" : "SPC",
      "SIRE_ENTITY_LEVEL" : "NONE",
      "SIRE_MENTION_TYPE" : "NONE",
      "SIRE_ENTITY_CLASS" : "SPC",
      "SIRE_ENTITY_SUBTYPE" : "NONE"
    },
    "type" : "relation",
    "begin" : 173,
    "end" : 193,
    "inCoref" : false
  }, {
    "id" : "m6",
    "properties" : {
      "SIRE_MENTION_ROLE" : "Variable",
      "SIRE_MENTION_CLASS" : "SPC",
      "SIRE_ENTITY_LEVEL" : "NONE",
      "SIRE_MENTION_TYPE" : "NONE",
      "SIRE_ENTITY_CLASS" : "SPC",
      "SIRE_ENTITY_SUBTYPE" : "NONE"
    },
    "type" : "Variable",
    "begin" : 194,
    "end" : 204,
    "inCoref" : true
  }, {
    "id" : "m7",
    "properties" : {
      "SIRE_MENTION_ROLE" : "Variable",
      "SIRE_MENTION_CLASS" : "SPC",
      "SIRE_ENTITY_LEVEL" : "NONE",
      "SIRE_MENTION_TYPE" : "NONE",
      "SIRE_ENTITY_CLASS" : "SPC",
      "SIRE_ENTITY_SUBTYPE" : "NONE"
    },
    "type" : "Variable",
    "begin" : 209,
    "end" : 215,
    "inCoref" : true
  }, {
    "id" : "m8",
    "properties" : {
      "SIRE_MENTION_ROLE" : "evidence",
      "SIRE_MENTION_CLASS" : "SPC",
      "SIRE_ENTITY_LEVEL" : "NONE",
      "SIRE_MENTION_TYPE" : "NONE",
      "SIRE_ENTITY_CLASS" : "SPC",
      "SIRE_ENTITY_SUBTYPE" : "NONE"
    },
    "type" : "evidence",
    "begin" : 278,
    "end" : 284,
    "inCoref" : false
  }, {
    "id" : "m9",
    "properties" : {
      "SIRE_MENTION_ROLE" : "relation",
      "SIRE_MENTION_CLASS" : "SPC",
      "SIRE_ENTITY_LEVEL" : "NONE",
      "SIRE_MENTION_TYPE" : "NONE",
      "SIRE_ENTITY_CLASS" : "SPC",
      "SIRE_ENTITY_SUBTYPE" : "NONE"
    },
    "type" : "relation",
    "begin" : 289,
    "end" : 309,
    "inCoref" : false
  }, {
    "id" : "m10",
    "properties" : {
      "SIRE_MENTION_ROLE" : "Variable",
      "SIRE_MENTION_CLASS" : "SPC",
      "SIRE_ENTITY_LEVEL" : "NONE",
      "SIRE_MENTION_TYPE" : "NONE",
      "SIRE_ENTITY_CLASS" : "SPC",
      "SIRE_ENTITY_SUBTYPE" : "NONE"
    },
    "type" : "Variable",
    "begin" : 310,
    "end" : 320,
    "inCoref" : true
  }, {
    "id" : "m11",
    "properties" : {
      "SIRE_MENTION_ROLE" : "Variable",
      "SIRE_MENTION_CLASS" : "SPC",
      "SIRE_ENTITY_LEVEL" : "NONE",
      "SIRE_MENTION_TYPE" : "NONE",
      "SIRE_ENTITY_CLASS" : "SPC",
      "SIRE_ENTITY_SUBTYPE" : "NONE"
    },
    "type" : "Variable",
    "begin" : 325,
    "end" : 331,
    "inCoref" : true
  }, {
    "id" : "s2-m11",
    "properties" : {
      "SIRE_MENTION_ROLE" : "negation",
      "SIRE_ENTITY_SUBTYPE" : "NONE",
      "SIRE_MENTION_TYPE" : "NONE",
      "SIRE_MENTION_CLASS" : "SPC"
    },
    "type" : "negation",
    "begin" : 404,
    "end" : 407,
    "inCoref" : false
  }, {
    "id" : "m12",
    "properties" : {
      "SIRE_MENTION_ROLE" : "evidence",
      "SIRE_MENTION_CLASS" : "SPC",
      "SIRE_ENTITY_LEVEL" : "NONE",
      "SIRE_MENTION_TYPE" : "NONE",
      "SIRE_ENTITY_CLASS" : "SPC",
      "SIRE_ENTITY_SUBTYPE" : "NONE"
    },
    "type" : "evidence",
    "begin" : 408,
    "end" : 412,
    "inCoref" : false
  }, {
    "id" : "m13",
    "properties" : {
      "SIRE_MENTION_ROLE" : "evidence",
      "SIRE_MENTION_CLASS" : "SPC",
      "SIRE_ENTITY_LEVEL" : "NONE",
      "SIRE_MENTION_TYPE" : "NONE",
      "SIRE_ENTITY_CLASS" : "SPC",
      "SIRE_ENTITY_SUBTYPE" : "NONE"
    },
    "type" : "evidence",
    "begin" : 413,
    "end" : 421,
    "inCoref" : false
  }, {
    "id" : "m14",
    "properties" : {
      "SIRE_MENTION_ROLE" : "relation",
      "SIRE_MENTION_CLASS" : "SPC",
      "SIRE_ENTITY_LEVEL" : "NONE",
      "SIRE_MENTION_TYPE" : "NONE",
      "SIRE_ENTITY_CLASS" : "SPC",
      "SIRE_ENTITY_SUBTYPE" : "NONE"
    },
    "type" : "relation",
    "begin" : 436,
    "end" : 456,
    "inCoref" : false
  }, {
    "id" : "m15",
    "properties" : {
      "SIRE_MENTION_ROLE" : "Variable",
      "SIRE_MENTION_CLASS" : "SPC",
      "SIRE_ENTITY_LEVEL" : "NONE",
      "SIRE_MENTION_TYPE" : "NONE",
      "SIRE_ENTITY_CLASS" : "SPC",
      "SIRE_ENTITY_SUBTYPE" : "NONE"
    },
    "type" : "Variable",
    "begin" : 457,
    "end" : 467,
    "inCoref" : true
  }, {
    "id" : "m16",
    "properties" : {
      "SIRE_MENTION_ROLE" : "Variable",
      "SIRE_MENTION_CLASS" : "SPC",
      "SIRE_ENTITY_LEVEL" : "NONE",
      "SIRE_MENTION_TYPE" : "NONE",
      "SIRE_ENTITY_CLASS" : "SPC",
      "SIRE_ENTITY_SUBTYPE" : "NONE"
    },
    "type" : "Variable",
    "begin" : 472,
    "end" : 478,
    "inCoref" : true
  }, {
    "id" : "s2-m10",
    "properties" : {
      "SIRE_MENTION_ROLE" : "evidence",
      "SIRE_ENTITY_SUBTYPE" : "NONE",
      "SIRE_MENTION_TYPE" : "NONE",
      "SIRE_MENTION_CLASS" : "SPC"
    },
    "type" : "evidence",
    "begin" : 483,
    "end" : 488,
    "inCoref" : false
  }, {
    "id" : "s2-m9",
    "properties" : {
      "SIRE_MENTION_ROLE" : "evidence",
      "SIRE_ENTITY_SUBTYPE" : "NONE",
      "SIRE_MENTION_TYPE" : "NONE",
      "SIRE_MENTION_CLASS" : "SPC"
    },
    "type" : "evidence",
    "begin" : 494,
    "end" : 502,
    "inCoref" : false
  }, {
    "id" : "m17",
    "properties" : {
      "SIRE_MENTION_ROLE" : "relation",
      "SIRE_MENTION_CLASS" : "SPC",
      "SIRE_ENTITY_LEVEL" : "NONE",
      "SIRE_MENTION_TYPE" : "NONE",
      "SIRE_ENTITY_CLASS" : "SPC",
      "SIRE_ENTITY_SUBTYPE" : "NONE"
    },
    "type" : "relation",
    "begin" : 528,
    "end" : 548,
    "inCoref" : false
  }, {
    "id" : "m18",
    "properties" : {
      "SIRE_MENTION_ROLE" : "Variable",
      "SIRE_MENTION_CLASS" : "SPC",
      "SIRE_ENTITY_LEVEL" : "NONE",
      "SIRE_MENTION_TYPE" : "NONE",
      "SIRE_ENTITY_CLASS" : "SPC",
      "SIRE_ENTITY_SUBTYPE" : "NONE"
    },
    "type" : "Variable",
    "begin" : 549,
    "end" : 559,
    "inCoref" : true
  }, {
    "id" : "m19",
    "properties" : {
      "SIRE_MENTION_ROLE" : "Variable",
      "SIRE_MENTION_CLASS" : "SPC",
      "SIRE_ENTITY_LEVEL" : "NONE",
      "SIRE_MENTION_TYPE" : "NONE",
      "SIRE_ENTITY_CLASS" : "SPC",
      "SIRE_ENTITY_SUBTYPE" : "NONE"
    },
    "type" : "Variable",
    "begin" : 564,
    "end" : 570,
    "inCoref" : true
  }, {
    "id" : "s3-m9",
    "properties" : {
      "SIRE_MENTION_ROLE" : "evidence",
      "SIRE_ENTITY_SUBTYPE" : "NONE",
      "SIRE_MENTION_TYPE" : "NONE",
      "SIRE_MENTION_CLASS" : "SPC"
    },
    "type" : "evidence",
    "begin" : 592,
    "end" : 597,
    "inCoref" : false
  }, {
    "id" : "m20",
    "properties" : {
      "SIRE_MENTION_ROLE" : "relation",
      "SIRE_MENTION_CLASS" : "SPC",
      "SIRE_ENTITY_LEVEL" : "NONE",
      "SIRE_MENTION_TYPE" : "NONE",
      "SIRE_ENTITY_CLASS" : "SPC",
      "SIRE_ENTITY_SUBTYPE" : "NONE"
    },
    "type" : "relation",
    "begin" : 607,
    "end" : 627,
    "inCoref" : false
  }, {
    "id" : "m21",
    "properties" : {
      "SIRE_MENTION_ROLE" : "Variable",
      "SIRE_MENTION_CLASS" : "SPC",
      "SIRE_ENTITY_LEVEL" : "NONE",
      "SIRE_MENTION_TYPE" : "NONE",
      "SIRE_ENTITY_CLASS" : "SPC",
      "SIRE_ENTITY_SUBTYPE" : "NONE"
    },
    "type" : "Variable",
    "begin" : 628,
    "end" : 638,
    "inCoref" : true
  }, {
    "id" : "m22",
    "properties" : {
      "SIRE_MENTION_ROLE" : "Variable",
      "SIRE_MENTION_CLASS" : "SPC",
      "SIRE_ENTITY_LEVEL" : "NONE",
      "SIRE_MENTION_TYPE" : "NONE",
      "SIRE_ENTITY_CLASS" : "SPC",
      "SIRE_ENTITY_SUBTYPE" : "NONE"
    },
    "type" : "Variable",
    "begin" : 643,
    "end" : 649,
    "inCoref" : true
  }, {
    "id" : "s3-m10",
    "properties" : {
      "SIRE_MENTION_ROLE" : "negation",
      "SIRE_ENTITY_SUBTYPE" : "NONE",
      "SIRE_MENTION_TYPE" : "NONE",
      "SIRE_MENTION_CLASS" : "SPC"
    },
    "type" : "negation",
    "begin" : 653,
    "end" : 656,
    "inCoref" : false
  }, {
    "id" : "m23",
    "properties" : {
      "SIRE_MENTION_ROLE" : "Variable",
      "SIRE_MENTION_CLASS" : "SPC",
      "SIRE_ENTITY_LEVEL" : "NONE",
      "SIRE_MENTION_TYPE" : "NONE",
      "SIRE_ENTITY_CLASS" : "SPC",
      "SIRE_ENTITY_SUBTYPE" : "NONE"
    },
    "type" : "Variable",
    "begin" : 721,
    "end" : 731,
    "inCoref" : true
  }, {
    "id" : "m24",
    "properties" : {
      "SIRE_MENTION_ROLE" : "relation",
      "SIRE_MENTION_CLASS" : "SPC",
      "SIRE_ENTITY_LEVEL" : "NONE",
      "SIRE_MENTION_TYPE" : "NONE",
      "SIRE_ENTITY_CLASS" : "SPC",
      "SIRE_ENTITY_SUBTYPE" : "NONE"
    },
    "type" : "relation",
    "begin" : 736,
    "end" : 745,
    "inCoref" : false
  }, {
    "id" : "m25",
    "properties" : {
      "SIRE_MENTION_ROLE" : "relation",
      "SIRE_MENTION_CLASS" : "SPC",
      "SIRE_ENTITY_LEVEL" : "NONE",
      "SIRE_MENTION_TYPE" : "NONE",
      "SIRE_ENTITY_CLASS" : "SPC",
      "SIRE_ENTITY_SUBTYPE" : "NONE"
    },
    "type" : "relation",
    "begin" : 781,
    "end" : 801,
    "inCoref" : false
  }, {
    "id" : "m26",
    "properties" : {
      "SIRE_MENTION_ROLE" : "Variable",
      "SIRE_MENTION_CLASS" : "SPC",
      "SIRE_ENTITY_LEVEL" : "NONE",
      "SIRE_MENTION_TYPE" : "NONE",
      "SIRE_ENTITY_CLASS" : "SPC",
      "SIRE_ENTITY_SUBTYPE" : "NONE"
    },
    "type" : "Variable",
    "begin" : 802,
    "end" : 812,
    "inCoref" : true
  }, {
    "id" : "m27",
    "properties" : {
      "SIRE_MENTION_ROLE" : "Variable",
      "SIRE_MENTION_CLASS" : "SPC",
      "SIRE_ENTITY_LEVEL" : "NONE",
      "SIRE_MENTION_TYPE" : "NONE",
      "SIRE_ENTITY_CLASS" : "SPC",
      "SIRE_ENTITY_SUBTYPE" : "NONE"
    },
    "type" : "Variable",
    "begin" : 817,
    "end" : 823,
    "inCoref" : true
  } ],
  "relations" : [ {
    "id" : "s0-r1",
    "properties" : { },
    "type" : "RelateCorrelation",
    "args" : [ "m3", "m4" ]
  }, {
    "id" : "s0-r2",
    "properties" : { },
    "type" : "RelateCorrelation",
    "args" : [ "m6", "m7" ]
  }, {
    "id" : "s1-r1",
    "properties" : { },
    "type" : "RelateCorrelation",
    "args" : [ "m10", "m11" ]
  }, {
    "id" : "s2-r3",
    "properties" : { },
    "type" : "NoRelation",
    "args" : [ "m15", "m16" ]
  }, {
    "id" : "s2-r4",
    "properties" : { },
    "type" : "RelateCorrelation",
    "args" : [ "m18", "m19" ]
  }, {
    "id" : "s3-r1",
    "properties" : { },
    "type" : "NoRelation",
    "args" : [ "m21", "m22" ]
  }, {
    "id" : "s3-r2",
    "properties" : { },
    "type" : "RelateCorrelation",
    "args" : [ "m26", "m27" ]
  } ],
  "corefs" : [ {
    "id" : "c1",
    "properties" : { },
    "mentions" : [ "m3", "m6", "m10", "m15", "m18", "m21", "m23", "m26" ]
  }, {
    "id" : "c2",
    "properties" : { },
    "mentions" : [ "m4", "m7", "m11", "m16", "m19", "m22", "m27" ]
  } ],
  "typeResolved" : true,
  "userResolved" : false
}