{
  "id" : "59343010-30e1-11ec-9ec9-37837bd054ad-2",
  "name" : "13. Brueckner M, Lederman D (2018.docx",
  "createdDate" : 0,
  "version" : 3,
  "text" : "We estimate a panel model where the relationship between inequality and GDP per capita growth depends on countries’ initial incomes. Estimates of the model show that the relationship between inequality and GDP per capita growth is significantly decreasing in countries’ initial incomes. Results from instrumental variables regressions show that in low income countries transitional growth is boosted by greater income inequality. In high income countries inequality has a significant negative effect on transitional growth. For the median country in the world, that in the year 2015 had a PPP GDP per capita of around 10000USD, IV estimates predict that a 1 percentage point increase in the Gini coefficient decreases GDP per capita growth over a 5-year period by over 1 percentage point; the long-run effect on the level of GDP per capita is around − 5%.\n\n",
  "docLength" : 0,
  "language" : "EN",
  "status" : "IN_PROGRESS",
  "modifiedDate" : 1639153585912,
  "documentSet" : [ ],
  "preannotation" : [ "PRE_SIRE" ],
  "sentences" : [ {
    "id" : "s0",
    "begin" : 0,
    "end" : 132,
    "text" : "We estimate a panel model where the relationship between inequality and GDP per capita growth depends on countries’ initial incomes.",
    "tokens" : [ {
      "id" : "s0-t0",
      "begin" : 0,
      "end" : 2,
      "text" : "We",
      "whiteSpace" : false
    }, {
      "id" : "s0-t1",
      "begin" : 3,
      "end" : 11,
      "text" : "estimate",
      "whiteSpace" : false
    }, {
      "id" : "s0-t2",
      "begin" : 12,
      "end" : 13,
      "text" : "a",
      "whiteSpace" : false
    }, {
      "id" : "s0-t3",
      "begin" : 14,
      "end" : 19,
      "text" : "panel",
      "whiteSpace" : false
    }, {
      "id" : "s0-t4",
      "begin" : 20,
      "end" : 25,
      "text" : "model",
      "whiteSpace" : false
    }, {
      "id" : "s0-t5",
      "begin" : 26,
      "end" : 31,
      "text" : "where",
      "whiteSpace" : false
    }, {
      "id" : "s0-t6",
      "begin" : 32,
      "end" : 35,
      "text" : "the",
      "whiteSpace" : false
    }, {
      "id" : "s0-t7",
      "begin" : 36,
      "end" : 48,
      "text" : "relationship",
      "whiteSpace" : false
    }, {
      "id" : "s0-t8",
      "begin" : 49,
      "end" : 56,
      "text" : "between",
      "whiteSpace" : false
    }, {
      "id" : "s0-t9",
      "begin" : 57,
      "end" : 67,
      "text" : "inequality",
      "whiteSpace" : false
    }, {
      "id" : "s0-t10",
      "begin" : 68,
      "end" : 71,
      "text" : "and",
      "whiteSpace" : false
    }, {
      "id" : "s0-t11",
      "begin" : 72,
      "end" : 75,
      "text" : "GDP",
      "whiteSpace" : false
    }, {
      "id" : "s0-t12",
      "begin" : 76,
      "end" : 79,
      "text" : "per",
      "whiteSpace" : false
    }, {
      "id" : "s0-t13",
      "begin" : 80,
      "end" : 86,
      "text" : "capita",
      "whiteSpace" : false
    }, {
      "id" : "s0-t14",
      "begin" : 87,
      "end" : 93,
      "text" : "growth",
      "whiteSpace" : false
    }, {
      "id" : "s0-t15",
      "begin" : 94,
      "end" : 101,
      "text" : "depends",
      "whiteSpace" : false
    }, {
      "id" : "s0-t16",
      "begin" : 102,
      "end" : 104,
      "text" : "on",
      "whiteSpace" : false
    }, {
      "id" : "s0-t17",
      "begin" : 105,
      "end" : 114,
      "text" : "countries",
      "whiteSpace" : false
    }, {
      "id" : "s0-t18",
      "begin" : 114,
      "end" : 115,
      "text" : "’",
      "whiteSpace" : false
    }, {
      "id" : "s0-t19",
      "begin" : 116,
      "end" : 123,
      "text" : "initial",
      "whiteSpace" : false
    }, {
      "id" : "s0-t20",
      "begin" : 124,
      "end" : 131,
      "text" : "incomes",
      "whiteSpace" : false
    }, {
      "id" : "s0-t21",
      "begin" : 131,
      "end" : 132,
      "text" : ".",
      "whiteSpace" : false
    } ]
  }, {
    "id" : "s1",
    "begin" : 133,
    "end" : 286,
    "text" : "Estimates of the model show that the relationship between inequality and GDP per capita growth is significantly decreasing in countries’ initial incomes.",
    "tokens" : [ {
      "id" : "s1-t0",
      "begin" : 133,
      "end" : 142,
      "text" : "Estimates",
      "whiteSpace" : false
    }, {
      "id" : "s1-t1",
      "begin" : 143,
      "end" : 145,
      "text" : "of",
      "whiteSpace" : false
    }, {
      "id" : "s1-t2",
      "begin" : 146,
      "end" : 149,
      "text" : "the",
      "whiteSpace" : false
    }, {
      "id" : "s1-t3",
      "begin" : 150,
      "end" : 155,
      "text" : "model",
      "whiteSpace" : false
    }, {
      "id" : "s1-t4",
      "begin" : 156,
      "end" : 160,
      "text" : "show",
      "whiteSpace" : false
    }, {
      "id" : "s1-t5",
      "begin" : 161,
      "end" : 165,
      "text" : "that",
      "whiteSpace" : false
    }, {
      "id" : "s1-t6",
      "begin" : 166,
      "end" : 169,
      "text" : "the",
      "whiteSpace" : false
    }, {
      "id" : "s1-t7",
      "begin" : 170,
      "end" : 182,
      "text" : "relationship",
      "whiteSpace" : false
    }, {
      "id" : "s1-t8",
      "begin" : 183,
      "end" : 190,
      "text" : "between",
      "whiteSpace" : false
    }, {
      "id" : "s1-t9",
      "begin" : 191,
      "end" : 201,
      "text" : "inequality",
      "whiteSpace" : false
    }, {
      "id" : "s1-t10",
      "begin" : 202,
      "end" : 205,
      "text" : "and",
      "whiteSpace" : false
    }, {
      "id" : "s1-t11",
      "begin" : 206,
      "end" : 209,
      "text" : "GDP",
      "whiteSpace" : false
    }, {
      "id" : "s1-t12",
      "begin" : 210,
      "end" : 213,
      "text" : "per",
      "whiteSpace" : false
    }, {
      "id" : "s1-t13",
      "begin" : 214,
      "end" : 220,
      "text" : "capita",
      "whiteSpace" : false
    }, {
      "id" : "s1-t14",
      "begin" : 221,
      "end" : 227,
      "text" : "growth",
      "whiteSpace" : false
    }, {
      "id" : "s1-t15",
      "begin" : 228,
      "end" : 230,
      "text" : "is",
      "whiteSpace" : false
    }, {
      "id" : "s1-t16",
      "begin" : 231,
      "end" : 244,
      "text" : "significantly",
      "whiteSpace" : false
    }, {
      "id" : "s1-t17",
      "begin" : 245,
      "end" : 255,
      "text" : "decreasing",
      "whiteSpace" : false
    }, {
      "id" : "s1-t18",
      "begin" : 256,
      "end" : 258,
      "text" : "in",
      "whiteSpace" : false
    }, {
      "id" : "s1-t19",
      "begin" : 259,
      "end" : 268,
      "text" : "countries",
      "whiteSpace" : false
    }, {
      "id" : "s1-t20",
      "begin" : 268,
      "end" : 269,
      "text" : "’",
      "whiteSpace" : false
    }, {
      "id" : "s1-t21",
      "begin" : 270,
      "end" : 277,
      "text" : "initial",
      "whiteSpace" : false
    }, {
      "id" : "s1-t22",
      "begin" : 278,
      "end" : 285,
      "text" : "incomes",
      "whiteSpace" : false
    }, {
      "id" : "s1-t23",
      "begin" : 285,
      "end" : 286,
      "text" : ".",
      "whiteSpace" : false
    } ]
  }, {
    "id" : "s2",
    "begin" : 287,
    "end" : 429,
    "text" : "Results from instrumental variables regressions show that in low income countries transitional growth is boosted by greater income inequality.",
    "tokens" : [ {
      "id" : "s2-t0",
      "begin" : 287,
      "end" : 294,
      "text" : "Results",
      "whiteSpace" : false
    }, {
      "id" : "s2-t1",
      "begin" : 295,
      "end" : 299,
      "text" : "from",
      "whiteSpace" : false
    }, {
      "id" : "s2-t2",
      "begin" : 300,
      "end" : 312,
      "text" : "instrumental",
      "whiteSpace" : false
    }, {
      "id" : "s2-t3",
      "begin" : 313,
      "end" : 322,
      "text" : "variables",
      "whiteSpace" : false
    }, {
      "id" : "s2-t4",
      "begin" : 323,
      "end" : 334,
      "text" : "regressions",
      "whiteSpace" : false
    }, {
      "id" : "s2-t5",
      "begin" : 335,
      "end" : 339,
      "text" : "show",
      "whiteSpace" : false
    }, {
      "id" : "s2-t6",
      "begin" : 340,
      "end" : 344,
      "text" : "that",
      "whiteSpace" : false
    }, {
      "id" : "s2-t7",
      "begin" : 345,
      "end" : 347,
      "text" : "in",
      "whiteSpace" : false
    }, {
      "id" : "s2-t8",
      "begin" : 348,
      "end" : 351,
      "text" : "low",
      "whiteSpace" : false
    }, {
      "id" : "s2-t9",
      "begin" : 352,
      "end" : 358,
      "text" : "income",
      "whiteSpace" : false
    }, {
      "id" : "s2-t10",
      "begin" : 359,
      "end" : 368,
      "text" : "countries",
      "whiteSpace" : false
    }, {
      "id" : "s2-t11",
      "begin" : 369,
      "end" : 381,
      "text" : "transitional",
      "whiteSpace" : false
    }, {
      "id" : "s2-t12",
      "begin" : 382,
      "end" : 388,
      "text" : "growth",
      "whiteSpace" : false
    }, {
      "id" : "s2-t13",
      "begin" : 389,
      "end" : 391,
      "text" : "is",
      "whiteSpace" : false
    }, {
      "id" : "s2-t14",
      "begin" : 392,
      "end" : 399,
      "text" : "boosted",
      "whiteSpace" : false
    }, {
      "id" : "s2-t15",
      "begin" : 400,
      "end" : 402,
      "text" : "by",
      "whiteSpace" : false
    }, {
      "id" : "s2-t16",
      "begin" : 403,
      "end" : 410,
      "text" : "greater",
      "whiteSpace" : false
    }, {
      "id" : "s2-t17",
      "begin" : 411,
      "end" : 417,
      "text" : "income",
      "whiteSpace" : false
    }, {
      "id" : "s2-t18",
      "begin" : 418,
      "end" : 428,
      "text" : "inequality",
      "whiteSpace" : false
    }, {
      "id" : "s2-t19",
      "begin" : 428,
      "end" : 429,
      "text" : ".",
      "whiteSpace" : false
    } ]
  }, {
    "id" : "s3",
    "begin" : 430,
    "end" : 523,
    "text" : "In high income countries inequality has a significant negative effect on transitional growth.",
    "tokens" : [ {
      "id" : "s3-t0",
      "begin" : 430,
      "end" : 432,
      "text" : "In",
      "whiteSpace" : false
    }, {
      "id" : "s3-t1",
      "begin" : 433,
      "end" : 437,
      "text" : "high",
      "whiteSpace" : false
    }, {
      "id" : "s3-t2",
      "begin" : 438,
      "end" : 444,
      "text" : "income",
      "whiteSpace" : false
    }, {
      "id" : "s3-t3",
      "begin" : 445,
      "end" : 454,
      "text" : "countries",
      "whiteSpace" : false
    }, {
      "id" : "s3-t4",
      "begin" : 455,
      "end" : 465,
      "text" : "inequality",
      "whiteSpace" : false
    }, {
      "id" : "s3-t5",
      "begin" : 466,
      "end" : 469,
      "text" : "has",
      "whiteSpace" : false
    }, {
      "id" : "s3-t6",
      "begin" : 470,
      "end" : 471,
      "text" : "a",
      "whiteSpace" : false
    }, {
      "id" : "s3-t7",
      "begin" : 472,
      "end" : 483,
      "text" : "significant",
      "whiteSpace" : false
    }, {
      "id" : "s3-t8",
      "begin" : 484,
      "end" : 492,
      "text" : "negative",
      "whiteSpace" : false
    }, {
      "id" : "s3-t9",
      "begin" : 493,
      "end" : 499,
      "text" : "effect",
      "whiteSpace" : false
    }, {
      "id" : "s3-t10",
      "begin" : 500,
      "end" : 502,
      "text" : "on",
      "whiteSpace" : false
    }, {
      "id" : "s3-t11",
      "begin" : 503,
      "end" : 515,
      "text" : "transitional",
      "whiteSpace" : false
    }, {
      "id" : "s3-t12",
      "begin" : 516,
      "end" : 522,
      "text" : "growth",
      "whiteSpace" : false
    }, {
      "id" : "s3-t13",
      "begin" : 522,
      "end" : 523,
      "text" : ".",
      "whiteSpace" : false
    } ]
  }, {
    "id" : "s4",
    "begin" : 524,
    "end" : 855,
    "text" : "For the median country in the world, that in the year 2015 had a PPP GDP per capita of around 10000USD, IV estimates predict that a 1 percentage point increase in the Gini coefficient decreases GDP per capita growth over a 5-year period by over 1 percentage point; the long-run effect on the level of GDP per capita is around − 5%.",
    "tokens" : [ {
      "id" : "s4-t0",
      "begin" : 524,
      "end" : 527,
      "text" : "For",
      "whiteSpace" : false
    }, {
      "id" : "s4-t1",
      "begin" : 528,
      "end" : 531,
      "text" : "the",
      "whiteSpace" : false
    }, {
      "id" : "s4-t2",
      "begin" : 532,
      "end" : 538,
      "text" : "median",
      "whiteSpace" : false
    }, {
      "id" : "s4-t3",
      "begin" : 539,
      "end" : 546,
      "text" : "country",
      "whiteSpace" : false
    }, {
      "id" : "s4-t4",
      "begin" : 547,
      "end" : 549,
      "text" : "in",
      "whiteSpace" : false
    }, {
      "id" : "s4-t5",
      "begin" : 550,
      "end" : 553,
      "text" : "the",
      "whiteSpace" : false
    }, {
      "id" : "s4-t6",
      "begin" : 554,
      "end" : 559,
      "text" : "world",
      "whiteSpace" : false
    }, {
      "id" : "s4-t7",
      "begin" : 559,
      "end" : 560,
      "text" : ",",
      "whiteSpace" : false
    }, {
      "id" : "s4-t8",
      "begin" : 561,
      "end" : 565,
      "text" : "that",
      "whiteSpace" : false
    }, {
      "id" : "s4-t9",
      "begin" : 566,
      "end" : 568,
      "text" : "in",
      "whiteSpace" : false
    }, {
      "id" : "s4-t10",
      "begin" : 569,
      "end" : 572,
      "text" : "the",
      "whiteSpace" : false
    }, {
      "id" : "s4-t11",
      "begin" : 573,
      "end" : 577,
      "text" : "year",
      "whiteSpace" : false
    }, {
      "id" : "s4-t12",
      "begin" : 578,
      "end" : 582,
      "text" : "2015",
      "whiteSpace" : false
    }, {
      "id" : "s4-t13",
      "begin" : 583,
      "end" : 586,
      "text" : "had",
      "whiteSpace" : false
    }, {
      "id" : "s4-t14",
      "begin" : 587,
      "end" : 588,
      "text" : "a",
      "whiteSpace" : false
    }, {
      "id" : "s4-t15",
      "begin" : 589,
      "end" : 592,
      "text" : "PPP",
      "whiteSpace" : false
    }, {
      "id" : "s4-t16",
      "begin" : 593,
      "end" : 596,
      "text" : "GDP",
      "whiteSpace" : false
    }, {
      "id" : "s4-t17",
      "begin" : 597,
      "end" : 600,
      "text" : "per",
      "whiteSpace" : false
    }, {
      "id" : "s4-t18",
      "begin" : 601,
      "end" : 607,
      "text" : "capita",
      "whiteSpace" : false
    }, {
      "id" : "s4-t19",
      "begin" : 608,
      "end" : 610,
      "text" : "of",
      "whiteSpace" : false
    }, {
      "id" : "s4-t20",
      "begin" : 611,
      "end" : 617,
      "text" : "around",
      "whiteSpace" : false
    }, {
      "id" : "s4-t21",
      "begin" : 618,
      "end" : 626,
      "text" : "10000USD",
      "whiteSpace" : false
    }, {
      "id" : "s4-t22",
      "begin" : 626,
      "end" : 627,
      "text" : ",",
      "whiteSpace" : false
    }, {
      "id" : "s4-t23",
      "begin" : 628,
      "end" : 630,
      "text" : "IV",
      "whiteSpace" : false
    }, {
      "id" : "s4-t24",
      "begin" : 631,
      "end" : 640,
      "text" : "estimates",
      "whiteSpace" : false
    }, {
      "id" : "s4-t25",
      "begin" : 641,
      "end" : 648,
      "text" : "predict",
      "whiteSpace" : false
    }, {
      "id" : "s4-t26",
      "begin" : 649,
      "end" : 653,
      "text" : "that",
      "whiteSpace" : false
    }, {
      "id" : "s4-t27",
      "begin" : 654,
      "end" : 655,
      "text" : "a",
      "whiteSpace" : false
    }, {
      "id" : "s4-t28",
      "begin" : 656,
      "end" : 657,
      "text" : "1",
      "whiteSpace" : false
    }, {
      "id" : "s4-t29",
      "begin" : 658,
      "end" : 668,
      "text" : "percentage",
      "whiteSpace" : false
    }, {
      "id" : "s4-t30",
      "begin" : 669,
      "end" : 674,
      "text" : "point",
      "whiteSpace" : false
    }, {
      "id" : "s4-t31",
      "begin" : 675,
      "end" : 683,
      "text" : "increase",
      "whiteSpace" : false
    }, {
      "id" : "s4-t32",
      "begin" : 684,
      "end" : 686,
      "text" : "in",
      "whiteSpace" : false
    }, {
      "id" : "s4-t33",
      "begin" : 687,
      "end" : 690,
      "text" : "the",
      "whiteSpace" : false
    }, {
      "id" : "s4-t34",
      "begin" : 691,
      "end" : 695,
      "text" : "Gini",
      "whiteSpace" : false
    }, {
      "id" : "s4-t35",
      "begin" : 696,
      "end" : 707,
      "text" : "coefficient",
      "whiteSpace" : false
    }, {
      "id" : "s4-t36",
      "begin" : 708,
      "end" : 717,
      "text" : "decreases",
      "whiteSpace" : false
    }, {
      "id" : "s4-t37",
      "begin" : 718,
      "end" : 721,
      "text" : "GDP",
      "whiteSpace" : false
    }, {
      "id" : "s4-t38",
      "begin" : 722,
      "end" : 725,
      "text" : "per",
      "whiteSpace" : false
    }, {
      "id" : "s4-t39",
      "begin" : 726,
      "end" : 732,
      "text" : "capita",
      "whiteSpace" : false
    }, {
      "id" : "s4-t40",
      "begin" : 733,
      "end" : 739,
      "text" : "growth",
      "whiteSpace" : false
    }, {
      "id" : "s4-t41",
      "begin" : 740,
      "end" : 744,
      "text" : "over",
      "whiteSpace" : false
    }, {
      "id" : "s4-t42",
      "begin" : 745,
      "end" : 746,
      "text" : "a",
      "whiteSpace" : false
    }, {
      "id" : "s4-t43",
      "begin" : 747,
      "end" : 748,
      "text" : "5",
      "whiteSpace" : false
    }, {
      "id" : "s4-t44",
      "begin" : 748,
      "end" : 749,
      "text" : "-",
      "whiteSpace" : false
    }, {
      "id" : "s4-t45",
      "begin" : 749,
      "end" : 753,
      "text" : "year",
      "whiteSpace" : false
    }, {
      "id" : "s4-t46",
      "begin" : 754,
      "end" : 760,
      "text" : "period",
      "whiteSpace" : false
    }, {
      "id" : "s4-t47",
      "begin" : 761,
      "end" : 763,
      "text" : "by",
      "whiteSpace" : false
    }, {
      "id" : "s4-t48",
      "begin" : 764,
      "end" : 768,
      "text" : "over",
      "whiteSpace" : false
    }, {
      "id" : "s4-t49",
      "begin" : 769,
      "end" : 770,
      "text" : "1",
      "whiteSpace" : false
    }, {
      "id" : "s4-t50",
      "begin" : 771,
      "end" : 781,
      "text" : "percentage",
      "whiteSpace" : false
    }, {
      "id" : "s4-t51",
      "begin" : 782,
      "end" : 787,
      "text" : "point",
      "whiteSpace" : false
    }, {
      "id" : "s4-t52",
      "begin" : 787,
      "end" : 788,
      "text" : ";",
      "whiteSpace" : false
    }, {
      "id" : "s4-t53",
      "begin" : 789,
      "end" : 792,
      "text" : "the",
      "whiteSpace" : false
    }, {
      "id" : "s4-t54",
      "begin" : 793,
      "end" : 801,
      "text" : "long-run",
      "whiteSpace" : false
    }, {
      "id" : "s4-t55",
      "begin" : 802,
      "end" : 808,
      "text" : "effect",
      "whiteSpace" : false
    }, {
      "id" : "s4-t56",
      "begin" : 809,
      "end" : 811,
      "text" : "on",
      "whiteSpace" : false
    }, {
      "id" : "s4-t57",
      "begin" : 812,
      "end" : 815,
      "text" : "the",
      "whiteSpace" : false
    }, {
      "id" : "s4-t58",
      "begin" : 816,
      "end" : 821,
      "text" : "level",
      "whiteSpace" : false
    }, {
      "id" : "s4-t59",
      "begin" : 822,
      "end" : 824,
      "text" : "of",
      "whiteSpace" : false
    }, {
      "id" : "s4-t60",
      "begin" : 825,
      "end" : 828,
      "text" : "GDP",
      "whiteSpace" : false
    }, {
      "id" : "s4-t61",
      "begin" : 829,
      "end" : 832,
      "text" : "per",
      "whiteSpace" : false
    }, {
      "id" : "s4-t62",
      "begin" : 833,
      "end" : 839,
      "text" : "capita",
      "whiteSpace" : false
    }, {
      "id" : "s4-t63",
      "begin" : 840,
      "end" : 842,
      "text" : "is",
      "whiteSpace" : false
    }, {
      "id" : "s4-t64",
      "begin" : 843,
      "end" : 849,
      "text" : "around",
      "whiteSpace" : false
    }, {
      "id" : "s4-t65",
      "begin" : 850,
      "end" : 851,
      "text" : "−",
      "whiteSpace" : false
    }, {
      "id" : "s4-t66",
      "begin" : 852,
      "end" : 853,
      "text" : "5",
      "whiteSpace" : false
    }, {
      "id" : "s4-t67",
      "begin" : 853,
      "end" : 854,
      "text" : "%",
      "whiteSpace" : false
    }, {
      "id" : "s4-t68",
      "begin" : 854,
      "end" : 855,
      "text" : ".",
      "whiteSpace" : false
    } ]
  } ],
  "mentions" : [ {
    "id" : "m1",
    "properties" : {
      "SIRE_MENTION_ROLE" : "evidence",
      "SIRE_MENTION_CLASS" : "SPC",
      "SIRE_ENTITY_LEVEL" : "NONE",
      "SIRE_MENTION_TYPE" : "NONE",
      "SIRE_ENTITY_CLASS" : "SPC",
      "SIRE_ENTITY_SUBTYPE" : "NONE"
    },
    "type" : "evidence",
    "begin" : 3,
    "end" : 11,
    "inCoref" : false
  }, {
    "id" : "m2",
    "properties" : {
      "SIRE_MENTION_ROLE" : "relation",
      "SIRE_MENTION_CLASS" : "SPC",
      "SIRE_ENTITY_LEVEL" : "NONE",
      "SIRE_MENTION_TYPE" : "NONE",
      "SIRE_ENTITY_CLASS" : "SPC",
      "SIRE_ENTITY_SUBTYPE" : "NONE"
    },
    "type" : "relation",
    "begin" : 36,
    "end" : 56,
    "inCoref" : false
  }, {
    "id" : "m3",
    "properties" : {
      "SIRE_MENTION_ROLE" : "Variable",
      "SIRE_MENTION_CLASS" : "SPC",
      "SIRE_ENTITY_LEVEL" : "NONE",
      "SIRE_MENTION_TYPE" : "NONE",
      "SIRE_ENTITY_CLASS" : "SPC",
      "SIRE_ENTITY_SUBTYPE" : "NONE"
    },
    "type" : "Variable",
    "begin" : 57,
    "end" : 67,
    "inCoref" : true
  }, {
    "id" : "m5",
    "properties" : {
      "SIRE_MENTION_ROLE" : "Variable",
      "SIRE_MENTION_CLASS" : "SPC",
      "SIRE_ENTITY_LEVEL" : "NONE",
      "SIRE_MENTION_TYPE" : "NONE",
      "SIRE_ENTITY_CLASS" : "SPC",
      "SIRE_ENTITY_SUBTYPE" : "NONE"
    },
    "type" : "Variable",
    "begin" : 72,
    "end" : 86,
    "inCoref" : true
  }, {
    "id" : "s1-m4",
    "properties" : {
      "SIRE_MENTION_ROLE" : "evidence",
      "SIRE_ENTITY_SUBTYPE" : "NONE",
      "SIRE_MENTION_TYPE" : "NONE",
      "SIRE_MENTION_CLASS" : "SPC"
    },
    "type" : "evidence",
    "begin" : 156,
    "end" : 160,
    "inCoref" : false
  }, {
    "id" : "m7",
    "properties" : {
      "SIRE_MENTION_ROLE" : "relation",
      "SIRE_MENTION_CLASS" : "SPC",
      "SIRE_ENTITY_LEVEL" : "NONE",
      "SIRE_MENTION_TYPE" : "NONE",
      "SIRE_ENTITY_CLASS" : "SPC",
      "SIRE_ENTITY_SUBTYPE" : "NONE"
    },
    "type" : "relation",
    "begin" : 170,
    "end" : 190,
    "inCoref" : false
  }, {
    "id" : "m8",
    "properties" : {
      "SIRE_MENTION_ROLE" : "Variable",
      "SIRE_MENTION_CLASS" : "SPC",
      "SIRE_ENTITY_LEVEL" : "NONE",
      "SIRE_MENTION_TYPE" : "NONE",
      "SIRE_ENTITY_CLASS" : "SPC",
      "SIRE_ENTITY_SUBTYPE" : "NONE"
    },
    "type" : "Variable",
    "begin" : 191,
    "end" : 201,
    "inCoref" : true
  }, {
    "id" : "m9",
    "properties" : {
      "SIRE_MENTION_ROLE" : "Variable",
      "SIRE_MENTION_CLASS" : "SPC",
      "SIRE_ENTITY_LEVEL" : "NONE",
      "SIRE_MENTION_TYPE" : "NONE",
      "SIRE_ENTITY_CLASS" : "SPC",
      "SIRE_ENTITY_SUBTYPE" : "NONE"
    },
    "type" : "Variable",
    "begin" : 206,
    "end" : 220,
    "inCoref" : true
  }, {
    "id" : "m11",
    "properties" : {
      "SIRE_MENTION_ROLE" : "evidence",
      "SIRE_MENTION_CLASS" : "SPC",
      "SIRE_ENTITY_LEVEL" : "NONE",
      "SIRE_MENTION_TYPE" : "NONE",
      "SIRE_ENTITY_CLASS" : "SPC",
      "SIRE_ENTITY_SUBTYPE" : "NONE"
    },
    "type" : "evidence",
    "begin" : 287,
    "end" : 294,
    "inCoref" : false
  }, {
    "id" : "s2-m5",
    "properties" : {
      "SIRE_MENTION_ROLE" : "evidence",
      "SIRE_ENTITY_SUBTYPE" : "NONE",
      "SIRE_MENTION_TYPE" : "NONE",
      "SIRE_MENTION_CLASS" : "SPC"
    },
    "type" : "evidence",
    "begin" : 335,
    "end" : 339,
    "inCoref" : false
  }, {
    "id" : "m12",
    "properties" : {
      "SIRE_MENTION_ROLE" : "Variable",
      "SIRE_MENTION_CLASS" : "SPC",
      "SIRE_ENTITY_LEVEL" : "NONE",
      "SIRE_MENTION_TYPE" : "NONE",
      "SIRE_ENTITY_CLASS" : "SPC",
      "SIRE_ENTITY_SUBTYPE" : "NONE"
    },
    "type" : "Variable",
    "begin" : 382,
    "end" : 388,
    "inCoref" : true
  }, {
    "id" : "s2-m6",
    "properties" : {
      "SIRE_MENTION_ROLE" : "relation",
      "SIRE_ENTITY_SUBTYPE" : "NONE",
      "SIRE_MENTION_TYPE" : "NONE",
      "SIRE_MENTION_CLASS" : "SPC"
    },
    "type" : "relation",
    "begin" : 392,
    "end" : 402,
    "inCoref" : false
  }, {
    "id" : "m13",
    "properties" : {
      "SIRE_MENTION_ROLE" : "relation",
      "SIRE_MENTION_CLASS" : "SPC",
      "SIRE_ENTITY_LEVEL" : "NONE",
      "SIRE_MENTION_TYPE" : "NONE",
      "SIRE_ENTITY_CLASS" : "SPC",
      "SIRE_ENTITY_SUBTYPE" : "NONE"
    },
    "type" : "relation",
    "begin" : 403,
    "end" : 410,
    "inCoref" : false
  }, {
    "id" : "m14",
    "properties" : {
      "SIRE_MENTION_ROLE" : "Variable",
      "SIRE_MENTION_CLASS" : "SPC",
      "SIRE_ENTITY_LEVEL" : "NONE",
      "SIRE_MENTION_TYPE" : "NONE",
      "SIRE_ENTITY_CLASS" : "SPC",
      "SIRE_ENTITY_SUBTYPE" : "NONE"
    },
    "type" : "Variable",
    "begin" : 411,
    "end" : 428,
    "inCoref" : true
  }, {
    "id" : "m16",
    "properties" : {
      "SIRE_MENTION_ROLE" : "Variable",
      "SIRE_MENTION_CLASS" : "SPC",
      "SIRE_ENTITY_LEVEL" : "NONE",
      "SIRE_MENTION_TYPE" : "NONE",
      "SIRE_ENTITY_CLASS" : "SPC",
      "SIRE_ENTITY_SUBTYPE" : "NONE"
    },
    "type" : "Variable",
    "begin" : 455,
    "end" : 465,
    "inCoref" : true
  }, {
    "id" : "m17",
    "properties" : {
      "SIRE_MENTION_ROLE" : "relation",
      "SIRE_MENTION_CLASS" : "SPC",
      "SIRE_ENTITY_LEVEL" : "NONE",
      "SIRE_MENTION_TYPE" : "NONE",
      "SIRE_ENTITY_CLASS" : "SPC",
      "SIRE_ENTITY_SUBTYPE" : "NONE"
    },
    "type" : "relation",
    "begin" : 493,
    "end" : 502,
    "inCoref" : false
  }, {
    "id" : "m18",
    "properties" : {
      "SIRE_MENTION_ROLE" : "Variable",
      "SIRE_MENTION_CLASS" : "SPC",
      "SIRE_ENTITY_LEVEL" : "NONE",
      "SIRE_MENTION_TYPE" : "NONE",
      "SIRE_ENTITY_CLASS" : "SPC",
      "SIRE_ENTITY_SUBTYPE" : "NONE"
    },
    "type" : "Variable",
    "begin" : 516,
    "end" : 522,
    "inCoref" : true
  }, {
    "id" : "s4-m9",
    "properties" : {
      "SIRE_MENTION_ROLE" : "Variable",
      "SIRE_ENTITY_SUBTYPE" : "NONE",
      "SIRE_MENTION_TYPE" : "NONE",
      "SIRE_MENTION_CLASS" : "SPC"
    },
    "type" : "Variable",
    "begin" : 593,
    "end" : 607,
    "inCoref" : true
  }, {
    "id" : "m20",
    "properties" : {
      "SIRE_MENTION_ROLE" : "relation",
      "SIRE_MENTION_CLASS" : "SPC",
      "SIRE_ENTITY_LEVEL" : "NONE",
      "SIRE_MENTION_TYPE" : "NONE",
      "SIRE_ENTITY_CLASS" : "SPC",
      "SIRE_ENTITY_SUBTYPE" : "NONE"
    },
    "type" : "relation",
    "begin" : 675,
    "end" : 686,
    "inCoref" : false
  }, {
    "id" : "m21",
    "properties" : {
      "SIRE_MENTION_ROLE" : "Variable",
      "SIRE_MENTION_CLASS" : "SPC",
      "SIRE_ENTITY_LEVEL" : "NONE",
      "SIRE_MENTION_TYPE" : "NONE",
      "SIRE_ENTITY_CLASS" : "SPC",
      "SIRE_ENTITY_SUBTYPE" : "NONE"
    },
    "type" : "Variable",
    "begin" : 691,
    "end" : 707,
    "inCoref" : true
  }, {
    "id" : "m22",
    "properties" : {
      "SIRE_MENTION_ROLE" : "relation",
      "SIRE_MENTION_CLASS" : "SPC",
      "SIRE_ENTITY_LEVEL" : "NONE",
      "SIRE_MENTION_TYPE" : "NONE",
      "SIRE_ENTITY_CLASS" : "SPC",
      "SIRE_ENTITY_SUBTYPE" : "NONE"
    },
    "type" : "relation",
    "begin" : 708,
    "end" : 717,
    "inCoref" : false
  }, {
    "id" : "s4-m10",
    "properties" : {
      "SIRE_MENTION_ROLE" : "Variable",
      "SIRE_ENTITY_SUBTYPE" : "NONE",
      "SIRE_MENTION_TYPE" : "NONE",
      "SIRE_MENTION_CLASS" : "SPC"
    },
    "type" : "Variable",
    "begin" : 718,
    "end" : 732,
    "inCoref" : true
  }, {
    "id" : "m25",
    "properties" : {
      "SIRE_MENTION_ROLE" : "relation",
      "SIRE_MENTION_CLASS" : "SPC",
      "SIRE_ENTITY_LEVEL" : "NONE",
      "SIRE_MENTION_TYPE" : "NONE",
      "SIRE_ENTITY_CLASS" : "SPC",
      "SIRE_ENTITY_SUBTYPE" : "NONE"
    },
    "type" : "relation",
    "begin" : 802,
    "end" : 811,
    "inCoref" : false
  }, {
    "id" : "s4-m11",
    "properties" : {
      "SIRE_MENTION_ROLE" : "Variable",
      "SIRE_ENTITY_SUBTYPE" : "NONE",
      "SIRE_MENTION_TYPE" : "NONE",
      "SIRE_MENTION_CLASS" : "SPC"
    },
    "type" : "Variable",
    "begin" : 825,
    "end" : 839,
    "inCoref" : true
  } ],
  "relations" : [ {
    "id" : "s1-r1",
    "properties" : { },
    "type" : "RelateCorrelation",
    "args" : [ "m8", "m9" ]
  }, {
    "id" : "s2-r1",
    "properties" : { },
    "type" : "Causal",
    "args" : [ "m14", "m12" ]
  }, {
    "id" : "r3",
    "properties" : {
      "SIRE_RELATION_MODALITY" : "ASSERTED",
      "SIRE_RELATION_TENSE" : "UNSPECIFIED",
      "SIRE_RELATION_SUBTYPE" : "OTHER",
      "SIRE_RELATION_CLASS" : "SPECIFIC"
    },
    "type" : "Causal",
    "args" : [ "m16", "m18" ]
  }, {
    "id" : "s4-r1",
    "properties" : { },
    "type" : "Causal",
    "args" : [ "m21", "s4-m10" ]
  }, {
    "id" : "s4-r2",
    "properties" : { },
    "type" : "Causal",
    "args" : [ "m21", "s4-m11" ]
  } ],
  "corefs" : [ {
    "id" : "c1",
    "properties" : { },
    "mentions" : [ "m3", "m8", "m14", "m16", "m21" ]
  }, {
    "id" : "c2",
    "properties" : { },
    "mentions" : [ "m9", "m12", "m18", "m5", "s4-m9", "s4-m10", "s4-m11" ]
  } ],
  "typeResolved" : true,
  "userResolved" : false
}