{
  "id" : "743e3580-30c4-11ec-aa73-df879fddbcaf-3",
  "name" : "55. Reuveny, R and Li, Q. (2003).docx",
  "createdDate" : 0,
  "version" : 3,
  "text" : "\nScholars have studied effects of economic openness and democracy on national income inequality in two literatures. In democracy studies, scholars agree democracy reduces inequality but empirical evidence is ambiguous. In globalization studies, effects of economic openness on inequality are debated but have not been rigorously examined. This article is the first systematic statistical study of the effects of both economic openness and democracy on income inequality. These effects need to be studied together. The authors measure national income inequality from a comprehensive Gini coefficient data set. Economic openness is measured from trade flows, foreign direct investment inflows, and financial capital inflows. The period studied is 1960 to 1996, the unit of analysis is a country decade, and the sample includes 69 countries. The authors find that democracy and trade reduce income inequality, foreign direct investments increase income inequality, and financial capital does not affect income inequality. Policy implications are discussed.\n\n",
  "docLength" : 0,
  "language" : "EN",
  "status" : "IN_PROGRESS",
  "modifiedDate" : 1639153385314,
  "documentSet" : [ ],
  "preannotation" : [ ],
  "sentences" : [ {
    "id" : "s0",
    "begin" : 1,
    "end" : 115,
    "text" : "Scholars have studied effects of economic openness and democracy on national income inequality in two literatures.",
    "tokens" : [ {
      "id" : "s0-t0",
      "begin" : 1,
      "end" : 9,
      "text" : "Scholars",
      "whiteSpace" : false
    }, {
      "id" : "s0-t1",
      "begin" : 10,
      "end" : 14,
      "text" : "have",
      "whiteSpace" : false
    }, {
      "id" : "s0-t2",
      "begin" : 15,
      "end" : 22,
      "text" : "studied",
      "whiteSpace" : false
    }, {
      "id" : "s0-t3",
      "begin" : 23,
      "end" : 30,
      "text" : "effects",
      "whiteSpace" : false
    }, {
      "id" : "s0-t4",
      "begin" : 31,
      "end" : 33,
      "text" : "of",
      "whiteSpace" : false
    }, {
      "id" : "s0-t5",
      "begin" : 34,
      "end" : 42,
      "text" : "economic",
      "whiteSpace" : false
    }, {
      "id" : "s0-t6",
      "begin" : 43,
      "end" : 51,
      "text" : "openness",
      "whiteSpace" : false
    }, {
      "id" : "s0-t7",
      "begin" : 52,
      "end" : 55,
      "text" : "and",
      "whiteSpace" : false
    }, {
      "id" : "s0-t8",
      "begin" : 56,
      "end" : 65,
      "text" : "democracy",
      "whiteSpace" : false
    }, {
      "id" : "s0-t9",
      "begin" : 66,
      "end" : 68,
      "text" : "on",
      "whiteSpace" : false
    }, {
      "id" : "s0-t10",
      "begin" : 69,
      "end" : 77,
      "text" : "national",
      "whiteSpace" : false
    }, {
      "id" : "s0-t11",
      "begin" : 78,
      "end" : 84,
      "text" : "income",
      "whiteSpace" : false
    }, {
      "id" : "s0-t12",
      "begin" : 85,
      "end" : 95,
      "text" : "inequality",
      "whiteSpace" : false
    }, {
      "id" : "s0-t13",
      "begin" : 96,
      "end" : 98,
      "text" : "in",
      "whiteSpace" : false
    }, {
      "id" : "s0-t14",
      "begin" : 99,
      "end" : 102,
      "text" : "two",
      "whiteSpace" : false
    }, {
      "id" : "s0-t15",
      "begin" : 103,
      "end" : 114,
      "text" : "literatures",
      "whiteSpace" : false
    }, {
      "id" : "s0-t16",
      "begin" : 114,
      "end" : 115,
      "text" : ".",
      "whiteSpace" : false
    } ]
  }, {
    "id" : "s1",
    "begin" : 116,
    "end" : 218,
    "text" : "In democracy studies, scholars agree democracy reduces inequality but empirical evidence is ambiguous.",
    "tokens" : [ {
      "id" : "s1-t0",
      "begin" : 116,
      "end" : 118,
      "text" : "In",
      "whiteSpace" : false
    }, {
      "id" : "s1-t1",
      "begin" : 119,
      "end" : 128,
      "text" : "democracy",
      "whiteSpace" : false
    }, {
      "id" : "s1-t2",
      "begin" : 129,
      "end" : 136,
      "text" : "studies",
      "whiteSpace" : false
    }, {
      "id" : "s1-t3",
      "begin" : 136,
      "end" : 137,
      "text" : ",",
      "whiteSpace" : false
    }, {
      "id" : "s1-t4",
      "begin" : 138,
      "end" : 146,
      "text" : "scholars",
      "whiteSpace" : false
    }, {
      "id" : "s1-t5",
      "begin" : 147,
      "end" : 152,
      "text" : "agree",
      "whiteSpace" : false
    }, {
      "id" : "s1-t6",
      "begin" : 153,
      "end" : 162,
      "text" : "democracy",
      "whiteSpace" : false
    }, {
      "id" : "s1-t7",
      "begin" : 163,
      "end" : 170,
      "text" : "reduces",
      "whiteSpace" : false
    }, {
      "id" : "s1-t8",
      "begin" : 171,
      "end" : 181,
      "text" : "inequality",
      "whiteSpace" : false
    }, {
      "id" : "s1-t9",
      "begin" : 182,
      "end" : 185,
      "text" : "but",
      "whiteSpace" : false
    }, {
      "id" : "s1-t10",
      "begin" : 186,
      "end" : 195,
      "text" : "empirical",
      "whiteSpace" : false
    }, {
      "id" : "s1-t11",
      "begin" : 196,
      "end" : 204,
      "text" : "evidence",
      "whiteSpace" : false
    }, {
      "id" : "s1-t12",
      "begin" : 205,
      "end" : 207,
      "text" : "is",
      "whiteSpace" : false
    }, {
      "id" : "s1-t13",
      "begin" : 208,
      "end" : 217,
      "text" : "ambiguous",
      "whiteSpace" : false
    }, {
      "id" : "s1-t14",
      "begin" : 217,
      "end" : 218,
      "text" : ".",
      "whiteSpace" : false
    } ]
  }, {
    "id" : "s2",
    "begin" : 219,
    "end" : 338,
    "text" : "In globalization studies, effects of economic openness on inequality are debated but have not been rigorously examined.",
    "tokens" : [ {
      "id" : "s2-t0",
      "begin" : 219,
      "end" : 221,
      "text" : "In",
      "whiteSpace" : false
    }, {
      "id" : "s2-t1",
      "begin" : 222,
      "end" : 235,
      "text" : "globalization",
      "whiteSpace" : false
    }, {
      "id" : "s2-t2",
      "begin" : 236,
      "end" : 243,
      "text" : "studies",
      "whiteSpace" : false
    }, {
      "id" : "s2-t3",
      "begin" : 243,
      "end" : 244,
      "text" : ",",
      "whiteSpace" : false
    }, {
      "id" : "s2-t4",
      "begin" : 245,
      "end" : 252,
      "text" : "effects",
      "whiteSpace" : false
    }, {
      "id" : "s2-t5",
      "begin" : 253,
      "end" : 255,
      "text" : "of",
      "whiteSpace" : false
    }, {
      "id" : "s2-t6",
      "begin" : 256,
      "end" : 264,
      "text" : "economic",
      "whiteSpace" : false
    }, {
      "id" : "s2-t7",
      "begin" : 265,
      "end" : 273,
      "text" : "openness",
      "whiteSpace" : false
    }, {
      "id" : "s2-t8",
      "begin" : 274,
      "end" : 276,
      "text" : "on",
      "whiteSpace" : false
    }, {
      "id" : "s2-t9",
      "begin" : 277,
      "end" : 287,
      "text" : "inequality",
      "whiteSpace" : false
    }, {
      "id" : "s2-t10",
      "begin" : 288,
      "end" : 291,
      "text" : "are",
      "whiteSpace" : false
    }, {
      "id" : "s2-t11",
      "begin" : 292,
      "end" : 299,
      "text" : "debated",
      "whiteSpace" : false
    }, {
      "id" : "s2-t12",
      "begin" : 300,
      "end" : 303,
      "text" : "but",
      "whiteSpace" : false
    }, {
      "id" : "s2-t13",
      "begin" : 304,
      "end" : 308,
      "text" : "have",
      "whiteSpace" : false
    }, {
      "id" : "s2-t14",
      "begin" : 309,
      "end" : 312,
      "text" : "not",
      "whiteSpace" : false
    }, {
      "id" : "s2-t15",
      "begin" : 313,
      "end" : 317,
      "text" : "been",
      "whiteSpace" : false
    }, {
      "id" : "s2-t16",
      "begin" : 318,
      "end" : 328,
      "text" : "rigorously",
      "whiteSpace" : false
    }, {
      "id" : "s2-t17",
      "begin" : 329,
      "end" : 337,
      "text" : "examined",
      "whiteSpace" : false
    }, {
      "id" : "s2-t18",
      "begin" : 337,
      "end" : 338,
      "text" : ".",
      "whiteSpace" : false
    } ]
  }, {
    "id" : "s3",
    "begin" : 339,
    "end" : 470,
    "text" : "This article is the first systematic statistical study of the effects of both economic openness and democracy on income inequality.",
    "tokens" : [ {
      "id" : "s3-t0",
      "begin" : 339,
      "end" : 343,
      "text" : "This",
      "whiteSpace" : false
    }, {
      "id" : "s3-t1",
      "begin" : 344,
      "end" : 351,
      "text" : "article",
      "whiteSpace" : false
    }, {
      "id" : "s3-t2",
      "begin" : 352,
      "end" : 354,
      "text" : "is",
      "whiteSpace" : false
    }, {
      "id" : "s3-t3",
      "begin" : 355,
      "end" : 358,
      "text" : "the",
      "whiteSpace" : false
    }, {
      "id" : "s3-t4",
      "begin" : 359,
      "end" : 364,
      "text" : "first",
      "whiteSpace" : false
    }, {
      "id" : "s3-t5",
      "begin" : 365,
      "end" : 375,
      "text" : "systematic",
      "whiteSpace" : false
    }, {
      "id" : "s3-t6",
      "begin" : 376,
      "end" : 387,
      "text" : "statistical",
      "whiteSpace" : false
    }, {
      "id" : "s3-t7",
      "begin" : 388,
      "end" : 393,
      "text" : "study",
      "whiteSpace" : false
    }, {
      "id" : "s3-t8",
      "begin" : 394,
      "end" : 396,
      "text" : "of",
      "whiteSpace" : false
    }, {
      "id" : "s3-t9",
      "begin" : 397,
      "end" : 400,
      "text" : "the",
      "whiteSpace" : false
    }, {
      "id" : "s3-t10",
      "begin" : 401,
      "end" : 408,
      "text" : "effects",
      "whiteSpace" : false
    }, {
      "id" : "s3-t11",
      "begin" : 409,
      "end" : 411,
      "text" : "of",
      "whiteSpace" : false
    }, {
      "id" : "s3-t12",
      "begin" : 412,
      "end" : 416,
      "text" : "both",
      "whiteSpace" : false
    }, {
      "id" : "s3-t13",
      "begin" : 417,
      "end" : 425,
      "text" : "economic",
      "whiteSpace" : false
    }, {
      "id" : "s3-t14",
      "begin" : 426,
      "end" : 434,
      "text" : "openness",
      "whiteSpace" : false
    }, {
      "id" : "s3-t15",
      "begin" : 435,
      "end" : 438,
      "text" : "and",
      "whiteSpace" : false
    }, {
      "id" : "s3-t16",
      "begin" : 439,
      "end" : 448,
      "text" : "democracy",
      "whiteSpace" : false
    }, {
      "id" : "s3-t17",
      "begin" : 449,
      "end" : 451,
      "text" : "on",
      "whiteSpace" : false
    }, {
      "id" : "s3-t18",
      "begin" : 452,
      "end" : 458,
      "text" : "income",
      "whiteSpace" : false
    }, {
      "id" : "s3-t19",
      "begin" : 459,
      "end" : 469,
      "text" : "inequality",
      "whiteSpace" : false
    }, {
      "id" : "s3-t20",
      "begin" : 469,
      "end" : 470,
      "text" : ".",
      "whiteSpace" : false
    } ]
  }, {
    "id" : "s4",
    "begin" : 471,
    "end" : 513,
    "text" : "These effects need to be studied together.",
    "tokens" : [ {
      "id" : "s4-t0",
      "begin" : 471,
      "end" : 476,
      "text" : "These",
      "whiteSpace" : false
    }, {
      "id" : "s4-t1",
      "begin" : 477,
      "end" : 484,
      "text" : "effects",
      "whiteSpace" : false
    }, {
      "id" : "s4-t2",
      "begin" : 485,
      "end" : 489,
      "text" : "need",
      "whiteSpace" : false
    }, {
      "id" : "s4-t3",
      "begin" : 490,
      "end" : 492,
      "text" : "to",
      "whiteSpace" : false
    }, {
      "id" : "s4-t4",
      "begin" : 493,
      "end" : 495,
      "text" : "be",
      "whiteSpace" : false
    }, {
      "id" : "s4-t5",
      "begin" : 496,
      "end" : 503,
      "text" : "studied",
      "whiteSpace" : false
    }, {
      "id" : "s4-t6",
      "begin" : 504,
      "end" : 512,
      "text" : "together",
      "whiteSpace" : false
    }, {
      "id" : "s4-t7",
      "begin" : 512,
      "end" : 513,
      "text" : ".",
      "whiteSpace" : false
    } ]
  }, {
    "id" : "s5",
    "begin" : 514,
    "end" : 608,
    "text" : "The authors measure national income inequality from a comprehensive Gini coefficient data set.",
    "tokens" : [ {
      "id" : "s5-t0",
      "begin" : 514,
      "end" : 517,
      "text" : "The",
      "whiteSpace" : false
    }, {
      "id" : "s5-t1",
      "begin" : 518,
      "end" : 525,
      "text" : "authors",
      "whiteSpace" : false
    }, {
      "id" : "s5-t2",
      "begin" : 526,
      "end" : 533,
      "text" : "measure",
      "whiteSpace" : false
    }, {
      "id" : "s5-t3",
      "begin" : 534,
      "end" : 542,
      "text" : "national",
      "whiteSpace" : false
    }, {
      "id" : "s5-t4",
      "begin" : 543,
      "end" : 549,
      "text" : "income",
      "whiteSpace" : false
    }, {
      "id" : "s5-t5",
      "begin" : 550,
      "end" : 560,
      "text" : "inequality",
      "whiteSpace" : false
    }, {
      "id" : "s5-t6",
      "begin" : 561,
      "end" : 565,
      "text" : "from",
      "whiteSpace" : false
    }, {
      "id" : "s5-t7",
      "begin" : 566,
      "end" : 567,
      "text" : "a",
      "whiteSpace" : false
    }, {
      "id" : "s5-t8",
      "begin" : 568,
      "end" : 581,
      "text" : "comprehensive",
      "whiteSpace" : false
    }, {
      "id" : "s5-t9",
      "begin" : 582,
      "end" : 586,
      "text" : "Gini",
      "whiteSpace" : false
    }, {
      "id" : "s5-t10",
      "begin" : 587,
      "end" : 598,
      "text" : "coefficient",
      "whiteSpace" : false
    }, {
      "id" : "s5-t11",
      "begin" : 599,
      "end" : 603,
      "text" : "data",
      "whiteSpace" : false
    }, {
      "id" : "s5-t12",
      "begin" : 604,
      "end" : 607,
      "text" : "set",
      "whiteSpace" : false
    }, {
      "id" : "s5-t13",
      "begin" : 607,
      "end" : 608,
      "text" : ".",
      "whiteSpace" : false
    } ]
  }, {
    "id" : "s6",
    "begin" : 609,
    "end" : 722,
    "text" : "Economic openness is measured from trade flows, foreign direct investment inflows, and financial capital inflows.",
    "tokens" : [ {
      "id" : "s6-t0",
      "begin" : 609,
      "end" : 617,
      "text" : "Economic",
      "whiteSpace" : false
    }, {
      "id" : "s6-t1",
      "begin" : 618,
      "end" : 626,
      "text" : "openness",
      "whiteSpace" : false
    }, {
      "id" : "s6-t2",
      "begin" : 627,
      "end" : 629,
      "text" : "is",
      "whiteSpace" : false
    }, {
      "id" : "s6-t3",
      "begin" : 630,
      "end" : 638,
      "text" : "measured",
      "whiteSpace" : false
    }, {
      "id" : "s6-t4",
      "begin" : 639,
      "end" : 643,
      "text" : "from",
      "whiteSpace" : false
    }, {
      "id" : "s6-t5",
      "begin" : 644,
      "end" : 649,
      "text" : "trade",
      "whiteSpace" : false
    }, {
      "id" : "s6-t6",
      "begin" : 650,
      "end" : 655,
      "text" : "flows",
      "whiteSpace" : false
    }, {
      "id" : "s6-t7",
      "begin" : 655,
      "end" : 656,
      "text" : ",",
      "whiteSpace" : false
    }, {
      "id" : "s6-t8",
      "begin" : 657,
      "end" : 664,
      "text" : "foreign",
      "whiteSpace" : false
    }, {
      "id" : "s6-t9",
      "begin" : 665,
      "end" : 671,
      "text" : "direct",
      "whiteSpace" : false
    }, {
      "id" : "s6-t10",
      "begin" : 672,
      "end" : 682,
      "text" : "investment",
      "whiteSpace" : false
    }, {
      "id" : "s6-t11",
      "begin" : 683,
      "end" : 690,
      "text" : "inflows",
      "whiteSpace" : false
    }, {
      "id" : "s6-t12",
      "begin" : 690,
      "end" : 691,
      "text" : ",",
      "whiteSpace" : false
    }, {
      "id" : "s6-t13",
      "begin" : 692,
      "end" : 695,
      "text" : "and",
      "whiteSpace" : false
    }, {
      "id" : "s6-t14",
      "begin" : 696,
      "end" : 705,
      "text" : "financial",
      "whiteSpace" : false
    }, {
      "id" : "s6-t15",
      "begin" : 706,
      "end" : 713,
      "text" : "capital",
      "whiteSpace" : false
    }, {
      "id" : "s6-t16",
      "begin" : 714,
      "end" : 721,
      "text" : "inflows",
      "whiteSpace" : false
    }, {
      "id" : "s6-t17",
      "begin" : 721,
      "end" : 722,
      "text" : ".",
      "whiteSpace" : false
    } ]
  }, {
    "id" : "s7",
    "begin" : 723,
    "end" : 838,
    "text" : "The period studied is 1960 to 1996, the unit of analysis is a country decade, and the sample includes 69 countries.",
    "tokens" : [ {
      "id" : "s7-t0",
      "begin" : 723,
      "end" : 726,
      "text" : "The",
      "whiteSpace" : false
    }, {
      "id" : "s7-t1",
      "begin" : 727,
      "end" : 733,
      "text" : "period",
      "whiteSpace" : false
    }, {
      "id" : "s7-t2",
      "begin" : 734,
      "end" : 741,
      "text" : "studied",
      "whiteSpace" : false
    }, {
      "id" : "s7-t3",
      "begin" : 742,
      "end" : 744,
      "text" : "is",
      "whiteSpace" : false
    }, {
      "id" : "s7-t4",
      "begin" : 745,
      "end" : 749,
      "text" : "1960",
      "whiteSpace" : false
    }, {
      "id" : "s7-t5",
      "begin" : 750,
      "end" : 752,
      "text" : "to",
      "whiteSpace" : false
    }, {
      "id" : "s7-t6",
      "begin" : 753,
      "end" : 757,
      "text" : "1996",
      "whiteSpace" : false
    }, {
      "id" : "s7-t7",
      "begin" : 757,
      "end" : 758,
      "text" : ",",
      "whiteSpace" : false
    }, {
      "id" : "s7-t8",
      "begin" : 759,
      "end" : 762,
      "text" : "the",
      "whiteSpace" : false
    }, {
      "id" : "s7-t9",
      "begin" : 763,
      "end" : 767,
      "text" : "unit",
      "whiteSpace" : false
    }, {
      "id" : "s7-t10",
      "begin" : 768,
      "end" : 770,
      "text" : "of",
      "whiteSpace" : false
    }, {
      "id" : "s7-t11",
      "begin" : 771,
      "end" : 779,
      "text" : "analysis",
      "whiteSpace" : false
    }, {
      "id" : "s7-t12",
      "begin" : 780,
      "end" : 782,
      "text" : "is",
      "whiteSpace" : false
    }, {
      "id" : "s7-t13",
      "begin" : 783,
      "end" : 784,
      "text" : "a",
      "whiteSpace" : false
    }, {
      "id" : "s7-t14",
      "begin" : 785,
      "end" : 792,
      "text" : "country",
      "whiteSpace" : false
    }, {
      "id" : "s7-t15",
      "begin" : 793,
      "end" : 799,
      "text" : "decade",
      "whiteSpace" : false
    }, {
      "id" : "s7-t16",
      "begin" : 799,
      "end" : 800,
      "text" : ",",
      "whiteSpace" : false
    }, {
      "id" : "s7-t17",
      "begin" : 801,
      "end" : 804,
      "text" : "and",
      "whiteSpace" : false
    }, {
      "id" : "s7-t18",
      "begin" : 805,
      "end" : 808,
      "text" : "the",
      "whiteSpace" : false
    }, {
      "id" : "s7-t19",
      "begin" : 809,
      "end" : 815,
      "text" : "sample",
      "whiteSpace" : false
    }, {
      "id" : "s7-t20",
      "begin" : 816,
      "end" : 824,
      "text" : "includes",
      "whiteSpace" : false
    }, {
      "id" : "s7-t21",
      "begin" : 825,
      "end" : 827,
      "text" : "69",
      "whiteSpace" : false
    }, {
      "id" : "s7-t22",
      "begin" : 828,
      "end" : 837,
      "text" : "countries",
      "whiteSpace" : false
    }, {
      "id" : "s7-t23",
      "begin" : 837,
      "end" : 838,
      "text" : ".",
      "whiteSpace" : false
    } ]
  }, {
    "id" : "s8",
    "begin" : 839,
    "end" : 1018,
    "text" : "The authors find that democracy and trade reduce income inequality, foreign direct investments increase income inequality, and financial capital does not affect income inequality.",
    "tokens" : [ {
      "id" : "s8-t0",
      "begin" : 839,
      "end" : 842,
      "text" : "The",
      "whiteSpace" : false
    }, {
      "id" : "s8-t1",
      "begin" : 843,
      "end" : 850,
      "text" : "authors",
      "whiteSpace" : false
    }, {
      "id" : "s8-t2",
      "begin" : 851,
      "end" : 855,
      "text" : "find",
      "whiteSpace" : false
    }, {
      "id" : "s8-t3",
      "begin" : 856,
      "end" : 860,
      "text" : "that",
      "whiteSpace" : false
    }, {
      "id" : "s8-t4",
      "begin" : 861,
      "end" : 870,
      "text" : "democracy",
      "whiteSpace" : false
    }, {
      "id" : "s8-t5",
      "begin" : 871,
      "end" : 874,
      "text" : "and",
      "whiteSpace" : false
    }, {
      "id" : "s8-t6",
      "begin" : 875,
      "end" : 880,
      "text" : "trade",
      "whiteSpace" : false
    }, {
      "id" : "s8-t7",
      "begin" : 881,
      "end" : 887,
      "text" : "reduce",
      "whiteSpace" : false
    }, {
      "id" : "s8-t8",
      "begin" : 888,
      "end" : 894,
      "text" : "income",
      "whiteSpace" : false
    }, {
      "id" : "s8-t9",
      "begin" : 895,
      "end" : 905,
      "text" : "inequality",
      "whiteSpace" : false
    }, {
      "id" : "s8-t10",
      "begin" : 905,
      "end" : 906,
      "text" : ",",
      "whiteSpace" : false
    }, {
      "id" : "s8-t11",
      "begin" : 907,
      "end" : 914,
      "text" : "foreign",
      "whiteSpace" : false
    }, {
      "id" : "s8-t12",
      "begin" : 915,
      "end" : 921,
      "text" : "direct",
      "whiteSpace" : false
    }, {
      "id" : "s8-t13",
      "begin" : 922,
      "end" : 933,
      "text" : "investments",
      "whiteSpace" : false
    }, {
      "id" : "s8-t14",
      "begin" : 934,
      "end" : 942,
      "text" : "increase",
      "whiteSpace" : false
    }, {
      "id" : "s8-t15",
      "begin" : 943,
      "end" : 949,
      "text" : "income",
      "whiteSpace" : false
    }, {
      "id" : "s8-t16",
      "begin" : 950,
      "end" : 960,
      "text" : "inequality",
      "whiteSpace" : false
    }, {
      "id" : "s8-t17",
      "begin" : 960,
      "end" : 961,
      "text" : ",",
      "whiteSpace" : false
    }, {
      "id" : "s8-t18",
      "begin" : 962,
      "end" : 965,
      "text" : "and",
      "whiteSpace" : false
    }, {
      "id" : "s8-t19",
      "begin" : 966,
      "end" : 975,
      "text" : "financial",
      "whiteSpace" : false
    }, {
      "id" : "s8-t20",
      "begin" : 976,
      "end" : 983,
      "text" : "capital",
      "whiteSpace" : false
    }, {
      "id" : "s8-t21",
      "begin" : 984,
      "end" : 988,
      "text" : "does",
      "whiteSpace" : false
    }, {
      "id" : "s8-t22",
      "begin" : 989,
      "end" : 992,
      "text" : "not",
      "whiteSpace" : false
    }, {
      "id" : "s8-t23",
      "begin" : 993,
      "end" : 999,
      "text" : "affect",
      "whiteSpace" : false
    }, {
      "id" : "s8-t24",
      "begin" : 1000,
      "end" : 1006,
      "text" : "income",
      "whiteSpace" : false
    }, {
      "id" : "s8-t25",
      "begin" : 1007,
      "end" : 1017,
      "text" : "inequality",
      "whiteSpace" : false
    }, {
      "id" : "s8-t26",
      "begin" : 1017,
      "end" : 1018,
      "text" : ".",
      "whiteSpace" : false
    } ]
  }, {
    "id" : "s9",
    "begin" : 1019,
    "end" : 1053,
    "text" : "Policy implications are discussed.",
    "tokens" : [ {
      "id" : "s9-t0",
      "begin" : 1019,
      "end" : 1025,
      "text" : "Policy",
      "whiteSpace" : false
    }, {
      "id" : "s9-t1",
      "begin" : 1026,
      "end" : 1038,
      "text" : "implications",
      "whiteSpace" : false
    }, {
      "id" : "s9-t2",
      "begin" : 1039,
      "end" : 1042,
      "text" : "are",
      "whiteSpace" : false
    }, {
      "id" : "s9-t3",
      "begin" : 1043,
      "end" : 1052,
      "text" : "discussed",
      "whiteSpace" : false
    }, {
      "id" : "s9-t4",
      "begin" : 1052,
      "end" : 1053,
      "text" : ".",
      "whiteSpace" : false
    } ]
  } ],
  "mentions" : [ {
    "id" : "s0-m1",
    "properties" : {
      "SIRE_MENTION_ROLE" : "evidence",
      "SIRE_ENTITY_SUBTYPE" : "NONE",
      "SIRE_MENTION_TYPE" : "NONE",
      "SIRE_MENTION_CLASS" : "SPC"
    },
    "type" : "evidence",
    "begin" : 15,
    "end" : 22,
    "inCoref" : false
  }, {
    "id" : "s0-m2",
    "properties" : {
      "SIRE_MENTION_ROLE" : "relation",
      "SIRE_ENTITY_SUBTYPE" : "NONE",
      "SIRE_MENTION_TYPE" : "NONE",
      "SIRE_MENTION_CLASS" : "SPC"
    },
    "type" : "relation",
    "begin" : 23,
    "end" : 33,
    "inCoref" : false
  }, {
    "id" : "s0-m3",
    "properties" : {
      "SIRE_MENTION_ROLE" : "Variable",
      "SIRE_ENTITY_SUBTYPE" : "NONE",
      "SIRE_MENTION_TYPE" : "NONE",
      "SIRE_MENTION_CLASS" : "SPC"
    },
    "type" : "Variable",
    "begin" : 34,
    "end" : 51,
    "inCoref" : true
  }, {
    "id" : "s0-m4",
    "properties" : {
      "SIRE_MENTION_ROLE" : "Variable",
      "SIRE_ENTITY_SUBTYPE" : "NONE",
      "SIRE_MENTION_TYPE" : "NONE",
      "SIRE_MENTION_CLASS" : "SPC"
    },
    "type" : "Variable",
    "begin" : 56,
    "end" : 65,
    "inCoref" : true
  }, {
    "id" : "s0-m5",
    "properties" : {
      "SIRE_MENTION_ROLE" : "Variable",
      "SIRE_ENTITY_SUBTYPE" : "NONE",
      "SIRE_MENTION_TYPE" : "NONE",
      "SIRE_MENTION_CLASS" : "SPC"
    },
    "type" : "Variable",
    "begin" : 78,
    "end" : 95,
    "inCoref" : true
  }, {
    "id" : "s2-m1",
    "properties" : {
      "SIRE_MENTION_ROLE" : "relation",
      "SIRE_ENTITY_SUBTYPE" : "NONE",
      "SIRE_MENTION_TYPE" : "NONE",
      "SIRE_MENTION_CLASS" : "SPC"
    },
    "type" : "relation",
    "begin" : 245,
    "end" : 255,
    "inCoref" : false
  }, {
    "id" : "s2-m2",
    "properties" : {
      "SIRE_MENTION_ROLE" : "Variable",
      "SIRE_ENTITY_SUBTYPE" : "NONE",
      "SIRE_MENTION_TYPE" : "NONE",
      "SIRE_MENTION_CLASS" : "SPC"
    },
    "type" : "Variable",
    "begin" : 256,
    "end" : 273,
    "inCoref" : true
  }, {
    "id" : "s2-m3",
    "properties" : {
      "SIRE_MENTION_ROLE" : "Variable",
      "SIRE_ENTITY_SUBTYPE" : "NONE",
      "SIRE_MENTION_TYPE" : "NONE",
      "SIRE_MENTION_CLASS" : "SPC"
    },
    "type" : "Variable",
    "begin" : 277,
    "end" : 287,
    "inCoref" : true
  }, {
    "id" : "s3-m1",
    "properties" : {
      "SIRE_MENTION_ROLE" : "evidence",
      "SIRE_ENTITY_SUBTYPE" : "NONE",
      "SIRE_MENTION_TYPE" : "NONE",
      "SIRE_MENTION_CLASS" : "SPC"
    },
    "type" : "evidence",
    "begin" : 388,
    "end" : 393,
    "inCoref" : false
  }, {
    "id" : "s3-m2",
    "properties" : {
      "SIRE_MENTION_ROLE" : "relation",
      "SIRE_ENTITY_SUBTYPE" : "NONE",
      "SIRE_MENTION_TYPE" : "NONE",
      "SIRE_MENTION_CLASS" : "SPC"
    },
    "type" : "relation",
    "begin" : 401,
    "end" : 411,
    "inCoref" : false
  }, {
    "id" : "s3-m3",
    "properties" : {
      "SIRE_MENTION_ROLE" : "Variable",
      "SIRE_ENTITY_SUBTYPE" : "NONE",
      "SIRE_MENTION_TYPE" : "NONE",
      "SIRE_MENTION_CLASS" : "SPC"
    },
    "type" : "Variable",
    "begin" : 417,
    "end" : 434,
    "inCoref" : true
  }, {
    "id" : "s3-m4",
    "properties" : {
      "SIRE_MENTION_ROLE" : "Variable",
      "SIRE_ENTITY_SUBTYPE" : "NONE",
      "SIRE_MENTION_TYPE" : "NONE",
      "SIRE_MENTION_CLASS" : "SPC"
    },
    "type" : "Variable",
    "begin" : 439,
    "end" : 448,
    "inCoref" : true
  }, {
    "id" : "s3-m5",
    "properties" : {
      "SIRE_MENTION_ROLE" : "Variable",
      "SIRE_ENTITY_SUBTYPE" : "NONE",
      "SIRE_MENTION_TYPE" : "NONE",
      "SIRE_MENTION_CLASS" : "SPC"
    },
    "type" : "Variable",
    "begin" : 452,
    "end" : 469,
    "inCoref" : true
  }, {
    "id" : "s5-m1",
    "properties" : {
      "SIRE_MENTION_ROLE" : "Variable",
      "SIRE_ENTITY_SUBTYPE" : "NONE",
      "SIRE_MENTION_TYPE" : "NONE",
      "SIRE_MENTION_CLASS" : "SPC"
    },
    "type" : "Variable",
    "begin" : 543,
    "end" : 560,
    "inCoref" : true
  }, {
    "id" : "s5-m2",
    "properties" : {
      "SIRE_MENTION_ROLE" : "Variable",
      "SIRE_ENTITY_SUBTYPE" : "NONE",
      "SIRE_MENTION_TYPE" : "NONE",
      "SIRE_MENTION_CLASS" : "SPC"
    },
    "type" : "Variable",
    "begin" : 582,
    "end" : 598,
    "inCoref" : false
  }, {
    "id" : "s6-m2",
    "properties" : {
      "SIRE_MENTION_ROLE" : "Variable",
      "SIRE_ENTITY_SUBTYPE" : "NONE",
      "SIRE_MENTION_TYPE" : "NONE",
      "SIRE_MENTION_CLASS" : "SPC"
    },
    "type" : "Variable",
    "begin" : 609,
    "end" : 626,
    "inCoref" : true
  }, {
    "id" : "s6-m3",
    "properties" : {
      "SIRE_MENTION_ROLE" : "Variable",
      "SIRE_ENTITY_SUBTYPE" : "NONE",
      "SIRE_MENTION_TYPE" : "NONE",
      "SIRE_MENTION_CLASS" : "SPC"
    },
    "type" : "Variable",
    "begin" : 644,
    "end" : 655,
    "inCoref" : true
  }, {
    "id" : "s6-m1",
    "properties" : {
      "SIRE_MENTION_ROLE" : "Variable",
      "SIRE_ENTITY_SUBTYPE" : "NONE",
      "SIRE_MENTION_TYPE" : "NONE",
      "SIRE_MENTION_CLASS" : "SPC"
    },
    "type" : "Variable",
    "begin" : 657,
    "end" : 690,
    "inCoref" : true
  }, {
    "id" : "s6-m4",
    "properties" : {
      "SIRE_MENTION_ROLE" : "Variable",
      "SIRE_ENTITY_SUBTYPE" : "NONE",
      "SIRE_MENTION_TYPE" : "NONE",
      "SIRE_MENTION_CLASS" : "SPC"
    },
    "type" : "Variable",
    "begin" : 696,
    "end" : 721,
    "inCoref" : true
  }, {
    "id" : "s7-m1",
    "properties" : {
      "SIRE_MENTION_ROLE" : "evidence",
      "SIRE_ENTITY_SUBTYPE" : "NONE",
      "SIRE_MENTION_TYPE" : "NONE",
      "SIRE_MENTION_CLASS" : "SPC"
    },
    "type" : "evidence",
    "begin" : 734,
    "end" : 741,
    "inCoref" : false
  }, {
    "id" : "s8-m1",
    "properties" : {
      "SIRE_MENTION_ROLE" : "evidence",
      "SIRE_ENTITY_SUBTYPE" : "NONE",
      "SIRE_MENTION_TYPE" : "NONE",
      "SIRE_MENTION_CLASS" : "SPC"
    },
    "type" : "evidence",
    "begin" : 851,
    "end" : 855,
    "inCoref" : false
  }, {
    "id" : "s8-m2",
    "properties" : {
      "SIRE_MENTION_ROLE" : "Variable",
      "SIRE_ENTITY_SUBTYPE" : "NONE",
      "SIRE_MENTION_TYPE" : "NONE",
      "SIRE_MENTION_CLASS" : "SPC"
    },
    "type" : "Variable",
    "begin" : 861,
    "end" : 870,
    "inCoref" : true
  }, {
    "id" : "s8-m3",
    "properties" : {
      "SIRE_MENTION_ROLE" : "Variable",
      "SIRE_ENTITY_SUBTYPE" : "NONE",
      "SIRE_MENTION_TYPE" : "NONE",
      "SIRE_MENTION_CLASS" : "SPC"
    },
    "type" : "Variable",
    "begin" : 875,
    "end" : 880,
    "inCoref" : true
  }, {
    "id" : "s8-m4",
    "properties" : {
      "SIRE_MENTION_ROLE" : "relation",
      "SIRE_ENTITY_SUBTYPE" : "NONE",
      "SIRE_MENTION_TYPE" : "NONE",
      "SIRE_MENTION_CLASS" : "SPC"
    },
    "type" : "relation",
    "begin" : 881,
    "end" : 887,
    "inCoref" : false
  }, {
    "id" : "s8-m5",
    "properties" : {
      "SIRE_MENTION_ROLE" : "Variable",
      "SIRE_ENTITY_SUBTYPE" : "NONE",
      "SIRE_MENTION_TYPE" : "NONE",
      "SIRE_MENTION_CLASS" : "SPC"
    },
    "type" : "Variable",
    "begin" : 888,
    "end" : 905,
    "inCoref" : true
  }, {
    "id" : "s8-m6",
    "properties" : {
      "SIRE_MENTION_ROLE" : "Variable",
      "SIRE_ENTITY_SUBTYPE" : "NONE",
      "SIRE_MENTION_TYPE" : "NONE",
      "SIRE_MENTION_CLASS" : "SPC"
    },
    "type" : "Variable",
    "begin" : 907,
    "end" : 933,
    "inCoref" : true
  }, {
    "id" : "s8-m7",
    "properties" : {
      "SIRE_MENTION_ROLE" : "relation",
      "SIRE_ENTITY_SUBTYPE" : "NONE",
      "SIRE_MENTION_TYPE" : "NONE",
      "SIRE_MENTION_CLASS" : "SPC"
    },
    "type" : "relation",
    "begin" : 934,
    "end" : 942,
    "inCoref" : false
  }, {
    "id" : "s8-m8",
    "properties" : {
      "SIRE_MENTION_ROLE" : "Variable",
      "SIRE_ENTITY_SUBTYPE" : "NONE",
      "SIRE_MENTION_TYPE" : "NONE",
      "SIRE_MENTION_CLASS" : "SPC"
    },
    "type" : "Variable",
    "begin" : 943,
    "end" : 960,
    "inCoref" : true
  }, {
    "id" : "s8-m9",
    "properties" : {
      "SIRE_MENTION_ROLE" : "Variable",
      "SIRE_ENTITY_SUBTYPE" : "NONE",
      "SIRE_MENTION_TYPE" : "NONE",
      "SIRE_MENTION_CLASS" : "SPC"
    },
    "type" : "Variable",
    "begin" : 966,
    "end" : 983,
    "inCoref" : true
  }, {
    "id" : "s8-m12",
    "properties" : {
      "SIRE_MENTION_ROLE" : "negation",
      "SIRE_ENTITY_SUBTYPE" : "NONE",
      "SIRE_MENTION_TYPE" : "NONE",
      "SIRE_MENTION_CLASS" : "SPC"
    },
    "type" : "negation",
    "begin" : 989,
    "end" : 992,
    "inCoref" : false
  }, {
    "id" : "s8-m10",
    "properties" : {
      "SIRE_MENTION_ROLE" : "relation",
      "SIRE_ENTITY_SUBTYPE" : "NONE",
      "SIRE_MENTION_TYPE" : "NONE",
      "SIRE_MENTION_CLASS" : "SPC"
    },
    "type" : "relation",
    "begin" : 993,
    "end" : 999,
    "inCoref" : false
  }, {
    "id" : "s8-m11",
    "properties" : {
      "SIRE_MENTION_ROLE" : "Variable",
      "SIRE_ENTITY_SUBTYPE" : "NONE",
      "SIRE_MENTION_TYPE" : "NONE",
      "SIRE_MENTION_CLASS" : "SPC"
    },
    "type" : "Variable",
    "begin" : 1000,
    "end" : 1017,
    "inCoref" : true
  } ],
  "relations" : [ {
    "id" : "s8-r1",
    "properties" : { },
    "type" : "Causal",
    "args" : [ "s8-m2", "s8-m5" ]
  }, {
    "id" : "s8-r2",
    "properties" : { },
    "type" : "Causal",
    "args" : [ "s8-m3", "s8-m5" ]
  }, {
    "id" : "s8-r3",
    "properties" : { },
    "type" : "Causal",
    "args" : [ "s8-m6", "s8-m8" ]
  }, {
    "id" : "s8-r4",
    "properties" : { },
    "type" : "NoRelation",
    "args" : [ "s8-m9", "s8-m11" ]
  } ],
  "corefs" : [ {
    "id" : "c1",
    "properties" : { },
    "mentions" : [ "s0-m3", "s2-m2", "s3-m3", "s6-m2" ]
  }, {
    "id" : "c2",
    "properties" : { },
    "mentions" : [ "s2-m3", "s3-m5", "s5-m1", "s8-m5", "s8-m8", "s8-m11", "s0-m5" ]
  }, {
    "id" : "c3",
    "properties" : { },
    "mentions" : [ "s6-m1", "s8-m6" ]
  }, {
    "id" : "c4",
    "properties" : { },
    "mentions" : [ "s6-m4", "s8-m9" ]
  }, {
    "id" : "c5",
    "properties" : { },
    "mentions" : [ "s6-m3", "s8-m3" ]
  }, {
    "id" : "c6",
    "properties" : { },
    "mentions" : [ "s8-m2", "s3-m4", "s0-m4" ]
  } ],
  "typeResolved" : true,
  "userResolved" : false
}