{
  "id" : "743e3580-30c4-11ec-aa73-df879fddbcaf-1",
  "name" : "28. Deininger K., and Squire, L. (1997). .docx",
  "createdDate" : 0,
  "version" : 3,
  "text" : "\nMany economists have long believed that income disparities increase in the early stages of economic development. This makes the poor relatively worse off. The findings of a recent study indicate that an unequal distribution of income can hamper growth. The Kuznets hypothesis that inequality increases in the early stages of development and then declines was tested, but evidence supporting it was weak. A weak negative relationship was also found between initial income inequality and subsequent growth. However, there was a significant negative relationship between initial inequality of assets, as measured by land distribution, and subsequent growth. Finally, the results indicate that the poor generally benefit from growth enhancing policies, specifically investment, and that they may benefit from redistribution.\n\n",
  "docLength" : 0,
  "language" : "EN",
  "status" : "IN_PROGRESS",
  "modifiedDate" : 1639153253388,
  "documentSet" : [ ],
  "preannotation" : [ ],
  "sentences" : [ {
    "id" : "s0",
    "begin" : 1,
    "end" : 113,
    "text" : "Many economists have long believed that income disparities increase in the early stages of economic development.",
    "tokens" : [ {
      "id" : "s0-t0",
      "begin" : 1,
      "end" : 5,
      "text" : "Many",
      "whiteSpace" : false
    }, {
      "id" : "s0-t1",
      "begin" : 6,
      "end" : 16,
      "text" : "economists",
      "whiteSpace" : false
    }, {
      "id" : "s0-t2",
      "begin" : 17,
      "end" : 21,
      "text" : "have",
      "whiteSpace" : false
    }, {
      "id" : "s0-t3",
      "begin" : 22,
      "end" : 26,
      "text" : "long",
      "whiteSpace" : false
    }, {
      "id" : "s0-t4",
      "begin" : 27,
      "end" : 35,
      "text" : "believed",
      "whiteSpace" : false
    }, {
      "id" : "s0-t5",
      "begin" : 36,
      "end" : 40,
      "text" : "that",
      "whiteSpace" : false
    }, {
      "id" : "s0-t6",
      "begin" : 41,
      "end" : 47,
      "text" : "income",
      "whiteSpace" : false
    }, {
      "id" : "s0-t7",
      "begin" : 48,
      "end" : 59,
      "text" : "disparities",
      "whiteSpace" : false
    }, {
      "id" : "s0-t8",
      "begin" : 60,
      "end" : 68,
      "text" : "increase",
      "whiteSpace" : false
    }, {
      "id" : "s0-t9",
      "begin" : 69,
      "end" : 71,
      "text" : "in",
      "whiteSpace" : false
    }, {
      "id" : "s0-t10",
      "begin" : 72,
      "end" : 75,
      "text" : "the",
      "whiteSpace" : false
    }, {
      "id" : "s0-t11",
      "begin" : 76,
      "end" : 81,
      "text" : "early",
      "whiteSpace" : false
    }, {
      "id" : "s0-t12",
      "begin" : 82,
      "end" : 88,
      "text" : "stages",
      "whiteSpace" : false
    }, {
      "id" : "s0-t13",
      "begin" : 89,
      "end" : 91,
      "text" : "of",
      "whiteSpace" : false
    }, {
      "id" : "s0-t14",
      "begin" : 92,
      "end" : 100,
      "text" : "economic",
      "whiteSpace" : false
    }, {
      "id" : "s0-t15",
      "begin" : 101,
      "end" : 112,
      "text" : "development",
      "whiteSpace" : false
    }, {
      "id" : "s0-t16",
      "begin" : 112,
      "end" : 113,
      "text" : ".",
      "whiteSpace" : false
    } ]
  }, {
    "id" : "s1",
    "begin" : 114,
    "end" : 155,
    "text" : "This makes the poor relatively worse off.",
    "tokens" : [ {
      "id" : "s1-t0",
      "begin" : 114,
      "end" : 118,
      "text" : "This",
      "whiteSpace" : false
    }, {
      "id" : "s1-t1",
      "begin" : 119,
      "end" : 124,
      "text" : "makes",
      "whiteSpace" : false
    }, {
      "id" : "s1-t2",
      "begin" : 125,
      "end" : 128,
      "text" : "the",
      "whiteSpace" : false
    }, {
      "id" : "s1-t3",
      "begin" : 129,
      "end" : 133,
      "text" : "poor",
      "whiteSpace" : false
    }, {
      "id" : "s1-t4",
      "begin" : 134,
      "end" : 144,
      "text" : "relatively",
      "whiteSpace" : false
    }, {
      "id" : "s1-t5",
      "begin" : 145,
      "end" : 150,
      "text" : "worse",
      "whiteSpace" : false
    }, {
      "id" : "s1-t6",
      "begin" : 151,
      "end" : 154,
      "text" : "off",
      "whiteSpace" : false
    }, {
      "id" : "s1-t7",
      "begin" : 154,
      "end" : 155,
      "text" : ".",
      "whiteSpace" : false
    } ]
  }, {
    "id" : "s2",
    "begin" : 156,
    "end" : 253,
    "text" : "The findings of a recent study indicate that an unequal distribution of income can hamper growth.",
    "tokens" : [ {
      "id" : "s2-t0",
      "begin" : 156,
      "end" : 159,
      "text" : "The",
      "whiteSpace" : false
    }, {
      "id" : "s2-t1",
      "begin" : 160,
      "end" : 168,
      "text" : "findings",
      "whiteSpace" : false
    }, {
      "id" : "s2-t2",
      "begin" : 169,
      "end" : 171,
      "text" : "of",
      "whiteSpace" : false
    }, {
      "id" : "s2-t3",
      "begin" : 172,
      "end" : 173,
      "text" : "a",
      "whiteSpace" : false
    }, {
      "id" : "s2-t4",
      "begin" : 174,
      "end" : 180,
      "text" : "recent",
      "whiteSpace" : false
    }, {
      "id" : "s2-t5",
      "begin" : 181,
      "end" : 186,
      "text" : "study",
      "whiteSpace" : false
    }, {
      "id" : "s2-t6",
      "begin" : 187,
      "end" : 195,
      "text" : "indicate",
      "whiteSpace" : false
    }, {
      "id" : "s2-t7",
      "begin" : 196,
      "end" : 200,
      "text" : "that",
      "whiteSpace" : false
    }, {
      "id" : "s2-t8",
      "begin" : 201,
      "end" : 203,
      "text" : "an",
      "whiteSpace" : false
    }, {
      "id" : "s2-t9",
      "begin" : 204,
      "end" : 211,
      "text" : "unequal",
      "whiteSpace" : false
    }, {
      "id" : "s2-t10",
      "begin" : 212,
      "end" : 224,
      "text" : "distribution",
      "whiteSpace" : false
    }, {
      "id" : "s2-t11",
      "begin" : 225,
      "end" : 227,
      "text" : "of",
      "whiteSpace" : false
    }, {
      "id" : "s2-t12",
      "begin" : 228,
      "end" : 234,
      "text" : "income",
      "whiteSpace" : false
    }, {
      "id" : "s2-t13",
      "begin" : 235,
      "end" : 238,
      "text" : "can",
      "whiteSpace" : false
    }, {
      "id" : "s2-t14",
      "begin" : 239,
      "end" : 245,
      "text" : "hamper",
      "whiteSpace" : false
    }, {
      "id" : "s2-t15",
      "begin" : 246,
      "end" : 252,
      "text" : "growth",
      "whiteSpace" : false
    }, {
      "id" : "s2-t16",
      "begin" : 252,
      "end" : 253,
      "text" : ".",
      "whiteSpace" : false
    } ]
  }, {
    "id" : "s3",
    "begin" : 254,
    "end" : 404,
    "text" : "The Kuznets hypothesis that inequality increases in the early stages of development and then declines was tested, but evidence supporting it was weak.",
    "tokens" : [ {
      "id" : "s3-t0",
      "begin" : 254,
      "end" : 257,
      "text" : "The",
      "whiteSpace" : false
    }, {
      "id" : "s3-t1",
      "begin" : 258,
      "end" : 265,
      "text" : "Kuznets",
      "whiteSpace" : false
    }, {
      "id" : "s3-t2",
      "begin" : 266,
      "end" : 276,
      "text" : "hypothesis",
      "whiteSpace" : false
    }, {
      "id" : "s3-t3",
      "begin" : 277,
      "end" : 281,
      "text" : "that",
      "whiteSpace" : false
    }, {
      "id" : "s3-t4",
      "begin" : 282,
      "end" : 292,
      "text" : "inequality",
      "whiteSpace" : false
    }, {
      "id" : "s3-t5",
      "begin" : 293,
      "end" : 302,
      "text" : "increases",
      "whiteSpace" : false
    }, {
      "id" : "s3-t6",
      "begin" : 303,
      "end" : 305,
      "text" : "in",
      "whiteSpace" : false
    }, {
      "id" : "s3-t7",
      "begin" : 306,
      "end" : 309,
      "text" : "the",
      "whiteSpace" : false
    }, {
      "id" : "s3-t8",
      "begin" : 310,
      "end" : 315,
      "text" : "early",
      "whiteSpace" : false
    }, {
      "id" : "s3-t9",
      "begin" : 316,
      "end" : 322,
      "text" : "stages",
      "whiteSpace" : false
    }, {
      "id" : "s3-t10",
      "begin" : 323,
      "end" : 325,
      "text" : "of",
      "whiteSpace" : false
    }, {
      "id" : "s3-t11",
      "begin" : 326,
      "end" : 337,
      "text" : "development",
      "whiteSpace" : false
    }, {
      "id" : "s3-t12",
      "begin" : 338,
      "end" : 341,
      "text" : "and",
      "whiteSpace" : false
    }, {
      "id" : "s3-t13",
      "begin" : 342,
      "end" : 346,
      "text" : "then",
      "whiteSpace" : false
    }, {
      "id" : "s3-t14",
      "begin" : 347,
      "end" : 355,
      "text" : "declines",
      "whiteSpace" : false
    }, {
      "id" : "s3-t15",
      "begin" : 356,
      "end" : 359,
      "text" : "was",
      "whiteSpace" : false
    }, {
      "id" : "s3-t16",
      "begin" : 360,
      "end" : 366,
      "text" : "tested",
      "whiteSpace" : false
    }, {
      "id" : "s3-t17",
      "begin" : 366,
      "end" : 367,
      "text" : ",",
      "whiteSpace" : false
    }, {
      "id" : "s3-t18",
      "begin" : 368,
      "end" : 371,
      "text" : "but",
      "whiteSpace" : false
    }, {
      "id" : "s3-t19",
      "begin" : 372,
      "end" : 380,
      "text" : "evidence",
      "whiteSpace" : false
    }, {
      "id" : "s3-t20",
      "begin" : 381,
      "end" : 391,
      "text" : "supporting",
      "whiteSpace" : false
    }, {
      "id" : "s3-t21",
      "begin" : 392,
      "end" : 394,
      "text" : "it",
      "whiteSpace" : false
    }, {
      "id" : "s3-t22",
      "begin" : 395,
      "end" : 398,
      "text" : "was",
      "whiteSpace" : false
    }, {
      "id" : "s3-t23",
      "begin" : 399,
      "end" : 403,
      "text" : "weak",
      "whiteSpace" : false
    }, {
      "id" : "s3-t24",
      "begin" : 403,
      "end" : 404,
      "text" : ".",
      "whiteSpace" : false
    } ]
  }, {
    "id" : "s4",
    "begin" : 405,
    "end" : 505,
    "text" : "A weak negative relationship was also found between initial income inequality and subsequent growth.",
    "tokens" : [ {
      "id" : "s4-t0",
      "begin" : 405,
      "end" : 406,
      "text" : "A",
      "whiteSpace" : false
    }, {
      "id" : "s4-t1",
      "begin" : 407,
      "end" : 411,
      "text" : "weak",
      "whiteSpace" : false
    }, {
      "id" : "s4-t2",
      "begin" : 412,
      "end" : 420,
      "text" : "negative",
      "whiteSpace" : false
    }, {
      "id" : "s4-t3",
      "begin" : 421,
      "end" : 433,
      "text" : "relationship",
      "whiteSpace" : false
    }, {
      "id" : "s4-t4",
      "begin" : 434,
      "end" : 437,
      "text" : "was",
      "whiteSpace" : false
    }, {
      "id" : "s4-t5",
      "begin" : 438,
      "end" : 442,
      "text" : "also",
      "whiteSpace" : false
    }, {
      "id" : "s4-t6",
      "begin" : 443,
      "end" : 448,
      "text" : "found",
      "whiteSpace" : false
    }, {
      "id" : "s4-t7",
      "begin" : 449,
      "end" : 456,
      "text" : "between",
      "whiteSpace" : false
    }, {
      "id" : "s4-t8",
      "begin" : 457,
      "end" : 464,
      "text" : "initial",
      "whiteSpace" : false
    }, {
      "id" : "s4-t9",
      "begin" : 465,
      "end" : 471,
      "text" : "income",
      "whiteSpace" : false
    }, {
      "id" : "s4-t10",
      "begin" : 472,
      "end" : 482,
      "text" : "inequality",
      "whiteSpace" : false
    }, {
      "id" : "s4-t11",
      "begin" : 483,
      "end" : 486,
      "text" : "and",
      "whiteSpace" : false
    }, {
      "id" : "s4-t12",
      "begin" : 487,
      "end" : 497,
      "text" : "subsequent",
      "whiteSpace" : false
    }, {
      "id" : "s4-t13",
      "begin" : 498,
      "end" : 504,
      "text" : "growth",
      "whiteSpace" : false
    }, {
      "id" : "s4-t14",
      "begin" : 504,
      "end" : 505,
      "text" : ".",
      "whiteSpace" : false
    } ]
  }, {
    "id" : "s5",
    "begin" : 506,
    "end" : 655,
    "text" : "However, there was a significant negative relationship between initial inequality of assets, as measured by land distribution, and subsequent growth.",
    "tokens" : [ {
      "id" : "s5-t0",
      "begin" : 506,
      "end" : 513,
      "text" : "However",
      "whiteSpace" : false
    }, {
      "id" : "s5-t1",
      "begin" : 513,
      "end" : 514,
      "text" : ",",
      "whiteSpace" : false
    }, {
      "id" : "s5-t2",
      "begin" : 515,
      "end" : 520,
      "text" : "there",
      "whiteSpace" : false
    }, {
      "id" : "s5-t3",
      "begin" : 521,
      "end" : 524,
      "text" : "was",
      "whiteSpace" : false
    }, {
      "id" : "s5-t4",
      "begin" : 525,
      "end" : 526,
      "text" : "a",
      "whiteSpace" : false
    }, {
      "id" : "s5-t5",
      "begin" : 527,
      "end" : 538,
      "text" : "significant",
      "whiteSpace" : false
    }, {
      "id" : "s5-t6",
      "begin" : 539,
      "end" : 547,
      "text" : "negative",
      "whiteSpace" : false
    }, {
      "id" : "s5-t7",
      "begin" : 548,
      "end" : 560,
      "text" : "relationship",
      "whiteSpace" : false
    }, {
      "id" : "s5-t8",
      "begin" : 561,
      "end" : 568,
      "text" : "between",
      "whiteSpace" : false
    }, {
      "id" : "s5-t9",
      "begin" : 569,
      "end" : 576,
      "text" : "initial",
      "whiteSpace" : false
    }, {
      "id" : "s5-t10",
      "begin" : 577,
      "end" : 587,
      "text" : "inequality",
      "whiteSpace" : false
    }, {
      "id" : "s5-t11",
      "begin" : 588,
      "end" : 590,
      "text" : "of",
      "whiteSpace" : false
    }, {
      "id" : "s5-t12",
      "begin" : 591,
      "end" : 597,
      "text" : "assets",
      "whiteSpace" : false
    }, {
      "id" : "s5-t13",
      "begin" : 597,
      "end" : 598,
      "text" : ",",
      "whiteSpace" : false
    }, {
      "id" : "s5-t14",
      "begin" : 599,
      "end" : 601,
      "text" : "as",
      "whiteSpace" : false
    }, {
      "id" : "s5-t15",
      "begin" : 602,
      "end" : 610,
      "text" : "measured",
      "whiteSpace" : false
    }, {
      "id" : "s5-t16",
      "begin" : 611,
      "end" : 613,
      "text" : "by",
      "whiteSpace" : false
    }, {
      "id" : "s5-t17",
      "begin" : 614,
      "end" : 618,
      "text" : "land",
      "whiteSpace" : false
    }, {
      "id" : "s5-t18",
      "begin" : 619,
      "end" : 631,
      "text" : "distribution",
      "whiteSpace" : false
    }, {
      "id" : "s5-t19",
      "begin" : 631,
      "end" : 632,
      "text" : ",",
      "whiteSpace" : false
    }, {
      "id" : "s5-t20",
      "begin" : 633,
      "end" : 636,
      "text" : "and",
      "whiteSpace" : false
    }, {
      "id" : "s5-t21",
      "begin" : 637,
      "end" : 647,
      "text" : "subsequent",
      "whiteSpace" : false
    }, {
      "id" : "s5-t22",
      "begin" : 648,
      "end" : 654,
      "text" : "growth",
      "whiteSpace" : false
    }, {
      "id" : "s5-t23",
      "begin" : 654,
      "end" : 655,
      "text" : ".",
      "whiteSpace" : false
    } ]
  }, {
    "id" : "s6",
    "begin" : 656,
    "end" : 821,
    "text" : "Finally, the results indicate that the poor generally benefit from growth enhancing policies, specifically investment, and that they may benefit from redistribution.",
    "tokens" : [ {
      "id" : "s6-t0",
      "begin" : 656,
      "end" : 663,
      "text" : "Finally",
      "whiteSpace" : false
    }, {
      "id" : "s6-t1",
      "begin" : 663,
      "end" : 664,
      "text" : ",",
      "whiteSpace" : false
    }, {
      "id" : "s6-t2",
      "begin" : 665,
      "end" : 668,
      "text" : "the",
      "whiteSpace" : false
    }, {
      "id" : "s6-t3",
      "begin" : 669,
      "end" : 676,
      "text" : "results",
      "whiteSpace" : false
    }, {
      "id" : "s6-t4",
      "begin" : 677,
      "end" : 685,
      "text" : "indicate",
      "whiteSpace" : false
    }, {
      "id" : "s6-t5",
      "begin" : 686,
      "end" : 690,
      "text" : "that",
      "whiteSpace" : false
    }, {
      "id" : "s6-t6",
      "begin" : 691,
      "end" : 694,
      "text" : "the",
      "whiteSpace" : false
    }, {
      "id" : "s6-t7",
      "begin" : 695,
      "end" : 699,
      "text" : "poor",
      "whiteSpace" : false
    }, {
      "id" : "s6-t8",
      "begin" : 700,
      "end" : 709,
      "text" : "generally",
      "whiteSpace" : false
    }, {
      "id" : "s6-t9",
      "begin" : 710,
      "end" : 717,
      "text" : "benefit",
      "whiteSpace" : false
    }, {
      "id" : "s6-t10",
      "begin" : 718,
      "end" : 722,
      "text" : "from",
      "whiteSpace" : false
    }, {
      "id" : "s6-t11",
      "begin" : 723,
      "end" : 729,
      "text" : "growth",
      "whiteSpace" : false
    }, {
      "id" : "s6-t12",
      "begin" : 730,
      "end" : 739,
      "text" : "enhancing",
      "whiteSpace" : false
    }, {
      "id" : "s6-t13",
      "begin" : 740,
      "end" : 748,
      "text" : "policies",
      "whiteSpace" : false
    }, {
      "id" : "s6-t14",
      "begin" : 748,
      "end" : 749,
      "text" : ",",
      "whiteSpace" : false
    }, {
      "id" : "s6-t15",
      "begin" : 750,
      "end" : 762,
      "text" : "specifically",
      "whiteSpace" : false
    }, {
      "id" : "s6-t16",
      "begin" : 763,
      "end" : 773,
      "text" : "investment",
      "whiteSpace" : false
    }, {
      "id" : "s6-t17",
      "begin" : 773,
      "end" : 774,
      "text" : ",",
      "whiteSpace" : false
    }, {
      "id" : "s6-t18",
      "begin" : 775,
      "end" : 778,
      "text" : "and",
      "whiteSpace" : false
    }, {
      "id" : "s6-t19",
      "begin" : 779,
      "end" : 783,
      "text" : "that",
      "whiteSpace" : false
    }, {
      "id" : "s6-t20",
      "begin" : 784,
      "end" : 788,
      "text" : "they",
      "whiteSpace" : false
    }, {
      "id" : "s6-t21",
      "begin" : 789,
      "end" : 792,
      "text" : "may",
      "whiteSpace" : false
    }, {
      "id" : "s6-t22",
      "begin" : 793,
      "end" : 800,
      "text" : "benefit",
      "whiteSpace" : false
    }, {
      "id" : "s6-t23",
      "begin" : 801,
      "end" : 805,
      "text" : "from",
      "whiteSpace" : false
    }, {
      "id" : "s6-t24",
      "begin" : 806,
      "end" : 820,
      "text" : "redistribution",
      "whiteSpace" : false
    }, {
      "id" : "s6-t25",
      "begin" : 820,
      "end" : 821,
      "text" : ".",
      "whiteSpace" : false
    } ]
  } ],
  "mentions" : [ {
    "id" : "s0-m1",
    "properties" : {
      "SIRE_MENTION_ROLE" : "Variable",
      "SIRE_ENTITY_SUBTYPE" : "NONE",
      "SIRE_MENTION_TYPE" : "NONE",
      "SIRE_MENTION_CLASS" : "SPC"
    },
    "type" : "Variable",
    "begin" : 41,
    "end" : 59,
    "inCoref" : true
  }, {
    "id" : "s0-m2",
    "properties" : {
      "SIRE_MENTION_ROLE" : "relation",
      "SIRE_ENTITY_SUBTYPE" : "NONE",
      "SIRE_MENTION_TYPE" : "NONE",
      "SIRE_MENTION_CLASS" : "SPC"
    },
    "type" : "relation",
    "begin" : 60,
    "end" : 68,
    "inCoref" : false
  }, {
    "id" : "s0-m3",
    "properties" : {
      "SIRE_MENTION_ROLE" : "Variable",
      "SIRE_ENTITY_SUBTYPE" : "NONE",
      "SIRE_MENTION_TYPE" : "NONE",
      "SIRE_MENTION_CLASS" : "SPC"
    },
    "type" : "Variable",
    "begin" : 92,
    "end" : 112,
    "inCoref" : false
  }, {
    "id" : "s2-m1",
    "properties" : {
      "SIRE_MENTION_ROLE" : "evidence",
      "SIRE_ENTITY_SUBTYPE" : "NONE",
      "SIRE_MENTION_TYPE" : "NONE",
      "SIRE_MENTION_CLASS" : "SPC"
    },
    "type" : "evidence",
    "begin" : 160,
    "end" : 168,
    "inCoref" : false
  }, {
    "id" : "s2-m2",
    "properties" : {
      "SIRE_MENTION_ROLE" : "Variable",
      "SIRE_ENTITY_SUBTYPE" : "NONE",
      "SIRE_MENTION_TYPE" : "NONE",
      "SIRE_MENTION_CLASS" : "SPC"
    },
    "type" : "Variable",
    "begin" : 204,
    "end" : 234,
    "inCoref" : true
  }, {
    "id" : "s2-m4",
    "properties" : {
      "SIRE_MENTION_ROLE" : "relation",
      "SIRE_ENTITY_SUBTYPE" : "NONE",
      "SIRE_MENTION_TYPE" : "NONE",
      "SIRE_MENTION_CLASS" : "SPC"
    },
    "type" : "relation",
    "begin" : 239,
    "end" : 245,
    "inCoref" : false
  }, {
    "id" : "s2-m3",
    "properties" : {
      "SIRE_MENTION_ROLE" : "Variable",
      "SIRE_ENTITY_SUBTYPE" : "NONE",
      "SIRE_MENTION_TYPE" : "NONE",
      "SIRE_MENTION_CLASS" : "SPC"
    },
    "type" : "Variable",
    "begin" : 246,
    "end" : 252,
    "inCoref" : true
  }, {
    "id" : "s3-m5",
    "properties" : {
      "SIRE_MENTION_ROLE" : "evidence",
      "SIRE_ENTITY_SUBTYPE" : "NONE",
      "SIRE_MENTION_TYPE" : "NONE",
      "SIRE_MENTION_CLASS" : "SPC"
    },
    "type" : "evidence",
    "begin" : 266,
    "end" : 276,
    "inCoref" : false
  }, {
    "id" : "s3-m1",
    "properties" : {
      "SIRE_MENTION_ROLE" : "Variable",
      "SIRE_ENTITY_SUBTYPE" : "NONE",
      "SIRE_MENTION_TYPE" : "NONE",
      "SIRE_MENTION_CLASS" : "SPC"
    },
    "type" : "Variable",
    "begin" : 282,
    "end" : 292,
    "inCoref" : true
  }, {
    "id" : "s3-m2",
    "properties" : {
      "SIRE_MENTION_ROLE" : "relation",
      "SIRE_ENTITY_SUBTYPE" : "NONE",
      "SIRE_MENTION_TYPE" : "NONE",
      "SIRE_MENTION_CLASS" : "SPC"
    },
    "type" : "relation",
    "begin" : 293,
    "end" : 302,
    "inCoref" : false
  }, {
    "id" : "s3-m3",
    "properties" : {
      "SIRE_MENTION_ROLE" : "Variable",
      "SIRE_ENTITY_SUBTYPE" : "NONE",
      "SIRE_MENTION_TYPE" : "NONE",
      "SIRE_MENTION_CLASS" : "SPC"
    },
    "type" : "Variable",
    "begin" : 326,
    "end" : 337,
    "inCoref" : false
  }, {
    "id" : "s3-m4",
    "properties" : {
      "SIRE_MENTION_ROLE" : "evidence",
      "SIRE_ENTITY_SUBTYPE" : "NONE",
      "SIRE_MENTION_TYPE" : "NONE",
      "SIRE_MENTION_CLASS" : "SPC"
    },
    "type" : "evidence",
    "begin" : 372,
    "end" : 380,
    "inCoref" : false
  }, {
    "id" : "s4-m1",
    "properties" : {
      "SIRE_MENTION_ROLE" : "relation",
      "SIRE_ENTITY_SUBTYPE" : "NONE",
      "SIRE_MENTION_TYPE" : "NONE",
      "SIRE_MENTION_CLASS" : "SPC"
    },
    "type" : "relation",
    "begin" : 421,
    "end" : 433,
    "inCoref" : false
  }, {
    "id" : "s4-m2",
    "properties" : {
      "SIRE_MENTION_ROLE" : "Variable",
      "SIRE_ENTITY_SUBTYPE" : "NONE",
      "SIRE_MENTION_TYPE" : "NONE",
      "SIRE_MENTION_CLASS" : "SPC"
    },
    "type" : "Variable",
    "begin" : 465,
    "end" : 482,
    "inCoref" : true
  }, {
    "id" : "s4-m3",
    "properties" : {
      "SIRE_MENTION_ROLE" : "Variable",
      "SIRE_ENTITY_SUBTYPE" : "NONE",
      "SIRE_MENTION_TYPE" : "NONE",
      "SIRE_MENTION_CLASS" : "SPC"
    },
    "type" : "Variable",
    "begin" : 498,
    "end" : 504,
    "inCoref" : true
  }, {
    "id" : "s5-m1",
    "properties" : {
      "SIRE_MENTION_ROLE" : "relation",
      "SIRE_ENTITY_SUBTYPE" : "NONE",
      "SIRE_MENTION_TYPE" : "NONE",
      "SIRE_MENTION_CLASS" : "SPC"
    },
    "type" : "relation",
    "begin" : 548,
    "end" : 568,
    "inCoref" : false
  }, {
    "id" : "s5-m2",
    "properties" : {
      "SIRE_MENTION_ROLE" : "Variable",
      "SIRE_ENTITY_SUBTYPE" : "NONE",
      "SIRE_MENTION_TYPE" : "NONE",
      "SIRE_MENTION_CLASS" : "SPC"
    },
    "type" : "Variable",
    "begin" : 577,
    "end" : 597,
    "inCoref" : false
  }, {
    "id" : "s5-m3",
    "properties" : {
      "SIRE_MENTION_ROLE" : "Variable",
      "SIRE_ENTITY_SUBTYPE" : "NONE",
      "SIRE_MENTION_TYPE" : "NONE",
      "SIRE_MENTION_CLASS" : "SPC"
    },
    "type" : "Variable",
    "begin" : 648,
    "end" : 654,
    "inCoref" : true
  }, {
    "id" : "s6-m1",
    "properties" : {
      "SIRE_MENTION_ROLE" : "evidence",
      "SIRE_ENTITY_SUBTYPE" : "NONE",
      "SIRE_MENTION_TYPE" : "NONE",
      "SIRE_MENTION_CLASS" : "SPC"
    },
    "type" : "evidence",
    "begin" : 669,
    "end" : 676,
    "inCoref" : false
  }, {
    "id" : "s6-m2",
    "properties" : {
      "SIRE_MENTION_ROLE" : "Variable",
      "SIRE_ENTITY_SUBTYPE" : "NONE",
      "SIRE_MENTION_TYPE" : "NONE",
      "SIRE_MENTION_CLASS" : "SPC"
    },
    "type" : "Variable",
    "begin" : 723,
    "end" : 729,
    "inCoref" : true
  }, {
    "id" : "s6-m4",
    "properties" : {
      "SIRE_MENTION_ROLE" : "Variable",
      "SIRE_ENTITY_SUBTYPE" : "NONE",
      "SIRE_MENTION_TYPE" : "NONE",
      "SIRE_MENTION_CLASS" : "SPC"
    },
    "type" : "Variable",
    "begin" : 763,
    "end" : 773,
    "inCoref" : false
  }, {
    "id" : "s6-m3",
    "properties" : {
      "SIRE_MENTION_ROLE" : "Variable",
      "SIRE_ENTITY_SUBTYPE" : "NONE",
      "SIRE_MENTION_TYPE" : "NONE",
      "SIRE_MENTION_CLASS" : "SPC"
    },
    "type" : "Variable",
    "begin" : 806,
    "end" : 820,
    "inCoref" : false
  } ],
  "relations" : [ {
    "id" : "s2-r1",
    "properties" : { },
    "type" : "Causal",
    "args" : [ "s2-m2", "s2-m3" ]
  }, {
    "id" : "s4-r1",
    "properties" : { },
    "type" : "RelateCorrelation",
    "args" : [ "s4-m2", "s4-m3" ]
  }, {
    "id" : "s5-r1",
    "properties" : { },
    "type" : "RelateCorrelation",
    "args" : [ "s5-m2", "s5-m3" ]
  } ],
  "corefs" : [ {
    "id" : "c1",
    "properties" : { },
    "mentions" : [ "s2-m2", "s3-m1", "s4-m2", "s0-m1" ]
  }, {
    "id" : "c2",
    "properties" : { },
    "mentions" : [ "s6-m2", "s5-m3", "s4-m3", "s2-m3" ]
  } ],
  "typeResolved" : true,
  "userResolved" : false
}