{
  "id" : "743e3580-30c4-11ec-aa73-df879fddbcaf-2",
  "name" : "42. Lim, G. C. and McNelis, P. (2014). .docx",
  "createdDate" : 0,
  "version" : 3,
  "text" : "This paper examines the relationships of the Gini coefficient with trade-openness, aid and foreign direct investment flows. Panel data estimates are provided for the overall data set. We find empirically, that trade openness is more effective than either foreign direct investent or foreign aid for changing income inequality, but its effectiveness depends on the stage of development. We then develop a model of a small economy with varying degrees of openness. We find that countries with high labour intensity in production and greater openness generate lower inequality in response to favorable shocks to export demand and terms of trade. Both our empirical and simulation results suggest that trade and financial openness can be effective policies for reducing inequality in low income countries, provided that the gains from capital are redistributed. \n\n",
  "docLength" : 0,
  "language" : "EN",
  "status" : "IN_PROGRESS",
  "modifiedDate" : 1639153161561,
  "documentSet" : [ ],
  "preannotation" : [ ],
  "sentences" : [ {
    "id" : "s0",
    "begin" : 0,
    "end" : 123,
    "text" : "This paper examines the relationships of the Gini coefficient with trade-openness, aid and foreign direct investment flows.",
    "tokens" : [ {
      "id" : "s0-t0",
      "begin" : 0,
      "end" : 4,
      "text" : "This",
      "whiteSpace" : false
    }, {
      "id" : "s0-t1",
      "begin" : 5,
      "end" : 10,
      "text" : "paper",
      "whiteSpace" : false
    }, {
      "id" : "s0-t2",
      "begin" : 11,
      "end" : 19,
      "text" : "examines",
      "whiteSpace" : false
    }, {
      "id" : "s0-t3",
      "begin" : 20,
      "end" : 23,
      "text" : "the",
      "whiteSpace" : false
    }, {
      "id" : "s0-t4",
      "begin" : 24,
      "end" : 37,
      "text" : "relationships",
      "whiteSpace" : false
    }, {
      "id" : "s0-t5",
      "begin" : 38,
      "end" : 40,
      "text" : "of",
      "whiteSpace" : false
    }, {
      "id" : "s0-t6",
      "begin" : 41,
      "end" : 44,
      "text" : "the",
      "whiteSpace" : false
    }, {
      "id" : "s0-t7",
      "begin" : 45,
      "end" : 49,
      "text" : "Gini",
      "whiteSpace" : false
    }, {
      "id" : "s0-t8",
      "begin" : 50,
      "end" : 61,
      "text" : "coefficient",
      "whiteSpace" : false
    }, {
      "id" : "s0-t9",
      "begin" : 62,
      "end" : 66,
      "text" : "with",
      "whiteSpace" : false
    }, {
      "id" : "s0-t10",
      "begin" : 67,
      "end" : 72,
      "text" : "trade",
      "whiteSpace" : false
    }, {
      "id" : "s0-t11",
      "begin" : 72,
      "end" : 73,
      "text" : "-",
      "whiteSpace" : false
    }, {
      "id" : "s0-t12",
      "begin" : 73,
      "end" : 81,
      "text" : "openness",
      "whiteSpace" : false
    }, {
      "id" : "s0-t13",
      "begin" : 81,
      "end" : 82,
      "text" : ",",
      "whiteSpace" : false
    }, {
      "id" : "s0-t14",
      "begin" : 83,
      "end" : 86,
      "text" : "aid",
      "whiteSpace" : false
    }, {
      "id" : "s0-t15",
      "begin" : 87,
      "end" : 90,
      "text" : "and",
      "whiteSpace" : false
    }, {
      "id" : "s0-t16",
      "begin" : 91,
      "end" : 98,
      "text" : "foreign",
      "whiteSpace" : false
    }, {
      "id" : "s0-t17",
      "begin" : 99,
      "end" : 105,
      "text" : "direct",
      "whiteSpace" : false
    }, {
      "id" : "s0-t18",
      "begin" : 106,
      "end" : 116,
      "text" : "investment",
      "whiteSpace" : false
    }, {
      "id" : "s0-t19",
      "begin" : 117,
      "end" : 122,
      "text" : "flows",
      "whiteSpace" : false
    }, {
      "id" : "s0-t20",
      "begin" : 122,
      "end" : 123,
      "text" : ".",
      "whiteSpace" : false
    } ]
  }, {
    "id" : "s1",
    "begin" : 124,
    "end" : 183,
    "text" : "Panel data estimates are provided for the overall data set.",
    "tokens" : [ {
      "id" : "s1-t0",
      "begin" : 124,
      "end" : 129,
      "text" : "Panel",
      "whiteSpace" : false
    }, {
      "id" : "s1-t1",
      "begin" : 130,
      "end" : 134,
      "text" : "data",
      "whiteSpace" : false
    }, {
      "id" : "s1-t2",
      "begin" : 135,
      "end" : 144,
      "text" : "estimates",
      "whiteSpace" : false
    }, {
      "id" : "s1-t3",
      "begin" : 145,
      "end" : 148,
      "text" : "are",
      "whiteSpace" : false
    }, {
      "id" : "s1-t4",
      "begin" : 149,
      "end" : 157,
      "text" : "provided",
      "whiteSpace" : false
    }, {
      "id" : "s1-t5",
      "begin" : 158,
      "end" : 161,
      "text" : "for",
      "whiteSpace" : false
    }, {
      "id" : "s1-t6",
      "begin" : 162,
      "end" : 165,
      "text" : "the",
      "whiteSpace" : false
    }, {
      "id" : "s1-t7",
      "begin" : 166,
      "end" : 173,
      "text" : "overall",
      "whiteSpace" : false
    }, {
      "id" : "s1-t8",
      "begin" : 174,
      "end" : 178,
      "text" : "data",
      "whiteSpace" : false
    }, {
      "id" : "s1-t9",
      "begin" : 179,
      "end" : 182,
      "text" : "set",
      "whiteSpace" : false
    }, {
      "id" : "s1-t10",
      "begin" : 182,
      "end" : 183,
      "text" : ".",
      "whiteSpace" : false
    } ]
  }, {
    "id" : "s2",
    "begin" : 184,
    "end" : 385,
    "text" : "We find empirically, that trade openness is more effective than either foreign direct investent or foreign aid for changing income inequality, but its effectiveness depends on the stage of development.",
    "tokens" : [ {
      "id" : "s2-t0",
      "begin" : 184,
      "end" : 186,
      "text" : "We",
      "whiteSpace" : false
    }, {
      "id" : "s2-t1",
      "begin" : 187,
      "end" : 191,
      "text" : "find",
      "whiteSpace" : false
    }, {
      "id" : "s2-t2",
      "begin" : 192,
      "end" : 203,
      "text" : "empirically",
      "whiteSpace" : false
    }, {
      "id" : "s2-t3",
      "begin" : 203,
      "end" : 204,
      "text" : ",",
      "whiteSpace" : false
    }, {
      "id" : "s2-t4",
      "begin" : 205,
      "end" : 209,
      "text" : "that",
      "whiteSpace" : false
    }, {
      "id" : "s2-t5",
      "begin" : 210,
      "end" : 215,
      "text" : "trade",
      "whiteSpace" : false
    }, {
      "id" : "s2-t6",
      "begin" : 216,
      "end" : 224,
      "text" : "openness",
      "whiteSpace" : false
    }, {
      "id" : "s2-t7",
      "begin" : 225,
      "end" : 227,
      "text" : "is",
      "whiteSpace" : false
    }, {
      "id" : "s2-t8",
      "begin" : 228,
      "end" : 232,
      "text" : "more",
      "whiteSpace" : false
    }, {
      "id" : "s2-t9",
      "begin" : 233,
      "end" : 242,
      "text" : "effective",
      "whiteSpace" : false
    }, {
      "id" : "s2-t10",
      "begin" : 243,
      "end" : 247,
      "text" : "than",
      "whiteSpace" : false
    }, {
      "id" : "s2-t11",
      "begin" : 248,
      "end" : 254,
      "text" : "either",
      "whiteSpace" : false
    }, {
      "id" : "s2-t12",
      "begin" : 255,
      "end" : 262,
      "text" : "foreign",
      "whiteSpace" : false
    }, {
      "id" : "s2-t13",
      "begin" : 263,
      "end" : 269,
      "text" : "direct",
      "whiteSpace" : false
    }, {
      "id" : "s2-t14",
      "begin" : 270,
      "end" : 279,
      "text" : "investent",
      "whiteSpace" : false
    }, {
      "id" : "s2-t15",
      "begin" : 280,
      "end" : 282,
      "text" : "or",
      "whiteSpace" : false
    }, {
      "id" : "s2-t16",
      "begin" : 283,
      "end" : 290,
      "text" : "foreign",
      "whiteSpace" : false
    }, {
      "id" : "s2-t17",
      "begin" : 291,
      "end" : 294,
      "text" : "aid",
      "whiteSpace" : false
    }, {
      "id" : "s2-t18",
      "begin" : 295,
      "end" : 298,
      "text" : "for",
      "whiteSpace" : false
    }, {
      "id" : "s2-t19",
      "begin" : 299,
      "end" : 307,
      "text" : "changing",
      "whiteSpace" : false
    }, {
      "id" : "s2-t20",
      "begin" : 308,
      "end" : 314,
      "text" : "income",
      "whiteSpace" : false
    }, {
      "id" : "s2-t21",
      "begin" : 315,
      "end" : 325,
      "text" : "inequality",
      "whiteSpace" : false
    }, {
      "id" : "s2-t22",
      "begin" : 325,
      "end" : 326,
      "text" : ",",
      "whiteSpace" : false
    }, {
      "id" : "s2-t23",
      "begin" : 327,
      "end" : 330,
      "text" : "but",
      "whiteSpace" : false
    }, {
      "id" : "s2-t24",
      "begin" : 331,
      "end" : 334,
      "text" : "its",
      "whiteSpace" : false
    }, {
      "id" : "s2-t25",
      "begin" : 335,
      "end" : 348,
      "text" : "effectiveness",
      "whiteSpace" : false
    }, {
      "id" : "s2-t26",
      "begin" : 349,
      "end" : 356,
      "text" : "depends",
      "whiteSpace" : false
    }, {
      "id" : "s2-t27",
      "begin" : 357,
      "end" : 359,
      "text" : "on",
      "whiteSpace" : false
    }, {
      "id" : "s2-t28",
      "begin" : 360,
      "end" : 363,
      "text" : "the",
      "whiteSpace" : false
    }, {
      "id" : "s2-t29",
      "begin" : 364,
      "end" : 369,
      "text" : "stage",
      "whiteSpace" : false
    }, {
      "id" : "s2-t30",
      "begin" : 370,
      "end" : 372,
      "text" : "of",
      "whiteSpace" : false
    }, {
      "id" : "s2-t31",
      "begin" : 373,
      "end" : 384,
      "text" : "development",
      "whiteSpace" : false
    }, {
      "id" : "s2-t32",
      "begin" : 384,
      "end" : 385,
      "text" : ".",
      "whiteSpace" : false
    } ]
  }, {
    "id" : "s3",
    "begin" : 386,
    "end" : 462,
    "text" : "We then develop a model of a small economy with varying degrees of openness.",
    "tokens" : [ {
      "id" : "s3-t0",
      "begin" : 386,
      "end" : 388,
      "text" : "We",
      "whiteSpace" : false
    }, {
      "id" : "s3-t1",
      "begin" : 389,
      "end" : 393,
      "text" : "then",
      "whiteSpace" : false
    }, {
      "id" : "s3-t2",
      "begin" : 394,
      "end" : 401,
      "text" : "develop",
      "whiteSpace" : false
    }, {
      "id" : "s3-t3",
      "begin" : 402,
      "end" : 403,
      "text" : "a",
      "whiteSpace" : false
    }, {
      "id" : "s3-t4",
      "begin" : 404,
      "end" : 409,
      "text" : "model",
      "whiteSpace" : false
    }, {
      "id" : "s3-t5",
      "begin" : 410,
      "end" : 412,
      "text" : "of",
      "whiteSpace" : false
    }, {
      "id" : "s3-t6",
      "begin" : 413,
      "end" : 414,
      "text" : "a",
      "whiteSpace" : false
    }, {
      "id" : "s3-t7",
      "begin" : 415,
      "end" : 420,
      "text" : "small",
      "whiteSpace" : false
    }, {
      "id" : "s3-t8",
      "begin" : 421,
      "end" : 428,
      "text" : "economy",
      "whiteSpace" : false
    }, {
      "id" : "s3-t9",
      "begin" : 429,
      "end" : 433,
      "text" : "with",
      "whiteSpace" : false
    }, {
      "id" : "s3-t10",
      "begin" : 434,
      "end" : 441,
      "text" : "varying",
      "whiteSpace" : false
    }, {
      "id" : "s3-t11",
      "begin" : 442,
      "end" : 449,
      "text" : "degrees",
      "whiteSpace" : false
    }, {
      "id" : "s3-t12",
      "begin" : 450,
      "end" : 452,
      "text" : "of",
      "whiteSpace" : false
    }, {
      "id" : "s3-t13",
      "begin" : 453,
      "end" : 461,
      "text" : "openness",
      "whiteSpace" : false
    }, {
      "id" : "s3-t14",
      "begin" : 461,
      "end" : 462,
      "text" : ".",
      "whiteSpace" : false
    } ]
  }, {
    "id" : "s4",
    "begin" : 463,
    "end" : 642,
    "text" : "We find that countries with high labour intensity in production and greater openness generate lower inequality in response to favorable shocks to export demand and terms of trade.",
    "tokens" : [ {
      "id" : "s4-t0",
      "begin" : 463,
      "end" : 465,
      "text" : "We",
      "whiteSpace" : false
    }, {
      "id" : "s4-t1",
      "begin" : 466,
      "end" : 470,
      "text" : "find",
      "whiteSpace" : false
    }, {
      "id" : "s4-t2",
      "begin" : 471,
      "end" : 475,
      "text" : "that",
      "whiteSpace" : false
    }, {
      "id" : "s4-t3",
      "begin" : 476,
      "end" : 485,
      "text" : "countries",
      "whiteSpace" : false
    }, {
      "id" : "s4-t4",
      "begin" : 486,
      "end" : 490,
      "text" : "with",
      "whiteSpace" : false
    }, {
      "id" : "s4-t5",
      "begin" : 491,
      "end" : 495,
      "text" : "high",
      "whiteSpace" : false
    }, {
      "id" : "s4-t6",
      "begin" : 496,
      "end" : 502,
      "text" : "labour",
      "whiteSpace" : false
    }, {
      "id" : "s4-t7",
      "begin" : 503,
      "end" : 512,
      "text" : "intensity",
      "whiteSpace" : false
    }, {
      "id" : "s4-t8",
      "begin" : 513,
      "end" : 515,
      "text" : "in",
      "whiteSpace" : false
    }, {
      "id" : "s4-t9",
      "begin" : 516,
      "end" : 526,
      "text" : "production",
      "whiteSpace" : false
    }, {
      "id" : "s4-t10",
      "begin" : 527,
      "end" : 530,
      "text" : "and",
      "whiteSpace" : false
    }, {
      "id" : "s4-t11",
      "begin" : 531,
      "end" : 538,
      "text" : "greater",
      "whiteSpace" : false
    }, {
      "id" : "s4-t12",
      "begin" : 539,
      "end" : 547,
      "text" : "openness",
      "whiteSpace" : false
    }, {
      "id" : "s4-t13",
      "begin" : 548,
      "end" : 556,
      "text" : "generate",
      "whiteSpace" : false
    }, {
      "id" : "s4-t14",
      "begin" : 557,
      "end" : 562,
      "text" : "lower",
      "whiteSpace" : false
    }, {
      "id" : "s4-t15",
      "begin" : 563,
      "end" : 573,
      "text" : "inequality",
      "whiteSpace" : false
    }, {
      "id" : "s4-t16",
      "begin" : 574,
      "end" : 576,
      "text" : "in",
      "whiteSpace" : false
    }, {
      "id" : "s4-t17",
      "begin" : 577,
      "end" : 585,
      "text" : "response",
      "whiteSpace" : false
    }, {
      "id" : "s4-t18",
      "begin" : 586,
      "end" : 588,
      "text" : "to",
      "whiteSpace" : false
    }, {
      "id" : "s4-t19",
      "begin" : 589,
      "end" : 598,
      "text" : "favorable",
      "whiteSpace" : false
    }, {
      "id" : "s4-t20",
      "begin" : 599,
      "end" : 605,
      "text" : "shocks",
      "whiteSpace" : false
    }, {
      "id" : "s4-t21",
      "begin" : 606,
      "end" : 608,
      "text" : "to",
      "whiteSpace" : false
    }, {
      "id" : "s4-t22",
      "begin" : 609,
      "end" : 615,
      "text" : "export",
      "whiteSpace" : false
    }, {
      "id" : "s4-t23",
      "begin" : 616,
      "end" : 622,
      "text" : "demand",
      "whiteSpace" : false
    }, {
      "id" : "s4-t24",
      "begin" : 623,
      "end" : 626,
      "text" : "and",
      "whiteSpace" : false
    }, {
      "id" : "s4-t25",
      "begin" : 627,
      "end" : 632,
      "text" : "terms",
      "whiteSpace" : false
    }, {
      "id" : "s4-t26",
      "begin" : 633,
      "end" : 635,
      "text" : "of",
      "whiteSpace" : false
    }, {
      "id" : "s4-t27",
      "begin" : 636,
      "end" : 641,
      "text" : "trade",
      "whiteSpace" : false
    }, {
      "id" : "s4-t28",
      "begin" : 641,
      "end" : 642,
      "text" : ".",
      "whiteSpace" : false
    } ]
  }, {
    "id" : "s5",
    "begin" : 643,
    "end" : 857,
    "text" : "Both our empirical and simulation results suggest that trade and financial openness can be effective policies for reducing inequality in low income countries, provided that the gains from capital are redistributed.",
    "tokens" : [ {
      "id" : "s5-t0",
      "begin" : 643,
      "end" : 647,
      "text" : "Both",
      "whiteSpace" : false
    }, {
      "id" : "s5-t1",
      "begin" : 648,
      "end" : 651,
      "text" : "our",
      "whiteSpace" : false
    }, {
      "id" : "s5-t2",
      "begin" : 652,
      "end" : 661,
      "text" : "empirical",
      "whiteSpace" : false
    }, {
      "id" : "s5-t3",
      "begin" : 662,
      "end" : 665,
      "text" : "and",
      "whiteSpace" : false
    }, {
      "id" : "s5-t4",
      "begin" : 666,
      "end" : 676,
      "text" : "simulation",
      "whiteSpace" : false
    }, {
      "id" : "s5-t5",
      "begin" : 677,
      "end" : 684,
      "text" : "results",
      "whiteSpace" : false
    }, {
      "id" : "s5-t6",
      "begin" : 685,
      "end" : 692,
      "text" : "suggest",
      "whiteSpace" : false
    }, {
      "id" : "s5-t7",
      "begin" : 693,
      "end" : 697,
      "text" : "that",
      "whiteSpace" : false
    }, {
      "id" : "s5-t8",
      "begin" : 698,
      "end" : 703,
      "text" : "trade",
      "whiteSpace" : false
    }, {
      "id" : "s5-t9",
      "begin" : 704,
      "end" : 707,
      "text" : "and",
      "whiteSpace" : false
    }, {
      "id" : "s5-t10",
      "begin" : 708,
      "end" : 717,
      "text" : "financial",
      "whiteSpace" : false
    }, {
      "id" : "s5-t11",
      "begin" : 718,
      "end" : 726,
      "text" : "openness",
      "whiteSpace" : false
    }, {
      "id" : "s5-t12",
      "begin" : 727,
      "end" : 730,
      "text" : "can",
      "whiteSpace" : false
    }, {
      "id" : "s5-t13",
      "begin" : 731,
      "end" : 733,
      "text" : "be",
      "whiteSpace" : false
    }, {
      "id" : "s5-t14",
      "begin" : 734,
      "end" : 743,
      "text" : "effective",
      "whiteSpace" : false
    }, {
      "id" : "s5-t15",
      "begin" : 744,
      "end" : 752,
      "text" : "policies",
      "whiteSpace" : false
    }, {
      "id" : "s5-t16",
      "begin" : 753,
      "end" : 756,
      "text" : "for",
      "whiteSpace" : false
    }, {
      "id" : "s5-t17",
      "begin" : 757,
      "end" : 765,
      "text" : "reducing",
      "whiteSpace" : false
    }, {
      "id" : "s5-t18",
      "begin" : 766,
      "end" : 776,
      "text" : "inequality",
      "whiteSpace" : false
    }, {
      "id" : "s5-t19",
      "begin" : 777,
      "end" : 779,
      "text" : "in",
      "whiteSpace" : false
    }, {
      "id" : "s5-t20",
      "begin" : 780,
      "end" : 783,
      "text" : "low",
      "whiteSpace" : false
    }, {
      "id" : "s5-t21",
      "begin" : 784,
      "end" : 790,
      "text" : "income",
      "whiteSpace" : false
    }, {
      "id" : "s5-t22",
      "begin" : 791,
      "end" : 800,
      "text" : "countries",
      "whiteSpace" : false
    }, {
      "id" : "s5-t23",
      "begin" : 800,
      "end" : 801,
      "text" : ",",
      "whiteSpace" : false
    }, {
      "id" : "s5-t24",
      "begin" : 802,
      "end" : 810,
      "text" : "provided",
      "whiteSpace" : false
    }, {
      "id" : "s5-t25",
      "begin" : 811,
      "end" : 815,
      "text" : "that",
      "whiteSpace" : false
    }, {
      "id" : "s5-t26",
      "begin" : 816,
      "end" : 819,
      "text" : "the",
      "whiteSpace" : false
    }, {
      "id" : "s5-t27",
      "begin" : 820,
      "end" : 825,
      "text" : "gains",
      "whiteSpace" : false
    }, {
      "id" : "s5-t28",
      "begin" : 826,
      "end" : 830,
      "text" : "from",
      "whiteSpace" : false
    }, {
      "id" : "s5-t29",
      "begin" : 831,
      "end" : 838,
      "text" : "capital",
      "whiteSpace" : false
    }, {
      "id" : "s5-t30",
      "begin" : 839,
      "end" : 842,
      "text" : "are",
      "whiteSpace" : false
    }, {
      "id" : "s5-t31",
      "begin" : 843,
      "end" : 856,
      "text" : "redistributed",
      "whiteSpace" : false
    }, {
      "id" : "s5-t32",
      "begin" : 856,
      "end" : 857,
      "text" : ".",
      "whiteSpace" : false
    } ]
  } ],
  "mentions" : [ {
    "id" : "s0-m1",
    "properties" : {
      "SIRE_MENTION_ROLE" : "evidence",
      "SIRE_ENTITY_SUBTYPE" : "NONE",
      "SIRE_MENTION_TYPE" : "NONE",
      "SIRE_MENTION_CLASS" : "SPC"
    },
    "type" : "evidence",
    "begin" : 11,
    "end" : 19,
    "inCoref" : false
  }, {
    "id" : "s0-m2",
    "properties" : {
      "SIRE_MENTION_ROLE" : "relation",
      "SIRE_ENTITY_SUBTYPE" : "NONE",
      "SIRE_MENTION_TYPE" : "NONE",
      "SIRE_MENTION_CLASS" : "SPC"
    },
    "type" : "relation",
    "begin" : 24,
    "end" : 37,
    "inCoref" : false
  }, {
    "id" : "s0-m6",
    "properties" : {
      "SIRE_MENTION_ROLE" : "Variable",
      "SIRE_ENTITY_SUBTYPE" : "NONE",
      "SIRE_MENTION_TYPE" : "NONE",
      "SIRE_MENTION_CLASS" : "SPC"
    },
    "type" : "Variable",
    "begin" : 45,
    "end" : 61,
    "inCoref" : true
  }, {
    "id" : "s0-m3",
    "properties" : {
      "SIRE_MENTION_ROLE" : "Variable",
      "SIRE_ENTITY_SUBTYPE" : "NONE",
      "SIRE_MENTION_TYPE" : "NONE",
      "SIRE_MENTION_CLASS" : "SPC"
    },
    "type" : "Variable",
    "begin" : 67,
    "end" : 81,
    "inCoref" : true
  }, {
    "id" : "s0-m4",
    "properties" : {
      "SIRE_MENTION_ROLE" : "Variable",
      "SIRE_ENTITY_SUBTYPE" : "NONE",
      "SIRE_MENTION_TYPE" : "NONE",
      "SIRE_MENTION_CLASS" : "SPC"
    },
    "type" : "Variable",
    "begin" : 83,
    "end" : 86,
    "inCoref" : true
  }, {
    "id" : "s0-m5",
    "properties" : {
      "SIRE_MENTION_ROLE" : "Variable",
      "SIRE_ENTITY_SUBTYPE" : "NONE",
      "SIRE_MENTION_TYPE" : "NONE",
      "SIRE_MENTION_CLASS" : "SPC"
    },
    "type" : "Variable",
    "begin" : 91,
    "end" : 116,
    "inCoref" : true
  }, {
    "id" : "s2-m1",
    "properties" : {
      "SIRE_MENTION_ROLE" : "evidence",
      "SIRE_ENTITY_SUBTYPE" : "NONE",
      "SIRE_MENTION_TYPE" : "NONE",
      "SIRE_MENTION_CLASS" : "SPC"
    },
    "type" : "evidence",
    "begin" : 187,
    "end" : 191,
    "inCoref" : false
  }, {
    "id" : "s2-m2",
    "properties" : {
      "SIRE_MENTION_ROLE" : "Variable",
      "SIRE_ENTITY_SUBTYPE" : "NONE",
      "SIRE_MENTION_TYPE" : "NONE",
      "SIRE_MENTION_CLASS" : "SPC"
    },
    "type" : "Variable",
    "begin" : 210,
    "end" : 224,
    "inCoref" : true
  }, {
    "id" : "s2-m4",
    "properties" : {
      "SIRE_MENTION_ROLE" : "Variable",
      "SIRE_ENTITY_SUBTYPE" : "NONE",
      "SIRE_MENTION_TYPE" : "NONE",
      "SIRE_MENTION_CLASS" : "SPC"
    },
    "type" : "Variable",
    "begin" : 255,
    "end" : 279,
    "inCoref" : true
  }, {
    "id" : "s2-m5",
    "properties" : {
      "SIRE_MENTION_ROLE" : "Variable",
      "SIRE_ENTITY_SUBTYPE" : "NONE",
      "SIRE_MENTION_TYPE" : "NONE",
      "SIRE_MENTION_CLASS" : "SPC"
    },
    "type" : "Variable",
    "begin" : 283,
    "end" : 294,
    "inCoref" : true
  }, {
    "id" : "s2-m7",
    "properties" : {
      "SIRE_MENTION_ROLE" : "relation",
      "SIRE_ENTITY_SUBTYPE" : "NONE",
      "SIRE_MENTION_TYPE" : "NONE",
      "SIRE_MENTION_CLASS" : "SPC"
    },
    "type" : "relation",
    "begin" : 299,
    "end" : 307,
    "inCoref" : false
  }, {
    "id" : "s2-m3",
    "properties" : {
      "SIRE_MENTION_ROLE" : "Variable",
      "SIRE_ENTITY_SUBTYPE" : "NONE",
      "SIRE_MENTION_TYPE" : "NONE",
      "SIRE_MENTION_CLASS" : "SPC"
    },
    "type" : "Variable",
    "begin" : 308,
    "end" : 325,
    "inCoref" : true
  }, {
    "id" : "s2-m6",
    "properties" : {
      "SIRE_MENTION_ROLE" : "Variable",
      "SIRE_ENTITY_SUBTYPE" : "NONE",
      "SIRE_MENTION_TYPE" : "NONE",
      "SIRE_MENTION_CLASS" : "SPC"
    },
    "type" : "Variable",
    "begin" : 373,
    "end" : 384,
    "inCoref" : false
  }, {
    "id" : "s4-m1",
    "properties" : {
      "SIRE_MENTION_ROLE" : "evidence",
      "SIRE_ENTITY_SUBTYPE" : "NONE",
      "SIRE_MENTION_TYPE" : "NONE",
      "SIRE_MENTION_CLASS" : "SPC"
    },
    "type" : "evidence",
    "begin" : 466,
    "end" : 470,
    "inCoref" : false
  }, {
    "id" : "s4-m8",
    "properties" : {
      "SIRE_MENTION_ROLE" : "relation",
      "SIRE_ENTITY_SUBTYPE" : "NONE",
      "SIRE_MENTION_TYPE" : "NONE",
      "SIRE_MENTION_CLASS" : "SPC"
    },
    "type" : "relation",
    "begin" : 491,
    "end" : 495,
    "inCoref" : false
  }, {
    "id" : "s4-m6",
    "properties" : {
      "SIRE_MENTION_ROLE" : "Variable",
      "SIRE_ENTITY_SUBTYPE" : "NONE",
      "SIRE_MENTION_TYPE" : "NONE",
      "SIRE_MENTION_CLASS" : "SPC"
    },
    "type" : "Variable",
    "begin" : 496,
    "end" : 526,
    "inCoref" : false
  }, {
    "id" : "s4-m5",
    "properties" : {
      "SIRE_MENTION_ROLE" : "relation",
      "SIRE_ENTITY_SUBTYPE" : "NONE",
      "SIRE_MENTION_TYPE" : "NONE",
      "SIRE_MENTION_CLASS" : "SPC"
    },
    "type" : "relation",
    "begin" : 531,
    "end" : 538,
    "inCoref" : false
  }, {
    "id" : "s4-m7",
    "properties" : {
      "SIRE_MENTION_ROLE" : "Variable",
      "SIRE_ENTITY_SUBTYPE" : "NONE",
      "SIRE_MENTION_TYPE" : "NONE",
      "SIRE_MENTION_CLASS" : "SPC"
    },
    "type" : "Variable",
    "begin" : 539,
    "end" : 547,
    "inCoref" : true
  }, {
    "id" : "s4-m9",
    "properties" : {
      "SIRE_MENTION_ROLE" : "relation",
      "SIRE_ENTITY_SUBTYPE" : "NONE",
      "SIRE_MENTION_TYPE" : "NONE",
      "SIRE_MENTION_CLASS" : "SPC"
    },
    "type" : "relation",
    "begin" : 548,
    "end" : 556,
    "inCoref" : false
  }, {
    "id" : "s4-m2",
    "properties" : {
      "SIRE_MENTION_ROLE" : "relation",
      "SIRE_ENTITY_SUBTYPE" : "NONE",
      "SIRE_MENTION_TYPE" : "NONE",
      "SIRE_MENTION_CLASS" : "SPC"
    },
    "type" : "relation",
    "begin" : 557,
    "end" : 562,
    "inCoref" : false
  }, {
    "id" : "s4-m3",
    "properties" : {
      "SIRE_MENTION_ROLE" : "Variable",
      "SIRE_ENTITY_SUBTYPE" : "NONE",
      "SIRE_MENTION_TYPE" : "NONE",
      "SIRE_MENTION_CLASS" : "SPC"
    },
    "type" : "Variable",
    "begin" : 563,
    "end" : 573,
    "inCoref" : true
  }, {
    "id" : "s4-m4",
    "properties" : {
      "SIRE_MENTION_ROLE" : "Variable",
      "SIRE_ENTITY_SUBTYPE" : "NONE",
      "SIRE_MENTION_TYPE" : "NONE",
      "SIRE_MENTION_CLASS" : "SPC"
    },
    "type" : "Variable",
    "begin" : 636,
    "end" : 641,
    "inCoref" : false
  }, {
    "id" : "s5-m1",
    "properties" : {
      "SIRE_MENTION_ROLE" : "evidence",
      "SIRE_ENTITY_SUBTYPE" : "NONE",
      "SIRE_MENTION_TYPE" : "NONE",
      "SIRE_MENTION_CLASS" : "SPC"
    },
    "type" : "evidence",
    "begin" : 677,
    "end" : 684,
    "inCoref" : false
  }, {
    "id" : "s5-m5",
    "properties" : {
      "SIRE_MENTION_ROLE" : "evidence",
      "SIRE_ENTITY_SUBTYPE" : "NONE",
      "SIRE_MENTION_TYPE" : "NONE",
      "SIRE_MENTION_CLASS" : "SPC"
    },
    "type" : "evidence",
    "begin" : 685,
    "end" : 692,
    "inCoref" : false
  }, {
    "id" : "s5-m2",
    "properties" : {
      "SIRE_MENTION_ROLE" : "Variable",
      "SIRE_ENTITY_SUBTYPE" : "NONE",
      "SIRE_MENTION_TYPE" : "NONE",
      "SIRE_MENTION_CLASS" : "SPC"
    },
    "type" : "Variable",
    "begin" : 698,
    "end" : 703,
    "inCoref" : false
  }, {
    "id" : "s5-m3",
    "properties" : {
      "SIRE_MENTION_ROLE" : "Variable",
      "SIRE_ENTITY_SUBTYPE" : "NONE",
      "SIRE_MENTION_TYPE" : "NONE",
      "SIRE_MENTION_CLASS" : "SPC"
    },
    "type" : "Variable",
    "begin" : 708,
    "end" : 726,
    "inCoref" : true
  }, {
    "id" : "s5-m6",
    "properties" : {
      "SIRE_MENTION_ROLE" : "relation",
      "SIRE_ENTITY_SUBTYPE" : "NONE",
      "SIRE_MENTION_TYPE" : "NONE",
      "SIRE_MENTION_CLASS" : "SPC"
    },
    "type" : "relation",
    "begin" : 757,
    "end" : 765,
    "inCoref" : false
  }, {
    "id" : "s5-m4",
    "properties" : {
      "SIRE_MENTION_ROLE" : "Variable",
      "SIRE_ENTITY_SUBTYPE" : "NONE",
      "SIRE_MENTION_TYPE" : "NONE",
      "SIRE_MENTION_CLASS" : "SPC"
    },
    "type" : "Variable",
    "begin" : 766,
    "end" : 776,
    "inCoref" : true
  } ],
  "relations" : [ {
    "id" : "s2-r1",
    "properties" : { },
    "type" : "Causal",
    "args" : [ "s2-m2", "s2-m3" ]
  }, {
    "id" : "s2-r2",
    "properties" : { },
    "type" : "Causal",
    "args" : [ "s2-m4", "s2-m3" ]
  }, {
    "id" : "s2-r3",
    "properties" : { },
    "type" : "Causal",
    "args" : [ "s2-m5", "s2-m3" ]
  }, {
    "id" : "s4-r1",
    "properties" : { },
    "type" : "Causal",
    "args" : [ "s4-m6", "s4-m3" ]
  }, {
    "id" : "s4-r2",
    "properties" : { },
    "type" : "Causal",
    "args" : [ "s4-m7", "s4-m3" ]
  }, {
    "id" : "s5-r1",
    "properties" : { },
    "type" : "Causal",
    "args" : [ "s5-m2", "s5-m4" ]
  }, {
    "id" : "s5-r2",
    "properties" : { },
    "type" : "Causal",
    "args" : [ "s5-m3", "s5-m4" ]
  } ],
  "corefs" : [ {
    "id" : "c1",
    "properties" : { },
    "mentions" : [ "s0-m3", "s2-m2", "s4-m7", "s5-m3" ]
  }, {
    "id" : "c2",
    "properties" : { },
    "mentions" : [ "s0-m6", "s2-m3", "s4-m3", "s5-m4" ]
  }, {
    "id" : "c3",
    "properties" : { },
    "mentions" : [ "s0-m5", "s2-m4" ]
  }, {
    "id" : "c4",
    "properties" : { },
    "mentions" : [ "s0-m4", "s2-m5" ]
  } ],
  "typeResolved" : true,
  "userResolved" : false
}