{
  "id" : "83a5def0-511d-11ec-9622-3b1b04e41a52-4",
  "name" : "50. Lancee , B., & van de Werfhorst , H. (2011). .docx",
  "createdDate" : 0,
  "version" : 3,
  "text" : "\nWe examine the effect of income inequality on civic and social participation. Where inequality is higher, participation is lower. Also when controlling for micro- and macro-resources, inequality affects participation. Higher inequality magnifies the relation between income and participation. Previous research suggests that when there is a high level of inequality, there is a low rate of participation. Two arguments are generally offered: First, inequality depresses participation because people from different status groups have fewer opportunities to share common goals. Second, people may participate more in civic and social life when they have more resources. However, until now, these explanations have not been separated empirically. Using EU-SILC data for 24 European countries, we analyze how income inequality is related to civic and social participation. Our results indicate that the main effects of inequality manifest via resources at the individual and societal level. However, independent of these resources, higher inequality is associated with lower civic participation. Furthermore, inequality magnifies the relationship between income and participation. This finding is in line with the view that inter-individual processes explain why inequality diminishes participation.\n\n",
  "docLength" : 0,
  "language" : "EN",
  "status" : "IN_PROGRESS",
  "modifiedDate" : 1638280689326,
  "documentSet" : [ ],
  "preannotation" : [ "PRE_LW", "PRE_SIRE" ],
  "sentences" : [ {
    "id" : "s0",
    "begin" : 1,
    "end" : 78,
    "text" : "We examine the effect of income inequality on civic and social participation.",
    "tokens" : [ {
      "id" : "s0-t0",
      "begin" : 1,
      "end" : 3,
      "text" : "We",
      "whiteSpace" : false
    }, {
      "id" : "s0-t1",
      "begin" : 4,
      "end" : 11,
      "text" : "examine",
      "whiteSpace" : false
    }, {
      "id" : "s0-t2",
      "begin" : 12,
      "end" : 15,
      "text" : "the",
      "whiteSpace" : false
    }, {
      "id" : "s0-t3",
      "begin" : 16,
      "end" : 22,
      "text" : "effect",
      "whiteSpace" : false
    }, {
      "id" : "s0-t4",
      "begin" : 23,
      "end" : 25,
      "text" : "of",
      "whiteSpace" : false
    }, {
      "id" : "s0-t5",
      "begin" : 26,
      "end" : 32,
      "text" : "income",
      "whiteSpace" : false
    }, {
      "id" : "s0-t6",
      "begin" : 33,
      "end" : 43,
      "text" : "inequality",
      "whiteSpace" : false
    }, {
      "id" : "s0-t7",
      "begin" : 44,
      "end" : 46,
      "text" : "on",
      "whiteSpace" : false
    }, {
      "id" : "s0-t8",
      "begin" : 47,
      "end" : 52,
      "text" : "civic",
      "whiteSpace" : false
    }, {
      "id" : "s0-t9",
      "begin" : 53,
      "end" : 56,
      "text" : "and",
      "whiteSpace" : false
    }, {
      "id" : "s0-t10",
      "begin" : 57,
      "end" : 63,
      "text" : "social",
      "whiteSpace" : false
    }, {
      "id" : "s0-t11",
      "begin" : 64,
      "end" : 77,
      "text" : "participation",
      "whiteSpace" : false
    }, {
      "id" : "s0-t12",
      "begin" : 77,
      "end" : 78,
      "text" : ".",
      "whiteSpace" : false
    } ]
  }, {
    "id" : "s1",
    "begin" : 79,
    "end" : 130,
    "text" : "Where inequality is higher, participation is lower.",
    "tokens" : [ {
      "id" : "s1-t0",
      "begin" : 79,
      "end" : 84,
      "text" : "Where",
      "whiteSpace" : false
    }, {
      "id" : "s1-t1",
      "begin" : 85,
      "end" : 95,
      "text" : "inequality",
      "whiteSpace" : false
    }, {
      "id" : "s1-t2",
      "begin" : 96,
      "end" : 98,
      "text" : "is",
      "whiteSpace" : false
    }, {
      "id" : "s1-t3",
      "begin" : 99,
      "end" : 105,
      "text" : "higher",
      "whiteSpace" : false
    }, {
      "id" : "s1-t4",
      "begin" : 105,
      "end" : 106,
      "text" : ",",
      "whiteSpace" : false
    }, {
      "id" : "s1-t5",
      "begin" : 107,
      "end" : 120,
      "text" : "participation",
      "whiteSpace" : false
    }, {
      "id" : "s1-t6",
      "begin" : 121,
      "end" : 123,
      "text" : "is",
      "whiteSpace" : false
    }, {
      "id" : "s1-t7",
      "begin" : 124,
      "end" : 129,
      "text" : "lower",
      "whiteSpace" : false
    }, {
      "id" : "s1-t8",
      "begin" : 129,
      "end" : 130,
      "text" : ".",
      "whiteSpace" : false
    } ]
  }, {
    "id" : "s2",
    "begin" : 131,
    "end" : 218,
    "text" : "Also when controlling for micro- and macro-resources, inequality affects participation.",
    "tokens" : [ {
      "id" : "s2-t0",
      "begin" : 131,
      "end" : 135,
      "text" : "Also",
      "whiteSpace" : false
    }, {
      "id" : "s2-t1",
      "begin" : 136,
      "end" : 140,
      "text" : "when",
      "whiteSpace" : false
    }, {
      "id" : "s2-t2",
      "begin" : 141,
      "end" : 152,
      "text" : "controlling",
      "whiteSpace" : false
    }, {
      "id" : "s2-t3",
      "begin" : 153,
      "end" : 156,
      "text" : "for",
      "whiteSpace" : false
    }, {
      "id" : "s2-t4",
      "begin" : 157,
      "end" : 162,
      "text" : "micro",
      "whiteSpace" : false
    }, {
      "id" : "s2-t5",
      "begin" : 162,
      "end" : 163,
      "text" : "-",
      "whiteSpace" : false
    }, {
      "id" : "s2-t6",
      "begin" : 164,
      "end" : 167,
      "text" : "and",
      "whiteSpace" : false
    }, {
      "id" : "s2-t7",
      "begin" : 168,
      "end" : 173,
      "text" : "macro",
      "whiteSpace" : false
    }, {
      "id" : "s2-t8",
      "begin" : 173,
      "end" : 174,
      "text" : "-",
      "whiteSpace" : false
    }, {
      "id" : "s2-t9",
      "begin" : 174,
      "end" : 183,
      "text" : "resources",
      "whiteSpace" : false
    }, {
      "id" : "s2-t10",
      "begin" : 183,
      "end" : 184,
      "text" : ",",
      "whiteSpace" : false
    }, {
      "id" : "s2-t11",
      "begin" : 185,
      "end" : 195,
      "text" : "inequality",
      "whiteSpace" : false
    }, {
      "id" : "s2-t12",
      "begin" : 196,
      "end" : 203,
      "text" : "affects",
      "whiteSpace" : false
    }, {
      "id" : "s2-t13",
      "begin" : 204,
      "end" : 217,
      "text" : "participation",
      "whiteSpace" : false
    }, {
      "id" : "s2-t14",
      "begin" : 217,
      "end" : 218,
      "text" : ".",
      "whiteSpace" : false
    } ]
  }, {
    "id" : "s3",
    "begin" : 219,
    "end" : 293,
    "text" : "Higher inequality magnifies the relation between income and participation.",
    "tokens" : [ {
      "id" : "s3-t0",
      "begin" : 219,
      "end" : 225,
      "text" : "Higher",
      "whiteSpace" : false
    }, {
      "id" : "s3-t1",
      "begin" : 226,
      "end" : 236,
      "text" : "inequality",
      "whiteSpace" : false
    }, {
      "id" : "s3-t2",
      "begin" : 237,
      "end" : 246,
      "text" : "magnifies",
      "whiteSpace" : false
    }, {
      "id" : "s3-t3",
      "begin" : 247,
      "end" : 250,
      "text" : "the",
      "whiteSpace" : false
    }, {
      "id" : "s3-t4",
      "begin" : 251,
      "end" : 259,
      "text" : "relation",
      "whiteSpace" : false
    }, {
      "id" : "s3-t5",
      "begin" : 260,
      "end" : 267,
      "text" : "between",
      "whiteSpace" : false
    }, {
      "id" : "s3-t6",
      "begin" : 268,
      "end" : 274,
      "text" : "income",
      "whiteSpace" : false
    }, {
      "id" : "s3-t7",
      "begin" : 275,
      "end" : 278,
      "text" : "and",
      "whiteSpace" : false
    }, {
      "id" : "s3-t8",
      "begin" : 279,
      "end" : 292,
      "text" : "participation",
      "whiteSpace" : false
    }, {
      "id" : "s3-t9",
      "begin" : 292,
      "end" : 293,
      "text" : ".",
      "whiteSpace" : false
    } ]
  }, {
    "id" : "s4",
    "begin" : 294,
    "end" : 405,
    "text" : "Previous research suggests that when there is a high level of inequality, there is a low rate of participation.",
    "tokens" : [ {
      "id" : "s4-t0",
      "begin" : 294,
      "end" : 302,
      "text" : "Previous",
      "whiteSpace" : false
    }, {
      "id" : "s4-t1",
      "begin" : 303,
      "end" : 311,
      "text" : "research",
      "whiteSpace" : false
    }, {
      "id" : "s4-t2",
      "begin" : 312,
      "end" : 320,
      "text" : "suggests",
      "whiteSpace" : false
    }, {
      "id" : "s4-t3",
      "begin" : 321,
      "end" : 325,
      "text" : "that",
      "whiteSpace" : false
    }, {
      "id" : "s4-t4",
      "begin" : 326,
      "end" : 330,
      "text" : "when",
      "whiteSpace" : false
    }, {
      "id" : "s4-t5",
      "begin" : 331,
      "end" : 336,
      "text" : "there",
      "whiteSpace" : false
    }, {
      "id" : "s4-t6",
      "begin" : 337,
      "end" : 339,
      "text" : "is",
      "whiteSpace" : false
    }, {
      "id" : "s4-t7",
      "begin" : 340,
      "end" : 341,
      "text" : "a",
      "whiteSpace" : false
    }, {
      "id" : "s4-t8",
      "begin" : 342,
      "end" : 346,
      "text" : "high",
      "whiteSpace" : false
    }, {
      "id" : "s4-t9",
      "begin" : 347,
      "end" : 352,
      "text" : "level",
      "whiteSpace" : false
    }, {
      "id" : "s4-t10",
      "begin" : 353,
      "end" : 355,
      "text" : "of",
      "whiteSpace" : false
    }, {
      "id" : "s4-t11",
      "begin" : 356,
      "end" : 366,
      "text" : "inequality",
      "whiteSpace" : false
    }, {
      "id" : "s4-t12",
      "begin" : 366,
      "end" : 367,
      "text" : ",",
      "whiteSpace" : false
    }, {
      "id" : "s4-t13",
      "begin" : 368,
      "end" : 373,
      "text" : "there",
      "whiteSpace" : false
    }, {
      "id" : "s4-t14",
      "begin" : 374,
      "end" : 376,
      "text" : "is",
      "whiteSpace" : false
    }, {
      "id" : "s4-t15",
      "begin" : 377,
      "end" : 378,
      "text" : "a",
      "whiteSpace" : false
    }, {
      "id" : "s4-t16",
      "begin" : 379,
      "end" : 382,
      "text" : "low",
      "whiteSpace" : false
    }, {
      "id" : "s4-t17",
      "begin" : 383,
      "end" : 387,
      "text" : "rate",
      "whiteSpace" : false
    }, {
      "id" : "s4-t18",
      "begin" : 388,
      "end" : 390,
      "text" : "of",
      "whiteSpace" : false
    }, {
      "id" : "s4-t19",
      "begin" : 391,
      "end" : 404,
      "text" : "participation",
      "whiteSpace" : false
    }, {
      "id" : "s4-t20",
      "begin" : 404,
      "end" : 405,
      "text" : ".",
      "whiteSpace" : false
    } ]
  }, {
    "id" : "s5",
    "begin" : 406,
    "end" : 576,
    "text" : "Two arguments are generally offered: First, inequality depresses participation because people from different status groups have fewer opportunities to share common goals.",
    "tokens" : [ {
      "id" : "s5-t0",
      "begin" : 406,
      "end" : 409,
      "text" : "Two",
      "whiteSpace" : false
    }, {
      "id" : "s5-t1",
      "begin" : 410,
      "end" : 419,
      "text" : "arguments",
      "whiteSpace" : false
    }, {
      "id" : "s5-t2",
      "begin" : 420,
      "end" : 423,
      "text" : "are",
      "whiteSpace" : false
    }, {
      "id" : "s5-t3",
      "begin" : 424,
      "end" : 433,
      "text" : "generally",
      "whiteSpace" : false
    }, {
      "id" : "s5-t4",
      "begin" : 434,
      "end" : 441,
      "text" : "offered",
      "whiteSpace" : false
    }, {
      "id" : "s5-t5",
      "begin" : 441,
      "end" : 442,
      "text" : ":",
      "whiteSpace" : false
    }, {
      "id" : "s5-t6",
      "begin" : 443,
      "end" : 448,
      "text" : "First",
      "whiteSpace" : false
    }, {
      "id" : "s5-t7",
      "begin" : 448,
      "end" : 449,
      "text" : ",",
      "whiteSpace" : false
    }, {
      "id" : "s5-t8",
      "begin" : 450,
      "end" : 460,
      "text" : "inequality",
      "whiteSpace" : false
    }, {
      "id" : "s5-t9",
      "begin" : 461,
      "end" : 470,
      "text" : "depresses",
      "whiteSpace" : false
    }, {
      "id" : "s5-t10",
      "begin" : 471,
      "end" : 484,
      "text" : "participation",
      "whiteSpace" : false
    }, {
      "id" : "s5-t11",
      "begin" : 485,
      "end" : 492,
      "text" : "because",
      "whiteSpace" : false
    }, {
      "id" : "s5-t12",
      "begin" : 493,
      "end" : 499,
      "text" : "people",
      "whiteSpace" : false
    }, {
      "id" : "s5-t13",
      "begin" : 500,
      "end" : 504,
      "text" : "from",
      "whiteSpace" : false
    }, {
      "id" : "s5-t14",
      "begin" : 505,
      "end" : 514,
      "text" : "different",
      "whiteSpace" : false
    }, {
      "id" : "s5-t15",
      "begin" : 515,
      "end" : 521,
      "text" : "status",
      "whiteSpace" : false
    }, {
      "id" : "s5-t16",
      "begin" : 522,
      "end" : 528,
      "text" : "groups",
      "whiteSpace" : false
    }, {
      "id" : "s5-t17",
      "begin" : 529,
      "end" : 533,
      "text" : "have",
      "whiteSpace" : false
    }, {
      "id" : "s5-t18",
      "begin" : 534,
      "end" : 539,
      "text" : "fewer",
      "whiteSpace" : false
    }, {
      "id" : "s5-t19",
      "begin" : 540,
      "end" : 553,
      "text" : "opportunities",
      "whiteSpace" : false
    }, {
      "id" : "s5-t20",
      "begin" : 554,
      "end" : 556,
      "text" : "to",
      "whiteSpace" : false
    }, {
      "id" : "s5-t21",
      "begin" : 557,
      "end" : 562,
      "text" : "share",
      "whiteSpace" : false
    }, {
      "id" : "s5-t22",
      "begin" : 563,
      "end" : 569,
      "text" : "common",
      "whiteSpace" : false
    }, {
      "id" : "s5-t23",
      "begin" : 570,
      "end" : 575,
      "text" : "goals",
      "whiteSpace" : false
    }, {
      "id" : "s5-t24",
      "begin" : 575,
      "end" : 576,
      "text" : ".",
      "whiteSpace" : false
    } ]
  }, {
    "id" : "s6",
    "begin" : 577,
    "end" : 668,
    "text" : "Second, people may participate more in civic and social life when they have more resources.",
    "tokens" : [ {
      "id" : "s6-t0",
      "begin" : 577,
      "end" : 583,
      "text" : "Second",
      "whiteSpace" : false
    }, {
      "id" : "s6-t1",
      "begin" : 583,
      "end" : 584,
      "text" : ",",
      "whiteSpace" : false
    }, {
      "id" : "s6-t2",
      "begin" : 585,
      "end" : 591,
      "text" : "people",
      "whiteSpace" : false
    }, {
      "id" : "s6-t3",
      "begin" : 592,
      "end" : 595,
      "text" : "may",
      "whiteSpace" : false
    }, {
      "id" : "s6-t4",
      "begin" : 596,
      "end" : 607,
      "text" : "participate",
      "whiteSpace" : false
    }, {
      "id" : "s6-t5",
      "begin" : 608,
      "end" : 612,
      "text" : "more",
      "whiteSpace" : false
    }, {
      "id" : "s6-t6",
      "begin" : 613,
      "end" : 615,
      "text" : "in",
      "whiteSpace" : false
    }, {
      "id" : "s6-t7",
      "begin" : 616,
      "end" : 621,
      "text" : "civic",
      "whiteSpace" : false
    }, {
      "id" : "s6-t8",
      "begin" : 622,
      "end" : 625,
      "text" : "and",
      "whiteSpace" : false
    }, {
      "id" : "s6-t9",
      "begin" : 626,
      "end" : 632,
      "text" : "social",
      "whiteSpace" : false
    }, {
      "id" : "s6-t10",
      "begin" : 633,
      "end" : 637,
      "text" : "life",
      "whiteSpace" : false
    }, {
      "id" : "s6-t11",
      "begin" : 638,
      "end" : 642,
      "text" : "when",
      "whiteSpace" : false
    }, {
      "id" : "s6-t12",
      "begin" : 643,
      "end" : 647,
      "text" : "they",
      "whiteSpace" : false
    }, {
      "id" : "s6-t13",
      "begin" : 648,
      "end" : 652,
      "text" : "have",
      "whiteSpace" : false
    }, {
      "id" : "s6-t14",
      "begin" : 653,
      "end" : 657,
      "text" : "more",
      "whiteSpace" : false
    }, {
      "id" : "s6-t15",
      "begin" : 658,
      "end" : 667,
      "text" : "resources",
      "whiteSpace" : false
    }, {
      "id" : "s6-t16",
      "begin" : 667,
      "end" : 668,
      "text" : ".",
      "whiteSpace" : false
    } ]
  }, {
    "id" : "s7",
    "begin" : 669,
    "end" : 744,
    "text" : "However, until now, these explanations have not been separated empirically.",
    "tokens" : [ {
      "id" : "s7-t0",
      "begin" : 669,
      "end" : 676,
      "text" : "However",
      "whiteSpace" : false
    }, {
      "id" : "s7-t1",
      "begin" : 676,
      "end" : 677,
      "text" : ",",
      "whiteSpace" : false
    }, {
      "id" : "s7-t2",
      "begin" : 678,
      "end" : 683,
      "text" : "until",
      "whiteSpace" : false
    }, {
      "id" : "s7-t3",
      "begin" : 684,
      "end" : 687,
      "text" : "now",
      "whiteSpace" : false
    }, {
      "id" : "s7-t4",
      "begin" : 687,
      "end" : 688,
      "text" : ",",
      "whiteSpace" : false
    }, {
      "id" : "s7-t5",
      "begin" : 689,
      "end" : 694,
      "text" : "these",
      "whiteSpace" : false
    }, {
      "id" : "s7-t6",
      "begin" : 695,
      "end" : 707,
      "text" : "explanations",
      "whiteSpace" : false
    }, {
      "id" : "s7-t7",
      "begin" : 708,
      "end" : 712,
      "text" : "have",
      "whiteSpace" : false
    }, {
      "id" : "s7-t8",
      "begin" : 713,
      "end" : 716,
      "text" : "not",
      "whiteSpace" : false
    }, {
      "id" : "s7-t9",
      "begin" : 717,
      "end" : 721,
      "text" : "been",
      "whiteSpace" : false
    }, {
      "id" : "s7-t10",
      "begin" : 722,
      "end" : 731,
      "text" : "separated",
      "whiteSpace" : false
    }, {
      "id" : "s7-t11",
      "begin" : 732,
      "end" : 743,
      "text" : "empirically",
      "whiteSpace" : false
    }, {
      "id" : "s7-t12",
      "begin" : 743,
      "end" : 744,
      "text" : ".",
      "whiteSpace" : false
    } ]
  }, {
    "id" : "s8",
    "begin" : 745,
    "end" : 869,
    "text" : "Using EU-SILC data for 24 European countries, we analyze how income inequality is related to civic and social participation.",
    "tokens" : [ {
      "id" : "s8-t0",
      "begin" : 745,
      "end" : 750,
      "text" : "Using",
      "whiteSpace" : false
    }, {
      "id" : "s8-t1",
      "begin" : 751,
      "end" : 753,
      "text" : "EU",
      "whiteSpace" : false
    }, {
      "id" : "s8-t2",
      "begin" : 753,
      "end" : 754,
      "text" : "-",
      "whiteSpace" : false
    }, {
      "id" : "s8-t3",
      "begin" : 754,
      "end" : 758,
      "text" : "SILC",
      "whiteSpace" : false
    }, {
      "id" : "s8-t4",
      "begin" : 759,
      "end" : 763,
      "text" : "data",
      "whiteSpace" : false
    }, {
      "id" : "s8-t5",
      "begin" : 764,
      "end" : 767,
      "text" : "for",
      "whiteSpace" : false
    }, {
      "id" : "s8-t6",
      "begin" : 768,
      "end" : 770,
      "text" : "24",
      "whiteSpace" : false
    }, {
      "id" : "s8-t7",
      "begin" : 771,
      "end" : 779,
      "text" : "European",
      "whiteSpace" : false
    }, {
      "id" : "s8-t8",
      "begin" : 780,
      "end" : 789,
      "text" : "countries",
      "whiteSpace" : false
    }, {
      "id" : "s8-t9",
      "begin" : 789,
      "end" : 790,
      "text" : ",",
      "whiteSpace" : false
    }, {
      "id" : "s8-t10",
      "begin" : 791,
      "end" : 793,
      "text" : "we",
      "whiteSpace" : false
    }, {
      "id" : "s8-t11",
      "begin" : 794,
      "end" : 801,
      "text" : "analyze",
      "whiteSpace" : false
    }, {
      "id" : "s8-t12",
      "begin" : 802,
      "end" : 805,
      "text" : "how",
      "whiteSpace" : false
    }, {
      "id" : "s8-t13",
      "begin" : 806,
      "end" : 812,
      "text" : "income",
      "whiteSpace" : false
    }, {
      "id" : "s8-t14",
      "begin" : 813,
      "end" : 823,
      "text" : "inequality",
      "whiteSpace" : false
    }, {
      "id" : "s8-t15",
      "begin" : 824,
      "end" : 826,
      "text" : "is",
      "whiteSpace" : false
    }, {
      "id" : "s8-t16",
      "begin" : 827,
      "end" : 834,
      "text" : "related",
      "whiteSpace" : false
    }, {
      "id" : "s8-t17",
      "begin" : 835,
      "end" : 837,
      "text" : "to",
      "whiteSpace" : false
    }, {
      "id" : "s8-t18",
      "begin" : 838,
      "end" : 843,
      "text" : "civic",
      "whiteSpace" : false
    }, {
      "id" : "s8-t19",
      "begin" : 844,
      "end" : 847,
      "text" : "and",
      "whiteSpace" : false
    }, {
      "id" : "s8-t20",
      "begin" : 848,
      "end" : 854,
      "text" : "social",
      "whiteSpace" : false
    }, {
      "id" : "s8-t21",
      "begin" : 855,
      "end" : 868,
      "text" : "participation",
      "whiteSpace" : false
    }, {
      "id" : "s8-t22",
      "begin" : 868,
      "end" : 869,
      "text" : ".",
      "whiteSpace" : false
    } ]
  }, {
    "id" : "s9",
    "begin" : 870,
    "end" : 987,
    "text" : "Our results indicate that the main effects of inequality manifest via resources at the individual and societal level.",
    "tokens" : [ {
      "id" : "s9-t0",
      "begin" : 870,
      "end" : 873,
      "text" : "Our",
      "whiteSpace" : false
    }, {
      "id" : "s9-t1",
      "begin" : 874,
      "end" : 881,
      "text" : "results",
      "whiteSpace" : false
    }, {
      "id" : "s9-t2",
      "begin" : 882,
      "end" : 890,
      "text" : "indicate",
      "whiteSpace" : false
    }, {
      "id" : "s9-t3",
      "begin" : 891,
      "end" : 895,
      "text" : "that",
      "whiteSpace" : false
    }, {
      "id" : "s9-t4",
      "begin" : 896,
      "end" : 899,
      "text" : "the",
      "whiteSpace" : false
    }, {
      "id" : "s9-t5",
      "begin" : 900,
      "end" : 904,
      "text" : "main",
      "whiteSpace" : false
    }, {
      "id" : "s9-t6",
      "begin" : 905,
      "end" : 912,
      "text" : "effects",
      "whiteSpace" : false
    }, {
      "id" : "s9-t7",
      "begin" : 913,
      "end" : 915,
      "text" : "of",
      "whiteSpace" : false
    }, {
      "id" : "s9-t8",
      "begin" : 916,
      "end" : 926,
      "text" : "inequality",
      "whiteSpace" : false
    }, {
      "id" : "s9-t9",
      "begin" : 927,
      "end" : 935,
      "text" : "manifest",
      "whiteSpace" : false
    }, {
      "id" : "s9-t10",
      "begin" : 936,
      "end" : 939,
      "text" : "via",
      "whiteSpace" : false
    }, {
      "id" : "s9-t11",
      "begin" : 940,
      "end" : 949,
      "text" : "resources",
      "whiteSpace" : false
    }, {
      "id" : "s9-t12",
      "begin" : 950,
      "end" : 952,
      "text" : "at",
      "whiteSpace" : false
    }, {
      "id" : "s9-t13",
      "begin" : 953,
      "end" : 956,
      "text" : "the",
      "whiteSpace" : false
    }, {
      "id" : "s9-t14",
      "begin" : 957,
      "end" : 967,
      "text" : "individual",
      "whiteSpace" : false
    }, {
      "id" : "s9-t15",
      "begin" : 968,
      "end" : 971,
      "text" : "and",
      "whiteSpace" : false
    }, {
      "id" : "s9-t16",
      "begin" : 972,
      "end" : 980,
      "text" : "societal",
      "whiteSpace" : false
    }, {
      "id" : "s9-t17",
      "begin" : 981,
      "end" : 986,
      "text" : "level",
      "whiteSpace" : false
    }, {
      "id" : "s9-t18",
      "begin" : 986,
      "end" : 987,
      "text" : ".",
      "whiteSpace" : false
    } ]
  }, {
    "id" : "s10",
    "begin" : 988,
    "end" : 1092,
    "text" : "However, independent of these resources, higher inequality is associated with lower civic participation.",
    "tokens" : [ {
      "id" : "s10-t0",
      "begin" : 988,
      "end" : 995,
      "text" : "However",
      "whiteSpace" : false
    }, {
      "id" : "s10-t1",
      "begin" : 995,
      "end" : 996,
      "text" : ",",
      "whiteSpace" : false
    }, {
      "id" : "s10-t2",
      "begin" : 997,
      "end" : 1008,
      "text" : "independent",
      "whiteSpace" : false
    }, {
      "id" : "s10-t3",
      "begin" : 1009,
      "end" : 1011,
      "text" : "of",
      "whiteSpace" : false
    }, {
      "id" : "s10-t4",
      "begin" : 1012,
      "end" : 1017,
      "text" : "these",
      "whiteSpace" : false
    }, {
      "id" : "s10-t5",
      "begin" : 1018,
      "end" : 1027,
      "text" : "resources",
      "whiteSpace" : false
    }, {
      "id" : "s10-t6",
      "begin" : 1027,
      "end" : 1028,
      "text" : ",",
      "whiteSpace" : false
    }, {
      "id" : "s10-t7",
      "begin" : 1029,
      "end" : 1035,
      "text" : "higher",
      "whiteSpace" : false
    }, {
      "id" : "s10-t8",
      "begin" : 1036,
      "end" : 1046,
      "text" : "inequality",
      "whiteSpace" : false
    }, {
      "id" : "s10-t9",
      "begin" : 1047,
      "end" : 1049,
      "text" : "is",
      "whiteSpace" : false
    }, {
      "id" : "s10-t10",
      "begin" : 1050,
      "end" : 1060,
      "text" : "associated",
      "whiteSpace" : false
    }, {
      "id" : "s10-t11",
      "begin" : 1061,
      "end" : 1065,
      "text" : "with",
      "whiteSpace" : false
    }, {
      "id" : "s10-t12",
      "begin" : 1066,
      "end" : 1071,
      "text" : "lower",
      "whiteSpace" : false
    }, {
      "id" : "s10-t13",
      "begin" : 1072,
      "end" : 1077,
      "text" : "civic",
      "whiteSpace" : false
    }, {
      "id" : "s10-t14",
      "begin" : 1078,
      "end" : 1091,
      "text" : "participation",
      "whiteSpace" : false
    }, {
      "id" : "s10-t15",
      "begin" : 1091,
      "end" : 1092,
      "text" : ".",
      "whiteSpace" : false
    } ]
  }, {
    "id" : "s11",
    "begin" : 1093,
    "end" : 1177,
    "text" : "Furthermore, inequality magnifies the relationship between income and participation.",
    "tokens" : [ {
      "id" : "s11-t0",
      "begin" : 1093,
      "end" : 1104,
      "text" : "Furthermore",
      "whiteSpace" : false
    }, {
      "id" : "s11-t1",
      "begin" : 1104,
      "end" : 1105,
      "text" : ",",
      "whiteSpace" : false
    }, {
      "id" : "s11-t2",
      "begin" : 1106,
      "end" : 1116,
      "text" : "inequality",
      "whiteSpace" : false
    }, {
      "id" : "s11-t3",
      "begin" : 1117,
      "end" : 1126,
      "text" : "magnifies",
      "whiteSpace" : false
    }, {
      "id" : "s11-t4",
      "begin" : 1127,
      "end" : 1130,
      "text" : "the",
      "whiteSpace" : false
    }, {
      "id" : "s11-t5",
      "begin" : 1131,
      "end" : 1143,
      "text" : "relationship",
      "whiteSpace" : false
    }, {
      "id" : "s11-t6",
      "begin" : 1144,
      "end" : 1151,
      "text" : "between",
      "whiteSpace" : false
    }, {
      "id" : "s11-t7",
      "begin" : 1152,
      "end" : 1158,
      "text" : "income",
      "whiteSpace" : false
    }, {
      "id" : "s11-t8",
      "begin" : 1159,
      "end" : 1162,
      "text" : "and",
      "whiteSpace" : false
    }, {
      "id" : "s11-t9",
      "begin" : 1163,
      "end" : 1176,
      "text" : "participation",
      "whiteSpace" : false
    }, {
      "id" : "s11-t10",
      "begin" : 1176,
      "end" : 1177,
      "text" : ".",
      "whiteSpace" : false
    } ]
  }, {
    "id" : "s12",
    "begin" : 1178,
    "end" : 1296,
    "text" : "This finding is in line with the view that inter-individual processes explain why inequality diminishes participation.",
    "tokens" : [ {
      "id" : "s12-t0",
      "begin" : 1178,
      "end" : 1182,
      "text" : "This",
      "whiteSpace" : false
    }, {
      "id" : "s12-t1",
      "begin" : 1183,
      "end" : 1190,
      "text" : "finding",
      "whiteSpace" : false
    }, {
      "id" : "s12-t2",
      "begin" : 1191,
      "end" : 1193,
      "text" : "is",
      "whiteSpace" : false
    }, {
      "id" : "s12-t3",
      "begin" : 1194,
      "end" : 1196,
      "text" : "in",
      "whiteSpace" : false
    }, {
      "id" : "s12-t4",
      "begin" : 1197,
      "end" : 1201,
      "text" : "line",
      "whiteSpace" : false
    }, {
      "id" : "s12-t5",
      "begin" : 1202,
      "end" : 1206,
      "text" : "with",
      "whiteSpace" : false
    }, {
      "id" : "s12-t6",
      "begin" : 1207,
      "end" : 1210,
      "text" : "the",
      "whiteSpace" : false
    }, {
      "id" : "s12-t7",
      "begin" : 1211,
      "end" : 1215,
      "text" : "view",
      "whiteSpace" : false
    }, {
      "id" : "s12-t8",
      "begin" : 1216,
      "end" : 1220,
      "text" : "that",
      "whiteSpace" : false
    }, {
      "id" : "s12-t9",
      "begin" : 1221,
      "end" : 1226,
      "text" : "inter",
      "whiteSpace" : false
    }, {
      "id" : "s12-t10",
      "begin" : 1226,
      "end" : 1227,
      "text" : "-",
      "whiteSpace" : false
    }, {
      "id" : "s12-t11",
      "begin" : 1227,
      "end" : 1237,
      "text" : "individual",
      "whiteSpace" : false
    }, {
      "id" : "s12-t12",
      "begin" : 1238,
      "end" : 1247,
      "text" : "processes",
      "whiteSpace" : false
    }, {
      "id" : "s12-t13",
      "begin" : 1248,
      "end" : 1255,
      "text" : "explain",
      "whiteSpace" : false
    }, {
      "id" : "s12-t14",
      "begin" : 1256,
      "end" : 1259,
      "text" : "why",
      "whiteSpace" : false
    }, {
      "id" : "s12-t15",
      "begin" : 1260,
      "end" : 1270,
      "text" : "inequality",
      "whiteSpace" : false
    }, {
      "id" : "s12-t16",
      "begin" : 1271,
      "end" : 1281,
      "text" : "diminishes",
      "whiteSpace" : false
    }, {
      "id" : "s12-t17",
      "begin" : 1282,
      "end" : 1295,
      "text" : "participation",
      "whiteSpace" : false
    }, {
      "id" : "s12-t18",
      "begin" : 1295,
      "end" : 1296,
      "text" : ".",
      "whiteSpace" : false
    } ]
  } ],
  "mentions" : [ {
    "id" : "m1",
    "properties" : {
      "SIRE_MENTION_TYPE" : "NONE",
      "SIRE_ENTITY_SUBTYPE" : "NONE",
      "SIRE_MENTION_ROLE" : "evidence",
      "SIRE_MENTION_CLASS" : "SPC"
    },
    "type" : "evidence",
    "begin" : 4,
    "end" : 11,
    "inCoref" : false
  }, {
    "id" : "m2",
    "properties" : {
      "SIRE_MENTION_TYPE" : "NONE",
      "SIRE_ENTITY_SUBTYPE" : "NONE",
      "SIRE_MENTION_ROLE" : "relation",
      "SIRE_MENTION_CLASS" : "SPC"
    },
    "type" : "relation",
    "begin" : 16,
    "end" : 25,
    "inCoref" : false
  }, {
    "id" : "m3",
    "properties" : {
      "SIRE_MENTION_TYPE" : "NONE",
      "SIRE_ENTITY_SUBTYPE" : "NONE",
      "SIRE_MENTION_ROLE" : "Variable",
      "SIRE_MENTION_CLASS" : "SPC"
    },
    "type" : "Variable",
    "begin" : 26,
    "end" : 43,
    "inCoref" : true
  }, {
    "id" : "s0-m4",
    "properties" : {
      "SIRE_MENTION_ROLE" : "Variable",
      "SIRE_ENTITY_SUBTYPE" : "NONE",
      "SIRE_MENTION_TYPE" : "NONE",
      "SIRE_MENTION_CLASS" : "SPC"
    },
    "type" : "Variable",
    "begin" : 47,
    "end" : 77,
    "inCoref" : true
  }, {
    "id" : "m4",
    "properties" : {
      "SIRE_MENTION_TYPE" : "NONE",
      "SIRE_ENTITY_SUBTYPE" : "NONE",
      "SIRE_MENTION_ROLE" : "Variable",
      "SIRE_MENTION_CLASS" : "SPC"
    },
    "type" : "Variable",
    "begin" : 85,
    "end" : 95,
    "inCoref" : true
  }, {
    "id" : "m5",
    "properties" : {
      "SIRE_MENTION_TYPE" : "NONE",
      "SIRE_ENTITY_SUBTYPE" : "NONE",
      "SIRE_MENTION_ROLE" : "relation",
      "SIRE_MENTION_CLASS" : "SPC"
    },
    "type" : "relation",
    "begin" : 99,
    "end" : 105,
    "inCoref" : false
  }, {
    "id" : "s1-m4",
    "properties" : {
      "SIRE_MENTION_ROLE" : "Variable",
      "SIRE_ENTITY_SUBTYPE" : "NONE",
      "SIRE_MENTION_TYPE" : "NONE",
      "SIRE_MENTION_CLASS" : "SPC"
    },
    "type" : "Variable",
    "begin" : 107,
    "end" : 120,
    "inCoref" : true
  }, {
    "id" : "m6",
    "properties" : {
      "SIRE_MENTION_TYPE" : "NONE",
      "SIRE_ENTITY_SUBTYPE" : "NONE",
      "SIRE_MENTION_ROLE" : "relation",
      "SIRE_MENTION_CLASS" : "SPC"
    },
    "type" : "relation",
    "begin" : 124,
    "end" : 129,
    "inCoref" : false
  }, {
    "id" : "m7",
    "properties" : {
      "SIRE_MENTION_TYPE" : "NONE",
      "SIRE_ENTITY_SUBTYPE" : "NONE",
      "SIRE_MENTION_ROLE" : "Variable",
      "SIRE_MENTION_CLASS" : "SPC"
    },
    "type" : "Variable",
    "begin" : 185,
    "end" : 195,
    "inCoref" : true
  }, {
    "id" : "s2-m2",
    "properties" : {
      "SIRE_MENTION_ROLE" : "relation",
      "SIRE_ENTITY_SUBTYPE" : "NONE",
      "SIRE_MENTION_TYPE" : "NONE",
      "SIRE_MENTION_CLASS" : "SPC"
    },
    "type" : "relation",
    "begin" : 196,
    "end" : 203,
    "inCoref" : false
  }, {
    "id" : "s2-m3",
    "properties" : {
      "SIRE_MENTION_ROLE" : "Variable",
      "SIRE_ENTITY_SUBTYPE" : "NONE",
      "SIRE_MENTION_TYPE" : "NONE",
      "SIRE_MENTION_CLASS" : "SPC"
    },
    "type" : "Variable",
    "begin" : 204,
    "end" : 217,
    "inCoref" : true
  }, {
    "id" : "m8",
    "properties" : {
      "SIRE_MENTION_TYPE" : "NONE",
      "SIRE_ENTITY_SUBTYPE" : "NONE",
      "SIRE_MENTION_ROLE" : "relation",
      "SIRE_MENTION_CLASS" : "SPC"
    },
    "type" : "relation",
    "begin" : 219,
    "end" : 225,
    "inCoref" : false
  }, {
    "id" : "m9",
    "properties" : {
      "SIRE_MENTION_TYPE" : "NONE",
      "SIRE_ENTITY_SUBTYPE" : "NONE",
      "SIRE_MENTION_ROLE" : "Variable",
      "SIRE_MENTION_CLASS" : "SPC"
    },
    "type" : "Variable",
    "begin" : 226,
    "end" : 236,
    "inCoref" : true
  }, {
    "id" : "m10",
    "properties" : {
      "SIRE_MENTION_TYPE" : "NONE",
      "SIRE_ENTITY_SUBTYPE" : "NONE",
      "SIRE_MENTION_ROLE" : "relation",
      "SIRE_MENTION_CLASS" : "SPC"
    },
    "type" : "relation",
    "begin" : 251,
    "end" : 267,
    "inCoref" : false
  }, {
    "id" : "m26",
    "properties" : {
      "SIRE_MENTION_TYPE" : "NONE",
      "SIRE_ENTITY_LEVEL" : "NONE",
      "SIRE_ENTITY_SUBTYPE" : "NONE",
      "SIRE_MENTION_ROLE" : "Variable",
      "SIRE_ENTITY_CLASS" : "SPC",
      "SIRE_MENTION_CLASS" : "SPC"
    },
    "type" : "Variable",
    "begin" : 268,
    "end" : 274,
    "inCoref" : true
  }, {
    "id" : "s3-m5",
    "properties" : {
      "SIRE_MENTION_ROLE" : "Variable",
      "SIRE_ENTITY_SUBTYPE" : "NONE",
      "SIRE_MENTION_TYPE" : "NONE",
      "SIRE_MENTION_CLASS" : "SPC"
    },
    "type" : "Variable",
    "begin" : 279,
    "end" : 292,
    "inCoref" : true
  }, {
    "id" : "m11",
    "properties" : {
      "SIRE_MENTION_TYPE" : "NONE",
      "SIRE_ENTITY_SUBTYPE" : "NONE",
      "SIRE_MENTION_ROLE" : "evidence",
      "SIRE_MENTION_CLASS" : "SPC"
    },
    "type" : "evidence",
    "begin" : 312,
    "end" : 320,
    "inCoref" : false
  }, {
    "id" : "s4-m3",
    "properties" : {
      "SIRE_MENTION_ROLE" : "relation",
      "SIRE_ENTITY_SUBTYPE" : "NONE",
      "SIRE_MENTION_TYPE" : "NONE",
      "SIRE_MENTION_CLASS" : "SPC"
    },
    "type" : "relation",
    "begin" : 342,
    "end" : 346,
    "inCoref" : false
  }, {
    "id" : "m12",
    "properties" : {
      "SIRE_MENTION_TYPE" : "NONE",
      "SIRE_ENTITY_SUBTYPE" : "NONE",
      "SIRE_MENTION_ROLE" : "Variable",
      "SIRE_MENTION_CLASS" : "SPC"
    },
    "type" : "Variable",
    "begin" : 356,
    "end" : 366,
    "inCoref" : true
  }, {
    "id" : "s4-m5",
    "properties" : {
      "SIRE_MENTION_ROLE" : "relation",
      "SIRE_ENTITY_SUBTYPE" : "NONE",
      "SIRE_MENTION_TYPE" : "NONE",
      "SIRE_MENTION_CLASS" : "SPC"
    },
    "type" : "relation",
    "begin" : 379,
    "end" : 382,
    "inCoref" : false
  }, {
    "id" : "s4-m6",
    "properties" : {
      "SIRE_MENTION_ROLE" : "Variable",
      "SIRE_ENTITY_SUBTYPE" : "NONE",
      "SIRE_MENTION_TYPE" : "NONE",
      "SIRE_MENTION_CLASS" : "SPC"
    },
    "type" : "Variable",
    "begin" : 383,
    "end" : 404,
    "inCoref" : true
  }, {
    "id" : "m13",
    "properties" : {
      "SIRE_MENTION_TYPE" : "NONE",
      "SIRE_ENTITY_SUBTYPE" : "NONE",
      "SIRE_MENTION_ROLE" : "Variable",
      "SIRE_MENTION_CLASS" : "SPC"
    },
    "type" : "Variable",
    "begin" : 450,
    "end" : 460,
    "inCoref" : true
  }, {
    "id" : "s5-m2",
    "properties" : {
      "SIRE_MENTION_ROLE" : "relation",
      "SIRE_ENTITY_SUBTYPE" : "NONE",
      "SIRE_MENTION_TYPE" : "NONE",
      "SIRE_MENTION_CLASS" : "SPC"
    },
    "type" : "relation",
    "begin" : 461,
    "end" : 470,
    "inCoref" : false
  }, {
    "id" : "s5-m3",
    "properties" : {
      "SIRE_MENTION_ROLE" : "Variable",
      "SIRE_ENTITY_SUBTYPE" : "NONE",
      "SIRE_MENTION_TYPE" : "NONE",
      "SIRE_MENTION_CLASS" : "SPC"
    },
    "type" : "Variable",
    "begin" : 471,
    "end" : 484,
    "inCoref" : true
  }, {
    "id" : "m27",
    "properties" : {
      "SIRE_MENTION_TYPE" : "NONE",
      "SIRE_ENTITY_LEVEL" : "NONE",
      "SIRE_ENTITY_SUBTYPE" : "NONE",
      "SIRE_MENTION_ROLE" : "Variable",
      "SIRE_ENTITY_CLASS" : "SPC",
      "SIRE_MENTION_CLASS" : "SPC"
    },
    "type" : "Variable",
    "begin" : 626,
    "end" : 637,
    "inCoref" : false
  }, {
    "id" : "m14",
    "properties" : {
      "SIRE_MENTION_TYPE" : "NONE",
      "SIRE_ENTITY_SUBTYPE" : "NONE",
      "SIRE_MENTION_ROLE" : "evidence",
      "SIRE_MENTION_CLASS" : "SPC"
    },
    "type" : "evidence",
    "begin" : 794,
    "end" : 801,
    "inCoref" : false
  }, {
    "id" : "m15",
    "properties" : {
      "SIRE_MENTION_TYPE" : "NONE",
      "SIRE_ENTITY_SUBTYPE" : "NONE",
      "SIRE_MENTION_ROLE" : "Variable",
      "SIRE_MENTION_CLASS" : "SPC"
    },
    "type" : "Variable",
    "begin" : 813,
    "end" : 823,
    "inCoref" : true
  }, {
    "id" : "m16",
    "properties" : {
      "SIRE_MENTION_TYPE" : "NONE",
      "SIRE_ENTITY_SUBTYPE" : "NONE",
      "SIRE_MENTION_ROLE" : "relation",
      "SIRE_MENTION_CLASS" : "SPC"
    },
    "type" : "relation",
    "begin" : 827,
    "end" : 837,
    "inCoref" : false
  }, {
    "id" : "m28",
    "properties" : {
      "SIRE_MENTION_TYPE" : "NONE",
      "SIRE_ENTITY_LEVEL" : "NONE",
      "SIRE_ENTITY_SUBTYPE" : "NONE",
      "SIRE_MENTION_ROLE" : "Variable",
      "SIRE_ENTITY_CLASS" : "SPC",
      "SIRE_MENTION_CLASS" : "SPC"
    },
    "type" : "Variable",
    "begin" : 838,
    "end" : 843,
    "inCoref" : false
  }, {
    "id" : "m29",
    "properties" : {
      "SIRE_MENTION_TYPE" : "NONE",
      "SIRE_ENTITY_LEVEL" : "NONE",
      "SIRE_ENTITY_SUBTYPE" : "NONE",
      "SIRE_MENTION_ROLE" : "Variable",
      "SIRE_ENTITY_CLASS" : "SPC",
      "SIRE_MENTION_CLASS" : "SPC"
    },
    "type" : "Variable",
    "begin" : 848,
    "end" : 868,
    "inCoref" : true
  }, {
    "id" : "m17",
    "properties" : {
      "SIRE_MENTION_TYPE" : "NONE",
      "SIRE_ENTITY_SUBTYPE" : "NONE",
      "SIRE_MENTION_ROLE" : "evidence",
      "SIRE_MENTION_CLASS" : "SPC"
    },
    "type" : "evidence",
    "begin" : 874,
    "end" : 881,
    "inCoref" : false
  }, {
    "id" : "m30",
    "properties" : {
      "SIRE_MENTION_TYPE" : "NONE",
      "SIRE_ENTITY_LEVEL" : "NONE",
      "SIRE_ENTITY_SUBTYPE" : "NONE",
      "SIRE_MENTION_ROLE" : "relation",
      "SIRE_ENTITY_CLASS" : "SPC",
      "SIRE_MENTION_CLASS" : "SPC"
    },
    "type" : "relation",
    "begin" : 905,
    "end" : 915,
    "inCoref" : false
  }, {
    "id" : "m18",
    "properties" : {
      "SIRE_MENTION_TYPE" : "NONE",
      "SIRE_ENTITY_SUBTYPE" : "NONE",
      "SIRE_MENTION_ROLE" : "Variable",
      "SIRE_MENTION_CLASS" : "SPC"
    },
    "type" : "Variable",
    "begin" : 916,
    "end" : 926,
    "inCoref" : true
  }, {
    "id" : "m19",
    "properties" : {
      "SIRE_MENTION_TYPE" : "NONE",
      "SIRE_ENTITY_SUBTYPE" : "NONE",
      "SIRE_MENTION_ROLE" : "relation",
      "SIRE_MENTION_CLASS" : "SPC"
    },
    "type" : "relation",
    "begin" : 1029,
    "end" : 1035,
    "inCoref" : false
  }, {
    "id" : "m20",
    "properties" : {
      "SIRE_MENTION_TYPE" : "NONE",
      "SIRE_ENTITY_SUBTYPE" : "NONE",
      "SIRE_MENTION_ROLE" : "Variable",
      "SIRE_MENTION_CLASS" : "SPC"
    },
    "type" : "Variable",
    "begin" : 1036,
    "end" : 1046,
    "inCoref" : true
  }, {
    "id" : "m21",
    "properties" : {
      "SIRE_MENTION_TYPE" : "NONE",
      "SIRE_ENTITY_SUBTYPE" : "NONE",
      "SIRE_MENTION_ROLE" : "relation",
      "SIRE_MENTION_CLASS" : "SPC"
    },
    "type" : "relation",
    "begin" : 1050,
    "end" : 1065,
    "inCoref" : false
  }, {
    "id" : "m22",
    "properties" : {
      "SIRE_MENTION_TYPE" : "NONE",
      "SIRE_ENTITY_SUBTYPE" : "NONE",
      "SIRE_MENTION_ROLE" : "relation",
      "SIRE_MENTION_CLASS" : "SPC"
    },
    "type" : "relation",
    "begin" : 1066,
    "end" : 1071,
    "inCoref" : false
  }, {
    "id" : "s10-m5",
    "properties" : {
      "SIRE_MENTION_ROLE" : "Variable",
      "SIRE_ENTITY_SUBTYPE" : "NONE",
      "SIRE_MENTION_TYPE" : "NONE",
      "SIRE_MENTION_CLASS" : "SPC"
    },
    "type" : "Variable",
    "begin" : 1072,
    "end" : 1091,
    "inCoref" : true
  }, {
    "id" : "m23",
    "properties" : {
      "SIRE_MENTION_TYPE" : "NONE",
      "SIRE_ENTITY_SUBTYPE" : "NONE",
      "SIRE_MENTION_ROLE" : "Variable",
      "SIRE_MENTION_CLASS" : "SPC"
    },
    "type" : "Variable",
    "begin" : 1106,
    "end" : 1116,
    "inCoref" : true
  }, {
    "id" : "m31",
    "properties" : {
      "SIRE_MENTION_TYPE" : "NONE",
      "SIRE_ENTITY_LEVEL" : "NONE",
      "SIRE_ENTITY_SUBTYPE" : "NONE",
      "SIRE_MENTION_ROLE" : "relation",
      "SIRE_ENTITY_CLASS" : "SPC",
      "SIRE_MENTION_CLASS" : "SPC"
    },
    "type" : "relation",
    "begin" : 1131,
    "end" : 1151,
    "inCoref" : false
  }, {
    "id" : "m32",
    "properties" : {
      "SIRE_MENTION_TYPE" : "NONE",
      "SIRE_ENTITY_LEVEL" : "NONE",
      "SIRE_ENTITY_SUBTYPE" : "NONE",
      "SIRE_MENTION_ROLE" : "Variable",
      "SIRE_ENTITY_CLASS" : "SPC",
      "SIRE_MENTION_CLASS" : "SPC"
    },
    "type" : "Variable",
    "begin" : 1152,
    "end" : 1158,
    "inCoref" : true
  }, {
    "id" : "s11-m4",
    "properties" : {
      "SIRE_MENTION_ROLE" : "Variable",
      "SIRE_ENTITY_SUBTYPE" : "NONE",
      "SIRE_MENTION_TYPE" : "NONE",
      "SIRE_MENTION_CLASS" : "SPC"
    },
    "type" : "Variable",
    "begin" : 1163,
    "end" : 1176,
    "inCoref" : true
  }, {
    "id" : "m24",
    "properties" : {
      "SIRE_MENTION_TYPE" : "NONE",
      "SIRE_ENTITY_SUBTYPE" : "NONE",
      "SIRE_MENTION_ROLE" : "evidence",
      "SIRE_MENTION_CLASS" : "SPC"
    },
    "type" : "evidence",
    "begin" : 1183,
    "end" : 1190,
    "inCoref" : false
  }, {
    "id" : "m25",
    "properties" : {
      "SIRE_MENTION_TYPE" : "NONE",
      "SIRE_ENTITY_SUBTYPE" : "NONE",
      "SIRE_MENTION_ROLE" : "Variable",
      "SIRE_MENTION_CLASS" : "SPC"
    },
    "type" : "Variable",
    "begin" : 1260,
    "end" : 1270,
    "inCoref" : true
  }, {
    "id" : "s12-m3",
    "properties" : {
      "SIRE_MENTION_ROLE" : "relation",
      "SIRE_ENTITY_SUBTYPE" : "NONE",
      "SIRE_MENTION_TYPE" : "NONE",
      "SIRE_MENTION_CLASS" : "SPC"
    },
    "type" : "relation",
    "begin" : 1271,
    "end" : 1281,
    "inCoref" : false
  }, {
    "id" : "s12-m4",
    "properties" : {
      "SIRE_MENTION_ROLE" : "Variable",
      "SIRE_ENTITY_SUBTYPE" : "NONE",
      "SIRE_MENTION_TYPE" : "NONE",
      "SIRE_MENTION_CLASS" : "SPC"
    },
    "type" : "Variable",
    "begin" : 1282,
    "end" : 1295,
    "inCoref" : true
  } ],
  "relations" : [ {
    "id" : "s1-r1",
    "properties" : { },
    "type" : "RelateCorrelation",
    "args" : [ "m4", "s1-m4" ]
  }, {
    "id" : "s2-r1",
    "properties" : { },
    "type" : "Causal",
    "args" : [ "m7", "s2-m3" ]
  }, {
    "id" : "s3-r1",
    "properties" : { },
    "type" : "RelateCorrelation",
    "args" : [ "m26", "s3-m5" ]
  }, {
    "id" : "s4-r1",
    "properties" : { },
    "type" : "RelateCorrelation",
    "args" : [ "m12", "s4-m6" ]
  }, {
    "id" : "s5-r1",
    "properties" : { },
    "type" : "Causal",
    "args" : [ "m13", "s5-m3" ]
  }, {
    "id" : "s10-r1",
    "properties" : { },
    "type" : "RelateCorrelation",
    "args" : [ "m20", "s10-m5" ]
  }, {
    "id" : "s11-r1",
    "properties" : { },
    "type" : "RelateCorrelation",
    "args" : [ "m32", "s11-m4" ]
  }, {
    "id" : "s12-r1",
    "properties" : { },
    "type" : "Causal",
    "args" : [ "m25", "s12-m4" ]
  } ],
  "corefs" : [ {
    "id" : "c1",
    "properties" : { },
    "mentions" : [ "m4", "m7", "m9", "m12", "m13", "m18", "m20", "m23", "m25", "m3", "m15" ]
  }, {
    "id" : "c2",
    "properties" : { },
    "mentions" : [ "m26", "m32" ]
  }, {
    "id" : "c3",
    "properties" : { },
    "mentions" : [ "s12-m4", "s11-m4", "m29", "s5-m3", "s3-m5", "s2-m3", "s1-m4", "s0-m4", "s4-m6", "s10-m5" ]
  } ],
  "typeResolved" : true,
  "userResolved" : false
}