{
  "id" : "83a5def0-511d-11ec-9622-3b1b04e41a52-0",
  "name" : "15. Wilkinson, R., Kawachi, I., & Kennedy, B. (1998.docx",
  "createdDate" : 0,
  "version" : 3,
  "text" : "\nStarting out from the relationship between income equality and indicators of social cohesion and social trust, this paper explores the social processes which might account for the relationship between greater income equality and lower population mortality rates. We note that: homicide shows an even closer relationship to income inequality than does mortality from all other causes combined; there are several reports that homicide rates are particularly closely related to all cause mortality; and that there is a growing body of research on crime in relation to social disorganisation. We use US state level data to examine the relationships between various categories of income inequality, median state income, social trust and mortality. The data suggest that violent crime, but not property crime, is closely related to income inequality, social trust and mortality rates, excluding homicide. The second half of the paper is devoted to literature on the antecedents of violence. Feeling shamed, humiliated and disrespected seem to be central to the picture and are plausibly related to the way in which wider income differences are likely to mean more people are denied access to traditional sources of status and respect. We suggest that these aspects of low social status may be central to the psychosocial processes linking inequality, violence, social cohesion and mortality.\n\n",
  "docLength" : 0,
  "language" : "EN",
  "status" : "IN_PROGRESS",
  "modifiedDate" : 1638279970519,
  "documentSet" : [ ],
  "preannotation" : [ "PRE_LW", "PRE_SIRE" ],
  "sentences" : [ {
    "id" : "s0",
    "begin" : 1,
    "end" : 263,
    "text" : "Starting out from the relationship between income equality and indicators of social cohesion and social trust, this paper explores the social processes which might account for the relationship between greater income equality and lower population mortality rates.",
    "tokens" : [ {
      "id" : "s0-t0",
      "begin" : 1,
      "end" : 9,
      "text" : "Starting",
      "whiteSpace" : false
    }, {
      "id" : "s0-t1",
      "begin" : 10,
      "end" : 13,
      "text" : "out",
      "whiteSpace" : false
    }, {
      "id" : "s0-t2",
      "begin" : 14,
      "end" : 18,
      "text" : "from",
      "whiteSpace" : false
    }, {
      "id" : "s0-t3",
      "begin" : 19,
      "end" : 22,
      "text" : "the",
      "whiteSpace" : false
    }, {
      "id" : "s0-t4",
      "begin" : 23,
      "end" : 35,
      "text" : "relationship",
      "whiteSpace" : false
    }, {
      "id" : "s0-t5",
      "begin" : 36,
      "end" : 43,
      "text" : "between",
      "whiteSpace" : false
    }, {
      "id" : "s0-t6",
      "begin" : 44,
      "end" : 50,
      "text" : "income",
      "whiteSpace" : false
    }, {
      "id" : "s0-t7",
      "begin" : 51,
      "end" : 59,
      "text" : "equality",
      "whiteSpace" : false
    }, {
      "id" : "s0-t8",
      "begin" : 60,
      "end" : 63,
      "text" : "and",
      "whiteSpace" : false
    }, {
      "id" : "s0-t9",
      "begin" : 64,
      "end" : 74,
      "text" : "indicators",
      "whiteSpace" : false
    }, {
      "id" : "s0-t10",
      "begin" : 75,
      "end" : 77,
      "text" : "of",
      "whiteSpace" : false
    }, {
      "id" : "s0-t11",
      "begin" : 78,
      "end" : 84,
      "text" : "social",
      "whiteSpace" : false
    }, {
      "id" : "s0-t12",
      "begin" : 85,
      "end" : 93,
      "text" : "cohesion",
      "whiteSpace" : false
    }, {
      "id" : "s0-t13",
      "begin" : 94,
      "end" : 97,
      "text" : "and",
      "whiteSpace" : false
    }, {
      "id" : "s0-t14",
      "begin" : 98,
      "end" : 104,
      "text" : "social",
      "whiteSpace" : false
    }, {
      "id" : "s0-t15",
      "begin" : 105,
      "end" : 110,
      "text" : "trust",
      "whiteSpace" : false
    }, {
      "id" : "s0-t16",
      "begin" : 110,
      "end" : 111,
      "text" : ",",
      "whiteSpace" : false
    }, {
      "id" : "s0-t17",
      "begin" : 112,
      "end" : 116,
      "text" : "this",
      "whiteSpace" : false
    }, {
      "id" : "s0-t18",
      "begin" : 117,
      "end" : 122,
      "text" : "paper",
      "whiteSpace" : false
    }, {
      "id" : "s0-t19",
      "begin" : 123,
      "end" : 131,
      "text" : "explores",
      "whiteSpace" : false
    }, {
      "id" : "s0-t20",
      "begin" : 132,
      "end" : 135,
      "text" : "the",
      "whiteSpace" : false
    }, {
      "id" : "s0-t21",
      "begin" : 136,
      "end" : 142,
      "text" : "social",
      "whiteSpace" : false
    }, {
      "id" : "s0-t22",
      "begin" : 143,
      "end" : 152,
      "text" : "processes",
      "whiteSpace" : false
    }, {
      "id" : "s0-t23",
      "begin" : 153,
      "end" : 158,
      "text" : "which",
      "whiteSpace" : false
    }, {
      "id" : "s0-t24",
      "begin" : 159,
      "end" : 164,
      "text" : "might",
      "whiteSpace" : false
    }, {
      "id" : "s0-t25",
      "begin" : 165,
      "end" : 172,
      "text" : "account",
      "whiteSpace" : false
    }, {
      "id" : "s0-t26",
      "begin" : 173,
      "end" : 176,
      "text" : "for",
      "whiteSpace" : false
    }, {
      "id" : "s0-t27",
      "begin" : 177,
      "end" : 180,
      "text" : "the",
      "whiteSpace" : false
    }, {
      "id" : "s0-t28",
      "begin" : 181,
      "end" : 193,
      "text" : "relationship",
      "whiteSpace" : false
    }, {
      "id" : "s0-t29",
      "begin" : 194,
      "end" : 201,
      "text" : "between",
      "whiteSpace" : false
    }, {
      "id" : "s0-t30",
      "begin" : 202,
      "end" : 209,
      "text" : "greater",
      "whiteSpace" : false
    }, {
      "id" : "s0-t31",
      "begin" : 210,
      "end" : 216,
      "text" : "income",
      "whiteSpace" : false
    }, {
      "id" : "s0-t32",
      "begin" : 217,
      "end" : 225,
      "text" : "equality",
      "whiteSpace" : false
    }, {
      "id" : "s0-t33",
      "begin" : 226,
      "end" : 229,
      "text" : "and",
      "whiteSpace" : false
    }, {
      "id" : "s0-t34",
      "begin" : 230,
      "end" : 235,
      "text" : "lower",
      "whiteSpace" : false
    }, {
      "id" : "s0-t35",
      "begin" : 236,
      "end" : 246,
      "text" : "population",
      "whiteSpace" : false
    }, {
      "id" : "s0-t36",
      "begin" : 247,
      "end" : 256,
      "text" : "mortality",
      "whiteSpace" : false
    }, {
      "id" : "s0-t37",
      "begin" : 257,
      "end" : 262,
      "text" : "rates",
      "whiteSpace" : false
    }, {
      "id" : "s0-t38",
      "begin" : 262,
      "end" : 263,
      "text" : ".",
      "whiteSpace" : false
    } ]
  }, {
    "id" : "s1",
    "begin" : 264,
    "end" : 589,
    "text" : "We note that: homicide shows an even closer relationship to income inequality than does mortality from all other causes combined; there are several reports that homicide rates are particularly closely related to all cause mortality; and that there is a growing body of research on crime in relation to social disorganisation.",
    "tokens" : [ {
      "id" : "s1-t0",
      "begin" : 264,
      "end" : 266,
      "text" : "We",
      "whiteSpace" : false
    }, {
      "id" : "s1-t1",
      "begin" : 267,
      "end" : 271,
      "text" : "note",
      "whiteSpace" : false
    }, {
      "id" : "s1-t2",
      "begin" : 272,
      "end" : 276,
      "text" : "that",
      "whiteSpace" : false
    }, {
      "id" : "s1-t3",
      "begin" : 276,
      "end" : 277,
      "text" : ":",
      "whiteSpace" : false
    }, {
      "id" : "s1-t4",
      "begin" : 278,
      "end" : 286,
      "text" : "homicide",
      "whiteSpace" : false
    }, {
      "id" : "s1-t5",
      "begin" : 287,
      "end" : 292,
      "text" : "shows",
      "whiteSpace" : false
    }, {
      "id" : "s1-t6",
      "begin" : 293,
      "end" : 295,
      "text" : "an",
      "whiteSpace" : false
    }, {
      "id" : "s1-t7",
      "begin" : 296,
      "end" : 300,
      "text" : "even",
      "whiteSpace" : false
    }, {
      "id" : "s1-t8",
      "begin" : 301,
      "end" : 307,
      "text" : "closer",
      "whiteSpace" : false
    }, {
      "id" : "s1-t9",
      "begin" : 308,
      "end" : 320,
      "text" : "relationship",
      "whiteSpace" : false
    }, {
      "id" : "s1-t10",
      "begin" : 321,
      "end" : 323,
      "text" : "to",
      "whiteSpace" : false
    }, {
      "id" : "s1-t11",
      "begin" : 324,
      "end" : 330,
      "text" : "income",
      "whiteSpace" : false
    }, {
      "id" : "s1-t12",
      "begin" : 331,
      "end" : 341,
      "text" : "inequality",
      "whiteSpace" : false
    }, {
      "id" : "s1-t13",
      "begin" : 342,
      "end" : 346,
      "text" : "than",
      "whiteSpace" : false
    }, {
      "id" : "s1-t14",
      "begin" : 347,
      "end" : 351,
      "text" : "does",
      "whiteSpace" : false
    }, {
      "id" : "s1-t15",
      "begin" : 352,
      "end" : 361,
      "text" : "mortality",
      "whiteSpace" : false
    }, {
      "id" : "s1-t16",
      "begin" : 362,
      "end" : 366,
      "text" : "from",
      "whiteSpace" : false
    }, {
      "id" : "s1-t17",
      "begin" : 367,
      "end" : 370,
      "text" : "all",
      "whiteSpace" : false
    }, {
      "id" : "s1-t18",
      "begin" : 371,
      "end" : 376,
      "text" : "other",
      "whiteSpace" : false
    }, {
      "id" : "s1-t19",
      "begin" : 377,
      "end" : 383,
      "text" : "causes",
      "whiteSpace" : false
    }, {
      "id" : "s1-t20",
      "begin" : 384,
      "end" : 392,
      "text" : "combined",
      "whiteSpace" : false
    }, {
      "id" : "s1-t21",
      "begin" : 392,
      "end" : 393,
      "text" : ";",
      "whiteSpace" : false
    }, {
      "id" : "s1-t22",
      "begin" : 394,
      "end" : 399,
      "text" : "there",
      "whiteSpace" : false
    }, {
      "id" : "s1-t23",
      "begin" : 400,
      "end" : 403,
      "text" : "are",
      "whiteSpace" : false
    }, {
      "id" : "s1-t24",
      "begin" : 404,
      "end" : 411,
      "text" : "several",
      "whiteSpace" : false
    }, {
      "id" : "s1-t25",
      "begin" : 412,
      "end" : 419,
      "text" : "reports",
      "whiteSpace" : false
    }, {
      "id" : "s1-t26",
      "begin" : 420,
      "end" : 424,
      "text" : "that",
      "whiteSpace" : false
    }, {
      "id" : "s1-t27",
      "begin" : 425,
      "end" : 433,
      "text" : "homicide",
      "whiteSpace" : false
    }, {
      "id" : "s1-t28",
      "begin" : 434,
      "end" : 439,
      "text" : "rates",
      "whiteSpace" : false
    }, {
      "id" : "s1-t29",
      "begin" : 440,
      "end" : 443,
      "text" : "are",
      "whiteSpace" : false
    }, {
      "id" : "s1-t30",
      "begin" : 444,
      "end" : 456,
      "text" : "particularly",
      "whiteSpace" : false
    }, {
      "id" : "s1-t31",
      "begin" : 457,
      "end" : 464,
      "text" : "closely",
      "whiteSpace" : false
    }, {
      "id" : "s1-t32",
      "begin" : 465,
      "end" : 472,
      "text" : "related",
      "whiteSpace" : false
    }, {
      "id" : "s1-t33",
      "begin" : 473,
      "end" : 475,
      "text" : "to",
      "whiteSpace" : false
    }, {
      "id" : "s1-t34",
      "begin" : 476,
      "end" : 479,
      "text" : "all",
      "whiteSpace" : false
    }, {
      "id" : "s1-t35",
      "begin" : 480,
      "end" : 485,
      "text" : "cause",
      "whiteSpace" : false
    }, {
      "id" : "s1-t36",
      "begin" : 486,
      "end" : 495,
      "text" : "mortality",
      "whiteSpace" : false
    }, {
      "id" : "s1-t37",
      "begin" : 495,
      "end" : 496,
      "text" : ";",
      "whiteSpace" : false
    }, {
      "id" : "s1-t38",
      "begin" : 497,
      "end" : 500,
      "text" : "and",
      "whiteSpace" : false
    }, {
      "id" : "s1-t39",
      "begin" : 501,
      "end" : 505,
      "text" : "that",
      "whiteSpace" : false
    }, {
      "id" : "s1-t40",
      "begin" : 506,
      "end" : 511,
      "text" : "there",
      "whiteSpace" : false
    }, {
      "id" : "s1-t41",
      "begin" : 512,
      "end" : 514,
      "text" : "is",
      "whiteSpace" : false
    }, {
      "id" : "s1-t42",
      "begin" : 515,
      "end" : 516,
      "text" : "a",
      "whiteSpace" : false
    }, {
      "id" : "s1-t43",
      "begin" : 517,
      "end" : 524,
      "text" : "growing",
      "whiteSpace" : false
    }, {
      "id" : "s1-t44",
      "begin" : 525,
      "end" : 529,
      "text" : "body",
      "whiteSpace" : false
    }, {
      "id" : "s1-t45",
      "begin" : 530,
      "end" : 532,
      "text" : "of",
      "whiteSpace" : false
    }, {
      "id" : "s1-t46",
      "begin" : 533,
      "end" : 541,
      "text" : "research",
      "whiteSpace" : false
    }, {
      "id" : "s1-t47",
      "begin" : 542,
      "end" : 544,
      "text" : "on",
      "whiteSpace" : false
    }, {
      "id" : "s1-t48",
      "begin" : 545,
      "end" : 550,
      "text" : "crime",
      "whiteSpace" : false
    }, {
      "id" : "s1-t49",
      "begin" : 551,
      "end" : 553,
      "text" : "in",
      "whiteSpace" : false
    }, {
      "id" : "s1-t50",
      "begin" : 554,
      "end" : 562,
      "text" : "relation",
      "whiteSpace" : false
    }, {
      "id" : "s1-t51",
      "begin" : 563,
      "end" : 565,
      "text" : "to",
      "whiteSpace" : false
    }, {
      "id" : "s1-t52",
      "begin" : 566,
      "end" : 572,
      "text" : "social",
      "whiteSpace" : false
    }, {
      "id" : "s1-t53",
      "begin" : 573,
      "end" : 588,
      "text" : "disorganisation",
      "whiteSpace" : false
    }, {
      "id" : "s1-t54",
      "begin" : 588,
      "end" : 589,
      "text" : ".",
      "whiteSpace" : false
    } ]
  }, {
    "id" : "s2",
    "begin" : 590,
    "end" : 743,
    "text" : "We use US state level data to examine the relationships between various categories of income inequality, median state income, social trust and mortality.",
    "tokens" : [ {
      "id" : "s2-t0",
      "begin" : 590,
      "end" : 592,
      "text" : "We",
      "whiteSpace" : false
    }, {
      "id" : "s2-t1",
      "begin" : 593,
      "end" : 596,
      "text" : "use",
      "whiteSpace" : false
    }, {
      "id" : "s2-t2",
      "begin" : 597,
      "end" : 599,
      "text" : "US",
      "whiteSpace" : false
    }, {
      "id" : "s2-t3",
      "begin" : 600,
      "end" : 605,
      "text" : "state",
      "whiteSpace" : false
    }, {
      "id" : "s2-t4",
      "begin" : 606,
      "end" : 611,
      "text" : "level",
      "whiteSpace" : false
    }, {
      "id" : "s2-t5",
      "begin" : 612,
      "end" : 616,
      "text" : "data",
      "whiteSpace" : false
    }, {
      "id" : "s2-t6",
      "begin" : 617,
      "end" : 619,
      "text" : "to",
      "whiteSpace" : false
    }, {
      "id" : "s2-t7",
      "begin" : 620,
      "end" : 627,
      "text" : "examine",
      "whiteSpace" : false
    }, {
      "id" : "s2-t8",
      "begin" : 628,
      "end" : 631,
      "text" : "the",
      "whiteSpace" : false
    }, {
      "id" : "s2-t9",
      "begin" : 632,
      "end" : 645,
      "text" : "relationships",
      "whiteSpace" : false
    }, {
      "id" : "s2-t10",
      "begin" : 646,
      "end" : 653,
      "text" : "between",
      "whiteSpace" : false
    }, {
      "id" : "s2-t11",
      "begin" : 654,
      "end" : 661,
      "text" : "various",
      "whiteSpace" : false
    }, {
      "id" : "s2-t12",
      "begin" : 662,
      "end" : 672,
      "text" : "categories",
      "whiteSpace" : false
    }, {
      "id" : "s2-t13",
      "begin" : 673,
      "end" : 675,
      "text" : "of",
      "whiteSpace" : false
    }, {
      "id" : "s2-t14",
      "begin" : 676,
      "end" : 682,
      "text" : "income",
      "whiteSpace" : false
    }, {
      "id" : "s2-t15",
      "begin" : 683,
      "end" : 693,
      "text" : "inequality",
      "whiteSpace" : false
    }, {
      "id" : "s2-t16",
      "begin" : 693,
      "end" : 694,
      "text" : ",",
      "whiteSpace" : false
    }, {
      "id" : "s2-t17",
      "begin" : 695,
      "end" : 701,
      "text" : "median",
      "whiteSpace" : false
    }, {
      "id" : "s2-t18",
      "begin" : 702,
      "end" : 707,
      "text" : "state",
      "whiteSpace" : false
    }, {
      "id" : "s2-t19",
      "begin" : 708,
      "end" : 714,
      "text" : "income",
      "whiteSpace" : false
    }, {
      "id" : "s2-t20",
      "begin" : 714,
      "end" : 715,
      "text" : ",",
      "whiteSpace" : false
    }, {
      "id" : "s2-t21",
      "begin" : 716,
      "end" : 722,
      "text" : "social",
      "whiteSpace" : false
    }, {
      "id" : "s2-t22",
      "begin" : 723,
      "end" : 728,
      "text" : "trust",
      "whiteSpace" : false
    }, {
      "id" : "s2-t23",
      "begin" : 729,
      "end" : 732,
      "text" : "and",
      "whiteSpace" : false
    }, {
      "id" : "s2-t24",
      "begin" : 733,
      "end" : 742,
      "text" : "mortality",
      "whiteSpace" : false
    }, {
      "id" : "s2-t25",
      "begin" : 742,
      "end" : 743,
      "text" : ".",
      "whiteSpace" : false
    } ]
  }, {
    "id" : "s3",
    "begin" : 744,
    "end" : 899,
    "text" : "The data suggest that violent crime, but not property crime, is closely related to income inequality, social trust and mortality rates, excluding homicide.",
    "tokens" : [ {
      "id" : "s3-t0",
      "begin" : 744,
      "end" : 747,
      "text" : "The",
      "whiteSpace" : false
    }, {
      "id" : "s3-t1",
      "begin" : 748,
      "end" : 752,
      "text" : "data",
      "whiteSpace" : false
    }, {
      "id" : "s3-t2",
      "begin" : 753,
      "end" : 760,
      "text" : "suggest",
      "whiteSpace" : false
    }, {
      "id" : "s3-t3",
      "begin" : 761,
      "end" : 765,
      "text" : "that",
      "whiteSpace" : false
    }, {
      "id" : "s3-t4",
      "begin" : 766,
      "end" : 773,
      "text" : "violent",
      "whiteSpace" : false
    }, {
      "id" : "s3-t5",
      "begin" : 774,
      "end" : 779,
      "text" : "crime",
      "whiteSpace" : false
    }, {
      "id" : "s3-t6",
      "begin" : 779,
      "end" : 780,
      "text" : ",",
      "whiteSpace" : false
    }, {
      "id" : "s3-t7",
      "begin" : 781,
      "end" : 784,
      "text" : "but",
      "whiteSpace" : false
    }, {
      "id" : "s3-t8",
      "begin" : 785,
      "end" : 788,
      "text" : "not",
      "whiteSpace" : false
    }, {
      "id" : "s3-t9",
      "begin" : 789,
      "end" : 797,
      "text" : "property",
      "whiteSpace" : false
    }, {
      "id" : "s3-t10",
      "begin" : 798,
      "end" : 803,
      "text" : "crime",
      "whiteSpace" : false
    }, {
      "id" : "s3-t11",
      "begin" : 803,
      "end" : 804,
      "text" : ",",
      "whiteSpace" : false
    }, {
      "id" : "s3-t12",
      "begin" : 805,
      "end" : 807,
      "text" : "is",
      "whiteSpace" : false
    }, {
      "id" : "s3-t13",
      "begin" : 808,
      "end" : 815,
      "text" : "closely",
      "whiteSpace" : false
    }, {
      "id" : "s3-t14",
      "begin" : 816,
      "end" : 823,
      "text" : "related",
      "whiteSpace" : false
    }, {
      "id" : "s3-t15",
      "begin" : 824,
      "end" : 826,
      "text" : "to",
      "whiteSpace" : false
    }, {
      "id" : "s3-t16",
      "begin" : 827,
      "end" : 833,
      "text" : "income",
      "whiteSpace" : false
    }, {
      "id" : "s3-t17",
      "begin" : 834,
      "end" : 844,
      "text" : "inequality",
      "whiteSpace" : false
    }, {
      "id" : "s3-t18",
      "begin" : 844,
      "end" : 845,
      "text" : ",",
      "whiteSpace" : false
    }, {
      "id" : "s3-t19",
      "begin" : 846,
      "end" : 852,
      "text" : "social",
      "whiteSpace" : false
    }, {
      "id" : "s3-t20",
      "begin" : 853,
      "end" : 858,
      "text" : "trust",
      "whiteSpace" : false
    }, {
      "id" : "s3-t21",
      "begin" : 859,
      "end" : 862,
      "text" : "and",
      "whiteSpace" : false
    }, {
      "id" : "s3-t22",
      "begin" : 863,
      "end" : 872,
      "text" : "mortality",
      "whiteSpace" : false
    }, {
      "id" : "s3-t23",
      "begin" : 873,
      "end" : 878,
      "text" : "rates",
      "whiteSpace" : false
    }, {
      "id" : "s3-t24",
      "begin" : 878,
      "end" : 879,
      "text" : ",",
      "whiteSpace" : false
    }, {
      "id" : "s3-t25",
      "begin" : 880,
      "end" : 889,
      "text" : "excluding",
      "whiteSpace" : false
    }, {
      "id" : "s3-t26",
      "begin" : 890,
      "end" : 898,
      "text" : "homicide",
      "whiteSpace" : false
    }, {
      "id" : "s3-t27",
      "begin" : 898,
      "end" : 899,
      "text" : ".",
      "whiteSpace" : false
    } ]
  }, {
    "id" : "s4",
    "begin" : 900,
    "end" : 985,
    "text" : "The second half of the paper is devoted to literature on the antecedents of violence.",
    "tokens" : [ {
      "id" : "s4-t0",
      "begin" : 900,
      "end" : 903,
      "text" : "The",
      "whiteSpace" : false
    }, {
      "id" : "s4-t1",
      "begin" : 904,
      "end" : 910,
      "text" : "second",
      "whiteSpace" : false
    }, {
      "id" : "s4-t2",
      "begin" : 911,
      "end" : 915,
      "text" : "half",
      "whiteSpace" : false
    }, {
      "id" : "s4-t3",
      "begin" : 916,
      "end" : 918,
      "text" : "of",
      "whiteSpace" : false
    }, {
      "id" : "s4-t4",
      "begin" : 919,
      "end" : 922,
      "text" : "the",
      "whiteSpace" : false
    }, {
      "id" : "s4-t5",
      "begin" : 923,
      "end" : 928,
      "text" : "paper",
      "whiteSpace" : false
    }, {
      "id" : "s4-t6",
      "begin" : 929,
      "end" : 931,
      "text" : "is",
      "whiteSpace" : false
    }, {
      "id" : "s4-t7",
      "begin" : 932,
      "end" : 939,
      "text" : "devoted",
      "whiteSpace" : false
    }, {
      "id" : "s4-t8",
      "begin" : 940,
      "end" : 942,
      "text" : "to",
      "whiteSpace" : false
    }, {
      "id" : "s4-t9",
      "begin" : 943,
      "end" : 953,
      "text" : "literature",
      "whiteSpace" : false
    }, {
      "id" : "s4-t10",
      "begin" : 954,
      "end" : 956,
      "text" : "on",
      "whiteSpace" : false
    }, {
      "id" : "s4-t11",
      "begin" : 957,
      "end" : 960,
      "text" : "the",
      "whiteSpace" : false
    }, {
      "id" : "s4-t12",
      "begin" : 961,
      "end" : 972,
      "text" : "antecedents",
      "whiteSpace" : false
    }, {
      "id" : "s4-t13",
      "begin" : 973,
      "end" : 975,
      "text" : "of",
      "whiteSpace" : false
    }, {
      "id" : "s4-t14",
      "begin" : 976,
      "end" : 984,
      "text" : "violence",
      "whiteSpace" : false
    }, {
      "id" : "s4-t15",
      "begin" : 984,
      "end" : 985,
      "text" : ".",
      "whiteSpace" : false
    } ]
  }, {
    "id" : "s5",
    "begin" : 986,
    "end" : 1229,
    "text" : "Feeling shamed, humiliated and disrespected seem to be central to the picture and are plausibly related to the way in which wider income differences are likely to mean more people are denied access to traditional sources of status and respect.",
    "tokens" : [ {
      "id" : "s5-t0",
      "begin" : 986,
      "end" : 993,
      "text" : "Feeling",
      "whiteSpace" : false
    }, {
      "id" : "s5-t1",
      "begin" : 994,
      "end" : 1000,
      "text" : "shamed",
      "whiteSpace" : false
    }, {
      "id" : "s5-t2",
      "begin" : 1000,
      "end" : 1001,
      "text" : ",",
      "whiteSpace" : false
    }, {
      "id" : "s5-t3",
      "begin" : 1002,
      "end" : 1012,
      "text" : "humiliated",
      "whiteSpace" : false
    }, {
      "id" : "s5-t4",
      "begin" : 1013,
      "end" : 1016,
      "text" : "and",
      "whiteSpace" : false
    }, {
      "id" : "s5-t5",
      "begin" : 1017,
      "end" : 1029,
      "text" : "disrespected",
      "whiteSpace" : false
    }, {
      "id" : "s5-t6",
      "begin" : 1030,
      "end" : 1034,
      "text" : "seem",
      "whiteSpace" : false
    }, {
      "id" : "s5-t7",
      "begin" : 1035,
      "end" : 1037,
      "text" : "to",
      "whiteSpace" : false
    }, {
      "id" : "s5-t8",
      "begin" : 1038,
      "end" : 1040,
      "text" : "be",
      "whiteSpace" : false
    }, {
      "id" : "s5-t9",
      "begin" : 1041,
      "end" : 1048,
      "text" : "central",
      "whiteSpace" : false
    }, {
      "id" : "s5-t10",
      "begin" : 1049,
      "end" : 1051,
      "text" : "to",
      "whiteSpace" : false
    }, {
      "id" : "s5-t11",
      "begin" : 1052,
      "end" : 1055,
      "text" : "the",
      "whiteSpace" : false
    }, {
      "id" : "s5-t12",
      "begin" : 1056,
      "end" : 1063,
      "text" : "picture",
      "whiteSpace" : false
    }, {
      "id" : "s5-t13",
      "begin" : 1064,
      "end" : 1067,
      "text" : "and",
      "whiteSpace" : false
    }, {
      "id" : "s5-t14",
      "begin" : 1068,
      "end" : 1071,
      "text" : "are",
      "whiteSpace" : false
    }, {
      "id" : "s5-t15",
      "begin" : 1072,
      "end" : 1081,
      "text" : "plausibly",
      "whiteSpace" : false
    }, {
      "id" : "s5-t16",
      "begin" : 1082,
      "end" : 1089,
      "text" : "related",
      "whiteSpace" : false
    }, {
      "id" : "s5-t17",
      "begin" : 1090,
      "end" : 1092,
      "text" : "to",
      "whiteSpace" : false
    }, {
      "id" : "s5-t18",
      "begin" : 1093,
      "end" : 1096,
      "text" : "the",
      "whiteSpace" : false
    }, {
      "id" : "s5-t19",
      "begin" : 1097,
      "end" : 1100,
      "text" : "way",
      "whiteSpace" : false
    }, {
      "id" : "s5-t20",
      "begin" : 1101,
      "end" : 1103,
      "text" : "in",
      "whiteSpace" : false
    }, {
      "id" : "s5-t21",
      "begin" : 1104,
      "end" : 1109,
      "text" : "which",
      "whiteSpace" : false
    }, {
      "id" : "s5-t22",
      "begin" : 1110,
      "end" : 1115,
      "text" : "wider",
      "whiteSpace" : false
    }, {
      "id" : "s5-t23",
      "begin" : 1116,
      "end" : 1122,
      "text" : "income",
      "whiteSpace" : false
    }, {
      "id" : "s5-t24",
      "begin" : 1123,
      "end" : 1134,
      "text" : "differences",
      "whiteSpace" : false
    }, {
      "id" : "s5-t25",
      "begin" : 1135,
      "end" : 1138,
      "text" : "are",
      "whiteSpace" : false
    }, {
      "id" : "s5-t26",
      "begin" : 1139,
      "end" : 1145,
      "text" : "likely",
      "whiteSpace" : false
    }, {
      "id" : "s5-t27",
      "begin" : 1146,
      "end" : 1148,
      "text" : "to",
      "whiteSpace" : false
    }, {
      "id" : "s5-t28",
      "begin" : 1149,
      "end" : 1153,
      "text" : "mean",
      "whiteSpace" : false
    }, {
      "id" : "s5-t29",
      "begin" : 1154,
      "end" : 1158,
      "text" : "more",
      "whiteSpace" : false
    }, {
      "id" : "s5-t30",
      "begin" : 1159,
      "end" : 1165,
      "text" : "people",
      "whiteSpace" : false
    }, {
      "id" : "s5-t31",
      "begin" : 1166,
      "end" : 1169,
      "text" : "are",
      "whiteSpace" : false
    }, {
      "id" : "s5-t32",
      "begin" : 1170,
      "end" : 1176,
      "text" : "denied",
      "whiteSpace" : false
    }, {
      "id" : "s5-t33",
      "begin" : 1177,
      "end" : 1183,
      "text" : "access",
      "whiteSpace" : false
    }, {
      "id" : "s5-t34",
      "begin" : 1184,
      "end" : 1186,
      "text" : "to",
      "whiteSpace" : false
    }, {
      "id" : "s5-t35",
      "begin" : 1187,
      "end" : 1198,
      "text" : "traditional",
      "whiteSpace" : false
    }, {
      "id" : "s5-t36",
      "begin" : 1199,
      "end" : 1206,
      "text" : "sources",
      "whiteSpace" : false
    }, {
      "id" : "s5-t37",
      "begin" : 1207,
      "end" : 1209,
      "text" : "of",
      "whiteSpace" : false
    }, {
      "id" : "s5-t38",
      "begin" : 1210,
      "end" : 1216,
      "text" : "status",
      "whiteSpace" : false
    }, {
      "id" : "s5-t39",
      "begin" : 1217,
      "end" : 1220,
      "text" : "and",
      "whiteSpace" : false
    }, {
      "id" : "s5-t40",
      "begin" : 1221,
      "end" : 1228,
      "text" : "respect",
      "whiteSpace" : false
    }, {
      "id" : "s5-t41",
      "begin" : 1228,
      "end" : 1229,
      "text" : ".",
      "whiteSpace" : false
    } ]
  }, {
    "id" : "s6",
    "begin" : 1230,
    "end" : 1386,
    "text" : "We suggest that these aspects of low social status may be central to the psychosocial processes linking inequality, violence, social cohesion and mortality.",
    "tokens" : [ {
      "id" : "s6-t0",
      "begin" : 1230,
      "end" : 1232,
      "text" : "We",
      "whiteSpace" : false
    }, {
      "id" : "s6-t1",
      "begin" : 1233,
      "end" : 1240,
      "text" : "suggest",
      "whiteSpace" : false
    }, {
      "id" : "s6-t2",
      "begin" : 1241,
      "end" : 1245,
      "text" : "that",
      "whiteSpace" : false
    }, {
      "id" : "s6-t3",
      "begin" : 1246,
      "end" : 1251,
      "text" : "these",
      "whiteSpace" : false
    }, {
      "id" : "s6-t4",
      "begin" : 1252,
      "end" : 1259,
      "text" : "aspects",
      "whiteSpace" : false
    }, {
      "id" : "s6-t5",
      "begin" : 1260,
      "end" : 1262,
      "text" : "of",
      "whiteSpace" : false
    }, {
      "id" : "s6-t6",
      "begin" : 1263,
      "end" : 1266,
      "text" : "low",
      "whiteSpace" : false
    }, {
      "id" : "s6-t7",
      "begin" : 1267,
      "end" : 1273,
      "text" : "social",
      "whiteSpace" : false
    }, {
      "id" : "s6-t8",
      "begin" : 1274,
      "end" : 1280,
      "text" : "status",
      "whiteSpace" : false
    }, {
      "id" : "s6-t9",
      "begin" : 1281,
      "end" : 1284,
      "text" : "may",
      "whiteSpace" : false
    }, {
      "id" : "s6-t10",
      "begin" : 1285,
      "end" : 1287,
      "text" : "be",
      "whiteSpace" : false
    }, {
      "id" : "s6-t11",
      "begin" : 1288,
      "end" : 1295,
      "text" : "central",
      "whiteSpace" : false
    }, {
      "id" : "s6-t12",
      "begin" : 1296,
      "end" : 1298,
      "text" : "to",
      "whiteSpace" : false
    }, {
      "id" : "s6-t13",
      "begin" : 1299,
      "end" : 1302,
      "text" : "the",
      "whiteSpace" : false
    }, {
      "id" : "s6-t14",
      "begin" : 1303,
      "end" : 1315,
      "text" : "psychosocial",
      "whiteSpace" : false
    }, {
      "id" : "s6-t15",
      "begin" : 1316,
      "end" : 1325,
      "text" : "processes",
      "whiteSpace" : false
    }, {
      "id" : "s6-t16",
      "begin" : 1326,
      "end" : 1333,
      "text" : "linking",
      "whiteSpace" : false
    }, {
      "id" : "s6-t17",
      "begin" : 1334,
      "end" : 1344,
      "text" : "inequality",
      "whiteSpace" : false
    }, {
      "id" : "s6-t18",
      "begin" : 1344,
      "end" : 1345,
      "text" : ",",
      "whiteSpace" : false
    }, {
      "id" : "s6-t19",
      "begin" : 1346,
      "end" : 1354,
      "text" : "violence",
      "whiteSpace" : false
    }, {
      "id" : "s6-t20",
      "begin" : 1354,
      "end" : 1355,
      "text" : ",",
      "whiteSpace" : false
    }, {
      "id" : "s6-t21",
      "begin" : 1356,
      "end" : 1362,
      "text" : "social",
      "whiteSpace" : false
    }, {
      "id" : "s6-t22",
      "begin" : 1363,
      "end" : 1371,
      "text" : "cohesion",
      "whiteSpace" : false
    }, {
      "id" : "s6-t23",
      "begin" : 1372,
      "end" : 1375,
      "text" : "and",
      "whiteSpace" : false
    }, {
      "id" : "s6-t24",
      "begin" : 1376,
      "end" : 1385,
      "text" : "mortality",
      "whiteSpace" : false
    }, {
      "id" : "s6-t25",
      "begin" : 1385,
      "end" : 1386,
      "text" : ".",
      "whiteSpace" : false
    } ]
  } ],
  "mentions" : [ {
    "id" : "s0-m13",
    "properties" : {
      "SIRE_MENTION_ROLE" : "evidence",
      "SIRE_ENTITY_SUBTYPE" : "NONE",
      "SIRE_MENTION_TYPE" : "NONE",
      "SIRE_MENTION_CLASS" : "SPC"
    },
    "type" : "evidence",
    "begin" : 1,
    "end" : 9,
    "inCoref" : false
  }, {
    "id" : "m15",
    "properties" : {
      "SIRE_MENTION_TYPE" : "NONE",
      "SIRE_ENTITY_LEVEL" : "NONE",
      "SIRE_ENTITY_SUBTYPE" : "NONE",
      "SIRE_MENTION_ROLE" : "relation",
      "SIRE_ENTITY_CLASS" : "SPC",
      "SIRE_MENTION_CLASS" : "SPC"
    },
    "type" : "relation",
    "begin" : 23,
    "end" : 43,
    "inCoref" : false
  }, {
    "id" : "m16",
    "properties" : {
      "SIRE_MENTION_TYPE" : "NONE",
      "SIRE_ENTITY_LEVEL" : "NONE",
      "SIRE_ENTITY_SUBTYPE" : "NONE",
      "SIRE_MENTION_ROLE" : "Variable",
      "SIRE_ENTITY_CLASS" : "SPC",
      "SIRE_MENTION_CLASS" : "SPC"
    },
    "type" : "Variable",
    "begin" : 44,
    "end" : 59,
    "inCoref" : true
  }, {
    "id" : "m17",
    "properties" : {
      "SIRE_MENTION_TYPE" : "NONE",
      "SIRE_ENTITY_LEVEL" : "NONE",
      "SIRE_ENTITY_SUBTYPE" : "NONE",
      "SIRE_MENTION_ROLE" : "Variable",
      "SIRE_ENTITY_CLASS" : "SPC",
      "SIRE_MENTION_CLASS" : "SPC"
    },
    "type" : "Variable",
    "begin" : 78,
    "end" : 93,
    "inCoref" : true
  }, {
    "id" : "s0-m11",
    "properties" : {
      "SIRE_MENTION_ROLE" : "Variable",
      "SIRE_ENTITY_SUBTYPE" : "NONE",
      "SIRE_MENTION_TYPE" : "NONE",
      "SIRE_MENTION_CLASS" : "SPC"
    },
    "type" : "Variable",
    "begin" : 98,
    "end" : 110,
    "inCoref" : false
  }, {
    "id" : "m1",
    "properties" : {
      "SIRE_MENTION_TYPE" : "NONE",
      "SIRE_ENTITY_SUBTYPE" : "NONE",
      "SIRE_MENTION_ROLE" : "evidence",
      "SIRE_MENTION_CLASS" : "SPC"
    },
    "type" : "evidence",
    "begin" : 123,
    "end" : 131,
    "inCoref" : false
  }, {
    "id" : "m18",
    "properties" : {
      "SIRE_MENTION_TYPE" : "NONE",
      "SIRE_ENTITY_LEVEL" : "NONE",
      "SIRE_ENTITY_SUBTYPE" : "NONE",
      "SIRE_MENTION_ROLE" : "Variable",
      "SIRE_ENTITY_CLASS" : "SPC",
      "SIRE_MENTION_CLASS" : "SPC"
    },
    "type" : "Variable",
    "begin" : 136,
    "end" : 152,
    "inCoref" : false
  }, {
    "id" : "m2",
    "properties" : {
      "SIRE_MENTION_TYPE" : "NONE",
      "SIRE_ENTITY_SUBTYPE" : "NONE",
      "SIRE_MENTION_ROLE" : "relation",
      "SIRE_MENTION_CLASS" : "SPC"
    },
    "type" : "relation",
    "begin" : 165,
    "end" : 176,
    "inCoref" : false
  }, {
    "id" : "m19",
    "properties" : {
      "SIRE_MENTION_TYPE" : "NONE",
      "SIRE_ENTITY_LEVEL" : "NONE",
      "SIRE_ENTITY_SUBTYPE" : "NONE",
      "SIRE_MENTION_ROLE" : "relation",
      "SIRE_ENTITY_CLASS" : "SPC",
      "SIRE_MENTION_CLASS" : "SPC"
    },
    "type" : "relation",
    "begin" : 181,
    "end" : 201,
    "inCoref" : false
  }, {
    "id" : "m3",
    "properties" : {
      "SIRE_MENTION_TYPE" : "NONE",
      "SIRE_ENTITY_SUBTYPE" : "NONE",
      "SIRE_MENTION_ROLE" : "relation",
      "SIRE_MENTION_CLASS" : "SPC"
    },
    "type" : "relation",
    "begin" : 202,
    "end" : 209,
    "inCoref" : false
  }, {
    "id" : "m20",
    "properties" : {
      "SIRE_MENTION_TYPE" : "NONE",
      "SIRE_ENTITY_LEVEL" : "NONE",
      "SIRE_ENTITY_SUBTYPE" : "NONE",
      "SIRE_MENTION_ROLE" : "Variable",
      "SIRE_ENTITY_CLASS" : "SPC",
      "SIRE_MENTION_CLASS" : "SPC"
    },
    "type" : "Variable",
    "begin" : 210,
    "end" : 225,
    "inCoref" : true
  }, {
    "id" : "m4",
    "properties" : {
      "SIRE_MENTION_TYPE" : "NONE",
      "SIRE_ENTITY_SUBTYPE" : "NONE",
      "SIRE_MENTION_ROLE" : "relation",
      "SIRE_MENTION_CLASS" : "SPC"
    },
    "type" : "relation",
    "begin" : 230,
    "end" : 235,
    "inCoref" : false
  }, {
    "id" : "s0-m12",
    "properties" : {
      "SIRE_MENTION_ROLE" : "Variable",
      "SIRE_ENTITY_SUBTYPE" : "NONE",
      "SIRE_MENTION_TYPE" : "NONE",
      "SIRE_MENTION_CLASS" : "SPC"
    },
    "type" : "Variable",
    "begin" : 247,
    "end" : 262,
    "inCoref" : true
  }, {
    "id" : "m21",
    "properties" : {
      "SIRE_MENTION_TYPE" : "NONE",
      "SIRE_ENTITY_LEVEL" : "NONE",
      "SIRE_ENTITY_SUBTYPE" : "NONE",
      "SIRE_MENTION_ROLE" : "evidence",
      "SIRE_ENTITY_CLASS" : "SPC",
      "SIRE_MENTION_CLASS" : "SPC"
    },
    "type" : "evidence",
    "begin" : 267,
    "end" : 271,
    "inCoref" : false
  }, {
    "id" : "s1-m5",
    "properties" : {
      "SIRE_MENTION_ROLE" : "Variable",
      "SIRE_ENTITY_SUBTYPE" : "NONE",
      "SIRE_MENTION_TYPE" : "NONE",
      "SIRE_MENTION_CLASS" : "SPC"
    },
    "type" : "Variable",
    "begin" : 278,
    "end" : 286,
    "inCoref" : true
  }, {
    "id" : "m22",
    "properties" : {
      "SIRE_MENTION_TYPE" : "NONE",
      "SIRE_ENTITY_LEVEL" : "NONE",
      "SIRE_ENTITY_SUBTYPE" : "NONE",
      "SIRE_MENTION_ROLE" : "relation",
      "SIRE_ENTITY_CLASS" : "SPC",
      "SIRE_MENTION_CLASS" : "SPC"
    },
    "type" : "relation",
    "begin" : 308,
    "end" : 323,
    "inCoref" : false
  }, {
    "id" : "m5",
    "properties" : {
      "SIRE_MENTION_TYPE" : "NONE",
      "SIRE_ENTITY_SUBTYPE" : "NONE",
      "SIRE_MENTION_ROLE" : "Variable",
      "SIRE_MENTION_CLASS" : "SPC"
    },
    "type" : "Variable",
    "begin" : 324,
    "end" : 341,
    "inCoref" : true
  }, {
    "id" : "s1-m6",
    "properties" : {
      "SIRE_MENTION_ROLE" : "Variable",
      "SIRE_ENTITY_SUBTYPE" : "NONE",
      "SIRE_MENTION_TYPE" : "NONE",
      "SIRE_MENTION_CLASS" : "SPC"
    },
    "type" : "Variable",
    "begin" : 352,
    "end" : 361,
    "inCoref" : true
  }, {
    "id" : "s1-m7",
    "properties" : {
      "SIRE_MENTION_ROLE" : "Variable",
      "SIRE_ENTITY_SUBTYPE" : "NONE",
      "SIRE_MENTION_TYPE" : "NONE",
      "SIRE_MENTION_CLASS" : "SPC"
    },
    "type" : "Variable",
    "begin" : 425,
    "end" : 439,
    "inCoref" : true
  }, {
    "id" : "m6",
    "properties" : {
      "SIRE_MENTION_TYPE" : "NONE",
      "SIRE_ENTITY_SUBTYPE" : "NONE",
      "SIRE_MENTION_ROLE" : "relation",
      "SIRE_MENTION_CLASS" : "SPC"
    },
    "type" : "relation",
    "begin" : 465,
    "end" : 475,
    "inCoref" : false
  }, {
    "id" : "s1-m8",
    "properties" : {
      "SIRE_MENTION_ROLE" : "Variable",
      "SIRE_ENTITY_SUBTYPE" : "NONE",
      "SIRE_MENTION_TYPE" : "NONE",
      "SIRE_MENTION_CLASS" : "SPC"
    },
    "type" : "Variable",
    "begin" : 486,
    "end" : 495,
    "inCoref" : true
  }, {
    "id" : "s1-m9",
    "properties" : {
      "SIRE_MENTION_ROLE" : "Variable",
      "SIRE_ENTITY_SUBTYPE" : "NONE",
      "SIRE_MENTION_TYPE" : "NONE",
      "SIRE_MENTION_CLASS" : "SPC"
    },
    "type" : "Variable",
    "begin" : 545,
    "end" : 550,
    "inCoref" : false
  }, {
    "id" : "s1-m10",
    "properties" : {
      "SIRE_MENTION_ROLE" : "relation",
      "SIRE_ENTITY_SUBTYPE" : "NONE",
      "SIRE_MENTION_TYPE" : "NONE",
      "SIRE_MENTION_CLASS" : "SPC"
    },
    "type" : "relation",
    "begin" : 554,
    "end" : 565,
    "inCoref" : false
  }, {
    "id" : "s1-m11",
    "properties" : {
      "SIRE_MENTION_ROLE" : "Variable",
      "SIRE_ENTITY_SUBTYPE" : "NONE",
      "SIRE_MENTION_TYPE" : "NONE",
      "SIRE_MENTION_CLASS" : "SPC"
    },
    "type" : "Variable",
    "begin" : 566,
    "end" : 588,
    "inCoref" : false
  }, {
    "id" : "m7",
    "properties" : {
      "SIRE_MENTION_TYPE" : "NONE",
      "SIRE_ENTITY_SUBTYPE" : "NONE",
      "SIRE_MENTION_ROLE" : "evidence",
      "SIRE_MENTION_CLASS" : "SPC"
    },
    "type" : "evidence",
    "begin" : 620,
    "end" : 627,
    "inCoref" : false
  }, {
    "id" : "m23",
    "properties" : {
      "SIRE_MENTION_TYPE" : "NONE",
      "SIRE_ENTITY_LEVEL" : "NONE",
      "SIRE_ENTITY_SUBTYPE" : "NONE",
      "SIRE_MENTION_ROLE" : "relation",
      "SIRE_ENTITY_CLASS" : "SPC",
      "SIRE_MENTION_CLASS" : "SPC"
    },
    "type" : "relation",
    "begin" : 632,
    "end" : 653,
    "inCoref" : false
  }, {
    "id" : "m8",
    "properties" : {
      "SIRE_MENTION_TYPE" : "NONE",
      "SIRE_ENTITY_SUBTYPE" : "NONE",
      "SIRE_MENTION_ROLE" : "Variable",
      "SIRE_MENTION_CLASS" : "SPC"
    },
    "type" : "Variable",
    "begin" : 676,
    "end" : 693,
    "inCoref" : true
  }, {
    "id" : "s2-m7",
    "properties" : {
      "SIRE_MENTION_ROLE" : "Variable",
      "SIRE_ENTITY_SUBTYPE" : "NONE",
      "SIRE_MENTION_TYPE" : "NONE",
      "SIRE_MENTION_CLASS" : "SPC"
    },
    "type" : "Variable",
    "begin" : 702,
    "end" : 714,
    "inCoref" : false
  }, {
    "id" : "m25",
    "properties" : {
      "SIRE_MENTION_TYPE" : "NONE",
      "SIRE_ENTITY_LEVEL" : "NONE",
      "SIRE_ENTITY_SUBTYPE" : "NONE",
      "SIRE_MENTION_ROLE" : "Variable",
      "SIRE_ENTITY_CLASS" : "SPC",
      "SIRE_MENTION_CLASS" : "SPC"
    },
    "type" : "Variable",
    "begin" : 716,
    "end" : 728,
    "inCoref" : true
  }, {
    "id" : "s2-m6",
    "properties" : {
      "SIRE_MENTION_ROLE" : "Variable",
      "SIRE_ENTITY_SUBTYPE" : "NONE",
      "SIRE_MENTION_TYPE" : "NONE",
      "SIRE_MENTION_CLASS" : "SPC"
    },
    "type" : "Variable",
    "begin" : 733,
    "end" : 742,
    "inCoref" : true
  }, {
    "id" : "m9",
    "properties" : {
      "SIRE_MENTION_TYPE" : "NONE",
      "SIRE_ENTITY_SUBTYPE" : "NONE",
      "SIRE_MENTION_ROLE" : "evidence",
      "SIRE_MENTION_CLASS" : "SPC"
    },
    "type" : "evidence",
    "begin" : 753,
    "end" : 760,
    "inCoref" : false
  }, {
    "id" : "s3-m5",
    "properties" : {
      "SIRE_MENTION_ROLE" : "Variable",
      "SIRE_ENTITY_SUBTYPE" : "NONE",
      "SIRE_MENTION_TYPE" : "NONE",
      "SIRE_MENTION_CLASS" : "SPC"
    },
    "type" : "Variable",
    "begin" : 766,
    "end" : 779,
    "inCoref" : false
  }, {
    "id" : "s3-m6",
    "properties" : {
      "SIRE_MENTION_ROLE" : "negation",
      "SIRE_ENTITY_SUBTYPE" : "NONE",
      "SIRE_MENTION_TYPE" : "NONE",
      "SIRE_MENTION_CLASS" : "SPC"
    },
    "type" : "negation",
    "begin" : 785,
    "end" : 788,
    "inCoref" : false
  }, {
    "id" : "s3-m7",
    "properties" : {
      "SIRE_MENTION_ROLE" : "Variable",
      "SIRE_ENTITY_SUBTYPE" : "NONE",
      "SIRE_MENTION_TYPE" : "NONE",
      "SIRE_MENTION_CLASS" : "SPC"
    },
    "type" : "Variable",
    "begin" : 789,
    "end" : 803,
    "inCoref" : false
  }, {
    "id" : "m10",
    "properties" : {
      "SIRE_MENTION_TYPE" : "NONE",
      "SIRE_ENTITY_SUBTYPE" : "NONE",
      "SIRE_MENTION_ROLE" : "relation",
      "SIRE_MENTION_CLASS" : "SPC"
    },
    "type" : "relation",
    "begin" : 816,
    "end" : 826,
    "inCoref" : false
  }, {
    "id" : "m11",
    "properties" : {
      "SIRE_MENTION_TYPE" : "NONE",
      "SIRE_ENTITY_SUBTYPE" : "NONE",
      "SIRE_MENTION_ROLE" : "Variable",
      "SIRE_MENTION_CLASS" : "SPC"
    },
    "type" : "Variable",
    "begin" : 827,
    "end" : 844,
    "inCoref" : true
  }, {
    "id" : "m26",
    "properties" : {
      "SIRE_MENTION_TYPE" : "NONE",
      "SIRE_ENTITY_LEVEL" : "NONE",
      "SIRE_ENTITY_SUBTYPE" : "NONE",
      "SIRE_MENTION_ROLE" : "Variable",
      "SIRE_ENTITY_CLASS" : "SPC",
      "SIRE_MENTION_CLASS" : "SPC"
    },
    "type" : "Variable",
    "begin" : 846,
    "end" : 858,
    "inCoref" : true
  }, {
    "id" : "s3-m8",
    "properties" : {
      "SIRE_MENTION_ROLE" : "Variable",
      "SIRE_ENTITY_SUBTYPE" : "NONE",
      "SIRE_MENTION_TYPE" : "NONE",
      "SIRE_MENTION_CLASS" : "SPC"
    },
    "type" : "Variable",
    "begin" : 863,
    "end" : 878,
    "inCoref" : true
  }, {
    "id" : "s3-m9",
    "properties" : {
      "SIRE_MENTION_ROLE" : "negation",
      "SIRE_ENTITY_SUBTYPE" : "NONE",
      "SIRE_MENTION_TYPE" : "NONE",
      "SIRE_MENTION_CLASS" : "SPC"
    },
    "type" : "negation",
    "begin" : 880,
    "end" : 889,
    "inCoref" : false
  }, {
    "id" : "s3-m10",
    "properties" : {
      "SIRE_MENTION_ROLE" : "Variable",
      "SIRE_ENTITY_SUBTYPE" : "NONE",
      "SIRE_MENTION_TYPE" : "NONE",
      "SIRE_MENTION_CLASS" : "SPC"
    },
    "type" : "Variable",
    "begin" : 890,
    "end" : 898,
    "inCoref" : true
  }, {
    "id" : "m12",
    "properties" : {
      "SIRE_MENTION_TYPE" : "NONE",
      "SIRE_ENTITY_SUBTYPE" : "NONE",
      "SIRE_MENTION_ROLE" : "relation",
      "SIRE_MENTION_CLASS" : "SPC"
    },
    "type" : "relation",
    "begin" : 1082,
    "end" : 1092,
    "inCoref" : false
  }, {
    "id" : "s5-m3",
    "properties" : {
      "SIRE_MENTION_ROLE" : "Variable",
      "SIRE_ENTITY_SUBTYPE" : "NONE",
      "SIRE_MENTION_TYPE" : "NONE",
      "SIRE_MENTION_CLASS" : "SPC"
    },
    "type" : "Variable",
    "begin" : 1116,
    "end" : 1134,
    "inCoref" : true
  }, {
    "id" : "m13",
    "properties" : {
      "SIRE_MENTION_TYPE" : "NONE",
      "SIRE_ENTITY_SUBTYPE" : "NONE",
      "SIRE_MENTION_ROLE" : "evidence",
      "SIRE_MENTION_CLASS" : "SPC"
    },
    "type" : "evidence",
    "begin" : 1233,
    "end" : 1240,
    "inCoref" : false
  }, {
    "id" : "s6-m4",
    "properties" : {
      "SIRE_MENTION_ROLE" : "Variable",
      "SIRE_ENTITY_SUBTYPE" : "NONE",
      "SIRE_MENTION_TYPE" : "NONE",
      "SIRE_MENTION_CLASS" : "SPC"
    },
    "type" : "Variable",
    "begin" : 1267,
    "end" : 1280,
    "inCoref" : true
  }, {
    "id" : "s6-m5",
    "properties" : {
      "SIRE_MENTION_ROLE" : "relation",
      "SIRE_ENTITY_SUBTYPE" : "NONE",
      "SIRE_MENTION_TYPE" : "NONE",
      "SIRE_MENTION_CLASS" : "SPC"
    },
    "type" : "relation",
    "begin" : 1326,
    "end" : 1333,
    "inCoref" : false
  }, {
    "id" : "m14",
    "properties" : {
      "SIRE_MENTION_TYPE" : "NONE",
      "SIRE_ENTITY_SUBTYPE" : "NONE",
      "SIRE_MENTION_ROLE" : "Variable",
      "SIRE_MENTION_CLASS" : "SPC"
    },
    "type" : "Variable",
    "begin" : 1334,
    "end" : 1344,
    "inCoref" : true
  }, {
    "id" : "s6-m6",
    "properties" : {
      "SIRE_MENTION_ROLE" : "Variable",
      "SIRE_ENTITY_SUBTYPE" : "NONE",
      "SIRE_MENTION_TYPE" : "NONE",
      "SIRE_MENTION_CLASS" : "SPC"
    },
    "type" : "Variable",
    "begin" : 1346,
    "end" : 1354,
    "inCoref" : false
  }, {
    "id" : "m28",
    "properties" : {
      "SIRE_MENTION_TYPE" : "NONE",
      "SIRE_ENTITY_LEVEL" : "NONE",
      "SIRE_ENTITY_SUBTYPE" : "NONE",
      "SIRE_MENTION_ROLE" : "Variable",
      "SIRE_ENTITY_CLASS" : "SPC",
      "SIRE_MENTION_CLASS" : "SPC"
    },
    "type" : "Variable",
    "begin" : 1356,
    "end" : 1371,
    "inCoref" : true
  }, {
    "id" : "s6-m7",
    "properties" : {
      "SIRE_MENTION_ROLE" : "Variable",
      "SIRE_ENTITY_SUBTYPE" : "NONE",
      "SIRE_MENTION_TYPE" : "NONE",
      "SIRE_MENTION_CLASS" : "SPC"
    },
    "type" : "Variable",
    "begin" : 1376,
    "end" : 1385,
    "inCoref" : true
  } ],
  "relations" : [ {
    "id" : "s3-r1",
    "properties" : { },
    "type" : "RelateCorrelation",
    "args" : [ "s3-m5", "m11" ]
  }, {
    "id" : "s3-r2",
    "properties" : { },
    "type" : "NoRelation",
    "args" : [ "s3-m7", "m11" ]
  }, {
    "id" : "s3-r3",
    "properties" : { },
    "type" : "RelateCorrelation",
    "args" : [ "s3-m5", "m26" ]
  }, {
    "id" : "s3-r4",
    "properties" : { },
    "type" : "RelateCorrelation",
    "args" : [ "s3-m5", "s3-m8" ]
  }, {
    "id" : "s3-r5",
    "properties" : { },
    "type" : "NoRelation",
    "args" : [ "s3-m5", "s3-m10" ]
  }, {
    "id" : "s6-r1",
    "properties" : { },
    "type" : "RelateCorrelation",
    "args" : [ "m14", "s6-m6" ]
  }, {
    "id" : "s6-r2",
    "properties" : { },
    "type" : "RelateCorrelation",
    "args" : [ "m14", "m28" ]
  }, {
    "id" : "s6-r3",
    "properties" : { },
    "type" : "RelateCorrelation",
    "args" : [ "m14", "s6-m7" ]
  } ],
  "corefs" : [ {
    "id" : "c1",
    "properties" : { },
    "mentions" : [ "m16", "m20" ]
  }, {
    "id" : "c2",
    "properties" : { },
    "mentions" : [ "m14", "s5-m3", "m8", "m5" ]
  }, {
    "id" : "c4",
    "properties" : { },
    "mentions" : [ "m17", "m28" ]
  }, {
    "id" : "c5",
    "properties" : { },
    "mentions" : [ "s0-m12", "s1-m6", "s1-m8", "s2-m6", "s3-m8", "s6-m7" ]
  }, {
    "id" : "c6",
    "properties" : { },
    "mentions" : [ "m11" ]
  }, {
    "id" : "c7",
    "properties" : { },
    "mentions" : [ "s1-m7", "s3-m10", "s1-m5" ]
  }, {
    "id" : "c8",
    "properties" : { },
    "mentions" : [ "m26", "m25", "s6-m4" ]
  } ],
  "typeResolved" : true,
  "userResolved" : false
}