{
  "id" : "83a5def0-511d-11ec-9622-3b1b04e41a52-1",
  "name" : "30. Fajnzylber, P., Lederman, D., & Norman, L. (2002b). .docx",
  "createdDate" : 0,
  "version" : 3,
  "text" : "We investigate the robustness and causality of the link between income inequality and violent crime across countries. First, we study the correlation between the Gini index and homicide and robbery rates within and between countries. Second, we examine the partial correlation by considering other crime determinants. Third, we control for the endogeneity of inequality by isolating its exogenous impact on these crime rates. Fourth, we control for measurement error in crime rates by modeling it as both unobserved country effects and random noise. Finally, we examine the robustness of this partial correlation to alternative measures of inequality. The panel data consist of nonoverlapping 5‐year averages for 39 countries during 1965–95 for homicides and 37 countries during 1970–94 for robberies. Crime rates and inequality are positively correlated within countries and, particularly, between countries, and this correlation reflects causation from inequality to crime rates, even after controlling for other crime determinants.\n\n",
  "docLength" : 0,
  "language" : "EN",
  "status" : "IN_PROGRESS",
  "modifiedDate" : 1638280069848,
  "documentSet" : [ ],
  "preannotation" : [ "PRE_LW", "PRE_SIRE" ],
  "sentences" : [ {
    "id" : "s0",
    "begin" : 0,
    "end" : 117,
    "text" : "We investigate the robustness and causality of the link between income inequality and violent crime across countries.",
    "tokens" : [ {
      "id" : "s0-t0",
      "begin" : 0,
      "end" : 2,
      "text" : "We",
      "whiteSpace" : false
    }, {
      "id" : "s0-t1",
      "begin" : 3,
      "end" : 14,
      "text" : "investigate",
      "whiteSpace" : false
    }, {
      "id" : "s0-t2",
      "begin" : 15,
      "end" : 18,
      "text" : "the",
      "whiteSpace" : false
    }, {
      "id" : "s0-t3",
      "begin" : 19,
      "end" : 29,
      "text" : "robustness",
      "whiteSpace" : false
    }, {
      "id" : "s0-t4",
      "begin" : 30,
      "end" : 33,
      "text" : "and",
      "whiteSpace" : false
    }, {
      "id" : "s0-t5",
      "begin" : 34,
      "end" : 43,
      "text" : "causality",
      "whiteSpace" : false
    }, {
      "id" : "s0-t6",
      "begin" : 44,
      "end" : 46,
      "text" : "of",
      "whiteSpace" : false
    }, {
      "id" : "s0-t7",
      "begin" : 47,
      "end" : 50,
      "text" : "the",
      "whiteSpace" : false
    }, {
      "id" : "s0-t8",
      "begin" : 51,
      "end" : 55,
      "text" : "link",
      "whiteSpace" : false
    }, {
      "id" : "s0-t9",
      "begin" : 56,
      "end" : 63,
      "text" : "between",
      "whiteSpace" : false
    }, {
      "id" : "s0-t10",
      "begin" : 64,
      "end" : 70,
      "text" : "income",
      "whiteSpace" : false
    }, {
      "id" : "s0-t11",
      "begin" : 71,
      "end" : 81,
      "text" : "inequality",
      "whiteSpace" : false
    }, {
      "id" : "s0-t12",
      "begin" : 82,
      "end" : 85,
      "text" : "and",
      "whiteSpace" : false
    }, {
      "id" : "s0-t13",
      "begin" : 86,
      "end" : 93,
      "text" : "violent",
      "whiteSpace" : false
    }, {
      "id" : "s0-t14",
      "begin" : 94,
      "end" : 99,
      "text" : "crime",
      "whiteSpace" : false
    }, {
      "id" : "s0-t15",
      "begin" : 100,
      "end" : 106,
      "text" : "across",
      "whiteSpace" : false
    }, {
      "id" : "s0-t16",
      "begin" : 107,
      "end" : 116,
      "text" : "countries",
      "whiteSpace" : false
    }, {
      "id" : "s0-t17",
      "begin" : 116,
      "end" : 117,
      "text" : ".",
      "whiteSpace" : false
    } ]
  }, {
    "id" : "s1",
    "begin" : 118,
    "end" : 233,
    "text" : "First, we study the correlation between the Gini index and homicide and robbery rates within and between countries.",
    "tokens" : [ {
      "id" : "s1-t0",
      "begin" : 118,
      "end" : 123,
      "text" : "First",
      "whiteSpace" : false
    }, {
      "id" : "s1-t1",
      "begin" : 123,
      "end" : 124,
      "text" : ",",
      "whiteSpace" : false
    }, {
      "id" : "s1-t2",
      "begin" : 125,
      "end" : 127,
      "text" : "we",
      "whiteSpace" : false
    }, {
      "id" : "s1-t3",
      "begin" : 128,
      "end" : 133,
      "text" : "study",
      "whiteSpace" : false
    }, {
      "id" : "s1-t4",
      "begin" : 134,
      "end" : 137,
      "text" : "the",
      "whiteSpace" : false
    }, {
      "id" : "s1-t5",
      "begin" : 138,
      "end" : 149,
      "text" : "correlation",
      "whiteSpace" : false
    }, {
      "id" : "s1-t6",
      "begin" : 150,
      "end" : 157,
      "text" : "between",
      "whiteSpace" : false
    }, {
      "id" : "s1-t7",
      "begin" : 158,
      "end" : 161,
      "text" : "the",
      "whiteSpace" : false
    }, {
      "id" : "s1-t8",
      "begin" : 162,
      "end" : 166,
      "text" : "Gini",
      "whiteSpace" : false
    }, {
      "id" : "s1-t9",
      "begin" : 167,
      "end" : 172,
      "text" : "index",
      "whiteSpace" : false
    }, {
      "id" : "s1-t10",
      "begin" : 173,
      "end" : 176,
      "text" : "and",
      "whiteSpace" : false
    }, {
      "id" : "s1-t11",
      "begin" : 177,
      "end" : 185,
      "text" : "homicide",
      "whiteSpace" : false
    }, {
      "id" : "s1-t12",
      "begin" : 186,
      "end" : 189,
      "text" : "and",
      "whiteSpace" : false
    }, {
      "id" : "s1-t13",
      "begin" : 190,
      "end" : 197,
      "text" : "robbery",
      "whiteSpace" : false
    }, {
      "id" : "s1-t14",
      "begin" : 198,
      "end" : 203,
      "text" : "rates",
      "whiteSpace" : false
    }, {
      "id" : "s1-t15",
      "begin" : 204,
      "end" : 210,
      "text" : "within",
      "whiteSpace" : false
    }, {
      "id" : "s1-t16",
      "begin" : 211,
      "end" : 214,
      "text" : "and",
      "whiteSpace" : false
    }, {
      "id" : "s1-t17",
      "begin" : 215,
      "end" : 222,
      "text" : "between",
      "whiteSpace" : false
    }, {
      "id" : "s1-t18",
      "begin" : 223,
      "end" : 232,
      "text" : "countries",
      "whiteSpace" : false
    }, {
      "id" : "s1-t19",
      "begin" : 232,
      "end" : 233,
      "text" : ".",
      "whiteSpace" : false
    } ]
  }, {
    "id" : "s2",
    "begin" : 234,
    "end" : 317,
    "text" : "Second, we examine the partial correlation by considering other crime determinants.",
    "tokens" : [ {
      "id" : "s2-t0",
      "begin" : 234,
      "end" : 240,
      "text" : "Second",
      "whiteSpace" : false
    }, {
      "id" : "s2-t1",
      "begin" : 240,
      "end" : 241,
      "text" : ",",
      "whiteSpace" : false
    }, {
      "id" : "s2-t2",
      "begin" : 242,
      "end" : 244,
      "text" : "we",
      "whiteSpace" : false
    }, {
      "id" : "s2-t3",
      "begin" : 245,
      "end" : 252,
      "text" : "examine",
      "whiteSpace" : false
    }, {
      "id" : "s2-t4",
      "begin" : 253,
      "end" : 256,
      "text" : "the",
      "whiteSpace" : false
    }, {
      "id" : "s2-t5",
      "begin" : 257,
      "end" : 264,
      "text" : "partial",
      "whiteSpace" : false
    }, {
      "id" : "s2-t6",
      "begin" : 265,
      "end" : 276,
      "text" : "correlation",
      "whiteSpace" : false
    }, {
      "id" : "s2-t7",
      "begin" : 277,
      "end" : 279,
      "text" : "by",
      "whiteSpace" : false
    }, {
      "id" : "s2-t8",
      "begin" : 280,
      "end" : 291,
      "text" : "considering",
      "whiteSpace" : false
    }, {
      "id" : "s2-t9",
      "begin" : 292,
      "end" : 297,
      "text" : "other",
      "whiteSpace" : false
    }, {
      "id" : "s2-t10",
      "begin" : 298,
      "end" : 303,
      "text" : "crime",
      "whiteSpace" : false
    }, {
      "id" : "s2-t11",
      "begin" : 304,
      "end" : 316,
      "text" : "determinants",
      "whiteSpace" : false
    }, {
      "id" : "s2-t12",
      "begin" : 316,
      "end" : 317,
      "text" : ".",
      "whiteSpace" : false
    } ]
  }, {
    "id" : "s3",
    "begin" : 318,
    "end" : 425,
    "text" : "Third, we control for the endogeneity of inequality by isolating its exogenous impact on these crime rates.",
    "tokens" : [ {
      "id" : "s3-t0",
      "begin" : 318,
      "end" : 323,
      "text" : "Third",
      "whiteSpace" : false
    }, {
      "id" : "s3-t1",
      "begin" : 323,
      "end" : 324,
      "text" : ",",
      "whiteSpace" : false
    }, {
      "id" : "s3-t2",
      "begin" : 325,
      "end" : 327,
      "text" : "we",
      "whiteSpace" : false
    }, {
      "id" : "s3-t3",
      "begin" : 328,
      "end" : 335,
      "text" : "control",
      "whiteSpace" : false
    }, {
      "id" : "s3-t4",
      "begin" : 336,
      "end" : 339,
      "text" : "for",
      "whiteSpace" : false
    }, {
      "id" : "s3-t5",
      "begin" : 340,
      "end" : 343,
      "text" : "the",
      "whiteSpace" : false
    }, {
      "id" : "s3-t6",
      "begin" : 344,
      "end" : 355,
      "text" : "endogeneity",
      "whiteSpace" : false
    }, {
      "id" : "s3-t7",
      "begin" : 356,
      "end" : 358,
      "text" : "of",
      "whiteSpace" : false
    }, {
      "id" : "s3-t8",
      "begin" : 359,
      "end" : 369,
      "text" : "inequality",
      "whiteSpace" : false
    }, {
      "id" : "s3-t9",
      "begin" : 370,
      "end" : 372,
      "text" : "by",
      "whiteSpace" : false
    }, {
      "id" : "s3-t10",
      "begin" : 373,
      "end" : 382,
      "text" : "isolating",
      "whiteSpace" : false
    }, {
      "id" : "s3-t11",
      "begin" : 383,
      "end" : 386,
      "text" : "its",
      "whiteSpace" : false
    }, {
      "id" : "s3-t12",
      "begin" : 387,
      "end" : 396,
      "text" : "exogenous",
      "whiteSpace" : false
    }, {
      "id" : "s3-t13",
      "begin" : 397,
      "end" : 403,
      "text" : "impact",
      "whiteSpace" : false
    }, {
      "id" : "s3-t14",
      "begin" : 404,
      "end" : 406,
      "text" : "on",
      "whiteSpace" : false
    }, {
      "id" : "s3-t15",
      "begin" : 407,
      "end" : 412,
      "text" : "these",
      "whiteSpace" : false
    }, {
      "id" : "s3-t16",
      "begin" : 413,
      "end" : 418,
      "text" : "crime",
      "whiteSpace" : false
    }, {
      "id" : "s3-t17",
      "begin" : 419,
      "end" : 424,
      "text" : "rates",
      "whiteSpace" : false
    }, {
      "id" : "s3-t18",
      "begin" : 424,
      "end" : 425,
      "text" : ".",
      "whiteSpace" : false
    } ]
  }, {
    "id" : "s4",
    "begin" : 426,
    "end" : 549,
    "text" : "Fourth, we control for measurement error in crime rates by modeling it as both unobserved country effects and random noise.",
    "tokens" : [ {
      "id" : "s4-t0",
      "begin" : 426,
      "end" : 432,
      "text" : "Fourth",
      "whiteSpace" : false
    }, {
      "id" : "s4-t1",
      "begin" : 432,
      "end" : 433,
      "text" : ",",
      "whiteSpace" : false
    }, {
      "id" : "s4-t2",
      "begin" : 434,
      "end" : 436,
      "text" : "we",
      "whiteSpace" : false
    }, {
      "id" : "s4-t3",
      "begin" : 437,
      "end" : 444,
      "text" : "control",
      "whiteSpace" : false
    }, {
      "id" : "s4-t4",
      "begin" : 445,
      "end" : 448,
      "text" : "for",
      "whiteSpace" : false
    }, {
      "id" : "s4-t5",
      "begin" : 449,
      "end" : 460,
      "text" : "measurement",
      "whiteSpace" : false
    }, {
      "id" : "s4-t6",
      "begin" : 461,
      "end" : 466,
      "text" : "error",
      "whiteSpace" : false
    }, {
      "id" : "s4-t7",
      "begin" : 467,
      "end" : 469,
      "text" : "in",
      "whiteSpace" : false
    }, {
      "id" : "s4-t8",
      "begin" : 470,
      "end" : 475,
      "text" : "crime",
      "whiteSpace" : false
    }, {
      "id" : "s4-t9",
      "begin" : 476,
      "end" : 481,
      "text" : "rates",
      "whiteSpace" : false
    }, {
      "id" : "s4-t10",
      "begin" : 482,
      "end" : 484,
      "text" : "by",
      "whiteSpace" : false
    }, {
      "id" : "s4-t11",
      "begin" : 485,
      "end" : 493,
      "text" : "modeling",
      "whiteSpace" : false
    }, {
      "id" : "s4-t12",
      "begin" : 494,
      "end" : 496,
      "text" : "it",
      "whiteSpace" : false
    }, {
      "id" : "s4-t13",
      "begin" : 497,
      "end" : 499,
      "text" : "as",
      "whiteSpace" : false
    }, {
      "id" : "s4-t14",
      "begin" : 500,
      "end" : 504,
      "text" : "both",
      "whiteSpace" : false
    }, {
      "id" : "s4-t15",
      "begin" : 505,
      "end" : 515,
      "text" : "unobserved",
      "whiteSpace" : false
    }, {
      "id" : "s4-t16",
      "begin" : 516,
      "end" : 523,
      "text" : "country",
      "whiteSpace" : false
    }, {
      "id" : "s4-t17",
      "begin" : 524,
      "end" : 531,
      "text" : "effects",
      "whiteSpace" : false
    }, {
      "id" : "s4-t18",
      "begin" : 532,
      "end" : 535,
      "text" : "and",
      "whiteSpace" : false
    }, {
      "id" : "s4-t19",
      "begin" : 536,
      "end" : 542,
      "text" : "random",
      "whiteSpace" : false
    }, {
      "id" : "s4-t20",
      "begin" : 543,
      "end" : 548,
      "text" : "noise",
      "whiteSpace" : false
    }, {
      "id" : "s4-t21",
      "begin" : 548,
      "end" : 549,
      "text" : ".",
      "whiteSpace" : false
    } ]
  }, {
    "id" : "s5",
    "begin" : 550,
    "end" : 651,
    "text" : "Finally, we examine the robustness of this partial correlation to alternative measures of inequality.",
    "tokens" : [ {
      "id" : "s5-t0",
      "begin" : 550,
      "end" : 557,
      "text" : "Finally",
      "whiteSpace" : false
    }, {
      "id" : "s5-t1",
      "begin" : 557,
      "end" : 558,
      "text" : ",",
      "whiteSpace" : false
    }, {
      "id" : "s5-t2",
      "begin" : 559,
      "end" : 561,
      "text" : "we",
      "whiteSpace" : false
    }, {
      "id" : "s5-t3",
      "begin" : 562,
      "end" : 569,
      "text" : "examine",
      "whiteSpace" : false
    }, {
      "id" : "s5-t4",
      "begin" : 570,
      "end" : 573,
      "text" : "the",
      "whiteSpace" : false
    }, {
      "id" : "s5-t5",
      "begin" : 574,
      "end" : 584,
      "text" : "robustness",
      "whiteSpace" : false
    }, {
      "id" : "s5-t6",
      "begin" : 585,
      "end" : 587,
      "text" : "of",
      "whiteSpace" : false
    }, {
      "id" : "s5-t7",
      "begin" : 588,
      "end" : 592,
      "text" : "this",
      "whiteSpace" : false
    }, {
      "id" : "s5-t8",
      "begin" : 593,
      "end" : 600,
      "text" : "partial",
      "whiteSpace" : false
    }, {
      "id" : "s5-t9",
      "begin" : 601,
      "end" : 612,
      "text" : "correlation",
      "whiteSpace" : false
    }, {
      "id" : "s5-t10",
      "begin" : 613,
      "end" : 615,
      "text" : "to",
      "whiteSpace" : false
    }, {
      "id" : "s5-t11",
      "begin" : 616,
      "end" : 627,
      "text" : "alternative",
      "whiteSpace" : false
    }, {
      "id" : "s5-t12",
      "begin" : 628,
      "end" : 636,
      "text" : "measures",
      "whiteSpace" : false
    }, {
      "id" : "s5-t13",
      "begin" : 637,
      "end" : 639,
      "text" : "of",
      "whiteSpace" : false
    }, {
      "id" : "s5-t14",
      "begin" : 640,
      "end" : 650,
      "text" : "inequality",
      "whiteSpace" : false
    }, {
      "id" : "s5-t15",
      "begin" : 650,
      "end" : 651,
      "text" : ".",
      "whiteSpace" : false
    } ]
  }, {
    "id" : "s6",
    "begin" : 652,
    "end" : 801,
    "text" : "The panel data consist of nonoverlapping 5‐year averages for 39 countries during 1965–95 for homicides and 37 countries during 1970–94 for robberies.",
    "tokens" : [ {
      "id" : "s6-t0",
      "begin" : 652,
      "end" : 655,
      "text" : "The",
      "whiteSpace" : false
    }, {
      "id" : "s6-t1",
      "begin" : 656,
      "end" : 661,
      "text" : "panel",
      "whiteSpace" : false
    }, {
      "id" : "s6-t2",
      "begin" : 662,
      "end" : 666,
      "text" : "data",
      "whiteSpace" : false
    }, {
      "id" : "s6-t3",
      "begin" : 667,
      "end" : 674,
      "text" : "consist",
      "whiteSpace" : false
    }, {
      "id" : "s6-t4",
      "begin" : 675,
      "end" : 677,
      "text" : "of",
      "whiteSpace" : false
    }, {
      "id" : "s6-t5",
      "begin" : 678,
      "end" : 692,
      "text" : "nonoverlapping",
      "whiteSpace" : false
    }, {
      "id" : "s6-t6",
      "begin" : 693,
      "end" : 694,
      "text" : "5",
      "whiteSpace" : false
    }, {
      "id" : "s6-t7",
      "begin" : 694,
      "end" : 695,
      "text" : "‐",
      "whiteSpace" : false
    }, {
      "id" : "s6-t8",
      "begin" : 695,
      "end" : 699,
      "text" : "year",
      "whiteSpace" : false
    }, {
      "id" : "s6-t9",
      "begin" : 700,
      "end" : 708,
      "text" : "averages",
      "whiteSpace" : false
    }, {
      "id" : "s6-t10",
      "begin" : 709,
      "end" : 712,
      "text" : "for",
      "whiteSpace" : false
    }, {
      "id" : "s6-t11",
      "begin" : 713,
      "end" : 715,
      "text" : "39",
      "whiteSpace" : false
    }, {
      "id" : "s6-t12",
      "begin" : 716,
      "end" : 725,
      "text" : "countries",
      "whiteSpace" : false
    }, {
      "id" : "s6-t13",
      "begin" : 726,
      "end" : 732,
      "text" : "during",
      "whiteSpace" : false
    }, {
      "id" : "s6-t14",
      "begin" : 733,
      "end" : 740,
      "text" : "1965–95",
      "whiteSpace" : false
    }, {
      "id" : "s6-t15",
      "begin" : 741,
      "end" : 744,
      "text" : "for",
      "whiteSpace" : false
    }, {
      "id" : "s6-t16",
      "begin" : 745,
      "end" : 754,
      "text" : "homicides",
      "whiteSpace" : false
    }, {
      "id" : "s6-t17",
      "begin" : 755,
      "end" : 758,
      "text" : "and",
      "whiteSpace" : false
    }, {
      "id" : "s6-t18",
      "begin" : 759,
      "end" : 761,
      "text" : "37",
      "whiteSpace" : false
    }, {
      "id" : "s6-t19",
      "begin" : 762,
      "end" : 771,
      "text" : "countries",
      "whiteSpace" : false
    }, {
      "id" : "s6-t20",
      "begin" : 772,
      "end" : 778,
      "text" : "during",
      "whiteSpace" : false
    }, {
      "id" : "s6-t21",
      "begin" : 779,
      "end" : 786,
      "text" : "1970–94",
      "whiteSpace" : false
    }, {
      "id" : "s6-t22",
      "begin" : 787,
      "end" : 790,
      "text" : "for",
      "whiteSpace" : false
    }, {
      "id" : "s6-t23",
      "begin" : 791,
      "end" : 800,
      "text" : "robberies",
      "whiteSpace" : false
    }, {
      "id" : "s6-t24",
      "begin" : 800,
      "end" : 801,
      "text" : ".",
      "whiteSpace" : false
    } ]
  }, {
    "id" : "s7",
    "begin" : 802,
    "end" : 1034,
    "text" : "Crime rates and inequality are positively correlated within countries and, particularly, between countries, and this correlation reflects causation from inequality to crime rates, even after controlling for other crime determinants.",
    "tokens" : [ {
      "id" : "s7-t0",
      "begin" : 802,
      "end" : 807,
      "text" : "Crime",
      "whiteSpace" : false
    }, {
      "id" : "s7-t1",
      "begin" : 808,
      "end" : 813,
      "text" : "rates",
      "whiteSpace" : false
    }, {
      "id" : "s7-t2",
      "begin" : 814,
      "end" : 817,
      "text" : "and",
      "whiteSpace" : false
    }, {
      "id" : "s7-t3",
      "begin" : 818,
      "end" : 828,
      "text" : "inequality",
      "whiteSpace" : false
    }, {
      "id" : "s7-t4",
      "begin" : 829,
      "end" : 832,
      "text" : "are",
      "whiteSpace" : false
    }, {
      "id" : "s7-t5",
      "begin" : 833,
      "end" : 843,
      "text" : "positively",
      "whiteSpace" : false
    }, {
      "id" : "s7-t6",
      "begin" : 844,
      "end" : 854,
      "text" : "correlated",
      "whiteSpace" : false
    }, {
      "id" : "s7-t7",
      "begin" : 855,
      "end" : 861,
      "text" : "within",
      "whiteSpace" : false
    }, {
      "id" : "s7-t8",
      "begin" : 862,
      "end" : 871,
      "text" : "countries",
      "whiteSpace" : false
    }, {
      "id" : "s7-t9",
      "begin" : 872,
      "end" : 875,
      "text" : "and",
      "whiteSpace" : false
    }, {
      "id" : "s7-t10",
      "begin" : 875,
      "end" : 876,
      "text" : ",",
      "whiteSpace" : false
    }, {
      "id" : "s7-t11",
      "begin" : 877,
      "end" : 889,
      "text" : "particularly",
      "whiteSpace" : false
    }, {
      "id" : "s7-t12",
      "begin" : 889,
      "end" : 890,
      "text" : ",",
      "whiteSpace" : false
    }, {
      "id" : "s7-t13",
      "begin" : 891,
      "end" : 898,
      "text" : "between",
      "whiteSpace" : false
    }, {
      "id" : "s7-t14",
      "begin" : 899,
      "end" : 908,
      "text" : "countries",
      "whiteSpace" : false
    }, {
      "id" : "s7-t15",
      "begin" : 908,
      "end" : 909,
      "text" : ",",
      "whiteSpace" : false
    }, {
      "id" : "s7-t16",
      "begin" : 910,
      "end" : 913,
      "text" : "and",
      "whiteSpace" : false
    }, {
      "id" : "s7-t17",
      "begin" : 914,
      "end" : 918,
      "text" : "this",
      "whiteSpace" : false
    }, {
      "id" : "s7-t18",
      "begin" : 919,
      "end" : 930,
      "text" : "correlation",
      "whiteSpace" : false
    }, {
      "id" : "s7-t19",
      "begin" : 931,
      "end" : 939,
      "text" : "reflects",
      "whiteSpace" : false
    }, {
      "id" : "s7-t20",
      "begin" : 940,
      "end" : 949,
      "text" : "causation",
      "whiteSpace" : false
    }, {
      "id" : "s7-t21",
      "begin" : 950,
      "end" : 954,
      "text" : "from",
      "whiteSpace" : false
    }, {
      "id" : "s7-t22",
      "begin" : 955,
      "end" : 965,
      "text" : "inequality",
      "whiteSpace" : false
    }, {
      "id" : "s7-t23",
      "begin" : 966,
      "end" : 968,
      "text" : "to",
      "whiteSpace" : false
    }, {
      "id" : "s7-t24",
      "begin" : 969,
      "end" : 974,
      "text" : "crime",
      "whiteSpace" : false
    }, {
      "id" : "s7-t25",
      "begin" : 975,
      "end" : 980,
      "text" : "rates",
      "whiteSpace" : false
    }, {
      "id" : "s7-t26",
      "begin" : 980,
      "end" : 981,
      "text" : ",",
      "whiteSpace" : false
    }, {
      "id" : "s7-t27",
      "begin" : 982,
      "end" : 986,
      "text" : "even",
      "whiteSpace" : false
    }, {
      "id" : "s7-t28",
      "begin" : 987,
      "end" : 992,
      "text" : "after",
      "whiteSpace" : false
    }, {
      "id" : "s7-t29",
      "begin" : 993,
      "end" : 1004,
      "text" : "controlling",
      "whiteSpace" : false
    }, {
      "id" : "s7-t30",
      "begin" : 1005,
      "end" : 1008,
      "text" : "for",
      "whiteSpace" : false
    }, {
      "id" : "s7-t31",
      "begin" : 1009,
      "end" : 1014,
      "text" : "other",
      "whiteSpace" : false
    }, {
      "id" : "s7-t32",
      "begin" : 1015,
      "end" : 1020,
      "text" : "crime",
      "whiteSpace" : false
    }, {
      "id" : "s7-t33",
      "begin" : 1021,
      "end" : 1033,
      "text" : "determinants",
      "whiteSpace" : false
    }, {
      "id" : "s7-t34",
      "begin" : 1033,
      "end" : 1034,
      "text" : ".",
      "whiteSpace" : false
    } ]
  } ],
  "mentions" : [ {
    "id" : "m15",
    "properties" : {
      "SIRE_MENTION_TYPE" : "NONE",
      "SIRE_ENTITY_LEVEL" : "NONE",
      "SIRE_ENTITY_SUBTYPE" : "NONE",
      "SIRE_MENTION_ROLE" : "evidence",
      "SIRE_ENTITY_CLASS" : "SPC",
      "SIRE_MENTION_CLASS" : "SPC"
    },
    "type" : "evidence",
    "begin" : 3,
    "end" : 14,
    "inCoref" : false
  }, {
    "id" : "m16",
    "properties" : {
      "SIRE_MENTION_TYPE" : "NONE",
      "SIRE_ENTITY_LEVEL" : "NONE",
      "SIRE_ENTITY_SUBTYPE" : "NONE",
      "SIRE_MENTION_ROLE" : "relation",
      "SIRE_ENTITY_CLASS" : "SPC",
      "SIRE_MENTION_CLASS" : "SPC"
    },
    "type" : "relation",
    "begin" : 34,
    "end" : 43,
    "inCoref" : false
  }, {
    "id" : "m1",
    "properties" : {
      "SIRE_MENTION_TYPE" : "NONE",
      "SIRE_ENTITY_SUBTYPE" : "NONE",
      "SIRE_MENTION_ROLE" : "relation",
      "SIRE_MENTION_CLASS" : "SPC"
    },
    "type" : "relation",
    "begin" : 51,
    "end" : 63,
    "inCoref" : false
  }, {
    "id" : "m2",
    "properties" : {
      "SIRE_MENTION_TYPE" : "NONE",
      "SIRE_ENTITY_SUBTYPE" : "NONE",
      "SIRE_MENTION_ROLE" : "Variable",
      "SIRE_MENTION_CLASS" : "SPC"
    },
    "type" : "Variable",
    "begin" : 64,
    "end" : 81,
    "inCoref" : true
  }, {
    "id" : "s0-m5",
    "properties" : {
      "SIRE_MENTION_ROLE" : "Variable",
      "SIRE_ENTITY_SUBTYPE" : "NONE",
      "SIRE_MENTION_TYPE" : "NONE",
      "SIRE_MENTION_CLASS" : "SPC"
    },
    "type" : "Variable",
    "begin" : 86,
    "end" : 99,
    "inCoref" : false
  }, {
    "id" : "m3",
    "properties" : {
      "SIRE_MENTION_TYPE" : "NONE",
      "SIRE_ENTITY_SUBTYPE" : "NONE",
      "SIRE_MENTION_ROLE" : "evidence",
      "SIRE_MENTION_CLASS" : "SPC"
    },
    "type" : "evidence",
    "begin" : 128,
    "end" : 133,
    "inCoref" : false
  }, {
    "id" : "m4",
    "properties" : {
      "SIRE_MENTION_TYPE" : "NONE",
      "SIRE_ENTITY_SUBTYPE" : "NONE",
      "SIRE_MENTION_ROLE" : "relation",
      "SIRE_MENTION_CLASS" : "SPC"
    },
    "type" : "relation",
    "begin" : 138,
    "end" : 157,
    "inCoref" : false
  }, {
    "id" : "m17",
    "properties" : {
      "SIRE_MENTION_TYPE" : "NONE",
      "SIRE_ENTITY_LEVEL" : "NONE",
      "SIRE_ENTITY_SUBTYPE" : "NONE",
      "SIRE_MENTION_ROLE" : "Variable",
      "SIRE_ENTITY_CLASS" : "SPC",
      "SIRE_MENTION_CLASS" : "SPC"
    },
    "type" : "Variable",
    "begin" : 162,
    "end" : 172,
    "inCoref" : true
  }, {
    "id" : "s1-m4",
    "properties" : {
      "SIRE_MENTION_ROLE" : "Variable",
      "SIRE_ENTITY_SUBTYPE" : "NONE",
      "SIRE_MENTION_TYPE" : "NONE",
      "SIRE_MENTION_CLASS" : "SPC"
    },
    "type" : "Variable",
    "begin" : 177,
    "end" : 185,
    "inCoref" : false
  }, {
    "id" : "s1-m5",
    "properties" : {
      "SIRE_MENTION_ROLE" : "Variable",
      "SIRE_ENTITY_SUBTYPE" : "NONE",
      "SIRE_MENTION_TYPE" : "NONE",
      "SIRE_MENTION_CLASS" : "SPC"
    },
    "type" : "Variable",
    "begin" : 190,
    "end" : 203,
    "inCoref" : false
  }, {
    "id" : "m5",
    "properties" : {
      "SIRE_MENTION_TYPE" : "NONE",
      "SIRE_ENTITY_SUBTYPE" : "NONE",
      "SIRE_MENTION_ROLE" : "evidence",
      "SIRE_MENTION_CLASS" : "SPC"
    },
    "type" : "evidence",
    "begin" : 245,
    "end" : 252,
    "inCoref" : false
  }, {
    "id" : "m6",
    "properties" : {
      "SIRE_MENTION_TYPE" : "NONE",
      "SIRE_ENTITY_SUBTYPE" : "NONE",
      "SIRE_MENTION_ROLE" : "relation",
      "SIRE_MENTION_CLASS" : "SPC"
    },
    "type" : "relation",
    "begin" : 265,
    "end" : 276,
    "inCoref" : false
  }, {
    "id" : "s2-m3",
    "properties" : {
      "SIRE_MENTION_ROLE" : "Variable",
      "SIRE_ENTITY_SUBTYPE" : "NONE",
      "SIRE_MENTION_TYPE" : "NONE",
      "SIRE_MENTION_CLASS" : "SPC"
    },
    "type" : "Variable",
    "begin" : 298,
    "end" : 316,
    "inCoref" : false
  }, {
    "id" : "m7",
    "properties" : {
      "SIRE_MENTION_TYPE" : "NONE",
      "SIRE_ENTITY_SUBTYPE" : "NONE",
      "SIRE_MENTION_ROLE" : "Variable",
      "SIRE_MENTION_CLASS" : "SPC"
    },
    "type" : "Variable",
    "begin" : 359,
    "end" : 369,
    "inCoref" : true
  }, {
    "id" : "m8",
    "properties" : {
      "SIRE_MENTION_TYPE" : "NONE",
      "SIRE_ENTITY_SUBTYPE" : "NONE",
      "SIRE_MENTION_ROLE" : "relation",
      "SIRE_MENTION_CLASS" : "SPC"
    },
    "type" : "relation",
    "begin" : 397,
    "end" : 406,
    "inCoref" : false
  }, {
    "id" : "s3-m4",
    "properties" : {
      "SIRE_MENTION_ROLE" : "Variable",
      "SIRE_ENTITY_SUBTYPE" : "NONE",
      "SIRE_MENTION_TYPE" : "NONE",
      "SIRE_MENTION_CLASS" : "SPC"
    },
    "type" : "Variable",
    "begin" : 413,
    "end" : 424,
    "inCoref" : true
  }, {
    "id" : "s4-m1",
    "properties" : {
      "SIRE_MENTION_ROLE" : "Variable",
      "SIRE_ENTITY_SUBTYPE" : "NONE",
      "SIRE_MENTION_TYPE" : "NONE",
      "SIRE_MENTION_CLASS" : "SPC"
    },
    "type" : "Variable",
    "begin" : 470,
    "end" : 481,
    "inCoref" : true
  }, {
    "id" : "m9",
    "properties" : {
      "SIRE_MENTION_TYPE" : "NONE",
      "SIRE_ENTITY_SUBTYPE" : "NONE",
      "SIRE_MENTION_ROLE" : "evidence",
      "SIRE_MENTION_CLASS" : "SPC"
    },
    "type" : "evidence",
    "begin" : 562,
    "end" : 569,
    "inCoref" : false
  }, {
    "id" : "m10",
    "properties" : {
      "SIRE_MENTION_TYPE" : "NONE",
      "SIRE_ENTITY_SUBTYPE" : "NONE",
      "SIRE_MENTION_ROLE" : "relation",
      "SIRE_MENTION_CLASS" : "SPC"
    },
    "type" : "relation",
    "begin" : 601,
    "end" : 612,
    "inCoref" : false
  }, {
    "id" : "m11",
    "properties" : {
      "SIRE_MENTION_TYPE" : "NONE",
      "SIRE_ENTITY_SUBTYPE" : "NONE",
      "SIRE_MENTION_ROLE" : "Variable",
      "SIRE_MENTION_CLASS" : "SPC"
    },
    "type" : "Variable",
    "begin" : 640,
    "end" : 650,
    "inCoref" : true
  }, {
    "id" : "s7-m4",
    "properties" : {
      "SIRE_MENTION_ROLE" : "Variable",
      "SIRE_ENTITY_SUBTYPE" : "NONE",
      "SIRE_MENTION_TYPE" : "NONE",
      "SIRE_MENTION_CLASS" : "SPC"
    },
    "type" : "Variable",
    "begin" : 802,
    "end" : 813,
    "inCoref" : true
  }, {
    "id" : "m12",
    "properties" : {
      "SIRE_MENTION_TYPE" : "NONE",
      "SIRE_ENTITY_SUBTYPE" : "NONE",
      "SIRE_MENTION_ROLE" : "Variable",
      "SIRE_MENTION_CLASS" : "SPC"
    },
    "type" : "Variable",
    "begin" : 818,
    "end" : 828,
    "inCoref" : true
  }, {
    "id" : "s7-m5",
    "properties" : {
      "SIRE_MENTION_ROLE" : "relation",
      "SIRE_ENTITY_SUBTYPE" : "NONE",
      "SIRE_MENTION_TYPE" : "NONE",
      "SIRE_MENTION_CLASS" : "SPC"
    },
    "type" : "relation",
    "begin" : 844,
    "end" : 854,
    "inCoref" : false
  }, {
    "id" : "m13",
    "properties" : {
      "SIRE_MENTION_TYPE" : "NONE",
      "SIRE_ENTITY_SUBTYPE" : "NONE",
      "SIRE_MENTION_ROLE" : "relation",
      "SIRE_MENTION_CLASS" : "SPC"
    },
    "type" : "relation",
    "begin" : 919,
    "end" : 930,
    "inCoref" : false
  }, {
    "id" : "s7-m6",
    "properties" : {
      "SIRE_MENTION_ROLE" : "relation",
      "SIRE_ENTITY_SUBTYPE" : "NONE",
      "SIRE_MENTION_TYPE" : "NONE",
      "SIRE_MENTION_CLASS" : "SPC"
    },
    "type" : "relation",
    "begin" : 940,
    "end" : 949,
    "inCoref" : false
  }, {
    "id" : "m14",
    "properties" : {
      "SIRE_MENTION_TYPE" : "NONE",
      "SIRE_ENTITY_SUBTYPE" : "NONE",
      "SIRE_MENTION_ROLE" : "Variable",
      "SIRE_MENTION_CLASS" : "SPC"
    },
    "type" : "Variable",
    "begin" : 955,
    "end" : 965,
    "inCoref" : true
  }, {
    "id" : "s7-m7",
    "properties" : {
      "SIRE_MENTION_ROLE" : "Variable",
      "SIRE_ENTITY_SUBTYPE" : "NONE",
      "SIRE_MENTION_TYPE" : "NONE",
      "SIRE_MENTION_CLASS" : "SPC"
    },
    "type" : "Variable",
    "begin" : 969,
    "end" : 980,
    "inCoref" : true
  } ],
  "relations" : [ {
    "id" : "s7-r1",
    "properties" : { },
    "type" : "RelateCorrelation",
    "args" : [ "s7-m4", "m12" ]
  }, {
    "id" : "s7-r2",
    "properties" : { },
    "type" : "Causal",
    "args" : [ "m14", "s7-m7" ]
  } ],
  "corefs" : [ {
    "id" : "c1",
    "properties" : { },
    "mentions" : [ "m7", "m11", "m12", "m14", "m2", "m17" ]
  }, {
    "id" : "c2",
    "properties" : { },
    "mentions" : [ "s7-m7", "s7-m4", "s4-m1", "s3-m4" ]
  } ],
  "typeResolved" : true,
  "userResolved" : false
}