{
  "id" : "83a5def0-511d-11ec-9622-3b1b04e41a52-9",
  "name" : "90. Uslaner, E. M., & Brown, M. (2005). .docx",
  "createdDate" : 0,
  "version" : 3,
  "text" : "\nThis article examines why people violate rationality and take part in their communities, differentiating by types of participation, particularly political versus other, more communal types of participation. The authors argue that trust plays an important role in participation levels, but contrary to more traditional models, the causal relationship runs from trust to participation. In addition, the authors posit that trust is strongly affected by economic inequality. Using aggregated American state-level data for the 1970s, 1980s, and 1990s, the authors present a series of two-stage least squares models on the effects of inequality and trust on participation, controlling for other related factors. Findings indicate that inequality is the strongest determinant of trust and that trust has a greater effect on communal participation than on political participation.\n\n",
  "docLength" : 0,
  "language" : "EN",
  "status" : "IN_PROGRESS",
  "modifiedDate" : 1638281347383,
  "documentSet" : [ ],
  "preannotation" : [ "PRE_LW", "PRE_SIRE" ],
  "sentences" : [ {
    "id" : "s0",
    "begin" : 1,
    "end" : 207,
    "text" : "This article examines why people violate rationality and take part in their communities, differentiating by types of participation, particularly political versus other, more communal types of participation.",
    "tokens" : [ {
      "id" : "s0-t0",
      "begin" : 1,
      "end" : 5,
      "text" : "This",
      "whiteSpace" : false
    }, {
      "id" : "s0-t1",
      "begin" : 6,
      "end" : 13,
      "text" : "article",
      "whiteSpace" : false
    }, {
      "id" : "s0-t2",
      "begin" : 14,
      "end" : 22,
      "text" : "examines",
      "whiteSpace" : false
    }, {
      "id" : "s0-t3",
      "begin" : 23,
      "end" : 26,
      "text" : "why",
      "whiteSpace" : false
    }, {
      "id" : "s0-t4",
      "begin" : 27,
      "end" : 33,
      "text" : "people",
      "whiteSpace" : false
    }, {
      "id" : "s0-t5",
      "begin" : 34,
      "end" : 41,
      "text" : "violate",
      "whiteSpace" : false
    }, {
      "id" : "s0-t6",
      "begin" : 42,
      "end" : 53,
      "text" : "rationality",
      "whiteSpace" : false
    }, {
      "id" : "s0-t7",
      "begin" : 54,
      "end" : 57,
      "text" : "and",
      "whiteSpace" : false
    }, {
      "id" : "s0-t8",
      "begin" : 58,
      "end" : 62,
      "text" : "take",
      "whiteSpace" : false
    }, {
      "id" : "s0-t9",
      "begin" : 63,
      "end" : 67,
      "text" : "part",
      "whiteSpace" : false
    }, {
      "id" : "s0-t10",
      "begin" : 68,
      "end" : 70,
      "text" : "in",
      "whiteSpace" : false
    }, {
      "id" : "s0-t11",
      "begin" : 71,
      "end" : 76,
      "text" : "their",
      "whiteSpace" : false
    }, {
      "id" : "s0-t12",
      "begin" : 77,
      "end" : 88,
      "text" : "communities",
      "whiteSpace" : false
    }, {
      "id" : "s0-t13",
      "begin" : 88,
      "end" : 89,
      "text" : ",",
      "whiteSpace" : false
    }, {
      "id" : "s0-t14",
      "begin" : 90,
      "end" : 105,
      "text" : "differentiating",
      "whiteSpace" : false
    }, {
      "id" : "s0-t15",
      "begin" : 106,
      "end" : 108,
      "text" : "by",
      "whiteSpace" : false
    }, {
      "id" : "s0-t16",
      "begin" : 109,
      "end" : 114,
      "text" : "types",
      "whiteSpace" : false
    }, {
      "id" : "s0-t17",
      "begin" : 115,
      "end" : 117,
      "text" : "of",
      "whiteSpace" : false
    }, {
      "id" : "s0-t18",
      "begin" : 118,
      "end" : 131,
      "text" : "participation",
      "whiteSpace" : false
    }, {
      "id" : "s0-t19",
      "begin" : 131,
      "end" : 132,
      "text" : ",",
      "whiteSpace" : false
    }, {
      "id" : "s0-t20",
      "begin" : 133,
      "end" : 145,
      "text" : "particularly",
      "whiteSpace" : false
    }, {
      "id" : "s0-t21",
      "begin" : 146,
      "end" : 155,
      "text" : "political",
      "whiteSpace" : false
    }, {
      "id" : "s0-t22",
      "begin" : 156,
      "end" : 162,
      "text" : "versus",
      "whiteSpace" : false
    }, {
      "id" : "s0-t23",
      "begin" : 163,
      "end" : 168,
      "text" : "other",
      "whiteSpace" : false
    }, {
      "id" : "s0-t24",
      "begin" : 168,
      "end" : 169,
      "text" : ",",
      "whiteSpace" : false
    }, {
      "id" : "s0-t25",
      "begin" : 170,
      "end" : 174,
      "text" : "more",
      "whiteSpace" : false
    }, {
      "id" : "s0-t26",
      "begin" : 175,
      "end" : 183,
      "text" : "communal",
      "whiteSpace" : false
    }, {
      "id" : "s0-t27",
      "begin" : 184,
      "end" : 189,
      "text" : "types",
      "whiteSpace" : false
    }, {
      "id" : "s0-t28",
      "begin" : 190,
      "end" : 192,
      "text" : "of",
      "whiteSpace" : false
    }, {
      "id" : "s0-t29",
      "begin" : 193,
      "end" : 206,
      "text" : "participation",
      "whiteSpace" : false
    }, {
      "id" : "s0-t30",
      "begin" : 206,
      "end" : 207,
      "text" : ".",
      "whiteSpace" : false
    } ]
  }, {
    "id" : "s1",
    "begin" : 208,
    "end" : 384,
    "text" : "The authors argue that trust plays an important role in participation levels, but contrary to more traditional models, the causal relationship runs from trust to participation.",
    "tokens" : [ {
      "id" : "s1-t0",
      "begin" : 208,
      "end" : 211,
      "text" : "The",
      "whiteSpace" : false
    }, {
      "id" : "s1-t1",
      "begin" : 212,
      "end" : 219,
      "text" : "authors",
      "whiteSpace" : false
    }, {
      "id" : "s1-t2",
      "begin" : 220,
      "end" : 225,
      "text" : "argue",
      "whiteSpace" : false
    }, {
      "id" : "s1-t3",
      "begin" : 226,
      "end" : 230,
      "text" : "that",
      "whiteSpace" : false
    }, {
      "id" : "s1-t4",
      "begin" : 231,
      "end" : 236,
      "text" : "trust",
      "whiteSpace" : false
    }, {
      "id" : "s1-t5",
      "begin" : 237,
      "end" : 242,
      "text" : "plays",
      "whiteSpace" : false
    }, {
      "id" : "s1-t6",
      "begin" : 243,
      "end" : 245,
      "text" : "an",
      "whiteSpace" : false
    }, {
      "id" : "s1-t7",
      "begin" : 246,
      "end" : 255,
      "text" : "important",
      "whiteSpace" : false
    }, {
      "id" : "s1-t8",
      "begin" : 256,
      "end" : 260,
      "text" : "role",
      "whiteSpace" : false
    }, {
      "id" : "s1-t9",
      "begin" : 261,
      "end" : 263,
      "text" : "in",
      "whiteSpace" : false
    }, {
      "id" : "s1-t10",
      "begin" : 264,
      "end" : 277,
      "text" : "participation",
      "whiteSpace" : false
    }, {
      "id" : "s1-t11",
      "begin" : 278,
      "end" : 284,
      "text" : "levels",
      "whiteSpace" : false
    }, {
      "id" : "s1-t12",
      "begin" : 284,
      "end" : 285,
      "text" : ",",
      "whiteSpace" : false
    }, {
      "id" : "s1-t13",
      "begin" : 286,
      "end" : 289,
      "text" : "but",
      "whiteSpace" : false
    }, {
      "id" : "s1-t14",
      "begin" : 290,
      "end" : 298,
      "text" : "contrary",
      "whiteSpace" : false
    }, {
      "id" : "s1-t15",
      "begin" : 299,
      "end" : 301,
      "text" : "to",
      "whiteSpace" : false
    }, {
      "id" : "s1-t16",
      "begin" : 302,
      "end" : 306,
      "text" : "more",
      "whiteSpace" : false
    }, {
      "id" : "s1-t17",
      "begin" : 307,
      "end" : 318,
      "text" : "traditional",
      "whiteSpace" : false
    }, {
      "id" : "s1-t18",
      "begin" : 319,
      "end" : 325,
      "text" : "models",
      "whiteSpace" : false
    }, {
      "id" : "s1-t19",
      "begin" : 325,
      "end" : 326,
      "text" : ",",
      "whiteSpace" : false
    }, {
      "id" : "s1-t20",
      "begin" : 327,
      "end" : 330,
      "text" : "the",
      "whiteSpace" : false
    }, {
      "id" : "s1-t21",
      "begin" : 331,
      "end" : 337,
      "text" : "causal",
      "whiteSpace" : false
    }, {
      "id" : "s1-t22",
      "begin" : 338,
      "end" : 350,
      "text" : "relationship",
      "whiteSpace" : false
    }, {
      "id" : "s1-t23",
      "begin" : 351,
      "end" : 355,
      "text" : "runs",
      "whiteSpace" : false
    }, {
      "id" : "s1-t24",
      "begin" : 356,
      "end" : 360,
      "text" : "from",
      "whiteSpace" : false
    }, {
      "id" : "s1-t25",
      "begin" : 361,
      "end" : 366,
      "text" : "trust",
      "whiteSpace" : false
    }, {
      "id" : "s1-t26",
      "begin" : 367,
      "end" : 369,
      "text" : "to",
      "whiteSpace" : false
    }, {
      "id" : "s1-t27",
      "begin" : 370,
      "end" : 383,
      "text" : "participation",
      "whiteSpace" : false
    }, {
      "id" : "s1-t28",
      "begin" : 383,
      "end" : 384,
      "text" : ".",
      "whiteSpace" : false
    } ]
  }, {
    "id" : "s2",
    "begin" : 385,
    "end" : 471,
    "text" : "In addition, the authors posit that trust is strongly affected by economic inequality.",
    "tokens" : [ {
      "id" : "s2-t0",
      "begin" : 385,
      "end" : 387,
      "text" : "In",
      "whiteSpace" : false
    }, {
      "id" : "s2-t1",
      "begin" : 388,
      "end" : 396,
      "text" : "addition",
      "whiteSpace" : false
    }, {
      "id" : "s2-t2",
      "begin" : 396,
      "end" : 397,
      "text" : ",",
      "whiteSpace" : false
    }, {
      "id" : "s2-t3",
      "begin" : 398,
      "end" : 401,
      "text" : "the",
      "whiteSpace" : false
    }, {
      "id" : "s2-t4",
      "begin" : 402,
      "end" : 409,
      "text" : "authors",
      "whiteSpace" : false
    }, {
      "id" : "s2-t5",
      "begin" : 410,
      "end" : 415,
      "text" : "posit",
      "whiteSpace" : false
    }, {
      "id" : "s2-t6",
      "begin" : 416,
      "end" : 420,
      "text" : "that",
      "whiteSpace" : false
    }, {
      "id" : "s2-t7",
      "begin" : 421,
      "end" : 426,
      "text" : "trust",
      "whiteSpace" : false
    }, {
      "id" : "s2-t8",
      "begin" : 427,
      "end" : 429,
      "text" : "is",
      "whiteSpace" : false
    }, {
      "id" : "s2-t9",
      "begin" : 430,
      "end" : 438,
      "text" : "strongly",
      "whiteSpace" : false
    }, {
      "id" : "s2-t10",
      "begin" : 439,
      "end" : 447,
      "text" : "affected",
      "whiteSpace" : false
    }, {
      "id" : "s2-t11",
      "begin" : 448,
      "end" : 450,
      "text" : "by",
      "whiteSpace" : false
    }, {
      "id" : "s2-t12",
      "begin" : 451,
      "end" : 459,
      "text" : "economic",
      "whiteSpace" : false
    }, {
      "id" : "s2-t13",
      "begin" : 460,
      "end" : 470,
      "text" : "inequality",
      "whiteSpace" : false
    }, {
      "id" : "s2-t14",
      "begin" : 470,
      "end" : 471,
      "text" : ".",
      "whiteSpace" : false
    } ]
  }, {
    "id" : "s3",
    "begin" : 472,
    "end" : 706,
    "text" : "Using aggregated American state-level data for the 1970s, 1980s, and 1990s, the authors present a series of two-stage least squares models on the effects of inequality and trust on participation, controlling for other related factors.",
    "tokens" : [ {
      "id" : "s3-t0",
      "begin" : 472,
      "end" : 477,
      "text" : "Using",
      "whiteSpace" : false
    }, {
      "id" : "s3-t1",
      "begin" : 478,
      "end" : 488,
      "text" : "aggregated",
      "whiteSpace" : false
    }, {
      "id" : "s3-t2",
      "begin" : 489,
      "end" : 497,
      "text" : "American",
      "whiteSpace" : false
    }, {
      "id" : "s3-t3",
      "begin" : 498,
      "end" : 509,
      "text" : "state-level",
      "whiteSpace" : false
    }, {
      "id" : "s3-t4",
      "begin" : 510,
      "end" : 514,
      "text" : "data",
      "whiteSpace" : false
    }, {
      "id" : "s3-t5",
      "begin" : 515,
      "end" : 518,
      "text" : "for",
      "whiteSpace" : false
    }, {
      "id" : "s3-t6",
      "begin" : 519,
      "end" : 522,
      "text" : "the",
      "whiteSpace" : false
    }, {
      "id" : "s3-t7",
      "begin" : 523,
      "end" : 528,
      "text" : "1970s",
      "whiteSpace" : false
    }, {
      "id" : "s3-t8",
      "begin" : 528,
      "end" : 529,
      "text" : ",",
      "whiteSpace" : false
    }, {
      "id" : "s3-t9",
      "begin" : 530,
      "end" : 535,
      "text" : "1980s",
      "whiteSpace" : false
    }, {
      "id" : "s3-t10",
      "begin" : 535,
      "end" : 536,
      "text" : ",",
      "whiteSpace" : false
    }, {
      "id" : "s3-t11",
      "begin" : 537,
      "end" : 540,
      "text" : "and",
      "whiteSpace" : false
    }, {
      "id" : "s3-t12",
      "begin" : 541,
      "end" : 546,
      "text" : "1990s",
      "whiteSpace" : false
    }, {
      "id" : "s3-t13",
      "begin" : 546,
      "end" : 547,
      "text" : ",",
      "whiteSpace" : false
    }, {
      "id" : "s3-t14",
      "begin" : 548,
      "end" : 551,
      "text" : "the",
      "whiteSpace" : false
    }, {
      "id" : "s3-t15",
      "begin" : 552,
      "end" : 559,
      "text" : "authors",
      "whiteSpace" : false
    }, {
      "id" : "s3-t16",
      "begin" : 560,
      "end" : 567,
      "text" : "present",
      "whiteSpace" : false
    }, {
      "id" : "s3-t17",
      "begin" : 568,
      "end" : 569,
      "text" : "a",
      "whiteSpace" : false
    }, {
      "id" : "s3-t18",
      "begin" : 570,
      "end" : 576,
      "text" : "series",
      "whiteSpace" : false
    }, {
      "id" : "s3-t19",
      "begin" : 577,
      "end" : 579,
      "text" : "of",
      "whiteSpace" : false
    }, {
      "id" : "s3-t20",
      "begin" : 580,
      "end" : 589,
      "text" : "two-stage",
      "whiteSpace" : false
    }, {
      "id" : "s3-t21",
      "begin" : 590,
      "end" : 595,
      "text" : "least",
      "whiteSpace" : false
    }, {
      "id" : "s3-t22",
      "begin" : 596,
      "end" : 603,
      "text" : "squares",
      "whiteSpace" : false
    }, {
      "id" : "s3-t23",
      "begin" : 604,
      "end" : 610,
      "text" : "models",
      "whiteSpace" : false
    }, {
      "id" : "s3-t24",
      "begin" : 611,
      "end" : 613,
      "text" : "on",
      "whiteSpace" : false
    }, {
      "id" : "s3-t25",
      "begin" : 614,
      "end" : 617,
      "text" : "the",
      "whiteSpace" : false
    }, {
      "id" : "s3-t26",
      "begin" : 618,
      "end" : 625,
      "text" : "effects",
      "whiteSpace" : false
    }, {
      "id" : "s3-t27",
      "begin" : 626,
      "end" : 628,
      "text" : "of",
      "whiteSpace" : false
    }, {
      "id" : "s3-t28",
      "begin" : 629,
      "end" : 639,
      "text" : "inequality",
      "whiteSpace" : false
    }, {
      "id" : "s3-t29",
      "begin" : 640,
      "end" : 643,
      "text" : "and",
      "whiteSpace" : false
    }, {
      "id" : "s3-t30",
      "begin" : 644,
      "end" : 649,
      "text" : "trust",
      "whiteSpace" : false
    }, {
      "id" : "s3-t31",
      "begin" : 650,
      "end" : 652,
      "text" : "on",
      "whiteSpace" : false
    }, {
      "id" : "s3-t32",
      "begin" : 653,
      "end" : 666,
      "text" : "participation",
      "whiteSpace" : false
    }, {
      "id" : "s3-t33",
      "begin" : 666,
      "end" : 667,
      "text" : ",",
      "whiteSpace" : false
    }, {
      "id" : "s3-t34",
      "begin" : 668,
      "end" : 679,
      "text" : "controlling",
      "whiteSpace" : false
    }, {
      "id" : "s3-t35",
      "begin" : 680,
      "end" : 683,
      "text" : "for",
      "whiteSpace" : false
    }, {
      "id" : "s3-t36",
      "begin" : 684,
      "end" : 689,
      "text" : "other",
      "whiteSpace" : false
    }, {
      "id" : "s3-t37",
      "begin" : 690,
      "end" : 697,
      "text" : "related",
      "whiteSpace" : false
    }, {
      "id" : "s3-t38",
      "begin" : 698,
      "end" : 705,
      "text" : "factors",
      "whiteSpace" : false
    }, {
      "id" : "s3-t39",
      "begin" : 705,
      "end" : 706,
      "text" : ".",
      "whiteSpace" : false
    } ]
  }, {
    "id" : "s4",
    "begin" : 707,
    "end" : 873,
    "text" : "Findings indicate that inequality is the strongest determinant of trust and that trust has a greater effect on communal participation than on political participation.",
    "tokens" : [ {
      "id" : "s4-t0",
      "begin" : 707,
      "end" : 715,
      "text" : "Findings",
      "whiteSpace" : false
    }, {
      "id" : "s4-t1",
      "begin" : 716,
      "end" : 724,
      "text" : "indicate",
      "whiteSpace" : false
    }, {
      "id" : "s4-t2",
      "begin" : 725,
      "end" : 729,
      "text" : "that",
      "whiteSpace" : false
    }, {
      "id" : "s4-t3",
      "begin" : 730,
      "end" : 740,
      "text" : "inequality",
      "whiteSpace" : false
    }, {
      "id" : "s4-t4",
      "begin" : 741,
      "end" : 743,
      "text" : "is",
      "whiteSpace" : false
    }, {
      "id" : "s4-t5",
      "begin" : 744,
      "end" : 747,
      "text" : "the",
      "whiteSpace" : false
    }, {
      "id" : "s4-t6",
      "begin" : 748,
      "end" : 757,
      "text" : "strongest",
      "whiteSpace" : false
    }, {
      "id" : "s4-t7",
      "begin" : 758,
      "end" : 769,
      "text" : "determinant",
      "whiteSpace" : false
    }, {
      "id" : "s4-t8",
      "begin" : 770,
      "end" : 772,
      "text" : "of",
      "whiteSpace" : false
    }, {
      "id" : "s4-t9",
      "begin" : 773,
      "end" : 778,
      "text" : "trust",
      "whiteSpace" : false
    }, {
      "id" : "s4-t10",
      "begin" : 779,
      "end" : 782,
      "text" : "and",
      "whiteSpace" : false
    }, {
      "id" : "s4-t11",
      "begin" : 783,
      "end" : 787,
      "text" : "that",
      "whiteSpace" : false
    }, {
      "id" : "s4-t12",
      "begin" : 788,
      "end" : 793,
      "text" : "trust",
      "whiteSpace" : false
    }, {
      "id" : "s4-t13",
      "begin" : 794,
      "end" : 797,
      "text" : "has",
      "whiteSpace" : false
    }, {
      "id" : "s4-t14",
      "begin" : 798,
      "end" : 799,
      "text" : "a",
      "whiteSpace" : false
    }, {
      "id" : "s4-t15",
      "begin" : 800,
      "end" : 807,
      "text" : "greater",
      "whiteSpace" : false
    }, {
      "id" : "s4-t16",
      "begin" : 808,
      "end" : 814,
      "text" : "effect",
      "whiteSpace" : false
    }, {
      "id" : "s4-t17",
      "begin" : 815,
      "end" : 817,
      "text" : "on",
      "whiteSpace" : false
    }, {
      "id" : "s4-t18",
      "begin" : 818,
      "end" : 826,
      "text" : "communal",
      "whiteSpace" : false
    }, {
      "id" : "s4-t19",
      "begin" : 827,
      "end" : 840,
      "text" : "participation",
      "whiteSpace" : false
    }, {
      "id" : "s4-t20",
      "begin" : 841,
      "end" : 845,
      "text" : "than",
      "whiteSpace" : false
    }, {
      "id" : "s4-t21",
      "begin" : 846,
      "end" : 848,
      "text" : "on",
      "whiteSpace" : false
    }, {
      "id" : "s4-t22",
      "begin" : 849,
      "end" : 858,
      "text" : "political",
      "whiteSpace" : false
    }, {
      "id" : "s4-t23",
      "begin" : 859,
      "end" : 872,
      "text" : "participation",
      "whiteSpace" : false
    }, {
      "id" : "s4-t24",
      "begin" : 872,
      "end" : 873,
      "text" : ".",
      "whiteSpace" : false
    } ]
  } ],
  "mentions" : [ {
    "id" : "m1",
    "properties" : {
      "SIRE_MENTION_TYPE" : "NONE",
      "SIRE_ENTITY_SUBTYPE" : "NONE",
      "SIRE_MENTION_ROLE" : "evidence",
      "SIRE_MENTION_CLASS" : "SPC"
    },
    "type" : "evidence",
    "begin" : 14,
    "end" : 22,
    "inCoref" : false
  }, {
    "id" : "s0-m2",
    "properties" : {
      "SIRE_MENTION_ROLE" : "Variable",
      "SIRE_ENTITY_SUBTYPE" : "NONE",
      "SIRE_MENTION_TYPE" : "NONE",
      "SIRE_MENTION_CLASS" : "SPC"
    },
    "type" : "Variable",
    "begin" : 118,
    "end" : 131,
    "inCoref" : true
  }, {
    "id" : "s0-m3",
    "properties" : {
      "SIRE_MENTION_ROLE" : "Variable",
      "SIRE_ENTITY_SUBTYPE" : "NONE",
      "SIRE_MENTION_TYPE" : "NONE",
      "SIRE_MENTION_CLASS" : "SPC"
    },
    "type" : "Variable",
    "begin" : 193,
    "end" : 206,
    "inCoref" : true
  }, {
    "id" : "m2",
    "properties" : {
      "SIRE_MENTION_TYPE" : "NONE",
      "SIRE_ENTITY_SUBTYPE" : "NONE",
      "SIRE_MENTION_ROLE" : "evidence",
      "SIRE_MENTION_CLASS" : "SPC"
    },
    "type" : "evidence",
    "begin" : 220,
    "end" : 225,
    "inCoref" : false
  }, {
    "id" : "s1-m4",
    "properties" : {
      "SIRE_MENTION_ROLE" : "Variable",
      "SIRE_ENTITY_SUBTYPE" : "NONE",
      "SIRE_MENTION_TYPE" : "NONE",
      "SIRE_MENTION_CLASS" : "SPC"
    },
    "type" : "Variable",
    "begin" : 231,
    "end" : 236,
    "inCoref" : true
  }, {
    "id" : "m3",
    "properties" : {
      "SIRE_MENTION_TYPE" : "NONE",
      "SIRE_ENTITY_SUBTYPE" : "NONE",
      "SIRE_MENTION_ROLE" : "relation",
      "SIRE_MENTION_CLASS" : "SPC"
    },
    "type" : "relation",
    "begin" : 256,
    "end" : 263,
    "inCoref" : false
  }, {
    "id" : "s1-m5",
    "properties" : {
      "SIRE_MENTION_ROLE" : "Variable",
      "SIRE_ENTITY_SUBTYPE" : "NONE",
      "SIRE_MENTION_TYPE" : "NONE",
      "SIRE_MENTION_CLASS" : "SPC"
    },
    "type" : "Variable",
    "begin" : 264,
    "end" : 277,
    "inCoref" : true
  }, {
    "id" : "s1-m9",
    "properties" : {
      "SIRE_MENTION_ROLE" : "relation",
      "SIRE_ENTITY_SUBTYPE" : "NONE",
      "SIRE_MENTION_TYPE" : "NONE",
      "SIRE_MENTION_CLASS" : "SPC"
    },
    "type" : "relation",
    "begin" : 331,
    "end" : 350,
    "inCoref" : false
  }, {
    "id" : "s1-m7",
    "properties" : {
      "SIRE_MENTION_ROLE" : "Variable",
      "SIRE_ENTITY_SUBTYPE" : "NONE",
      "SIRE_MENTION_TYPE" : "NONE",
      "SIRE_MENTION_CLASS" : "SPC"
    },
    "type" : "Variable",
    "begin" : 361,
    "end" : 366,
    "inCoref" : true
  }, {
    "id" : "s1-m8",
    "properties" : {
      "SIRE_MENTION_ROLE" : "Variable",
      "SIRE_ENTITY_SUBTYPE" : "NONE",
      "SIRE_MENTION_TYPE" : "NONE",
      "SIRE_MENTION_CLASS" : "SPC"
    },
    "type" : "Variable",
    "begin" : 370,
    "end" : 383,
    "inCoref" : true
  }, {
    "id" : "s2-m3",
    "properties" : {
      "SIRE_MENTION_ROLE" : "Variable",
      "SIRE_ENTITY_SUBTYPE" : "NONE",
      "SIRE_MENTION_TYPE" : "NONE",
      "SIRE_MENTION_CLASS" : "SPC"
    },
    "type" : "Variable",
    "begin" : 421,
    "end" : 426,
    "inCoref" : true
  }, {
    "id" : "m4",
    "properties" : {
      "SIRE_MENTION_TYPE" : "NONE",
      "SIRE_ENTITY_SUBTYPE" : "NONE",
      "SIRE_MENTION_ROLE" : "relation",
      "SIRE_MENTION_CLASS" : "SPC"
    },
    "type" : "relation",
    "begin" : 439,
    "end" : 450,
    "inCoref" : false
  }, {
    "id" : "m5",
    "properties" : {
      "SIRE_MENTION_TYPE" : "NONE",
      "SIRE_ENTITY_SUBTYPE" : "NONE",
      "SIRE_MENTION_ROLE" : "Variable",
      "SIRE_MENTION_CLASS" : "SPC"
    },
    "type" : "Variable",
    "begin" : 451,
    "end" : 470,
    "inCoref" : false
  }, {
    "id" : "m6",
    "properties" : {
      "SIRE_MENTION_TYPE" : "NONE",
      "SIRE_ENTITY_SUBTYPE" : "NONE",
      "SIRE_MENTION_ROLE" : "evidence",
      "SIRE_MENTION_CLASS" : "SPC"
    },
    "type" : "evidence",
    "begin" : 560,
    "end" : 567,
    "inCoref" : false
  }, {
    "id" : "m15",
    "properties" : {
      "SIRE_MENTION_TYPE" : "NONE",
      "SIRE_ENTITY_LEVEL" : "NONE",
      "SIRE_ENTITY_SUBTYPE" : "NONE",
      "SIRE_MENTION_ROLE" : "relation",
      "SIRE_ENTITY_CLASS" : "SPC",
      "SIRE_MENTION_CLASS" : "SPC"
    },
    "type" : "relation",
    "begin" : 618,
    "end" : 628,
    "inCoref" : false
  }, {
    "id" : "m7",
    "properties" : {
      "SIRE_MENTION_TYPE" : "NONE",
      "SIRE_ENTITY_SUBTYPE" : "NONE",
      "SIRE_MENTION_ROLE" : "Variable",
      "SIRE_MENTION_CLASS" : "SPC"
    },
    "type" : "Variable",
    "begin" : 629,
    "end" : 639,
    "inCoref" : true
  }, {
    "id" : "s3-m5",
    "properties" : {
      "SIRE_MENTION_ROLE" : "Variable",
      "SIRE_ENTITY_SUBTYPE" : "NONE",
      "SIRE_MENTION_TYPE" : "NONE",
      "SIRE_MENTION_CLASS" : "SPC"
    },
    "type" : "Variable",
    "begin" : 644,
    "end" : 649,
    "inCoref" : true
  }, {
    "id" : "s3-m6",
    "properties" : {
      "SIRE_MENTION_ROLE" : "Variable",
      "SIRE_ENTITY_SUBTYPE" : "NONE",
      "SIRE_MENTION_TYPE" : "NONE",
      "SIRE_MENTION_CLASS" : "SPC"
    },
    "type" : "Variable",
    "begin" : 653,
    "end" : 666,
    "inCoref" : true
  }, {
    "id" : "m8",
    "properties" : {
      "SIRE_MENTION_TYPE" : "NONE",
      "SIRE_ENTITY_SUBTYPE" : "NONE",
      "SIRE_MENTION_ROLE" : "relation",
      "SIRE_MENTION_CLASS" : "SPC"
    },
    "type" : "relation",
    "begin" : 690,
    "end" : 697,
    "inCoref" : false
  }, {
    "id" : "m9",
    "properties" : {
      "SIRE_MENTION_TYPE" : "NONE",
      "SIRE_ENTITY_SUBTYPE" : "NONE",
      "SIRE_MENTION_ROLE" : "evidence",
      "SIRE_MENTION_CLASS" : "SPC"
    },
    "type" : "evidence",
    "begin" : 707,
    "end" : 715,
    "inCoref" : false
  }, {
    "id" : "m10",
    "properties" : {
      "SIRE_MENTION_TYPE" : "NONE",
      "SIRE_ENTITY_SUBTYPE" : "NONE",
      "SIRE_MENTION_ROLE" : "Variable",
      "SIRE_MENTION_CLASS" : "SPC"
    },
    "type" : "Variable",
    "begin" : 730,
    "end" : 740,
    "inCoref" : true
  }, {
    "id" : "m11",
    "properties" : {
      "SIRE_MENTION_TYPE" : "NONE",
      "SIRE_ENTITY_SUBTYPE" : "NONE",
      "SIRE_MENTION_ROLE" : "relation",
      "SIRE_MENTION_CLASS" : "SPC"
    },
    "type" : "relation",
    "begin" : 758,
    "end" : 772,
    "inCoref" : false
  }, {
    "id" : "s4-m7",
    "properties" : {
      "SIRE_MENTION_ROLE" : "Variable",
      "SIRE_ENTITY_SUBTYPE" : "NONE",
      "SIRE_MENTION_TYPE" : "NONE",
      "SIRE_MENTION_CLASS" : "SPC"
    },
    "type" : "Variable",
    "begin" : 773,
    "end" : 778,
    "inCoref" : true
  }, {
    "id" : "s4-m8",
    "properties" : {
      "SIRE_MENTION_ROLE" : "Variable",
      "SIRE_ENTITY_SUBTYPE" : "NONE",
      "SIRE_MENTION_TYPE" : "NONE",
      "SIRE_MENTION_CLASS" : "SPC"
    },
    "type" : "Variable",
    "begin" : 788,
    "end" : 793,
    "inCoref" : true
  }, {
    "id" : "m12",
    "properties" : {
      "SIRE_MENTION_TYPE" : "NONE",
      "SIRE_ENTITY_SUBTYPE" : "NONE",
      "SIRE_MENTION_ROLE" : "relation",
      "SIRE_MENTION_CLASS" : "SPC"
    },
    "type" : "relation",
    "begin" : 800,
    "end" : 807,
    "inCoref" : false
  }, {
    "id" : "m13",
    "properties" : {
      "SIRE_MENTION_TYPE" : "NONE",
      "SIRE_ENTITY_SUBTYPE" : "NONE",
      "SIRE_MENTION_ROLE" : "relation",
      "SIRE_MENTION_CLASS" : "SPC"
    },
    "type" : "relation",
    "begin" : 808,
    "end" : 817,
    "inCoref" : false
  }, {
    "id" : "m16",
    "properties" : {
      "SIRE_MENTION_TYPE" : "NONE",
      "SIRE_ENTITY_LEVEL" : "NONE",
      "SIRE_ENTITY_SUBTYPE" : "NONE",
      "SIRE_MENTION_ROLE" : "Variable",
      "SIRE_ENTITY_CLASS" : "SPC",
      "SIRE_MENTION_CLASS" : "SPC"
    },
    "type" : "Variable",
    "begin" : 818,
    "end" : 840,
    "inCoref" : false
  }, {
    "id" : "s4-m9",
    "properties" : {
      "SIRE_MENTION_ROLE" : "Variable",
      "SIRE_ENTITY_SUBTYPE" : "NONE",
      "SIRE_MENTION_TYPE" : "NONE",
      "SIRE_MENTION_CLASS" : "SPC"
    },
    "type" : "Variable",
    "begin" : 849,
    "end" : 872,
    "inCoref" : false
  } ],
  "relations" : [ {
    "id" : "s1-r1",
    "properties" : { },
    "type" : "Causal",
    "args" : [ "s1-m4", "s1-m5" ]
  }, {
    "id" : "s1-r2",
    "properties" : { },
    "type" : "Causal",
    "args" : [ "s1-m7", "s1-m8" ]
  }, {
    "id" : "s2-r1",
    "properties" : { },
    "type" : "Causal",
    "args" : [ "s2-m3", "m5" ]
  }, {
    "id" : "s4-r1",
    "properties" : { },
    "type" : "Causal",
    "args" : [ "m10", "s4-m7" ]
  }, {
    "id" : "s4-r2",
    "properties" : { },
    "type" : "Causal",
    "args" : [ "s4-m8", "m16" ]
  }, {
    "id" : "s4-r3",
    "properties" : { },
    "type" : "Causal",
    "args" : [ "s4-m8", "s4-m9" ]
  } ],
  "corefs" : [ {
    "id" : "c2",
    "properties" : { },
    "mentions" : [ "m7", "m10" ]
  }, {
    "id" : "c3",
    "properties" : { },
    "mentions" : [ "s1-m4", "s1-m7", "s2-m3", "s3-m5", "s4-m8", "s4-m7" ]
  }, {
    "id" : "c4",
    "properties" : { },
    "mentions" : [ "s3-m6", "s1-m8", "s1-m5", "s0-m3", "s0-m2" ]
  } ],
  "typeResolved" : true,
  "userResolved" : false
}