{
  "id" : "83a5def0-511d-11ec-9622-3b1b04e41a52-5",
  "name" : "56. Lister, M. (2007). .docx",
  "createdDate" : 0,
  "version" : 3,
  "text" : "\nThis article seeks to explain why electoral participation varies over time and space. It develops a hypothesis that one factor is the nature of social citizenship rights, which relates to welfare state provision. The article argues that institutions shape and influence social norms and, in so doing, affect individual behaviour. Rights which are more universal in nature encourage norms of solidarity and participation in ways that more residual systems do not. Therefore, where welfare states are more universalist in nature, we should see higher levels of participation. I use inequality rates as a measure of welfare state outputs to investigate this and find a significant negative relationship between inequality and electoral turnout. This suggests that the nature of welfare state institutions has an effect upon individuals' political behaviour.\n\n",
  "docLength" : 0,
  "language" : "EN",
  "status" : "IN_PROGRESS",
  "modifiedDate" : 1638280880812,
  "documentSet" : [ ],
  "preannotation" : [ "PRE_LW", "PRE_SIRE" ],
  "sentences" : [ {
    "id" : "s0",
    "begin" : 1,
    "end" : 86,
    "text" : "This article seeks to explain why electoral participation varies over time and space.",
    "tokens" : [ {
      "id" : "s0-t0",
      "begin" : 1,
      "end" : 5,
      "text" : "This",
      "whiteSpace" : false
    }, {
      "id" : "s0-t1",
      "begin" : 6,
      "end" : 13,
      "text" : "article",
      "whiteSpace" : false
    }, {
      "id" : "s0-t2",
      "begin" : 14,
      "end" : 19,
      "text" : "seeks",
      "whiteSpace" : false
    }, {
      "id" : "s0-t3",
      "begin" : 20,
      "end" : 22,
      "text" : "to",
      "whiteSpace" : false
    }, {
      "id" : "s0-t4",
      "begin" : 23,
      "end" : 30,
      "text" : "explain",
      "whiteSpace" : false
    }, {
      "id" : "s0-t5",
      "begin" : 31,
      "end" : 34,
      "text" : "why",
      "whiteSpace" : false
    }, {
      "id" : "s0-t6",
      "begin" : 35,
      "end" : 44,
      "text" : "electoral",
      "whiteSpace" : false
    }, {
      "id" : "s0-t7",
      "begin" : 45,
      "end" : 58,
      "text" : "participation",
      "whiteSpace" : false
    }, {
      "id" : "s0-t8",
      "begin" : 59,
      "end" : 65,
      "text" : "varies",
      "whiteSpace" : false
    }, {
      "id" : "s0-t9",
      "begin" : 66,
      "end" : 70,
      "text" : "over",
      "whiteSpace" : false
    }, {
      "id" : "s0-t10",
      "begin" : 71,
      "end" : 75,
      "text" : "time",
      "whiteSpace" : false
    }, {
      "id" : "s0-t11",
      "begin" : 76,
      "end" : 79,
      "text" : "and",
      "whiteSpace" : false
    }, {
      "id" : "s0-t12",
      "begin" : 80,
      "end" : 85,
      "text" : "space",
      "whiteSpace" : false
    }, {
      "id" : "s0-t13",
      "begin" : 85,
      "end" : 86,
      "text" : ".",
      "whiteSpace" : false
    } ]
  }, {
    "id" : "s1",
    "begin" : 87,
    "end" : 213,
    "text" : "It develops a hypothesis that one factor is the nature of social citizenship rights, which relates to welfare state provision.",
    "tokens" : [ {
      "id" : "s1-t0",
      "begin" : 87,
      "end" : 89,
      "text" : "It",
      "whiteSpace" : false
    }, {
      "id" : "s1-t1",
      "begin" : 90,
      "end" : 98,
      "text" : "develops",
      "whiteSpace" : false
    }, {
      "id" : "s1-t2",
      "begin" : 99,
      "end" : 100,
      "text" : "a",
      "whiteSpace" : false
    }, {
      "id" : "s1-t3",
      "begin" : 101,
      "end" : 111,
      "text" : "hypothesis",
      "whiteSpace" : false
    }, {
      "id" : "s1-t4",
      "begin" : 112,
      "end" : 116,
      "text" : "that",
      "whiteSpace" : false
    }, {
      "id" : "s1-t5",
      "begin" : 117,
      "end" : 120,
      "text" : "one",
      "whiteSpace" : false
    }, {
      "id" : "s1-t6",
      "begin" : 121,
      "end" : 127,
      "text" : "factor",
      "whiteSpace" : false
    }, {
      "id" : "s1-t7",
      "begin" : 128,
      "end" : 130,
      "text" : "is",
      "whiteSpace" : false
    }, {
      "id" : "s1-t8",
      "begin" : 131,
      "end" : 134,
      "text" : "the",
      "whiteSpace" : false
    }, {
      "id" : "s1-t9",
      "begin" : 135,
      "end" : 141,
      "text" : "nature",
      "whiteSpace" : false
    }, {
      "id" : "s1-t10",
      "begin" : 142,
      "end" : 144,
      "text" : "of",
      "whiteSpace" : false
    }, {
      "id" : "s1-t11",
      "begin" : 145,
      "end" : 151,
      "text" : "social",
      "whiteSpace" : false
    }, {
      "id" : "s1-t12",
      "begin" : 152,
      "end" : 163,
      "text" : "citizenship",
      "whiteSpace" : false
    }, {
      "id" : "s1-t13",
      "begin" : 164,
      "end" : 170,
      "text" : "rights",
      "whiteSpace" : false
    }, {
      "id" : "s1-t14",
      "begin" : 170,
      "end" : 171,
      "text" : ",",
      "whiteSpace" : false
    }, {
      "id" : "s1-t15",
      "begin" : 172,
      "end" : 177,
      "text" : "which",
      "whiteSpace" : false
    }, {
      "id" : "s1-t16",
      "begin" : 178,
      "end" : 185,
      "text" : "relates",
      "whiteSpace" : false
    }, {
      "id" : "s1-t17",
      "begin" : 186,
      "end" : 188,
      "text" : "to",
      "whiteSpace" : false
    }, {
      "id" : "s1-t18",
      "begin" : 189,
      "end" : 196,
      "text" : "welfare",
      "whiteSpace" : false
    }, {
      "id" : "s1-t19",
      "begin" : 197,
      "end" : 202,
      "text" : "state",
      "whiteSpace" : false
    }, {
      "id" : "s1-t20",
      "begin" : 203,
      "end" : 212,
      "text" : "provision",
      "whiteSpace" : false
    }, {
      "id" : "s1-t21",
      "begin" : 212,
      "end" : 213,
      "text" : ".",
      "whiteSpace" : false
    } ]
  }, {
    "id" : "s2",
    "begin" : 214,
    "end" : 330,
    "text" : "The article argues that institutions shape and influence social norms and, in so doing, affect individual behaviour.",
    "tokens" : [ {
      "id" : "s2-t0",
      "begin" : 214,
      "end" : 217,
      "text" : "The",
      "whiteSpace" : false
    }, {
      "id" : "s2-t1",
      "begin" : 218,
      "end" : 225,
      "text" : "article",
      "whiteSpace" : false
    }, {
      "id" : "s2-t2",
      "begin" : 226,
      "end" : 232,
      "text" : "argues",
      "whiteSpace" : false
    }, {
      "id" : "s2-t3",
      "begin" : 233,
      "end" : 237,
      "text" : "that",
      "whiteSpace" : false
    }, {
      "id" : "s2-t4",
      "begin" : 238,
      "end" : 250,
      "text" : "institutions",
      "whiteSpace" : false
    }, {
      "id" : "s2-t5",
      "begin" : 251,
      "end" : 256,
      "text" : "shape",
      "whiteSpace" : false
    }, {
      "id" : "s2-t6",
      "begin" : 257,
      "end" : 260,
      "text" : "and",
      "whiteSpace" : false
    }, {
      "id" : "s2-t7",
      "begin" : 261,
      "end" : 270,
      "text" : "influence",
      "whiteSpace" : false
    }, {
      "id" : "s2-t8",
      "begin" : 271,
      "end" : 277,
      "text" : "social",
      "whiteSpace" : false
    }, {
      "id" : "s2-t9",
      "begin" : 278,
      "end" : 283,
      "text" : "norms",
      "whiteSpace" : false
    }, {
      "id" : "s2-t10",
      "begin" : 284,
      "end" : 287,
      "text" : "and",
      "whiteSpace" : false
    }, {
      "id" : "s2-t11",
      "begin" : 287,
      "end" : 288,
      "text" : ",",
      "whiteSpace" : false
    }, {
      "id" : "s2-t12",
      "begin" : 289,
      "end" : 291,
      "text" : "in",
      "whiteSpace" : false
    }, {
      "id" : "s2-t13",
      "begin" : 292,
      "end" : 294,
      "text" : "so",
      "whiteSpace" : false
    }, {
      "id" : "s2-t14",
      "begin" : 295,
      "end" : 300,
      "text" : "doing",
      "whiteSpace" : false
    }, {
      "id" : "s2-t15",
      "begin" : 300,
      "end" : 301,
      "text" : ",",
      "whiteSpace" : false
    }, {
      "id" : "s2-t16",
      "begin" : 302,
      "end" : 308,
      "text" : "affect",
      "whiteSpace" : false
    }, {
      "id" : "s2-t17",
      "begin" : 309,
      "end" : 319,
      "text" : "individual",
      "whiteSpace" : false
    }, {
      "id" : "s2-t18",
      "begin" : 320,
      "end" : 329,
      "text" : "behaviour",
      "whiteSpace" : false
    }, {
      "id" : "s2-t19",
      "begin" : 329,
      "end" : 330,
      "text" : ".",
      "whiteSpace" : false
    } ]
  }, {
    "id" : "s3",
    "begin" : 331,
    "end" : 463,
    "text" : "Rights which are more universal in nature encourage norms of solidarity and participation in ways that more residual systems do not.",
    "tokens" : [ {
      "id" : "s3-t0",
      "begin" : 331,
      "end" : 337,
      "text" : "Rights",
      "whiteSpace" : false
    }, {
      "id" : "s3-t1",
      "begin" : 338,
      "end" : 343,
      "text" : "which",
      "whiteSpace" : false
    }, {
      "id" : "s3-t2",
      "begin" : 344,
      "end" : 347,
      "text" : "are",
      "whiteSpace" : false
    }, {
      "id" : "s3-t3",
      "begin" : 348,
      "end" : 352,
      "text" : "more",
      "whiteSpace" : false
    }, {
      "id" : "s3-t4",
      "begin" : 353,
      "end" : 362,
      "text" : "universal",
      "whiteSpace" : false
    }, {
      "id" : "s3-t5",
      "begin" : 363,
      "end" : 365,
      "text" : "in",
      "whiteSpace" : false
    }, {
      "id" : "s3-t6",
      "begin" : 366,
      "end" : 372,
      "text" : "nature",
      "whiteSpace" : false
    }, {
      "id" : "s3-t7",
      "begin" : 373,
      "end" : 382,
      "text" : "encourage",
      "whiteSpace" : false
    }, {
      "id" : "s3-t8",
      "begin" : 383,
      "end" : 388,
      "text" : "norms",
      "whiteSpace" : false
    }, {
      "id" : "s3-t9",
      "begin" : 389,
      "end" : 391,
      "text" : "of",
      "whiteSpace" : false
    }, {
      "id" : "s3-t10",
      "begin" : 392,
      "end" : 402,
      "text" : "solidarity",
      "whiteSpace" : false
    }, {
      "id" : "s3-t11",
      "begin" : 403,
      "end" : 406,
      "text" : "and",
      "whiteSpace" : false
    }, {
      "id" : "s3-t12",
      "begin" : 407,
      "end" : 420,
      "text" : "participation",
      "whiteSpace" : false
    }, {
      "id" : "s3-t13",
      "begin" : 421,
      "end" : 423,
      "text" : "in",
      "whiteSpace" : false
    }, {
      "id" : "s3-t14",
      "begin" : 424,
      "end" : 428,
      "text" : "ways",
      "whiteSpace" : false
    }, {
      "id" : "s3-t15",
      "begin" : 429,
      "end" : 433,
      "text" : "that",
      "whiteSpace" : false
    }, {
      "id" : "s3-t16",
      "begin" : 434,
      "end" : 438,
      "text" : "more",
      "whiteSpace" : false
    }, {
      "id" : "s3-t17",
      "begin" : 439,
      "end" : 447,
      "text" : "residual",
      "whiteSpace" : false
    }, {
      "id" : "s3-t18",
      "begin" : 448,
      "end" : 455,
      "text" : "systems",
      "whiteSpace" : false
    }, {
      "id" : "s3-t19",
      "begin" : 456,
      "end" : 458,
      "text" : "do",
      "whiteSpace" : false
    }, {
      "id" : "s3-t20",
      "begin" : 459,
      "end" : 462,
      "text" : "not",
      "whiteSpace" : false
    }, {
      "id" : "s3-t21",
      "begin" : 462,
      "end" : 463,
      "text" : ".",
      "whiteSpace" : false
    } ]
  }, {
    "id" : "s4",
    "begin" : 464,
    "end" : 574,
    "text" : "Therefore, where welfare states are more universalist in nature, we should see higher levels of participation.",
    "tokens" : [ {
      "id" : "s4-t0",
      "begin" : 464,
      "end" : 473,
      "text" : "Therefore",
      "whiteSpace" : false
    }, {
      "id" : "s4-t1",
      "begin" : 473,
      "end" : 474,
      "text" : ",",
      "whiteSpace" : false
    }, {
      "id" : "s4-t2",
      "begin" : 475,
      "end" : 480,
      "text" : "where",
      "whiteSpace" : false
    }, {
      "id" : "s4-t3",
      "begin" : 481,
      "end" : 488,
      "text" : "welfare",
      "whiteSpace" : false
    }, {
      "id" : "s4-t4",
      "begin" : 489,
      "end" : 495,
      "text" : "states",
      "whiteSpace" : false
    }, {
      "id" : "s4-t5",
      "begin" : 496,
      "end" : 499,
      "text" : "are",
      "whiteSpace" : false
    }, {
      "id" : "s4-t6",
      "begin" : 500,
      "end" : 504,
      "text" : "more",
      "whiteSpace" : false
    }, {
      "id" : "s4-t7",
      "begin" : 505,
      "end" : 517,
      "text" : "universalist",
      "whiteSpace" : false
    }, {
      "id" : "s4-t8",
      "begin" : 518,
      "end" : 520,
      "text" : "in",
      "whiteSpace" : false
    }, {
      "id" : "s4-t9",
      "begin" : 521,
      "end" : 527,
      "text" : "nature",
      "whiteSpace" : false
    }, {
      "id" : "s4-t10",
      "begin" : 527,
      "end" : 528,
      "text" : ",",
      "whiteSpace" : false
    }, {
      "id" : "s4-t11",
      "begin" : 529,
      "end" : 531,
      "text" : "we",
      "whiteSpace" : false
    }, {
      "id" : "s4-t12",
      "begin" : 532,
      "end" : 538,
      "text" : "should",
      "whiteSpace" : false
    }, {
      "id" : "s4-t13",
      "begin" : 539,
      "end" : 542,
      "text" : "see",
      "whiteSpace" : false
    }, {
      "id" : "s4-t14",
      "begin" : 543,
      "end" : 549,
      "text" : "higher",
      "whiteSpace" : false
    }, {
      "id" : "s4-t15",
      "begin" : 550,
      "end" : 556,
      "text" : "levels",
      "whiteSpace" : false
    }, {
      "id" : "s4-t16",
      "begin" : 557,
      "end" : 559,
      "text" : "of",
      "whiteSpace" : false
    }, {
      "id" : "s4-t17",
      "begin" : 560,
      "end" : 573,
      "text" : "participation",
      "whiteSpace" : false
    }, {
      "id" : "s4-t18",
      "begin" : 573,
      "end" : 574,
      "text" : ".",
      "whiteSpace" : false
    } ]
  }, {
    "id" : "s5",
    "begin" : 575,
    "end" : 742,
    "text" : "I use inequality rates as a measure of welfare state outputs to investigate this and find a significant negative relationship between inequality and electoral turnout.",
    "tokens" : [ {
      "id" : "s5-t0",
      "begin" : 575,
      "end" : 576,
      "text" : "I",
      "whiteSpace" : false
    }, {
      "id" : "s5-t1",
      "begin" : 577,
      "end" : 580,
      "text" : "use",
      "whiteSpace" : false
    }, {
      "id" : "s5-t2",
      "begin" : 581,
      "end" : 591,
      "text" : "inequality",
      "whiteSpace" : false
    }, {
      "id" : "s5-t3",
      "begin" : 592,
      "end" : 597,
      "text" : "rates",
      "whiteSpace" : false
    }, {
      "id" : "s5-t4",
      "begin" : 598,
      "end" : 600,
      "text" : "as",
      "whiteSpace" : false
    }, {
      "id" : "s5-t5",
      "begin" : 601,
      "end" : 602,
      "text" : "a",
      "whiteSpace" : false
    }, {
      "id" : "s5-t6",
      "begin" : 603,
      "end" : 610,
      "text" : "measure",
      "whiteSpace" : false
    }, {
      "id" : "s5-t7",
      "begin" : 611,
      "end" : 613,
      "text" : "of",
      "whiteSpace" : false
    }, {
      "id" : "s5-t8",
      "begin" : 614,
      "end" : 621,
      "text" : "welfare",
      "whiteSpace" : false
    }, {
      "id" : "s5-t9",
      "begin" : 622,
      "end" : 627,
      "text" : "state",
      "whiteSpace" : false
    }, {
      "id" : "s5-t10",
      "begin" : 628,
      "end" : 635,
      "text" : "outputs",
      "whiteSpace" : false
    }, {
      "id" : "s5-t11",
      "begin" : 636,
      "end" : 638,
      "text" : "to",
      "whiteSpace" : false
    }, {
      "id" : "s5-t12",
      "begin" : 639,
      "end" : 650,
      "text" : "investigate",
      "whiteSpace" : false
    }, {
      "id" : "s5-t13",
      "begin" : 651,
      "end" : 655,
      "text" : "this",
      "whiteSpace" : false
    }, {
      "id" : "s5-t14",
      "begin" : 656,
      "end" : 659,
      "text" : "and",
      "whiteSpace" : false
    }, {
      "id" : "s5-t15",
      "begin" : 660,
      "end" : 664,
      "text" : "find",
      "whiteSpace" : false
    }, {
      "id" : "s5-t16",
      "begin" : 665,
      "end" : 666,
      "text" : "a",
      "whiteSpace" : false
    }, {
      "id" : "s5-t17",
      "begin" : 667,
      "end" : 678,
      "text" : "significant",
      "whiteSpace" : false
    }, {
      "id" : "s5-t18",
      "begin" : 679,
      "end" : 687,
      "text" : "negative",
      "whiteSpace" : false
    }, {
      "id" : "s5-t19",
      "begin" : 688,
      "end" : 700,
      "text" : "relationship",
      "whiteSpace" : false
    }, {
      "id" : "s5-t20",
      "begin" : 701,
      "end" : 708,
      "text" : "between",
      "whiteSpace" : false
    }, {
      "id" : "s5-t21",
      "begin" : 709,
      "end" : 719,
      "text" : "inequality",
      "whiteSpace" : false
    }, {
      "id" : "s5-t22",
      "begin" : 720,
      "end" : 723,
      "text" : "and",
      "whiteSpace" : false
    }, {
      "id" : "s5-t23",
      "begin" : 724,
      "end" : 733,
      "text" : "electoral",
      "whiteSpace" : false
    }, {
      "id" : "s5-t24",
      "begin" : 734,
      "end" : 741,
      "text" : "turnout",
      "whiteSpace" : false
    }, {
      "id" : "s5-t25",
      "begin" : 741,
      "end" : 742,
      "text" : ".",
      "whiteSpace" : false
    } ]
  }, {
    "id" : "s6",
    "begin" : 743,
    "end" : 855,
    "text" : "This suggests that the nature of welfare state institutions has an effect upon individuals' political behaviour.",
    "tokens" : [ {
      "id" : "s6-t0",
      "begin" : 743,
      "end" : 747,
      "text" : "This",
      "whiteSpace" : false
    }, {
      "id" : "s6-t1",
      "begin" : 748,
      "end" : 756,
      "text" : "suggests",
      "whiteSpace" : false
    }, {
      "id" : "s6-t2",
      "begin" : 757,
      "end" : 761,
      "text" : "that",
      "whiteSpace" : false
    }, {
      "id" : "s6-t3",
      "begin" : 762,
      "end" : 765,
      "text" : "the",
      "whiteSpace" : false
    }, {
      "id" : "s6-t4",
      "begin" : 766,
      "end" : 772,
      "text" : "nature",
      "whiteSpace" : false
    }, {
      "id" : "s6-t5",
      "begin" : 773,
      "end" : 775,
      "text" : "of",
      "whiteSpace" : false
    }, {
      "id" : "s6-t6",
      "begin" : 776,
      "end" : 783,
      "text" : "welfare",
      "whiteSpace" : false
    }, {
      "id" : "s6-t7",
      "begin" : 784,
      "end" : 789,
      "text" : "state",
      "whiteSpace" : false
    }, {
      "id" : "s6-t8",
      "begin" : 790,
      "end" : 802,
      "text" : "institutions",
      "whiteSpace" : false
    }, {
      "id" : "s6-t9",
      "begin" : 803,
      "end" : 806,
      "text" : "has",
      "whiteSpace" : false
    }, {
      "id" : "s6-t10",
      "begin" : 807,
      "end" : 809,
      "text" : "an",
      "whiteSpace" : false
    }, {
      "id" : "s6-t11",
      "begin" : 810,
      "end" : 816,
      "text" : "effect",
      "whiteSpace" : false
    }, {
      "id" : "s6-t12",
      "begin" : 817,
      "end" : 821,
      "text" : "upon",
      "whiteSpace" : false
    }, {
      "id" : "s6-t13",
      "begin" : 822,
      "end" : 833,
      "text" : "individuals",
      "whiteSpace" : false
    }, {
      "id" : "s6-t14",
      "begin" : 833,
      "end" : 834,
      "text" : "'",
      "whiteSpace" : false
    }, {
      "id" : "s6-t15",
      "begin" : 835,
      "end" : 844,
      "text" : "political",
      "whiteSpace" : false
    }, {
      "id" : "s6-t16",
      "begin" : 845,
      "end" : 854,
      "text" : "behaviour",
      "whiteSpace" : false
    }, {
      "id" : "s6-t17",
      "begin" : 854,
      "end" : 855,
      "text" : ".",
      "whiteSpace" : false
    } ]
  } ],
  "mentions" : [ {
    "id" : "s0-m1",
    "properties" : {
      "SIRE_MENTION_ROLE" : "evidence",
      "SIRE_ENTITY_SUBTYPE" : "NONE",
      "SIRE_MENTION_TYPE" : "NONE",
      "SIRE_MENTION_CLASS" : "SPC"
    },
    "type" : "evidence",
    "begin" : 23,
    "end" : 30,
    "inCoref" : false
  }, {
    "id" : "s0-m2",
    "properties" : {
      "SIRE_MENTION_ROLE" : "Variable",
      "SIRE_ENTITY_SUBTYPE" : "NONE",
      "SIRE_MENTION_TYPE" : "NONE",
      "SIRE_MENTION_CLASS" : "SPC"
    },
    "type" : "Variable",
    "begin" : 35,
    "end" : 58,
    "inCoref" : true
  }, {
    "id" : "s1-m5",
    "properties" : {
      "SIRE_MENTION_ROLE" : "evidence",
      "SIRE_ENTITY_SUBTYPE" : "NONE",
      "SIRE_MENTION_TYPE" : "NONE",
      "SIRE_MENTION_CLASS" : "SPC"
    },
    "type" : "evidence",
    "begin" : 101,
    "end" : 111,
    "inCoref" : false
  }, {
    "id" : "m8",
    "properties" : {
      "SIRE_MENTION_TYPE" : "NONE",
      "SIRE_ENTITY_LEVEL" : "NONE",
      "SIRE_ENTITY_SUBTYPE" : "NONE",
      "SIRE_MENTION_ROLE" : "Variable",
      "SIRE_ENTITY_CLASS" : "SPC",
      "SIRE_MENTION_CLASS" : "SPC"
    },
    "type" : "Variable",
    "begin" : 145,
    "end" : 170,
    "inCoref" : false
  }, {
    "id" : "s1-m3",
    "properties" : {
      "SIRE_MENTION_ROLE" : "relation",
      "SIRE_ENTITY_SUBTYPE" : "NONE",
      "SIRE_MENTION_TYPE" : "NONE",
      "SIRE_MENTION_CLASS" : "SPC"
    },
    "type" : "relation",
    "begin" : 178,
    "end" : 188,
    "inCoref" : false
  }, {
    "id" : "s1-m4",
    "properties" : {
      "SIRE_MENTION_ROLE" : "Variable",
      "SIRE_ENTITY_SUBTYPE" : "NONE",
      "SIRE_MENTION_TYPE" : "NONE",
      "SIRE_MENTION_CLASS" : "SPC"
    },
    "type" : "Variable",
    "begin" : 189,
    "end" : 202,
    "inCoref" : true
  }, {
    "id" : "m9",
    "properties" : {
      "SIRE_MENTION_TYPE" : "NONE",
      "SIRE_ENTITY_LEVEL" : "NONE",
      "SIRE_ENTITY_SUBTYPE" : "NONE",
      "SIRE_MENTION_ROLE" : "evidence",
      "SIRE_ENTITY_CLASS" : "SPC",
      "SIRE_MENTION_CLASS" : "SPC"
    },
    "type" : "evidence",
    "begin" : 226,
    "end" : 232,
    "inCoref" : false
  }, {
    "id" : "m10",
    "properties" : {
      "SIRE_MENTION_TYPE" : "NONE",
      "SIRE_ENTITY_LEVEL" : "NONE",
      "SIRE_ENTITY_SUBTYPE" : "NONE",
      "SIRE_MENTION_ROLE" : "Variable",
      "SIRE_ENTITY_CLASS" : "SPC",
      "SIRE_MENTION_CLASS" : "SPC"
    },
    "type" : "Variable",
    "begin" : 238,
    "end" : 250,
    "inCoref" : false
  }, {
    "id" : "s2-m4",
    "properties" : {
      "SIRE_MENTION_ROLE" : "relation",
      "SIRE_ENTITY_SUBTYPE" : "NONE",
      "SIRE_MENTION_TYPE" : "NONE",
      "SIRE_MENTION_CLASS" : "SPC"
    },
    "type" : "relation",
    "begin" : 261,
    "end" : 270,
    "inCoref" : false
  }, {
    "id" : "s2-m5",
    "properties" : {
      "SIRE_MENTION_ROLE" : "Variable",
      "SIRE_ENTITY_SUBTYPE" : "NONE",
      "SIRE_MENTION_TYPE" : "NONE",
      "SIRE_MENTION_CLASS" : "SPC"
    },
    "type" : "Variable",
    "begin" : 271,
    "end" : 283,
    "inCoref" : false
  }, {
    "id" : "m1",
    "properties" : {
      "SIRE_MENTION_TYPE" : "NONE",
      "SIRE_ENTITY_SUBTYPE" : "NONE",
      "SIRE_MENTION_ROLE" : "relation",
      "SIRE_MENTION_CLASS" : "SPC"
    },
    "type" : "relation",
    "begin" : 302,
    "end" : 308,
    "inCoref" : false
  }, {
    "id" : "s2-m6",
    "properties" : {
      "SIRE_MENTION_ROLE" : "Variable",
      "SIRE_ENTITY_SUBTYPE" : "NONE",
      "SIRE_MENTION_TYPE" : "NONE",
      "SIRE_MENTION_CLASS" : "SPC"
    },
    "type" : "Variable",
    "begin" : 309,
    "end" : 329,
    "inCoref" : false
  }, {
    "id" : "s3-m2",
    "properties" : {
      "SIRE_MENTION_ROLE" : "Variable",
      "SIRE_ENTITY_SUBTYPE" : "NONE",
      "SIRE_MENTION_TYPE" : "NONE",
      "SIRE_MENTION_CLASS" : "SPC"
    },
    "type" : "Variable",
    "begin" : 392,
    "end" : 402,
    "inCoref" : false
  }, {
    "id" : "s3-m1",
    "properties" : {
      "SIRE_MENTION_ROLE" : "Variable",
      "SIRE_ENTITY_SUBTYPE" : "NONE",
      "SIRE_MENTION_TYPE" : "NONE",
      "SIRE_MENTION_CLASS" : "SPC"
    },
    "type" : "Variable",
    "begin" : 407,
    "end" : 420,
    "inCoref" : true
  }, {
    "id" : "s3-m3",
    "properties" : {
      "SIRE_MENTION_ROLE" : "negation",
      "SIRE_ENTITY_SUBTYPE" : "NONE",
      "SIRE_MENTION_TYPE" : "NONE",
      "SIRE_MENTION_CLASS" : "SPC"
    },
    "type" : "negation",
    "begin" : 459,
    "end" : 462,
    "inCoref" : false
  }, {
    "id" : "s4-m2",
    "properties" : {
      "SIRE_MENTION_ROLE" : "Variable",
      "SIRE_ENTITY_SUBTYPE" : "NONE",
      "SIRE_MENTION_TYPE" : "NONE",
      "SIRE_MENTION_CLASS" : "SPC"
    },
    "type" : "Variable",
    "begin" : 481,
    "end" : 495,
    "inCoref" : true
  }, {
    "id" : "m2",
    "properties" : {
      "SIRE_MENTION_TYPE" : "NONE",
      "SIRE_ENTITY_SUBTYPE" : "NONE",
      "SIRE_MENTION_ROLE" : "relation",
      "SIRE_MENTION_CLASS" : "SPC"
    },
    "type" : "relation",
    "begin" : 543,
    "end" : 549,
    "inCoref" : false
  }, {
    "id" : "s4-m3",
    "properties" : {
      "SIRE_MENTION_ROLE" : "Variable",
      "SIRE_ENTITY_SUBTYPE" : "NONE",
      "SIRE_MENTION_TYPE" : "NONE",
      "SIRE_MENTION_CLASS" : "SPC"
    },
    "type" : "Variable",
    "begin" : 560,
    "end" : 573,
    "inCoref" : true
  }, {
    "id" : "m3",
    "properties" : {
      "SIRE_MENTION_TYPE" : "NONE",
      "SIRE_ENTITY_SUBTYPE" : "NONE",
      "SIRE_MENTION_ROLE" : "Variable",
      "SIRE_MENTION_CLASS" : "SPC"
    },
    "type" : "Variable",
    "begin" : 581,
    "end" : 591,
    "inCoref" : true
  }, {
    "id" : "s5-m5",
    "properties" : {
      "SIRE_MENTION_ROLE" : "Variable",
      "SIRE_ENTITY_SUBTYPE" : "NONE",
      "SIRE_MENTION_TYPE" : "NONE",
      "SIRE_MENTION_CLASS" : "SPC"
    },
    "type" : "Variable",
    "begin" : 614,
    "end" : 627,
    "inCoref" : true
  }, {
    "id" : "m4",
    "properties" : {
      "SIRE_MENTION_TYPE" : "NONE",
      "SIRE_ENTITY_SUBTYPE" : "NONE",
      "SIRE_MENTION_ROLE" : "evidence",
      "SIRE_MENTION_CLASS" : "SPC"
    },
    "type" : "evidence",
    "begin" : 660,
    "end" : 664,
    "inCoref" : false
  }, {
    "id" : "m11",
    "properties" : {
      "SIRE_MENTION_TYPE" : "NONE",
      "SIRE_ENTITY_LEVEL" : "NONE",
      "SIRE_ENTITY_SUBTYPE" : "NONE",
      "SIRE_MENTION_ROLE" : "relation",
      "SIRE_ENTITY_CLASS" : "SPC",
      "SIRE_MENTION_CLASS" : "SPC"
    },
    "type" : "relation",
    "begin" : 688,
    "end" : 708,
    "inCoref" : false
  }, {
    "id" : "m5",
    "properties" : {
      "SIRE_MENTION_TYPE" : "NONE",
      "SIRE_ENTITY_SUBTYPE" : "NONE",
      "SIRE_MENTION_ROLE" : "Variable",
      "SIRE_MENTION_CLASS" : "SPC"
    },
    "type" : "Variable",
    "begin" : 709,
    "end" : 719,
    "inCoref" : true
  }, {
    "id" : "s5-m6",
    "properties" : {
      "SIRE_MENTION_ROLE" : "Variable",
      "SIRE_ENTITY_SUBTYPE" : "NONE",
      "SIRE_MENTION_TYPE" : "NONE",
      "SIRE_MENTION_CLASS" : "SPC"
    },
    "type" : "Variable",
    "begin" : 724,
    "end" : 741,
    "inCoref" : true
  }, {
    "id" : "m6",
    "properties" : {
      "SIRE_MENTION_TYPE" : "NONE",
      "SIRE_ENTITY_SUBTYPE" : "NONE",
      "SIRE_MENTION_ROLE" : "evidence",
      "SIRE_MENTION_CLASS" : "SPC"
    },
    "type" : "evidence",
    "begin" : 748,
    "end" : 756,
    "inCoref" : false
  }, {
    "id" : "s6-m3",
    "properties" : {
      "SIRE_MENTION_ROLE" : "Variable",
      "SIRE_ENTITY_SUBTYPE" : "NONE",
      "SIRE_MENTION_TYPE" : "NONE",
      "SIRE_MENTION_CLASS" : "SPC"
    },
    "type" : "Variable",
    "begin" : 776,
    "end" : 789,
    "inCoref" : true
  }, {
    "id" : "m7",
    "properties" : {
      "SIRE_MENTION_TYPE" : "NONE",
      "SIRE_ENTITY_SUBTYPE" : "NONE",
      "SIRE_MENTION_ROLE" : "relation",
      "SIRE_MENTION_CLASS" : "SPC"
    },
    "type" : "relation",
    "begin" : 810,
    "end" : 816,
    "inCoref" : false
  }, {
    "id" : "s6-m4",
    "properties" : {
      "SIRE_MENTION_ROLE" : "Variable",
      "SIRE_ENTITY_SUBTYPE" : "NONE",
      "SIRE_MENTION_TYPE" : "NONE",
      "SIRE_MENTION_CLASS" : "SPC"
    },
    "type" : "Variable",
    "begin" : 835,
    "end" : 854,
    "inCoref" : false
  } ],
  "relations" : [ {
    "id" : "s2-r1",
    "properties" : { },
    "type" : "Causal",
    "args" : [ "m10", "s2-m5" ]
  }, {
    "id" : "s2-r2",
    "properties" : { },
    "type" : "Causal",
    "args" : [ "m10", "s2-m6" ]
  }, {
    "id" : "s5-r1",
    "properties" : { },
    "type" : "RelateCorrelation",
    "args" : [ "m5", "s5-m6" ]
  }, {
    "id" : "s6-r1",
    "properties" : { },
    "type" : "Causal",
    "args" : [ "s6-m3", "s6-m4" ]
  } ],
  "corefs" : [ {
    "id" : "c1",
    "properties" : { },
    "mentions" : [ "m3", "m5" ]
  }, {
    "id" : "c2",
    "properties" : { },
    "mentions" : [ "s0-m2", "s3-m1", "s4-m3", "s5-m6" ]
  }, {
    "id" : "c3",
    "properties" : { },
    "mentions" : [ "s6-m3", "s5-m5", "s4-m2", "s1-m4" ]
  } ],
  "typeResolved" : true,
  "userResolved" : false
}