{
  "id" : "83a5def0-511d-11ec-9622-3b1b04e41a52-8",
  "name" : "78. Sander , S., & Lancee, B. (2011). .docx",
  "createdDate" : 0,
  "version" : 3,
  "text" : "Many studies on the consequences of income inequality find that where inequality is high, trust is low. There are, however, reasons to examine the relation between inequality and trust more closely. First, previous research does not differentiate between the effect of income inequality and that of national wealth. Furthermore, the underlying mechanism is often unclear. Finally, the association might be dependent on non-Western countries where income inequality is extremely high. In this paper, we evaluate whether there is a relation between income inequality and trust in a sample of Western developed economies when taking into account national wealth. Theoretically, we distinguish between stratification effects and perception effects of inequality. Empirically, besides actual income inequality and national wealth, we include a measurement of perceived inequality on the basis of individual level earnings estimations for stereotypical jobs. We find no significant effect of inequality on trust when taking into account national wealth, suggesting that in Western countries the amount of resources rather than its distribution explains trust. \n\n",
  "docLength" : 0,
  "language" : "EN",
  "status" : "IN_PROGRESS",
  "modifiedDate" : 1639147717956,
  "documentSet" : [ ],
  "preannotation" : [ "PRE_LW", "PRE_SIRE" ],
  "sentences" : [ {
    "id" : "s0",
    "begin" : 0,
    "end" : 103,
    "text" : "Many studies on the consequences of income inequality find that where inequality is high, trust is low.",
    "tokens" : [ {
      "id" : "s0-t0",
      "begin" : 0,
      "end" : 4,
      "text" : "Many",
      "whiteSpace" : false
    }, {
      "id" : "s0-t1",
      "begin" : 5,
      "end" : 12,
      "text" : "studies",
      "whiteSpace" : false
    }, {
      "id" : "s0-t2",
      "begin" : 13,
      "end" : 15,
      "text" : "on",
      "whiteSpace" : false
    }, {
      "id" : "s0-t3",
      "begin" : 16,
      "end" : 19,
      "text" : "the",
      "whiteSpace" : false
    }, {
      "id" : "s0-t4",
      "begin" : 20,
      "end" : 32,
      "text" : "consequences",
      "whiteSpace" : false
    }, {
      "id" : "s0-t5",
      "begin" : 33,
      "end" : 35,
      "text" : "of",
      "whiteSpace" : false
    }, {
      "id" : "s0-t6",
      "begin" : 36,
      "end" : 42,
      "text" : "income",
      "whiteSpace" : false
    }, {
      "id" : "s0-t7",
      "begin" : 43,
      "end" : 53,
      "text" : "inequality",
      "whiteSpace" : false
    }, {
      "id" : "s0-t8",
      "begin" : 54,
      "end" : 58,
      "text" : "find",
      "whiteSpace" : false
    }, {
      "id" : "s0-t9",
      "begin" : 59,
      "end" : 63,
      "text" : "that",
      "whiteSpace" : false
    }, {
      "id" : "s0-t10",
      "begin" : 64,
      "end" : 69,
      "text" : "where",
      "whiteSpace" : false
    }, {
      "id" : "s0-t11",
      "begin" : 70,
      "end" : 80,
      "text" : "inequality",
      "whiteSpace" : false
    }, {
      "id" : "s0-t12",
      "begin" : 81,
      "end" : 83,
      "text" : "is",
      "whiteSpace" : false
    }, {
      "id" : "s0-t13",
      "begin" : 84,
      "end" : 88,
      "text" : "high",
      "whiteSpace" : false
    }, {
      "id" : "s0-t14",
      "begin" : 88,
      "end" : 89,
      "text" : ",",
      "whiteSpace" : false
    }, {
      "id" : "s0-t15",
      "begin" : 90,
      "end" : 95,
      "text" : "trust",
      "whiteSpace" : false
    }, {
      "id" : "s0-t16",
      "begin" : 96,
      "end" : 98,
      "text" : "is",
      "whiteSpace" : false
    }, {
      "id" : "s0-t17",
      "begin" : 99,
      "end" : 102,
      "text" : "low",
      "whiteSpace" : false
    }, {
      "id" : "s0-t18",
      "begin" : 102,
      "end" : 103,
      "text" : ".",
      "whiteSpace" : false
    } ]
  }, {
    "id" : "s1",
    "begin" : 104,
    "end" : 198,
    "text" : "There are, however, reasons to examine the relation between inequality and trust more closely.",
    "tokens" : [ {
      "id" : "s1-t0",
      "begin" : 104,
      "end" : 109,
      "text" : "There",
      "whiteSpace" : false
    }, {
      "id" : "s1-t1",
      "begin" : 110,
      "end" : 113,
      "text" : "are",
      "whiteSpace" : false
    }, {
      "id" : "s1-t2",
      "begin" : 113,
      "end" : 114,
      "text" : ",",
      "whiteSpace" : false
    }, {
      "id" : "s1-t3",
      "begin" : 115,
      "end" : 122,
      "text" : "however",
      "whiteSpace" : false
    }, {
      "id" : "s1-t4",
      "begin" : 122,
      "end" : 123,
      "text" : ",",
      "whiteSpace" : false
    }, {
      "id" : "s1-t5",
      "begin" : 124,
      "end" : 131,
      "text" : "reasons",
      "whiteSpace" : false
    }, {
      "id" : "s1-t6",
      "begin" : 132,
      "end" : 134,
      "text" : "to",
      "whiteSpace" : false
    }, {
      "id" : "s1-t7",
      "begin" : 135,
      "end" : 142,
      "text" : "examine",
      "whiteSpace" : false
    }, {
      "id" : "s1-t8",
      "begin" : 143,
      "end" : 146,
      "text" : "the",
      "whiteSpace" : false
    }, {
      "id" : "s1-t9",
      "begin" : 147,
      "end" : 155,
      "text" : "relation",
      "whiteSpace" : false
    }, {
      "id" : "s1-t10",
      "begin" : 156,
      "end" : 163,
      "text" : "between",
      "whiteSpace" : false
    }, {
      "id" : "s1-t11",
      "begin" : 164,
      "end" : 174,
      "text" : "inequality",
      "whiteSpace" : false
    }, {
      "id" : "s1-t12",
      "begin" : 175,
      "end" : 178,
      "text" : "and",
      "whiteSpace" : false
    }, {
      "id" : "s1-t13",
      "begin" : 179,
      "end" : 184,
      "text" : "trust",
      "whiteSpace" : false
    }, {
      "id" : "s1-t14",
      "begin" : 185,
      "end" : 189,
      "text" : "more",
      "whiteSpace" : false
    }, {
      "id" : "s1-t15",
      "begin" : 190,
      "end" : 197,
      "text" : "closely",
      "whiteSpace" : false
    }, {
      "id" : "s1-t16",
      "begin" : 197,
      "end" : 198,
      "text" : ".",
      "whiteSpace" : false
    } ]
  }, {
    "id" : "s2",
    "begin" : 199,
    "end" : 315,
    "text" : "First, previous research does not differentiate between the effect of income inequality and that of national wealth.",
    "tokens" : [ {
      "id" : "s2-t0",
      "begin" : 199,
      "end" : 204,
      "text" : "First",
      "whiteSpace" : false
    }, {
      "id" : "s2-t1",
      "begin" : 204,
      "end" : 205,
      "text" : ",",
      "whiteSpace" : false
    }, {
      "id" : "s2-t2",
      "begin" : 206,
      "end" : 214,
      "text" : "previous",
      "whiteSpace" : false
    }, {
      "id" : "s2-t3",
      "begin" : 215,
      "end" : 223,
      "text" : "research",
      "whiteSpace" : false
    }, {
      "id" : "s2-t4",
      "begin" : 224,
      "end" : 228,
      "text" : "does",
      "whiteSpace" : false
    }, {
      "id" : "s2-t5",
      "begin" : 229,
      "end" : 232,
      "text" : "not",
      "whiteSpace" : false
    }, {
      "id" : "s2-t6",
      "begin" : 233,
      "end" : 246,
      "text" : "differentiate",
      "whiteSpace" : false
    }, {
      "id" : "s2-t7",
      "begin" : 247,
      "end" : 254,
      "text" : "between",
      "whiteSpace" : false
    }, {
      "id" : "s2-t8",
      "begin" : 255,
      "end" : 258,
      "text" : "the",
      "whiteSpace" : false
    }, {
      "id" : "s2-t9",
      "begin" : 259,
      "end" : 265,
      "text" : "effect",
      "whiteSpace" : false
    }, {
      "id" : "s2-t10",
      "begin" : 266,
      "end" : 268,
      "text" : "of",
      "whiteSpace" : false
    }, {
      "id" : "s2-t11",
      "begin" : 269,
      "end" : 275,
      "text" : "income",
      "whiteSpace" : false
    }, {
      "id" : "s2-t12",
      "begin" : 276,
      "end" : 286,
      "text" : "inequality",
      "whiteSpace" : false
    }, {
      "id" : "s2-t13",
      "begin" : 287,
      "end" : 290,
      "text" : "and",
      "whiteSpace" : false
    }, {
      "id" : "s2-t14",
      "begin" : 291,
      "end" : 295,
      "text" : "that",
      "whiteSpace" : false
    }, {
      "id" : "s2-t15",
      "begin" : 296,
      "end" : 298,
      "text" : "of",
      "whiteSpace" : false
    }, {
      "id" : "s2-t16",
      "begin" : 299,
      "end" : 307,
      "text" : "national",
      "whiteSpace" : false
    }, {
      "id" : "s2-t17",
      "begin" : 308,
      "end" : 314,
      "text" : "wealth",
      "whiteSpace" : false
    }, {
      "id" : "s2-t18",
      "begin" : 314,
      "end" : 315,
      "text" : ".",
      "whiteSpace" : false
    } ]
  }, {
    "id" : "s3",
    "begin" : 316,
    "end" : 371,
    "text" : "Furthermore, the underlying mechanism is often unclear.",
    "tokens" : [ {
      "id" : "s3-t0",
      "begin" : 316,
      "end" : 327,
      "text" : "Furthermore",
      "whiteSpace" : false
    }, {
      "id" : "s3-t1",
      "begin" : 327,
      "end" : 328,
      "text" : ",",
      "whiteSpace" : false
    }, {
      "id" : "s3-t2",
      "begin" : 329,
      "end" : 332,
      "text" : "the",
      "whiteSpace" : false
    }, {
      "id" : "s3-t3",
      "begin" : 333,
      "end" : 343,
      "text" : "underlying",
      "whiteSpace" : false
    }, {
      "id" : "s3-t4",
      "begin" : 344,
      "end" : 353,
      "text" : "mechanism",
      "whiteSpace" : false
    }, {
      "id" : "s3-t5",
      "begin" : 354,
      "end" : 356,
      "text" : "is",
      "whiteSpace" : false
    }, {
      "id" : "s3-t6",
      "begin" : 357,
      "end" : 362,
      "text" : "often",
      "whiteSpace" : false
    }, {
      "id" : "s3-t7",
      "begin" : 363,
      "end" : 370,
      "text" : "unclear",
      "whiteSpace" : false
    }, {
      "id" : "s3-t8",
      "begin" : 370,
      "end" : 371,
      "text" : ".",
      "whiteSpace" : false
    } ]
  }, {
    "id" : "s4",
    "begin" : 372,
    "end" : 483,
    "text" : "Finally, the association might be dependent on non-Western countries where income inequality is extremely high.",
    "tokens" : [ {
      "id" : "s4-t0",
      "begin" : 372,
      "end" : 379,
      "text" : "Finally",
      "whiteSpace" : false
    }, {
      "id" : "s4-t1",
      "begin" : 379,
      "end" : 380,
      "text" : ",",
      "whiteSpace" : false
    }, {
      "id" : "s4-t2",
      "begin" : 381,
      "end" : 384,
      "text" : "the",
      "whiteSpace" : false
    }, {
      "id" : "s4-t3",
      "begin" : 385,
      "end" : 396,
      "text" : "association",
      "whiteSpace" : false
    }, {
      "id" : "s4-t4",
      "begin" : 397,
      "end" : 402,
      "text" : "might",
      "whiteSpace" : false
    }, {
      "id" : "s4-t5",
      "begin" : 403,
      "end" : 405,
      "text" : "be",
      "whiteSpace" : false
    }, {
      "id" : "s4-t6",
      "begin" : 406,
      "end" : 415,
      "text" : "dependent",
      "whiteSpace" : false
    }, {
      "id" : "s4-t7",
      "begin" : 416,
      "end" : 418,
      "text" : "on",
      "whiteSpace" : false
    }, {
      "id" : "s4-t8",
      "begin" : 419,
      "end" : 430,
      "text" : "non-Western",
      "whiteSpace" : false
    }, {
      "id" : "s4-t9",
      "begin" : 431,
      "end" : 440,
      "text" : "countries",
      "whiteSpace" : false
    }, {
      "id" : "s4-t10",
      "begin" : 441,
      "end" : 446,
      "text" : "where",
      "whiteSpace" : false
    }, {
      "id" : "s4-t11",
      "begin" : 447,
      "end" : 453,
      "text" : "income",
      "whiteSpace" : false
    }, {
      "id" : "s4-t12",
      "begin" : 454,
      "end" : 464,
      "text" : "inequality",
      "whiteSpace" : false
    }, {
      "id" : "s4-t13",
      "begin" : 465,
      "end" : 467,
      "text" : "is",
      "whiteSpace" : false
    }, {
      "id" : "s4-t14",
      "begin" : 468,
      "end" : 477,
      "text" : "extremely",
      "whiteSpace" : false
    }, {
      "id" : "s4-t15",
      "begin" : 478,
      "end" : 482,
      "text" : "high",
      "whiteSpace" : false
    }, {
      "id" : "s4-t16",
      "begin" : 482,
      "end" : 483,
      "text" : ".",
      "whiteSpace" : false
    } ]
  }, {
    "id" : "s5",
    "begin" : 484,
    "end" : 659,
    "text" : "In this paper, we evaluate whether there is a relation between income inequality and trust in a sample of Western developed economies when taking into account national wealth.",
    "tokens" : [ {
      "id" : "s5-t0",
      "begin" : 484,
      "end" : 486,
      "text" : "In",
      "whiteSpace" : false
    }, {
      "id" : "s5-t1",
      "begin" : 487,
      "end" : 491,
      "text" : "this",
      "whiteSpace" : false
    }, {
      "id" : "s5-t2",
      "begin" : 492,
      "end" : 497,
      "text" : "paper",
      "whiteSpace" : false
    }, {
      "id" : "s5-t3",
      "begin" : 497,
      "end" : 498,
      "text" : ",",
      "whiteSpace" : false
    }, {
      "id" : "s5-t4",
      "begin" : 499,
      "end" : 501,
      "text" : "we",
      "whiteSpace" : false
    }, {
      "id" : "s5-t5",
      "begin" : 502,
      "end" : 510,
      "text" : "evaluate",
      "whiteSpace" : false
    }, {
      "id" : "s5-t6",
      "begin" : 511,
      "end" : 518,
      "text" : "whether",
      "whiteSpace" : false
    }, {
      "id" : "s5-t7",
      "begin" : 519,
      "end" : 524,
      "text" : "there",
      "whiteSpace" : false
    }, {
      "id" : "s5-t8",
      "begin" : 525,
      "end" : 527,
      "text" : "is",
      "whiteSpace" : false
    }, {
      "id" : "s5-t9",
      "begin" : 528,
      "end" : 529,
      "text" : "a",
      "whiteSpace" : false
    }, {
      "id" : "s5-t10",
      "begin" : 530,
      "end" : 538,
      "text" : "relation",
      "whiteSpace" : false
    }, {
      "id" : "s5-t11",
      "begin" : 539,
      "end" : 546,
      "text" : "between",
      "whiteSpace" : false
    }, {
      "id" : "s5-t12",
      "begin" : 547,
      "end" : 553,
      "text" : "income",
      "whiteSpace" : false
    }, {
      "id" : "s5-t13",
      "begin" : 554,
      "end" : 564,
      "text" : "inequality",
      "whiteSpace" : false
    }, {
      "id" : "s5-t14",
      "begin" : 565,
      "end" : 568,
      "text" : "and",
      "whiteSpace" : false
    }, {
      "id" : "s5-t15",
      "begin" : 569,
      "end" : 574,
      "text" : "trust",
      "whiteSpace" : false
    }, {
      "id" : "s5-t16",
      "begin" : 575,
      "end" : 577,
      "text" : "in",
      "whiteSpace" : false
    }, {
      "id" : "s5-t17",
      "begin" : 578,
      "end" : 579,
      "text" : "a",
      "whiteSpace" : false
    }, {
      "id" : "s5-t18",
      "begin" : 580,
      "end" : 586,
      "text" : "sample",
      "whiteSpace" : false
    }, {
      "id" : "s5-t19",
      "begin" : 587,
      "end" : 589,
      "text" : "of",
      "whiteSpace" : false
    }, {
      "id" : "s5-t20",
      "begin" : 590,
      "end" : 597,
      "text" : "Western",
      "whiteSpace" : false
    }, {
      "id" : "s5-t21",
      "begin" : 598,
      "end" : 607,
      "text" : "developed",
      "whiteSpace" : false
    }, {
      "id" : "s5-t22",
      "begin" : 608,
      "end" : 617,
      "text" : "economies",
      "whiteSpace" : false
    }, {
      "id" : "s5-t23",
      "begin" : 618,
      "end" : 622,
      "text" : "when",
      "whiteSpace" : false
    }, {
      "id" : "s5-t24",
      "begin" : 623,
      "end" : 629,
      "text" : "taking",
      "whiteSpace" : false
    }, {
      "id" : "s5-t25",
      "begin" : 630,
      "end" : 634,
      "text" : "into",
      "whiteSpace" : false
    }, {
      "id" : "s5-t26",
      "begin" : 635,
      "end" : 642,
      "text" : "account",
      "whiteSpace" : false
    }, {
      "id" : "s5-t27",
      "begin" : 643,
      "end" : 651,
      "text" : "national",
      "whiteSpace" : false
    }, {
      "id" : "s5-t28",
      "begin" : 652,
      "end" : 658,
      "text" : "wealth",
      "whiteSpace" : false
    }, {
      "id" : "s5-t29",
      "begin" : 658,
      "end" : 659,
      "text" : ".",
      "whiteSpace" : false
    } ]
  }, {
    "id" : "s6",
    "begin" : 660,
    "end" : 758,
    "text" : "Theoretically, we distinguish between stratification effects and perception effects of inequality.",
    "tokens" : [ {
      "id" : "s6-t0",
      "begin" : 660,
      "end" : 673,
      "text" : "Theoretically",
      "whiteSpace" : false
    }, {
      "id" : "s6-t1",
      "begin" : 673,
      "end" : 674,
      "text" : ",",
      "whiteSpace" : false
    }, {
      "id" : "s6-t2",
      "begin" : 675,
      "end" : 677,
      "text" : "we",
      "whiteSpace" : false
    }, {
      "id" : "s6-t3",
      "begin" : 678,
      "end" : 689,
      "text" : "distinguish",
      "whiteSpace" : false
    }, {
      "id" : "s6-t4",
      "begin" : 690,
      "end" : 697,
      "text" : "between",
      "whiteSpace" : false
    }, {
      "id" : "s6-t5",
      "begin" : 698,
      "end" : 712,
      "text" : "stratification",
      "whiteSpace" : false
    }, {
      "id" : "s6-t6",
      "begin" : 713,
      "end" : 720,
      "text" : "effects",
      "whiteSpace" : false
    }, {
      "id" : "s6-t7",
      "begin" : 721,
      "end" : 724,
      "text" : "and",
      "whiteSpace" : false
    }, {
      "id" : "s6-t8",
      "begin" : 725,
      "end" : 735,
      "text" : "perception",
      "whiteSpace" : false
    }, {
      "id" : "s6-t9",
      "begin" : 736,
      "end" : 743,
      "text" : "effects",
      "whiteSpace" : false
    }, {
      "id" : "s6-t10",
      "begin" : 744,
      "end" : 746,
      "text" : "of",
      "whiteSpace" : false
    }, {
      "id" : "s6-t11",
      "begin" : 747,
      "end" : 757,
      "text" : "inequality",
      "whiteSpace" : false
    }, {
      "id" : "s6-t12",
      "begin" : 757,
      "end" : 758,
      "text" : ".",
      "whiteSpace" : false
    } ]
  }, {
    "id" : "s7",
    "begin" : 759,
    "end" : 952,
    "text" : "Empirically, besides actual income inequality and national wealth, we include a measurement of perceived inequality on the basis of individual level earnings estimations for stereotypical jobs.",
    "tokens" : [ {
      "id" : "s7-t0",
      "begin" : 759,
      "end" : 770,
      "text" : "Empirically",
      "whiteSpace" : false
    }, {
      "id" : "s7-t1",
      "begin" : 770,
      "end" : 771,
      "text" : ",",
      "whiteSpace" : false
    }, {
      "id" : "s7-t2",
      "begin" : 772,
      "end" : 779,
      "text" : "besides",
      "whiteSpace" : false
    }, {
      "id" : "s7-t3",
      "begin" : 780,
      "end" : 786,
      "text" : "actual",
      "whiteSpace" : false
    }, {
      "id" : "s7-t4",
      "begin" : 787,
      "end" : 793,
      "text" : "income",
      "whiteSpace" : false
    }, {
      "id" : "s7-t5",
      "begin" : 794,
      "end" : 804,
      "text" : "inequality",
      "whiteSpace" : false
    }, {
      "id" : "s7-t6",
      "begin" : 805,
      "end" : 808,
      "text" : "and",
      "whiteSpace" : false
    }, {
      "id" : "s7-t7",
      "begin" : 809,
      "end" : 817,
      "text" : "national",
      "whiteSpace" : false
    }, {
      "id" : "s7-t8",
      "begin" : 818,
      "end" : 824,
      "text" : "wealth",
      "whiteSpace" : false
    }, {
      "id" : "s7-t9",
      "begin" : 824,
      "end" : 825,
      "text" : ",",
      "whiteSpace" : false
    }, {
      "id" : "s7-t10",
      "begin" : 826,
      "end" : 828,
      "text" : "we",
      "whiteSpace" : false
    }, {
      "id" : "s7-t11",
      "begin" : 829,
      "end" : 836,
      "text" : "include",
      "whiteSpace" : false
    }, {
      "id" : "s7-t12",
      "begin" : 837,
      "end" : 838,
      "text" : "a",
      "whiteSpace" : false
    }, {
      "id" : "s7-t13",
      "begin" : 839,
      "end" : 850,
      "text" : "measurement",
      "whiteSpace" : false
    }, {
      "id" : "s7-t14",
      "begin" : 851,
      "end" : 853,
      "text" : "of",
      "whiteSpace" : false
    }, {
      "id" : "s7-t15",
      "begin" : 854,
      "end" : 863,
      "text" : "perceived",
      "whiteSpace" : false
    }, {
      "id" : "s7-t16",
      "begin" : 864,
      "end" : 874,
      "text" : "inequality",
      "whiteSpace" : false
    }, {
      "id" : "s7-t17",
      "begin" : 875,
      "end" : 877,
      "text" : "on",
      "whiteSpace" : false
    }, {
      "id" : "s7-t18",
      "begin" : 878,
      "end" : 881,
      "text" : "the",
      "whiteSpace" : false
    }, {
      "id" : "s7-t19",
      "begin" : 882,
      "end" : 887,
      "text" : "basis",
      "whiteSpace" : false
    }, {
      "id" : "s7-t20",
      "begin" : 888,
      "end" : 890,
      "text" : "of",
      "whiteSpace" : false
    }, {
      "id" : "s7-t21",
      "begin" : 891,
      "end" : 901,
      "text" : "individual",
      "whiteSpace" : false
    }, {
      "id" : "s7-t22",
      "begin" : 902,
      "end" : 907,
      "text" : "level",
      "whiteSpace" : false
    }, {
      "id" : "s7-t23",
      "begin" : 908,
      "end" : 916,
      "text" : "earnings",
      "whiteSpace" : false
    }, {
      "id" : "s7-t24",
      "begin" : 917,
      "end" : 928,
      "text" : "estimations",
      "whiteSpace" : false
    }, {
      "id" : "s7-t25",
      "begin" : 929,
      "end" : 932,
      "text" : "for",
      "whiteSpace" : false
    }, {
      "id" : "s7-t26",
      "begin" : 933,
      "end" : 946,
      "text" : "stereotypical",
      "whiteSpace" : false
    }, {
      "id" : "s7-t27",
      "begin" : 947,
      "end" : 951,
      "text" : "jobs",
      "whiteSpace" : false
    }, {
      "id" : "s7-t28",
      "begin" : 951,
      "end" : 952,
      "text" : ".",
      "whiteSpace" : false
    } ]
  }, {
    "id" : "s8",
    "begin" : 953,
    "end" : 1153,
    "text" : "We find no significant effect of inequality on trust when taking into account national wealth, suggesting that in Western countries the amount of resources rather than its distribution explains trust.",
    "tokens" : [ {
      "id" : "s8-t0",
      "begin" : 953,
      "end" : 955,
      "text" : "We",
      "whiteSpace" : false
    }, {
      "id" : "s8-t1",
      "begin" : 956,
      "end" : 960,
      "text" : "find",
      "whiteSpace" : false
    }, {
      "id" : "s8-t2",
      "begin" : 961,
      "end" : 963,
      "text" : "no",
      "whiteSpace" : false
    }, {
      "id" : "s8-t3",
      "begin" : 964,
      "end" : 975,
      "text" : "significant",
      "whiteSpace" : false
    }, {
      "id" : "s8-t4",
      "begin" : 976,
      "end" : 982,
      "text" : "effect",
      "whiteSpace" : false
    }, {
      "id" : "s8-t5",
      "begin" : 983,
      "end" : 985,
      "text" : "of",
      "whiteSpace" : false
    }, {
      "id" : "s8-t6",
      "begin" : 986,
      "end" : 996,
      "text" : "inequality",
      "whiteSpace" : false
    }, {
      "id" : "s8-t7",
      "begin" : 997,
      "end" : 999,
      "text" : "on",
      "whiteSpace" : false
    }, {
      "id" : "s8-t8",
      "begin" : 1000,
      "end" : 1005,
      "text" : "trust",
      "whiteSpace" : false
    }, {
      "id" : "s8-t9",
      "begin" : 1006,
      "end" : 1010,
      "text" : "when",
      "whiteSpace" : false
    }, {
      "id" : "s8-t10",
      "begin" : 1011,
      "end" : 1017,
      "text" : "taking",
      "whiteSpace" : false
    }, {
      "id" : "s8-t11",
      "begin" : 1018,
      "end" : 1022,
      "text" : "into",
      "whiteSpace" : false
    }, {
      "id" : "s8-t12",
      "begin" : 1023,
      "end" : 1030,
      "text" : "account",
      "whiteSpace" : false
    }, {
      "id" : "s8-t13",
      "begin" : 1031,
      "end" : 1039,
      "text" : "national",
      "whiteSpace" : false
    }, {
      "id" : "s8-t14",
      "begin" : 1040,
      "end" : 1046,
      "text" : "wealth",
      "whiteSpace" : false
    }, {
      "id" : "s8-t15",
      "begin" : 1046,
      "end" : 1047,
      "text" : ",",
      "whiteSpace" : false
    }, {
      "id" : "s8-t16",
      "begin" : 1048,
      "end" : 1058,
      "text" : "suggesting",
      "whiteSpace" : false
    }, {
      "id" : "s8-t17",
      "begin" : 1059,
      "end" : 1063,
      "text" : "that",
      "whiteSpace" : false
    }, {
      "id" : "s8-t18",
      "begin" : 1064,
      "end" : 1066,
      "text" : "in",
      "whiteSpace" : false
    }, {
      "id" : "s8-t19",
      "begin" : 1067,
      "end" : 1074,
      "text" : "Western",
      "whiteSpace" : false
    }, {
      "id" : "s8-t20",
      "begin" : 1075,
      "end" : 1084,
      "text" : "countries",
      "whiteSpace" : false
    }, {
      "id" : "s8-t21",
      "begin" : 1085,
      "end" : 1088,
      "text" : "the",
      "whiteSpace" : false
    }, {
      "id" : "s8-t22",
      "begin" : 1089,
      "end" : 1095,
      "text" : "amount",
      "whiteSpace" : false
    }, {
      "id" : "s8-t23",
      "begin" : 1096,
      "end" : 1098,
      "text" : "of",
      "whiteSpace" : false
    }, {
      "id" : "s8-t24",
      "begin" : 1099,
      "end" : 1108,
      "text" : "resources",
      "whiteSpace" : false
    }, {
      "id" : "s8-t25",
      "begin" : 1109,
      "end" : 1115,
      "text" : "rather",
      "whiteSpace" : false
    }, {
      "id" : "s8-t26",
      "begin" : 1116,
      "end" : 1120,
      "text" : "than",
      "whiteSpace" : false
    }, {
      "id" : "s8-t27",
      "begin" : 1121,
      "end" : 1124,
      "text" : "its",
      "whiteSpace" : false
    }, {
      "id" : "s8-t28",
      "begin" : 1125,
      "end" : 1137,
      "text" : "distribution",
      "whiteSpace" : false
    }, {
      "id" : "s8-t29",
      "begin" : 1138,
      "end" : 1146,
      "text" : "explains",
      "whiteSpace" : false
    }, {
      "id" : "s8-t30",
      "begin" : 1147,
      "end" : 1152,
      "text" : "trust",
      "whiteSpace" : false
    }, {
      "id" : "s8-t31",
      "begin" : 1152,
      "end" : 1153,
      "text" : ".",
      "whiteSpace" : false
    } ]
  } ],
  "mentions" : [ {
    "id" : "m1",
    "properties" : {
      "SIRE_MENTION_TYPE" : "NONE",
      "SIRE_ENTITY_SUBTYPE" : "NONE",
      "SIRE_MENTION_ROLE" : "Variable",
      "SIRE_MENTION_CLASS" : "SPC"
    },
    "type" : "Variable",
    "begin" : 36,
    "end" : 53,
    "inCoref" : true
  }, {
    "id" : "m2",
    "properties" : {
      "SIRE_MENTION_TYPE" : "NONE",
      "SIRE_ENTITY_SUBTYPE" : "NONE",
      "SIRE_MENTION_ROLE" : "evidence",
      "SIRE_MENTION_CLASS" : "SPC"
    },
    "type" : "evidence",
    "begin" : 54,
    "end" : 58,
    "inCoref" : false
  }, {
    "id" : "m3",
    "properties" : {
      "SIRE_MENTION_TYPE" : "NONE",
      "SIRE_ENTITY_SUBTYPE" : "NONE",
      "SIRE_MENTION_ROLE" : "Variable",
      "SIRE_MENTION_CLASS" : "SPC"
    },
    "type" : "Variable",
    "begin" : 70,
    "end" : 80,
    "inCoref" : true
  }, {
    "id" : "s0-m4",
    "properties" : {
      "SIRE_MENTION_ROLE" : "relation",
      "SIRE_ENTITY_SUBTYPE" : "NONE",
      "SIRE_MENTION_TYPE" : "NONE",
      "SIRE_MENTION_CLASS" : "SPC"
    },
    "type" : "relation",
    "begin" : 84,
    "end" : 88,
    "inCoref" : false
  }, {
    "id" : "s0-m5",
    "properties" : {
      "SIRE_MENTION_ROLE" : "Variable",
      "SIRE_ENTITY_SUBTYPE" : "NONE",
      "SIRE_MENTION_TYPE" : "NONE",
      "SIRE_MENTION_CLASS" : "SPC"
    },
    "type" : "Variable",
    "begin" : 90,
    "end" : 95,
    "inCoref" : true
  }, {
    "id" : "s0-m6",
    "properties" : {
      "SIRE_MENTION_ROLE" : "relation",
      "SIRE_ENTITY_SUBTYPE" : "NONE",
      "SIRE_MENTION_TYPE" : "NONE",
      "SIRE_MENTION_CLASS" : "SPC"
    },
    "type" : "relation",
    "begin" : 99,
    "end" : 102,
    "inCoref" : false
  }, {
    "id" : "m4",
    "properties" : {
      "SIRE_MENTION_TYPE" : "NONE",
      "SIRE_ENTITY_SUBTYPE" : "NONE",
      "SIRE_MENTION_ROLE" : "evidence",
      "SIRE_MENTION_CLASS" : "SPC"
    },
    "type" : "evidence",
    "begin" : 135,
    "end" : 142,
    "inCoref" : false
  }, {
    "id" : "m5",
    "properties" : {
      "SIRE_MENTION_TYPE" : "NONE",
      "SIRE_ENTITY_SUBTYPE" : "NONE",
      "SIRE_MENTION_ROLE" : "relation",
      "SIRE_MENTION_CLASS" : "SPC"
    },
    "type" : "relation",
    "begin" : 147,
    "end" : 163,
    "inCoref" : false
  }, {
    "id" : "m6",
    "properties" : {
      "SIRE_MENTION_TYPE" : "NONE",
      "SIRE_ENTITY_SUBTYPE" : "NONE",
      "SIRE_MENTION_ROLE" : "Variable",
      "SIRE_MENTION_CLASS" : "SPC"
    },
    "type" : "Variable",
    "begin" : 164,
    "end" : 174,
    "inCoref" : true
  }, {
    "id" : "s1-m4",
    "properties" : {
      "SIRE_MENTION_ROLE" : "Variable",
      "SIRE_ENTITY_SUBTYPE" : "NONE",
      "SIRE_MENTION_TYPE" : "NONE",
      "SIRE_MENTION_CLASS" : "SPC"
    },
    "type" : "Variable",
    "begin" : 179,
    "end" : 184,
    "inCoref" : true
  }, {
    "id" : "m7",
    "properties" : {
      "SIRE_MENTION_TYPE" : "NONE",
      "SIRE_ENTITY_SUBTYPE" : "NONE",
      "SIRE_MENTION_ROLE" : "relation",
      "SIRE_MENTION_CLASS" : "SPC"
    },
    "type" : "relation",
    "begin" : 259,
    "end" : 268,
    "inCoref" : false
  }, {
    "id" : "m8",
    "properties" : {
      "SIRE_MENTION_TYPE" : "NONE",
      "SIRE_ENTITY_SUBTYPE" : "NONE",
      "SIRE_MENTION_ROLE" : "Variable",
      "SIRE_MENTION_CLASS" : "SPC"
    },
    "type" : "Variable",
    "begin" : 269,
    "end" : 286,
    "inCoref" : true
  }, {
    "id" : "s2-m4",
    "properties" : {
      "SIRE_MENTION_ROLE" : "Variable",
      "SIRE_ENTITY_SUBTYPE" : "NONE",
      "SIRE_MENTION_TYPE" : "NONE",
      "SIRE_MENTION_CLASS" : "SPC"
    },
    "type" : "Variable",
    "begin" : 299,
    "end" : 314,
    "inCoref" : true
  }, {
    "id" : "m9",
    "properties" : {
      "SIRE_MENTION_TYPE" : "NONE",
      "SIRE_ENTITY_SUBTYPE" : "NONE",
      "SIRE_MENTION_ROLE" : "Variable",
      "SIRE_MENTION_CLASS" : "SPC"
    },
    "type" : "Variable",
    "begin" : 447,
    "end" : 464,
    "inCoref" : true
  }, {
    "id" : "m19",
    "properties" : {
      "SIRE_MENTION_TYPE" : "NONE",
      "SIRE_ENTITY_LEVEL" : "NONE",
      "SIRE_ENTITY_SUBTYPE" : "NONE",
      "SIRE_MENTION_ROLE" : "evidence",
      "SIRE_ENTITY_CLASS" : "SPC",
      "SIRE_MENTION_CLASS" : "SPC"
    },
    "type" : "evidence",
    "begin" : 502,
    "end" : 510,
    "inCoref" : false
  }, {
    "id" : "m10",
    "properties" : {
      "SIRE_MENTION_TYPE" : "NONE",
      "SIRE_ENTITY_SUBTYPE" : "NONE",
      "SIRE_MENTION_ROLE" : "relation",
      "SIRE_MENTION_CLASS" : "SPC"
    },
    "type" : "relation",
    "begin" : 530,
    "end" : 546,
    "inCoref" : false
  }, {
    "id" : "m11",
    "properties" : {
      "SIRE_MENTION_TYPE" : "NONE",
      "SIRE_ENTITY_SUBTYPE" : "NONE",
      "SIRE_MENTION_ROLE" : "Variable",
      "SIRE_MENTION_CLASS" : "SPC"
    },
    "type" : "Variable",
    "begin" : 547,
    "end" : 564,
    "inCoref" : true
  }, {
    "id" : "s5-m5",
    "properties" : {
      "SIRE_MENTION_ROLE" : "Variable",
      "SIRE_ENTITY_SUBTYPE" : "NONE",
      "SIRE_MENTION_TYPE" : "NONE",
      "SIRE_MENTION_CLASS" : "SPC"
    },
    "type" : "Variable",
    "begin" : 569,
    "end" : 574,
    "inCoref" : true
  }, {
    "id" : "s5-m6",
    "properties" : {
      "SIRE_MENTION_ROLE" : "Variable",
      "SIRE_ENTITY_SUBTYPE" : "NONE",
      "SIRE_MENTION_TYPE" : "NONE",
      "SIRE_MENTION_CLASS" : "SPC"
    },
    "type" : "Variable",
    "begin" : 643,
    "end" : 658,
    "inCoref" : true
  }, {
    "id" : "s6-m2",
    "properties" : {
      "SIRE_MENTION_ROLE" : "relation",
      "SIRE_ENTITY_SUBTYPE" : "NONE",
      "SIRE_MENTION_TYPE" : "NONE",
      "SIRE_MENTION_CLASS" : "SPC"
    },
    "type" : "relation",
    "begin" : 736,
    "end" : 746,
    "inCoref" : false
  }, {
    "id" : "m12",
    "properties" : {
      "SIRE_MENTION_TYPE" : "NONE",
      "SIRE_ENTITY_SUBTYPE" : "NONE",
      "SIRE_MENTION_ROLE" : "Variable",
      "SIRE_MENTION_CLASS" : "SPC"
    },
    "type" : "Variable",
    "begin" : 747,
    "end" : 757,
    "inCoref" : true
  }, {
    "id" : "m13",
    "properties" : {
      "SIRE_MENTION_TYPE" : "NONE",
      "SIRE_ENTITY_SUBTYPE" : "NONE",
      "SIRE_MENTION_ROLE" : "Variable",
      "SIRE_MENTION_CLASS" : "SPC"
    },
    "type" : "Variable",
    "begin" : 787,
    "end" : 804,
    "inCoref" : true
  }, {
    "id" : "s7-m4",
    "properties" : {
      "SIRE_MENTION_ROLE" : "Variable",
      "SIRE_ENTITY_SUBTYPE" : "NONE",
      "SIRE_MENTION_TYPE" : "NONE",
      "SIRE_MENTION_CLASS" : "SPC"
    },
    "type" : "Variable",
    "begin" : 809,
    "end" : 824,
    "inCoref" : true
  }, {
    "id" : "m14",
    "properties" : {
      "SIRE_MENTION_TYPE" : "NONE",
      "SIRE_ENTITY_SUBTYPE" : "NONE",
      "SIRE_MENTION_ROLE" : "Variable",
      "SIRE_MENTION_CLASS" : "SPC"
    },
    "type" : "Variable",
    "begin" : 854,
    "end" : 874,
    "inCoref" : false
  }, {
    "id" : "m15",
    "properties" : {
      "SIRE_MENTION_TYPE" : "NONE",
      "SIRE_ENTITY_SUBTYPE" : "NONE",
      "SIRE_MENTION_ROLE" : "evidence",
      "SIRE_MENTION_CLASS" : "SPC"
    },
    "type" : "evidence",
    "begin" : 956,
    "end" : 960,
    "inCoref" : false
  }, {
    "id" : "s8-m5",
    "properties" : {
      "SIRE_MENTION_ROLE" : "negation",
      "SIRE_ENTITY_SUBTYPE" : "NONE",
      "SIRE_MENTION_TYPE" : "NONE",
      "SIRE_MENTION_CLASS" : "SPC"
    },
    "type" : "negation",
    "begin" : 961,
    "end" : 963,
    "inCoref" : false
  }, {
    "id" : "m16",
    "properties" : {
      "SIRE_MENTION_TYPE" : "NONE",
      "SIRE_ENTITY_SUBTYPE" : "NONE",
      "SIRE_MENTION_ROLE" : "relation",
      "SIRE_MENTION_CLASS" : "SPC"
    },
    "type" : "relation",
    "begin" : 976,
    "end" : 985,
    "inCoref" : false
  }, {
    "id" : "m17",
    "properties" : {
      "SIRE_MENTION_TYPE" : "NONE",
      "SIRE_ENTITY_SUBTYPE" : "NONE",
      "SIRE_MENTION_ROLE" : "Variable",
      "SIRE_MENTION_CLASS" : "SPC"
    },
    "type" : "Variable",
    "begin" : 986,
    "end" : 996,
    "inCoref" : true
  }, {
    "id" : "s8-m6",
    "properties" : {
      "SIRE_MENTION_ROLE" : "Variable",
      "SIRE_ENTITY_SUBTYPE" : "NONE",
      "SIRE_MENTION_TYPE" : "NONE",
      "SIRE_MENTION_CLASS" : "SPC"
    },
    "type" : "Variable",
    "begin" : 1000,
    "end" : 1005,
    "inCoref" : true
  }, {
    "id" : "s8-m7",
    "properties" : {
      "SIRE_MENTION_ROLE" : "Variable",
      "SIRE_ENTITY_SUBTYPE" : "NONE",
      "SIRE_MENTION_TYPE" : "NONE",
      "SIRE_MENTION_CLASS" : "SPC"
    },
    "type" : "Variable",
    "begin" : 1031,
    "end" : 1046,
    "inCoref" : true
  }, {
    "id" : "s8-m8",
    "properties" : {
      "SIRE_MENTION_ROLE" : "Variable",
      "SIRE_ENTITY_SUBTYPE" : "NONE",
      "SIRE_MENTION_TYPE" : "NONE",
      "SIRE_MENTION_CLASS" : "SPC"
    },
    "type" : "Variable",
    "begin" : 1147,
    "end" : 1152,
    "inCoref" : false
  } ],
  "relations" : [ {
    "id" : "s0-r1",
    "properties" : { },
    "type" : "RelateCorrelation",
    "args" : [ "m3", "s0-m5" ]
  }, {
    "id" : "s8-r1",
    "properties" : { },
    "type" : "NoRelation",
    "args" : [ "m17", "s8-m6" ]
  } ],
  "corefs" : [ {
    "id" : "c1",
    "properties" : { },
    "mentions" : [ "m3", "m6", "m12", "m17", "m1", "m8", "m9", "m11", "m13" ]
  }, {
    "id" : "c2",
    "properties" : { },
    "mentions" : [ "s7-m4", "s8-m7", "s5-m6", "s2-m4" ]
  }, {
    "id" : "c3",
    "properties" : { },
    "mentions" : [ "s0-m5", "s1-m4", "s5-m5", "s8-m6" ]
  } ],
  "typeResolved" : true,
  "userResolved" : false
}