{
  "id" : "997f06b0-3328-11ec-aeb1-4f7a687954bf-1",
  "name" : "3. Gold, R., Kawachi, I., Kennedy, B., Lynch, J., & Connell, F. (2001). .docx",
  "createdDate" : 0,
  "version" : 3,
  "text" : "Objectives: To examine whether per capita income and income inequality are independently associated with teen birth rate in populous U.S. counties. Methods: This study used 1990 U.S. Census data and National Center for Health Statistics birth data. Income inequality was measured with the 90:10 ratio, a ratio of percent of cumulative income held by the richest and poorest population deciles. Linear regression and analysis of variance were used to assess associations between county-level average income, income inequality, and teen birth rates among counties with population greater than 100,000. Results: Among teens aged 15–17, income inequality and per capita income were independently associated with birth rate; the mean birth rate was 54 per 1,000 in counties with low income and high income inequality, and 19 per 1,000 in counties with high income and low inequality. Among older teens (aged 18–19) only per capita income was significantly associated with birth rate. Conclusions: Although teen childbearing is the result of individual behaviors, these findings suggest that community-level factors such as income and income inequality may contribute significantly to differences in teen birth rates.\n\n",
  "docLength" : 0,
  "language" : "EN",
  "status" : "IN_PROGRESS",
  "modifiedDate" : 1639147362940,
  "documentSet" : [ ],
  "preannotation" : [ "PRE_SIRE" ],
  "sentences" : [ {
    "id" : "s0",
    "begin" : 0,
    "end" : 147,
    "text" : "Objectives: To examine whether per capita income and income inequality are independently associated with teen birth rate in populous U.S. counties.",
    "tokens" : [ {
      "id" : "s0-t0",
      "begin" : 0,
      "end" : 10,
      "text" : "Objectives",
      "whiteSpace" : false
    }, {
      "id" : "s0-t1",
      "begin" : 10,
      "end" : 11,
      "text" : ":",
      "whiteSpace" : false
    }, {
      "id" : "s0-t2",
      "begin" : 12,
      "end" : 14,
      "text" : "To",
      "whiteSpace" : false
    }, {
      "id" : "s0-t3",
      "begin" : 15,
      "end" : 22,
      "text" : "examine",
      "whiteSpace" : false
    }, {
      "id" : "s0-t4",
      "begin" : 23,
      "end" : 30,
      "text" : "whether",
      "whiteSpace" : false
    }, {
      "id" : "s0-t5",
      "begin" : 31,
      "end" : 34,
      "text" : "per",
      "whiteSpace" : false
    }, {
      "id" : "s0-t6",
      "begin" : 35,
      "end" : 41,
      "text" : "capita",
      "whiteSpace" : false
    }, {
      "id" : "s0-t7",
      "begin" : 42,
      "end" : 48,
      "text" : "income",
      "whiteSpace" : false
    }, {
      "id" : "s0-t8",
      "begin" : 49,
      "end" : 52,
      "text" : "and",
      "whiteSpace" : false
    }, {
      "id" : "s0-t9",
      "begin" : 53,
      "end" : 59,
      "text" : "income",
      "whiteSpace" : false
    }, {
      "id" : "s0-t10",
      "begin" : 60,
      "end" : 70,
      "text" : "inequality",
      "whiteSpace" : false
    }, {
      "id" : "s0-t11",
      "begin" : 71,
      "end" : 74,
      "text" : "are",
      "whiteSpace" : false
    }, {
      "id" : "s0-t12",
      "begin" : 75,
      "end" : 88,
      "text" : "independently",
      "whiteSpace" : false
    }, {
      "id" : "s0-t13",
      "begin" : 89,
      "end" : 99,
      "text" : "associated",
      "whiteSpace" : false
    }, {
      "id" : "s0-t14",
      "begin" : 100,
      "end" : 104,
      "text" : "with",
      "whiteSpace" : false
    }, {
      "id" : "s0-t15",
      "begin" : 105,
      "end" : 109,
      "text" : "teen",
      "whiteSpace" : false
    }, {
      "id" : "s0-t16",
      "begin" : 110,
      "end" : 115,
      "text" : "birth",
      "whiteSpace" : false
    }, {
      "id" : "s0-t17",
      "begin" : 116,
      "end" : 120,
      "text" : "rate",
      "whiteSpace" : false
    }, {
      "id" : "s0-t18",
      "begin" : 121,
      "end" : 123,
      "text" : "in",
      "whiteSpace" : false
    }, {
      "id" : "s0-t19",
      "begin" : 124,
      "end" : 132,
      "text" : "populous",
      "whiteSpace" : false
    }, {
      "id" : "s0-t20",
      "begin" : 133,
      "end" : 137,
      "text" : "U.S.",
      "whiteSpace" : false
    }, {
      "id" : "s0-t21",
      "begin" : 138,
      "end" : 146,
      "text" : "counties",
      "whiteSpace" : false
    }, {
      "id" : "s0-t22",
      "begin" : 146,
      "end" : 147,
      "text" : ".",
      "whiteSpace" : false
    } ]
  }, {
    "id" : "s1",
    "begin" : 148,
    "end" : 248,
    "text" : "Methods: This study used 1990 U.S. Census data and National Center for Health Statistics birth data.",
    "tokens" : [ {
      "id" : "s1-t0",
      "begin" : 148,
      "end" : 155,
      "text" : "Methods",
      "whiteSpace" : false
    }, {
      "id" : "s1-t1",
      "begin" : 155,
      "end" : 156,
      "text" : ":",
      "whiteSpace" : false
    }, {
      "id" : "s1-t2",
      "begin" : 157,
      "end" : 161,
      "text" : "This",
      "whiteSpace" : false
    }, {
      "id" : "s1-t3",
      "begin" : 162,
      "end" : 167,
      "text" : "study",
      "whiteSpace" : false
    }, {
      "id" : "s1-t4",
      "begin" : 168,
      "end" : 172,
      "text" : "used",
      "whiteSpace" : false
    }, {
      "id" : "s1-t5",
      "begin" : 173,
      "end" : 177,
      "text" : "1990",
      "whiteSpace" : false
    }, {
      "id" : "s1-t6",
      "begin" : 178,
      "end" : 182,
      "text" : "U.S.",
      "whiteSpace" : false
    }, {
      "id" : "s1-t7",
      "begin" : 183,
      "end" : 189,
      "text" : "Census",
      "whiteSpace" : false
    }, {
      "id" : "s1-t8",
      "begin" : 190,
      "end" : 194,
      "text" : "data",
      "whiteSpace" : false
    }, {
      "id" : "s1-t9",
      "begin" : 195,
      "end" : 198,
      "text" : "and",
      "whiteSpace" : false
    }, {
      "id" : "s1-t10",
      "begin" : 199,
      "end" : 207,
      "text" : "National",
      "whiteSpace" : false
    }, {
      "id" : "s1-t11",
      "begin" : 208,
      "end" : 214,
      "text" : "Center",
      "whiteSpace" : false
    }, {
      "id" : "s1-t12",
      "begin" : 215,
      "end" : 218,
      "text" : "for",
      "whiteSpace" : false
    }, {
      "id" : "s1-t13",
      "begin" : 219,
      "end" : 225,
      "text" : "Health",
      "whiteSpace" : false
    }, {
      "id" : "s1-t14",
      "begin" : 226,
      "end" : 236,
      "text" : "Statistics",
      "whiteSpace" : false
    }, {
      "id" : "s1-t15",
      "begin" : 237,
      "end" : 242,
      "text" : "birth",
      "whiteSpace" : false
    }, {
      "id" : "s1-t16",
      "begin" : 243,
      "end" : 247,
      "text" : "data",
      "whiteSpace" : false
    }, {
      "id" : "s1-t17",
      "begin" : 247,
      "end" : 248,
      "text" : ".",
      "whiteSpace" : false
    } ]
  }, {
    "id" : "s2",
    "begin" : 249,
    "end" : 393,
    "text" : "Income inequality was measured with the 90:10 ratio, a ratio of percent of cumulative income held by the richest and poorest population deciles.",
    "tokens" : [ {
      "id" : "s2-t0",
      "begin" : 249,
      "end" : 255,
      "text" : "Income",
      "whiteSpace" : false
    }, {
      "id" : "s2-t1",
      "begin" : 256,
      "end" : 266,
      "text" : "inequality",
      "whiteSpace" : false
    }, {
      "id" : "s2-t2",
      "begin" : 267,
      "end" : 270,
      "text" : "was",
      "whiteSpace" : false
    }, {
      "id" : "s2-t3",
      "begin" : 271,
      "end" : 279,
      "text" : "measured",
      "whiteSpace" : false
    }, {
      "id" : "s2-t4",
      "begin" : 280,
      "end" : 284,
      "text" : "with",
      "whiteSpace" : false
    }, {
      "id" : "s2-t5",
      "begin" : 285,
      "end" : 288,
      "text" : "the",
      "whiteSpace" : false
    }, {
      "id" : "s2-t6",
      "begin" : 289,
      "end" : 294,
      "text" : "90:10",
      "whiteSpace" : false
    }, {
      "id" : "s2-t7",
      "begin" : 295,
      "end" : 300,
      "text" : "ratio",
      "whiteSpace" : false
    }, {
      "id" : "s2-t8",
      "begin" : 300,
      "end" : 301,
      "text" : ",",
      "whiteSpace" : false
    }, {
      "id" : "s2-t9",
      "begin" : 302,
      "end" : 303,
      "text" : "a",
      "whiteSpace" : false
    }, {
      "id" : "s2-t10",
      "begin" : 304,
      "end" : 309,
      "text" : "ratio",
      "whiteSpace" : false
    }, {
      "id" : "s2-t11",
      "begin" : 310,
      "end" : 312,
      "text" : "of",
      "whiteSpace" : false
    }, {
      "id" : "s2-t12",
      "begin" : 313,
      "end" : 320,
      "text" : "percent",
      "whiteSpace" : false
    }, {
      "id" : "s2-t13",
      "begin" : 321,
      "end" : 323,
      "text" : "of",
      "whiteSpace" : false
    }, {
      "id" : "s2-t14",
      "begin" : 324,
      "end" : 334,
      "text" : "cumulative",
      "whiteSpace" : false
    }, {
      "id" : "s2-t15",
      "begin" : 335,
      "end" : 341,
      "text" : "income",
      "whiteSpace" : false
    }, {
      "id" : "s2-t16",
      "begin" : 342,
      "end" : 346,
      "text" : "held",
      "whiteSpace" : false
    }, {
      "id" : "s2-t17",
      "begin" : 347,
      "end" : 349,
      "text" : "by",
      "whiteSpace" : false
    }, {
      "id" : "s2-t18",
      "begin" : 350,
      "end" : 353,
      "text" : "the",
      "whiteSpace" : false
    }, {
      "id" : "s2-t19",
      "begin" : 354,
      "end" : 361,
      "text" : "richest",
      "whiteSpace" : false
    }, {
      "id" : "s2-t20",
      "begin" : 362,
      "end" : 365,
      "text" : "and",
      "whiteSpace" : false
    }, {
      "id" : "s2-t21",
      "begin" : 366,
      "end" : 373,
      "text" : "poorest",
      "whiteSpace" : false
    }, {
      "id" : "s2-t22",
      "begin" : 374,
      "end" : 384,
      "text" : "population",
      "whiteSpace" : false
    }, {
      "id" : "s2-t23",
      "begin" : 385,
      "end" : 392,
      "text" : "deciles",
      "whiteSpace" : false
    }, {
      "id" : "s2-t24",
      "begin" : 392,
      "end" : 393,
      "text" : ".",
      "whiteSpace" : false
    } ]
  }, {
    "id" : "s3",
    "begin" : 394,
    "end" : 599,
    "text" : "Linear regression and analysis of variance were used to assess associations between county-level average income, income inequality, and teen birth rates among counties with population greater than 100,000.",
    "tokens" : [ {
      "id" : "s3-t0",
      "begin" : 394,
      "end" : 400,
      "text" : "Linear",
      "whiteSpace" : false
    }, {
      "id" : "s3-t1",
      "begin" : 401,
      "end" : 411,
      "text" : "regression",
      "whiteSpace" : false
    }, {
      "id" : "s3-t2",
      "begin" : 412,
      "end" : 415,
      "text" : "and",
      "whiteSpace" : false
    }, {
      "id" : "s3-t3",
      "begin" : 416,
      "end" : 424,
      "text" : "analysis",
      "whiteSpace" : false
    }, {
      "id" : "s3-t4",
      "begin" : 425,
      "end" : 427,
      "text" : "of",
      "whiteSpace" : false
    }, {
      "id" : "s3-t5",
      "begin" : 428,
      "end" : 436,
      "text" : "variance",
      "whiteSpace" : false
    }, {
      "id" : "s3-t6",
      "begin" : 437,
      "end" : 441,
      "text" : "were",
      "whiteSpace" : false
    }, {
      "id" : "s3-t7",
      "begin" : 442,
      "end" : 446,
      "text" : "used",
      "whiteSpace" : false
    }, {
      "id" : "s3-t8",
      "begin" : 447,
      "end" : 449,
      "text" : "to",
      "whiteSpace" : false
    }, {
      "id" : "s3-t9",
      "begin" : 450,
      "end" : 456,
      "text" : "assess",
      "whiteSpace" : false
    }, {
      "id" : "s3-t10",
      "begin" : 457,
      "end" : 469,
      "text" : "associations",
      "whiteSpace" : false
    }, {
      "id" : "s3-t11",
      "begin" : 470,
      "end" : 477,
      "text" : "between",
      "whiteSpace" : false
    }, {
      "id" : "s3-t12",
      "begin" : 478,
      "end" : 490,
      "text" : "county-level",
      "whiteSpace" : false
    }, {
      "id" : "s3-t13",
      "begin" : 491,
      "end" : 498,
      "text" : "average",
      "whiteSpace" : false
    }, {
      "id" : "s3-t14",
      "begin" : 499,
      "end" : 505,
      "text" : "income",
      "whiteSpace" : false
    }, {
      "id" : "s3-t15",
      "begin" : 505,
      "end" : 506,
      "text" : ",",
      "whiteSpace" : false
    }, {
      "id" : "s3-t16",
      "begin" : 507,
      "end" : 513,
      "text" : "income",
      "whiteSpace" : false
    }, {
      "id" : "s3-t17",
      "begin" : 514,
      "end" : 524,
      "text" : "inequality",
      "whiteSpace" : false
    }, {
      "id" : "s3-t18",
      "begin" : 524,
      "end" : 525,
      "text" : ",",
      "whiteSpace" : false
    }, {
      "id" : "s3-t19",
      "begin" : 526,
      "end" : 529,
      "text" : "and",
      "whiteSpace" : false
    }, {
      "id" : "s3-t20",
      "begin" : 530,
      "end" : 534,
      "text" : "teen",
      "whiteSpace" : false
    }, {
      "id" : "s3-t21",
      "begin" : 535,
      "end" : 540,
      "text" : "birth",
      "whiteSpace" : false
    }, {
      "id" : "s3-t22",
      "begin" : 541,
      "end" : 546,
      "text" : "rates",
      "whiteSpace" : false
    }, {
      "id" : "s3-t23",
      "begin" : 547,
      "end" : 552,
      "text" : "among",
      "whiteSpace" : false
    }, {
      "id" : "s3-t24",
      "begin" : 553,
      "end" : 561,
      "text" : "counties",
      "whiteSpace" : false
    }, {
      "id" : "s3-t25",
      "begin" : 562,
      "end" : 566,
      "text" : "with",
      "whiteSpace" : false
    }, {
      "id" : "s3-t26",
      "begin" : 567,
      "end" : 577,
      "text" : "population",
      "whiteSpace" : false
    }, {
      "id" : "s3-t27",
      "begin" : 578,
      "end" : 585,
      "text" : "greater",
      "whiteSpace" : false
    }, {
      "id" : "s3-t28",
      "begin" : 586,
      "end" : 590,
      "text" : "than",
      "whiteSpace" : false
    }, {
      "id" : "s3-t29",
      "begin" : 591,
      "end" : 598,
      "text" : "100,000",
      "whiteSpace" : false
    }, {
      "id" : "s3-t30",
      "begin" : 598,
      "end" : 599,
      "text" : ".",
      "whiteSpace" : false
    } ]
  }, {
    "id" : "s4",
    "begin" : 600,
    "end" : 878,
    "text" : "Results: Among teens aged 15–17, income inequality and per capita income were independently associated with birth rate; the mean birth rate was 54 per 1,000 in counties with low income and high income inequality, and 19 per 1,000 in counties with high income and low inequality.",
    "tokens" : [ {
      "id" : "s4-t0",
      "begin" : 600,
      "end" : 607,
      "text" : "Results",
      "whiteSpace" : false
    }, {
      "id" : "s4-t1",
      "begin" : 607,
      "end" : 608,
      "text" : ":",
      "whiteSpace" : false
    }, {
      "id" : "s4-t2",
      "begin" : 609,
      "end" : 614,
      "text" : "Among",
      "whiteSpace" : false
    }, {
      "id" : "s4-t3",
      "begin" : 615,
      "end" : 620,
      "text" : "teens",
      "whiteSpace" : false
    }, {
      "id" : "s4-t4",
      "begin" : 621,
      "end" : 625,
      "text" : "aged",
      "whiteSpace" : false
    }, {
      "id" : "s4-t5",
      "begin" : 626,
      "end" : 628,
      "text" : "15",
      "whiteSpace" : false
    }, {
      "id" : "s4-t6",
      "begin" : 628,
      "end" : 631,
      "text" : "–17",
      "whiteSpace" : false
    }, {
      "id" : "s4-t7",
      "begin" : 631,
      "end" : 632,
      "text" : ",",
      "whiteSpace" : false
    }, {
      "id" : "s4-t8",
      "begin" : 633,
      "end" : 639,
      "text" : "income",
      "whiteSpace" : false
    }, {
      "id" : "s4-t9",
      "begin" : 640,
      "end" : 650,
      "text" : "inequality",
      "whiteSpace" : false
    }, {
      "id" : "s4-t10",
      "begin" : 651,
      "end" : 654,
      "text" : "and",
      "whiteSpace" : false
    }, {
      "id" : "s4-t11",
      "begin" : 655,
      "end" : 658,
      "text" : "per",
      "whiteSpace" : false
    }, {
      "id" : "s4-t12",
      "begin" : 659,
      "end" : 665,
      "text" : "capita",
      "whiteSpace" : false
    }, {
      "id" : "s4-t13",
      "begin" : 666,
      "end" : 672,
      "text" : "income",
      "whiteSpace" : false
    }, {
      "id" : "s4-t14",
      "begin" : 673,
      "end" : 677,
      "text" : "were",
      "whiteSpace" : false
    }, {
      "id" : "s4-t15",
      "begin" : 678,
      "end" : 691,
      "text" : "independently",
      "whiteSpace" : false
    }, {
      "id" : "s4-t16",
      "begin" : 692,
      "end" : 702,
      "text" : "associated",
      "whiteSpace" : false
    }, {
      "id" : "s4-t17",
      "begin" : 703,
      "end" : 707,
      "text" : "with",
      "whiteSpace" : false
    }, {
      "id" : "s4-t18",
      "begin" : 708,
      "end" : 713,
      "text" : "birth",
      "whiteSpace" : false
    }, {
      "id" : "s4-t19",
      "begin" : 714,
      "end" : 718,
      "text" : "rate",
      "whiteSpace" : false
    }, {
      "id" : "s4-t20",
      "begin" : 718,
      "end" : 719,
      "text" : ";",
      "whiteSpace" : false
    }, {
      "id" : "s4-t21",
      "begin" : 720,
      "end" : 723,
      "text" : "the",
      "whiteSpace" : false
    }, {
      "id" : "s4-t22",
      "begin" : 724,
      "end" : 728,
      "text" : "mean",
      "whiteSpace" : false
    }, {
      "id" : "s4-t23",
      "begin" : 729,
      "end" : 734,
      "text" : "birth",
      "whiteSpace" : false
    }, {
      "id" : "s4-t24",
      "begin" : 735,
      "end" : 739,
      "text" : "rate",
      "whiteSpace" : false
    }, {
      "id" : "s4-t25",
      "begin" : 740,
      "end" : 743,
      "text" : "was",
      "whiteSpace" : false
    }, {
      "id" : "s4-t26",
      "begin" : 744,
      "end" : 746,
      "text" : "54",
      "whiteSpace" : false
    }, {
      "id" : "s4-t27",
      "begin" : 747,
      "end" : 750,
      "text" : "per",
      "whiteSpace" : false
    }, {
      "id" : "s4-t28",
      "begin" : 751,
      "end" : 756,
      "text" : "1,000",
      "whiteSpace" : false
    }, {
      "id" : "s4-t29",
      "begin" : 757,
      "end" : 759,
      "text" : "in",
      "whiteSpace" : false
    }, {
      "id" : "s4-t30",
      "begin" : 760,
      "end" : 768,
      "text" : "counties",
      "whiteSpace" : false
    }, {
      "id" : "s4-t31",
      "begin" : 769,
      "end" : 773,
      "text" : "with",
      "whiteSpace" : false
    }, {
      "id" : "s4-t32",
      "begin" : 774,
      "end" : 777,
      "text" : "low",
      "whiteSpace" : false
    }, {
      "id" : "s4-t33",
      "begin" : 778,
      "end" : 784,
      "text" : "income",
      "whiteSpace" : false
    }, {
      "id" : "s4-t34",
      "begin" : 785,
      "end" : 788,
      "text" : "and",
      "whiteSpace" : false
    }, {
      "id" : "s4-t35",
      "begin" : 789,
      "end" : 793,
      "text" : "high",
      "whiteSpace" : false
    }, {
      "id" : "s4-t36",
      "begin" : 794,
      "end" : 800,
      "text" : "income",
      "whiteSpace" : false
    }, {
      "id" : "s4-t37",
      "begin" : 801,
      "end" : 811,
      "text" : "inequality",
      "whiteSpace" : false
    }, {
      "id" : "s4-t38",
      "begin" : 811,
      "end" : 812,
      "text" : ",",
      "whiteSpace" : false
    }, {
      "id" : "s4-t39",
      "begin" : 813,
      "end" : 816,
      "text" : "and",
      "whiteSpace" : false
    }, {
      "id" : "s4-t40",
      "begin" : 817,
      "end" : 819,
      "text" : "19",
      "whiteSpace" : false
    }, {
      "id" : "s4-t41",
      "begin" : 820,
      "end" : 823,
      "text" : "per",
      "whiteSpace" : false
    }, {
      "id" : "s4-t42",
      "begin" : 824,
      "end" : 829,
      "text" : "1,000",
      "whiteSpace" : false
    }, {
      "id" : "s4-t43",
      "begin" : 830,
      "end" : 832,
      "text" : "in",
      "whiteSpace" : false
    }, {
      "id" : "s4-t44",
      "begin" : 833,
      "end" : 841,
      "text" : "counties",
      "whiteSpace" : false
    }, {
      "id" : "s4-t45",
      "begin" : 842,
      "end" : 846,
      "text" : "with",
      "whiteSpace" : false
    }, {
      "id" : "s4-t46",
      "begin" : 847,
      "end" : 851,
      "text" : "high",
      "whiteSpace" : false
    }, {
      "id" : "s4-t47",
      "begin" : 852,
      "end" : 858,
      "text" : "income",
      "whiteSpace" : false
    }, {
      "id" : "s4-t48",
      "begin" : 859,
      "end" : 862,
      "text" : "and",
      "whiteSpace" : false
    }, {
      "id" : "s4-t49",
      "begin" : 863,
      "end" : 866,
      "text" : "low",
      "whiteSpace" : false
    }, {
      "id" : "s4-t50",
      "begin" : 867,
      "end" : 877,
      "text" : "inequality",
      "whiteSpace" : false
    }, {
      "id" : "s4-t51",
      "begin" : 877,
      "end" : 878,
      "text" : ".",
      "whiteSpace" : false
    } ]
  }, {
    "id" : "s5",
    "begin" : 879,
    "end" : 978,
    "text" : "Among older teens (aged 18–19) only per capita income was significantly associated with birth rate.",
    "tokens" : [ {
      "id" : "s5-t0",
      "begin" : 879,
      "end" : 884,
      "text" : "Among",
      "whiteSpace" : false
    }, {
      "id" : "s5-t1",
      "begin" : 885,
      "end" : 890,
      "text" : "older",
      "whiteSpace" : false
    }, {
      "id" : "s5-t2",
      "begin" : 891,
      "end" : 896,
      "text" : "teens",
      "whiteSpace" : false
    }, {
      "id" : "s5-t3",
      "begin" : 897,
      "end" : 898,
      "text" : "(",
      "whiteSpace" : false
    }, {
      "id" : "s5-t4",
      "begin" : 898,
      "end" : 902,
      "text" : "aged",
      "whiteSpace" : false
    }, {
      "id" : "s5-t5",
      "begin" : 903,
      "end" : 908,
      "text" : "18–19",
      "whiteSpace" : false
    }, {
      "id" : "s5-t6",
      "begin" : 908,
      "end" : 909,
      "text" : ")",
      "whiteSpace" : false
    }, {
      "id" : "s5-t7",
      "begin" : 910,
      "end" : 914,
      "text" : "only",
      "whiteSpace" : false
    }, {
      "id" : "s5-t8",
      "begin" : 915,
      "end" : 918,
      "text" : "per",
      "whiteSpace" : false
    }, {
      "id" : "s5-t9",
      "begin" : 919,
      "end" : 925,
      "text" : "capita",
      "whiteSpace" : false
    }, {
      "id" : "s5-t10",
      "begin" : 926,
      "end" : 932,
      "text" : "income",
      "whiteSpace" : false
    }, {
      "id" : "s5-t11",
      "begin" : 933,
      "end" : 936,
      "text" : "was",
      "whiteSpace" : false
    }, {
      "id" : "s5-t12",
      "begin" : 937,
      "end" : 950,
      "text" : "significantly",
      "whiteSpace" : false
    }, {
      "id" : "s5-t13",
      "begin" : 951,
      "end" : 961,
      "text" : "associated",
      "whiteSpace" : false
    }, {
      "id" : "s5-t14",
      "begin" : 962,
      "end" : 966,
      "text" : "with",
      "whiteSpace" : false
    }, {
      "id" : "s5-t15",
      "begin" : 967,
      "end" : 972,
      "text" : "birth",
      "whiteSpace" : false
    }, {
      "id" : "s5-t16",
      "begin" : 973,
      "end" : 977,
      "text" : "rate",
      "whiteSpace" : false
    }, {
      "id" : "s5-t17",
      "begin" : 977,
      "end" : 978,
      "text" : ".",
      "whiteSpace" : false
    } ]
  }, {
    "id" : "s6",
    "begin" : 979,
    "end" : 1211,
    "text" : "Conclusions: Although teen childbearing is the result of individual behaviors, these findings suggest that community-level factors such as income and income inequality may contribute significantly to differences in teen birth rates.",
    "tokens" : [ {
      "id" : "s6-t0",
      "begin" : 979,
      "end" : 990,
      "text" : "Conclusions",
      "whiteSpace" : false
    }, {
      "id" : "s6-t1",
      "begin" : 990,
      "end" : 991,
      "text" : ":",
      "whiteSpace" : false
    }, {
      "id" : "s6-t2",
      "begin" : 992,
      "end" : 1000,
      "text" : "Although",
      "whiteSpace" : false
    }, {
      "id" : "s6-t3",
      "begin" : 1001,
      "end" : 1005,
      "text" : "teen",
      "whiteSpace" : false
    }, {
      "id" : "s6-t4",
      "begin" : 1006,
      "end" : 1018,
      "text" : "childbearing",
      "whiteSpace" : false
    }, {
      "id" : "s6-t5",
      "begin" : 1019,
      "end" : 1021,
      "text" : "is",
      "whiteSpace" : false
    }, {
      "id" : "s6-t6",
      "begin" : 1022,
      "end" : 1025,
      "text" : "the",
      "whiteSpace" : false
    }, {
      "id" : "s6-t7",
      "begin" : 1026,
      "end" : 1032,
      "text" : "result",
      "whiteSpace" : false
    }, {
      "id" : "s6-t8",
      "begin" : 1033,
      "end" : 1035,
      "text" : "of",
      "whiteSpace" : false
    }, {
      "id" : "s6-t9",
      "begin" : 1036,
      "end" : 1046,
      "text" : "individual",
      "whiteSpace" : false
    }, {
      "id" : "s6-t10",
      "begin" : 1047,
      "end" : 1056,
      "text" : "behaviors",
      "whiteSpace" : false
    }, {
      "id" : "s6-t11",
      "begin" : 1056,
      "end" : 1057,
      "text" : ",",
      "whiteSpace" : false
    }, {
      "id" : "s6-t12",
      "begin" : 1058,
      "end" : 1063,
      "text" : "these",
      "whiteSpace" : false
    }, {
      "id" : "s6-t13",
      "begin" : 1064,
      "end" : 1072,
      "text" : "findings",
      "whiteSpace" : false
    }, {
      "id" : "s6-t14",
      "begin" : 1073,
      "end" : 1080,
      "text" : "suggest",
      "whiteSpace" : false
    }, {
      "id" : "s6-t15",
      "begin" : 1081,
      "end" : 1085,
      "text" : "that",
      "whiteSpace" : false
    }, {
      "id" : "s6-t16",
      "begin" : 1086,
      "end" : 1101,
      "text" : "community-level",
      "whiteSpace" : false
    }, {
      "id" : "s6-t17",
      "begin" : 1102,
      "end" : 1109,
      "text" : "factors",
      "whiteSpace" : false
    }, {
      "id" : "s6-t18",
      "begin" : 1110,
      "end" : 1114,
      "text" : "such",
      "whiteSpace" : false
    }, {
      "id" : "s6-t19",
      "begin" : 1115,
      "end" : 1117,
      "text" : "as",
      "whiteSpace" : false
    }, {
      "id" : "s6-t20",
      "begin" : 1118,
      "end" : 1124,
      "text" : "income",
      "whiteSpace" : false
    }, {
      "id" : "s6-t21",
      "begin" : 1125,
      "end" : 1128,
      "text" : "and",
      "whiteSpace" : false
    }, {
      "id" : "s6-t22",
      "begin" : 1129,
      "end" : 1135,
      "text" : "income",
      "whiteSpace" : false
    }, {
      "id" : "s6-t23",
      "begin" : 1136,
      "end" : 1146,
      "text" : "inequality",
      "whiteSpace" : false
    }, {
      "id" : "s6-t24",
      "begin" : 1147,
      "end" : 1150,
      "text" : "may",
      "whiteSpace" : false
    }, {
      "id" : "s6-t25",
      "begin" : 1151,
      "end" : 1161,
      "text" : "contribute",
      "whiteSpace" : false
    }, {
      "id" : "s6-t26",
      "begin" : 1162,
      "end" : 1175,
      "text" : "significantly",
      "whiteSpace" : false
    }, {
      "id" : "s6-t27",
      "begin" : 1176,
      "end" : 1178,
      "text" : "to",
      "whiteSpace" : false
    }, {
      "id" : "s6-t28",
      "begin" : 1179,
      "end" : 1190,
      "text" : "differences",
      "whiteSpace" : false
    }, {
      "id" : "s6-t29",
      "begin" : 1191,
      "end" : 1193,
      "text" : "in",
      "whiteSpace" : false
    }, {
      "id" : "s6-t30",
      "begin" : 1194,
      "end" : 1198,
      "text" : "teen",
      "whiteSpace" : false
    }, {
      "id" : "s6-t31",
      "begin" : 1199,
      "end" : 1204,
      "text" : "birth",
      "whiteSpace" : false
    }, {
      "id" : "s6-t32",
      "begin" : 1205,
      "end" : 1210,
      "text" : "rates",
      "whiteSpace" : false
    }, {
      "id" : "s6-t33",
      "begin" : 1210,
      "end" : 1211,
      "text" : ".",
      "whiteSpace" : false
    } ]
  } ],
  "mentions" : [ {
    "id" : "s0-m6",
    "properties" : {
      "SIRE_MENTION_ROLE" : "evidence",
      "SIRE_ENTITY_SUBTYPE" : "NONE",
      "SIRE_MENTION_TYPE" : "NONE",
      "SIRE_MENTION_CLASS" : "SPC"
    },
    "type" : "evidence",
    "begin" : 0,
    "end" : 10,
    "inCoref" : false
  }, {
    "id" : "m1",
    "properties" : {
      "SIRE_ENTITY_SUBTYPE" : "NONE",
      "SIRE_MENTION_TYPE" : "NONE",
      "SIRE_MENTION_CLASS" : "SPC",
      "SIRE_ENTITY_CLASS" : "SPC",
      "SIRE_ENTITY_LEVEL" : "NONE",
      "SIRE_MENTION_ROLE" : "evidence"
    },
    "type" : "evidence",
    "begin" : 15,
    "end" : 22,
    "inCoref" : false
  }, {
    "id" : "m2",
    "properties" : {
      "SIRE_ENTITY_SUBTYPE" : "NONE",
      "SIRE_MENTION_TYPE" : "NONE",
      "SIRE_MENTION_CLASS" : "SPC",
      "SIRE_ENTITY_CLASS" : "SPC",
      "SIRE_ENTITY_LEVEL" : "NONE",
      "SIRE_MENTION_ROLE" : "Variable"
    },
    "type" : "Variable",
    "begin" : 31,
    "end" : 48,
    "inCoref" : true
  }, {
    "id" : "m3",
    "properties" : {
      "SIRE_ENTITY_SUBTYPE" : "NONE",
      "SIRE_MENTION_TYPE" : "NONE",
      "SIRE_MENTION_CLASS" : "SPC",
      "SIRE_ENTITY_CLASS" : "SPC",
      "SIRE_ENTITY_LEVEL" : "NONE",
      "SIRE_MENTION_ROLE" : "Variable"
    },
    "type" : "Variable",
    "begin" : 53,
    "end" : 70,
    "inCoref" : true
  }, {
    "id" : "m4",
    "properties" : {
      "SIRE_ENTITY_SUBTYPE" : "NONE",
      "SIRE_MENTION_TYPE" : "NONE",
      "SIRE_MENTION_CLASS" : "SPC",
      "SIRE_ENTITY_CLASS" : "SPC",
      "SIRE_ENTITY_LEVEL" : "NONE",
      "SIRE_MENTION_ROLE" : "relation"
    },
    "type" : "relation",
    "begin" : 89,
    "end" : 104,
    "inCoref" : false
  }, {
    "id" : "s0-m5",
    "properties" : {
      "SIRE_MENTION_ROLE" : "Variable",
      "SIRE_ENTITY_SUBTYPE" : "NONE",
      "SIRE_MENTION_TYPE" : "NONE",
      "SIRE_MENTION_CLASS" : "SPC"
    },
    "type" : "Variable",
    "begin" : 105,
    "end" : 120,
    "inCoref" : true
  }, {
    "id" : "s1-m1",
    "properties" : {
      "SIRE_MENTION_ROLE" : "evidence",
      "SIRE_ENTITY_SUBTYPE" : "NONE",
      "SIRE_MENTION_TYPE" : "NONE",
      "SIRE_MENTION_CLASS" : "SPC"
    },
    "type" : "evidence",
    "begin" : 148,
    "end" : 155,
    "inCoref" : false
  }, {
    "id" : "m5",
    "properties" : {
      "SIRE_ENTITY_SUBTYPE" : "NONE",
      "SIRE_MENTION_TYPE" : "NONE",
      "SIRE_MENTION_CLASS" : "SPC",
      "SIRE_ENTITY_CLASS" : "SPC",
      "SIRE_ENTITY_LEVEL" : "NONE",
      "SIRE_MENTION_ROLE" : "Variable"
    },
    "type" : "Variable",
    "begin" : 249,
    "end" : 266,
    "inCoref" : true
  }, {
    "id" : "m6",
    "properties" : {
      "SIRE_ENTITY_SUBTYPE" : "NONE",
      "SIRE_MENTION_TYPE" : "NONE",
      "SIRE_MENTION_CLASS" : "SPC",
      "SIRE_ENTITY_CLASS" : "SPC",
      "SIRE_ENTITY_LEVEL" : "NONE",
      "SIRE_MENTION_ROLE" : "Variable"
    },
    "type" : "Variable",
    "begin" : 335,
    "end" : 341,
    "inCoref" : true
  }, {
    "id" : "s3-m4",
    "properties" : {
      "SIRE_MENTION_ROLE" : "evidence",
      "SIRE_ENTITY_SUBTYPE" : "NONE",
      "SIRE_MENTION_TYPE" : "NONE",
      "SIRE_MENTION_CLASS" : "SPC"
    },
    "type" : "evidence",
    "begin" : 450,
    "end" : 456,
    "inCoref" : false
  }, {
    "id" : "s3-m5",
    "properties" : {
      "SIRE_MENTION_ROLE" : "relation",
      "SIRE_ENTITY_SUBTYPE" : "NONE",
      "SIRE_MENTION_TYPE" : "NONE",
      "SIRE_MENTION_CLASS" : "SPC"
    },
    "type" : "relation",
    "begin" : 457,
    "end" : 477,
    "inCoref" : false
  }, {
    "id" : "s3-m6",
    "properties" : {
      "SIRE_MENTION_ROLE" : "Variable",
      "SIRE_ENTITY_SUBTYPE" : "NONE",
      "SIRE_MENTION_TYPE" : "NONE",
      "SIRE_MENTION_CLASS" : "SPC"
    },
    "type" : "Variable",
    "begin" : 491,
    "end" : 505,
    "inCoref" : false
  }, {
    "id" : "m8",
    "properties" : {
      "SIRE_ENTITY_SUBTYPE" : "NONE",
      "SIRE_MENTION_TYPE" : "NONE",
      "SIRE_MENTION_CLASS" : "SPC",
      "SIRE_ENTITY_CLASS" : "SPC",
      "SIRE_ENTITY_LEVEL" : "NONE",
      "SIRE_MENTION_ROLE" : "Variable"
    },
    "type" : "Variable",
    "begin" : 507,
    "end" : 524,
    "inCoref" : true
  }, {
    "id" : "s3-m7",
    "properties" : {
      "SIRE_MENTION_ROLE" : "Variable",
      "SIRE_ENTITY_SUBTYPE" : "NONE",
      "SIRE_MENTION_TYPE" : "NONE",
      "SIRE_MENTION_CLASS" : "SPC"
    },
    "type" : "Variable",
    "begin" : 530,
    "end" : 546,
    "inCoref" : true
  }, {
    "id" : "m9",
    "properties" : {
      "SIRE_ENTITY_SUBTYPE" : "NONE",
      "SIRE_MENTION_TYPE" : "NONE",
      "SIRE_MENTION_CLASS" : "SPC",
      "SIRE_ENTITY_CLASS" : "SPC",
      "SIRE_ENTITY_LEVEL" : "NONE",
      "SIRE_MENTION_ROLE" : "relation"
    },
    "type" : "relation",
    "begin" : 578,
    "end" : 585,
    "inCoref" : false
  }, {
    "id" : "m10",
    "properties" : {
      "SIRE_ENTITY_SUBTYPE" : "NONE",
      "SIRE_MENTION_TYPE" : "NONE",
      "SIRE_MENTION_CLASS" : "SPC",
      "SIRE_ENTITY_CLASS" : "SPC",
      "SIRE_ENTITY_LEVEL" : "NONE",
      "SIRE_MENTION_ROLE" : "evidence"
    },
    "type" : "evidence",
    "begin" : 600,
    "end" : 607,
    "inCoref" : false
  }, {
    "id" : "m11",
    "properties" : {
      "SIRE_ENTITY_SUBTYPE" : "NONE",
      "SIRE_MENTION_TYPE" : "NONE",
      "SIRE_MENTION_CLASS" : "SPC",
      "SIRE_ENTITY_CLASS" : "SPC",
      "SIRE_ENTITY_LEVEL" : "NONE",
      "SIRE_MENTION_ROLE" : "Variable"
    },
    "type" : "Variable",
    "begin" : 633,
    "end" : 650,
    "inCoref" : true
  }, {
    "id" : "m12",
    "properties" : {
      "SIRE_ENTITY_SUBTYPE" : "NONE",
      "SIRE_MENTION_TYPE" : "NONE",
      "SIRE_MENTION_CLASS" : "SPC",
      "SIRE_ENTITY_CLASS" : "SPC",
      "SIRE_ENTITY_LEVEL" : "NONE",
      "SIRE_MENTION_ROLE" : "Variable"
    },
    "type" : "Variable",
    "begin" : 655,
    "end" : 672,
    "inCoref" : true
  }, {
    "id" : "m13",
    "properties" : {
      "SIRE_ENTITY_SUBTYPE" : "NONE",
      "SIRE_MENTION_TYPE" : "NONE",
      "SIRE_MENTION_CLASS" : "SPC",
      "SIRE_ENTITY_CLASS" : "SPC",
      "SIRE_ENTITY_LEVEL" : "NONE",
      "SIRE_MENTION_ROLE" : "relation"
    },
    "type" : "relation",
    "begin" : 692,
    "end" : 707,
    "inCoref" : false
  }, {
    "id" : "m14",
    "properties" : {
      "SIRE_ENTITY_SUBTYPE" : "NONE",
      "SIRE_MENTION_TYPE" : "NONE",
      "SIRE_MENTION_CLASS" : "SPC",
      "SIRE_ENTITY_CLASS" : "SPC",
      "SIRE_ENTITY_LEVEL" : "NONE",
      "SIRE_MENTION_ROLE" : "Variable"
    },
    "type" : "Variable",
    "begin" : 708,
    "end" : 718,
    "inCoref" : true
  }, {
    "id" : "s4-m10",
    "properties" : {
      "SIRE_MENTION_ROLE" : "Variable",
      "SIRE_ENTITY_SUBTYPE" : "NONE",
      "SIRE_MENTION_TYPE" : "NONE",
      "SIRE_MENTION_CLASS" : "SPC"
    },
    "type" : "Variable",
    "begin" : 729,
    "end" : 739,
    "inCoref" : true
  }, {
    "id" : "m15",
    "properties" : {
      "SIRE_ENTITY_SUBTYPE" : "NONE",
      "SIRE_MENTION_TYPE" : "NONE",
      "SIRE_MENTION_CLASS" : "SPC",
      "SIRE_ENTITY_CLASS" : "SPC",
      "SIRE_ENTITY_LEVEL" : "NONE",
      "SIRE_MENTION_ROLE" : "Variable"
    },
    "type" : "Variable",
    "begin" : 778,
    "end" : 784,
    "inCoref" : true
  }, {
    "id" : "m16",
    "properties" : {
      "SIRE_ENTITY_SUBTYPE" : "NONE",
      "SIRE_MENTION_TYPE" : "NONE",
      "SIRE_MENTION_CLASS" : "SPC",
      "SIRE_ENTITY_CLASS" : "SPC",
      "SIRE_ENTITY_LEVEL" : "NONE",
      "SIRE_MENTION_ROLE" : "Variable"
    },
    "type" : "Variable",
    "begin" : 794,
    "end" : 811,
    "inCoref" : true
  }, {
    "id" : "m17",
    "properties" : {
      "SIRE_ENTITY_SUBTYPE" : "NONE",
      "SIRE_MENTION_TYPE" : "NONE",
      "SIRE_MENTION_CLASS" : "SPC",
      "SIRE_ENTITY_CLASS" : "SPC",
      "SIRE_ENTITY_LEVEL" : "NONE",
      "SIRE_MENTION_ROLE" : "Variable"
    },
    "type" : "Variable",
    "begin" : 852,
    "end" : 858,
    "inCoref" : true
  }, {
    "id" : "m18",
    "properties" : {
      "SIRE_ENTITY_SUBTYPE" : "NONE",
      "SIRE_MENTION_TYPE" : "NONE",
      "SIRE_MENTION_CLASS" : "SPC",
      "SIRE_ENTITY_CLASS" : "SPC",
      "SIRE_ENTITY_LEVEL" : "NONE",
      "SIRE_MENTION_ROLE" : "Variable"
    },
    "type" : "Variable",
    "begin" : 867,
    "end" : 877,
    "inCoref" : true
  }, {
    "id" : "m19",
    "properties" : {
      "SIRE_ENTITY_SUBTYPE" : "NONE",
      "SIRE_MENTION_TYPE" : "NONE",
      "SIRE_MENTION_CLASS" : "SPC",
      "SIRE_ENTITY_CLASS" : "SPC",
      "SIRE_ENTITY_LEVEL" : "NONE",
      "SIRE_MENTION_ROLE" : "Variable"
    },
    "type" : "Variable",
    "begin" : 915,
    "end" : 932,
    "inCoref" : true
  }, {
    "id" : "m20",
    "properties" : {
      "SIRE_ENTITY_SUBTYPE" : "NONE",
      "SIRE_MENTION_TYPE" : "NONE",
      "SIRE_MENTION_CLASS" : "SPC",
      "SIRE_ENTITY_CLASS" : "SPC",
      "SIRE_ENTITY_LEVEL" : "NONE",
      "SIRE_MENTION_ROLE" : "relation"
    },
    "type" : "relation",
    "begin" : 951,
    "end" : 966,
    "inCoref" : false
  }, {
    "id" : "m21",
    "properties" : {
      "SIRE_ENTITY_SUBTYPE" : "NONE",
      "SIRE_MENTION_TYPE" : "NONE",
      "SIRE_MENTION_CLASS" : "SPC",
      "SIRE_ENTITY_CLASS" : "SPC",
      "SIRE_ENTITY_LEVEL" : "NONE",
      "SIRE_MENTION_ROLE" : "Variable"
    },
    "type" : "Variable",
    "begin" : 967,
    "end" : 977,
    "inCoref" : true
  }, {
    "id" : "s6-m5",
    "properties" : {
      "SIRE_MENTION_ROLE" : "evidence",
      "SIRE_ENTITY_SUBTYPE" : "NONE",
      "SIRE_MENTION_TYPE" : "NONE",
      "SIRE_MENTION_CLASS" : "SPC"
    },
    "type" : "evidence",
    "begin" : 979,
    "end" : 990,
    "inCoref" : false
  }, {
    "id" : "s6-m6",
    "properties" : {
      "SIRE_MENTION_ROLE" : "Variable",
      "SIRE_ENTITY_SUBTYPE" : "NONE",
      "SIRE_MENTION_TYPE" : "NONE",
      "SIRE_MENTION_CLASS" : "SPC"
    },
    "type" : "Variable",
    "begin" : 1001,
    "end" : 1018,
    "inCoref" : true
  }, {
    "id" : "m22",
    "properties" : {
      "SIRE_ENTITY_SUBTYPE" : "NONE",
      "SIRE_MENTION_TYPE" : "NONE",
      "SIRE_MENTION_CLASS" : "SPC",
      "SIRE_ENTITY_CLASS" : "SPC",
      "SIRE_ENTITY_LEVEL" : "NONE",
      "SIRE_MENTION_ROLE" : "relation"
    },
    "type" : "relation",
    "begin" : 1026,
    "end" : 1035,
    "inCoref" : false
  }, {
    "id" : "s6-m9",
    "properties" : {
      "SIRE_MENTION_ROLE" : "Variable",
      "SIRE_ENTITY_SUBTYPE" : "NONE",
      "SIRE_MENTION_TYPE" : "NONE",
      "SIRE_MENTION_CLASS" : "SPC"
    },
    "type" : "Variable",
    "begin" : 1036,
    "end" : 1056,
    "inCoref" : false
  }, {
    "id" : "m23",
    "properties" : {
      "SIRE_ENTITY_SUBTYPE" : "NONE",
      "SIRE_MENTION_TYPE" : "NONE",
      "SIRE_MENTION_CLASS" : "SPC",
      "SIRE_ENTITY_CLASS" : "SPC",
      "SIRE_ENTITY_LEVEL" : "NONE",
      "SIRE_MENTION_ROLE" : "evidence"
    },
    "type" : "evidence",
    "begin" : 1064,
    "end" : 1072,
    "inCoref" : false
  }, {
    "id" : "m24",
    "properties" : {
      "SIRE_ENTITY_SUBTYPE" : "NONE",
      "SIRE_MENTION_TYPE" : "NONE",
      "SIRE_MENTION_CLASS" : "SPC",
      "SIRE_ENTITY_CLASS" : "SPC",
      "SIRE_ENTITY_LEVEL" : "NONE",
      "SIRE_MENTION_ROLE" : "Variable"
    },
    "type" : "Variable",
    "begin" : 1118,
    "end" : 1124,
    "inCoref" : true
  }, {
    "id" : "m25",
    "properties" : {
      "SIRE_ENTITY_SUBTYPE" : "NONE",
      "SIRE_MENTION_TYPE" : "NONE",
      "SIRE_MENTION_CLASS" : "SPC",
      "SIRE_ENTITY_CLASS" : "SPC",
      "SIRE_ENTITY_LEVEL" : "NONE",
      "SIRE_MENTION_ROLE" : "Variable"
    },
    "type" : "Variable",
    "begin" : 1129,
    "end" : 1146,
    "inCoref" : true
  }, {
    "id" : "s6-m7",
    "properties" : {
      "SIRE_MENTION_ROLE" : "relation",
      "SIRE_ENTITY_SUBTYPE" : "NONE",
      "SIRE_MENTION_TYPE" : "NONE",
      "SIRE_MENTION_CLASS" : "SPC"
    },
    "type" : "relation",
    "begin" : 1151,
    "end" : 1161,
    "inCoref" : false
  }, {
    "id" : "s6-m8",
    "properties" : {
      "SIRE_MENTION_ROLE" : "Variable",
      "SIRE_ENTITY_SUBTYPE" : "NONE",
      "SIRE_MENTION_TYPE" : "NONE",
      "SIRE_MENTION_CLASS" : "SPC"
    },
    "type" : "Variable",
    "begin" : 1194,
    "end" : 1210,
    "inCoref" : true
  } ],
  "relations" : [ {
    "id" : "s4-r1",
    "properties" : { },
    "type" : "RelateCorrelation",
    "args" : [ "m11", "m14" ]
  }, {
    "id" : "s4-r2",
    "properties" : { },
    "type" : "RelateCorrelation",
    "args" : [ "m12", "m14" ]
  }, {
    "id" : "s5-r1",
    "properties" : { },
    "type" : "RelateCorrelation",
    "args" : [ "m19", "m21" ]
  }, {
    "id" : "s6-r1",
    "properties" : { },
    "type" : "Causal",
    "args" : [ "m24", "s6-m8" ]
  }, {
    "id" : "s6-r2",
    "properties" : { },
    "type" : "Causal",
    "args" : [ "m25", "s6-m8" ]
  } ],
  "corefs" : [ {
    "id" : "c1",
    "properties" : { },
    "mentions" : [ "m2", "m12", "m19" ]
  }, {
    "id" : "c2",
    "properties" : { },
    "mentions" : [ "m3", "m5", "m8", "m11", "m16", "m18", "m25" ]
  }, {
    "id" : "c3",
    "properties" : { },
    "mentions" : [ "m6", "m15", "m17", "m24" ]
  }, {
    "id" : "c4",
    "properties" : { },
    "mentions" : [ "m14", "m21", "s0-m5", "s3-m7", "s4-m10", "s6-m8", "s6-m6" ]
  } ],
  "typeResolved" : true,
  "userResolved" : false
}