{
  "id" : "9e7cfbb0-30ce-11ec-aeb1-4f7a687954bf-14",
  "name" : "36. Jaumotte F, Lall S, Papageorgiou C (2013) Rising .docx",
  "createdDate" : 0,
  "version" : 3,
  "text" : "The paper examines the relationship between the rapid pace of trade and financial globalization and the rise in income inequality observed in most countries over the past two decades. Using a newly compiled panel of 51 countries over a 23-year period from 1981 to 2003, the paper reports estimates that support a greater impact of technological progress than globalization on inequality. The limited overall impact of globalization reflects two offsetting tendencies: whereas trade globalization is associated with a reduction in inequality, financial globalization—and foreign direct investment in particular—is associated with an increase in inequality.\n\n",
  "docLength" : 0,
  "language" : "EN",
  "status" : "IN_PROGRESS",
  "modifiedDate" : 1639146273022,
  "documentSet" : [ ],
  "preannotation" : [ "PRE_LW", "PRE_SIRE" ],
  "sentences" : [ {
    "id" : "s0",
    "begin" : 0,
    "end" : 183,
    "text" : "The paper examines the relationship between the rapid pace of trade and financial globalization and the rise in income inequality observed in most countries over the past two decades.",
    "tokens" : [ {
      "id" : "s0-t0",
      "begin" : 0,
      "end" : 3,
      "text" : "The",
      "whiteSpace" : false
    }, {
      "id" : "s0-t1",
      "begin" : 4,
      "end" : 9,
      "text" : "paper",
      "whiteSpace" : false
    }, {
      "id" : "s0-t2",
      "begin" : 10,
      "end" : 18,
      "text" : "examines",
      "whiteSpace" : false
    }, {
      "id" : "s0-t3",
      "begin" : 19,
      "end" : 22,
      "text" : "the",
      "whiteSpace" : false
    }, {
      "id" : "s0-t4",
      "begin" : 23,
      "end" : 35,
      "text" : "relationship",
      "whiteSpace" : false
    }, {
      "id" : "s0-t5",
      "begin" : 36,
      "end" : 43,
      "text" : "between",
      "whiteSpace" : false
    }, {
      "id" : "s0-t6",
      "begin" : 44,
      "end" : 47,
      "text" : "the",
      "whiteSpace" : false
    }, {
      "id" : "s0-t7",
      "begin" : 48,
      "end" : 53,
      "text" : "rapid",
      "whiteSpace" : false
    }, {
      "id" : "s0-t8",
      "begin" : 54,
      "end" : 58,
      "text" : "pace",
      "whiteSpace" : false
    }, {
      "id" : "s0-t9",
      "begin" : 59,
      "end" : 61,
      "text" : "of",
      "whiteSpace" : false
    }, {
      "id" : "s0-t10",
      "begin" : 62,
      "end" : 67,
      "text" : "trade",
      "whiteSpace" : false
    }, {
      "id" : "s0-t11",
      "begin" : 68,
      "end" : 71,
      "text" : "and",
      "whiteSpace" : false
    }, {
      "id" : "s0-t12",
      "begin" : 72,
      "end" : 81,
      "text" : "financial",
      "whiteSpace" : false
    }, {
      "id" : "s0-t13",
      "begin" : 82,
      "end" : 95,
      "text" : "globalization",
      "whiteSpace" : false
    }, {
      "id" : "s0-t14",
      "begin" : 96,
      "end" : 99,
      "text" : "and",
      "whiteSpace" : false
    }, {
      "id" : "s0-t15",
      "begin" : 100,
      "end" : 103,
      "text" : "the",
      "whiteSpace" : false
    }, {
      "id" : "s0-t16",
      "begin" : 104,
      "end" : 108,
      "text" : "rise",
      "whiteSpace" : false
    }, {
      "id" : "s0-t17",
      "begin" : 109,
      "end" : 111,
      "text" : "in",
      "whiteSpace" : false
    }, {
      "id" : "s0-t18",
      "begin" : 112,
      "end" : 118,
      "text" : "income",
      "whiteSpace" : false
    }, {
      "id" : "s0-t19",
      "begin" : 119,
      "end" : 129,
      "text" : "inequality",
      "whiteSpace" : false
    }, {
      "id" : "s0-t20",
      "begin" : 130,
      "end" : 138,
      "text" : "observed",
      "whiteSpace" : false
    }, {
      "id" : "s0-t21",
      "begin" : 139,
      "end" : 141,
      "text" : "in",
      "whiteSpace" : false
    }, {
      "id" : "s0-t22",
      "begin" : 142,
      "end" : 146,
      "text" : "most",
      "whiteSpace" : false
    }, {
      "id" : "s0-t23",
      "begin" : 147,
      "end" : 156,
      "text" : "countries",
      "whiteSpace" : false
    }, {
      "id" : "s0-t24",
      "begin" : 157,
      "end" : 161,
      "text" : "over",
      "whiteSpace" : false
    }, {
      "id" : "s0-t25",
      "begin" : 162,
      "end" : 165,
      "text" : "the",
      "whiteSpace" : false
    }, {
      "id" : "s0-t26",
      "begin" : 166,
      "end" : 170,
      "text" : "past",
      "whiteSpace" : false
    }, {
      "id" : "s0-t27",
      "begin" : 171,
      "end" : 174,
      "text" : "two",
      "whiteSpace" : false
    }, {
      "id" : "s0-t28",
      "begin" : 175,
      "end" : 182,
      "text" : "decades",
      "whiteSpace" : false
    }, {
      "id" : "s0-t29",
      "begin" : 182,
      "end" : 183,
      "text" : ".",
      "whiteSpace" : false
    } ]
  }, {
    "id" : "s1",
    "begin" : 184,
    "end" : 387,
    "text" : "Using a newly compiled panel of 51 countries over a 23-year period from 1981 to 2003, the paper reports estimates that support a greater impact of technological progress than globalization on inequality.",
    "tokens" : [ {
      "id" : "s1-t0",
      "begin" : 184,
      "end" : 189,
      "text" : "Using",
      "whiteSpace" : false
    }, {
      "id" : "s1-t1",
      "begin" : 190,
      "end" : 191,
      "text" : "a",
      "whiteSpace" : false
    }, {
      "id" : "s1-t2",
      "begin" : 192,
      "end" : 197,
      "text" : "newly",
      "whiteSpace" : false
    }, {
      "id" : "s1-t3",
      "begin" : 198,
      "end" : 206,
      "text" : "compiled",
      "whiteSpace" : false
    }, {
      "id" : "s1-t4",
      "begin" : 207,
      "end" : 212,
      "text" : "panel",
      "whiteSpace" : false
    }, {
      "id" : "s1-t5",
      "begin" : 213,
      "end" : 215,
      "text" : "of",
      "whiteSpace" : false
    }, {
      "id" : "s1-t6",
      "begin" : 216,
      "end" : 218,
      "text" : "51",
      "whiteSpace" : false
    }, {
      "id" : "s1-t7",
      "begin" : 219,
      "end" : 228,
      "text" : "countries",
      "whiteSpace" : false
    }, {
      "id" : "s1-t8",
      "begin" : 229,
      "end" : 233,
      "text" : "over",
      "whiteSpace" : false
    }, {
      "id" : "s1-t9",
      "begin" : 234,
      "end" : 235,
      "text" : "a",
      "whiteSpace" : false
    }, {
      "id" : "s1-t10",
      "begin" : 236,
      "end" : 238,
      "text" : "23",
      "whiteSpace" : false
    }, {
      "id" : "s1-t11",
      "begin" : 238,
      "end" : 239,
      "text" : "-",
      "whiteSpace" : false
    }, {
      "id" : "s1-t12",
      "begin" : 239,
      "end" : 243,
      "text" : "year",
      "whiteSpace" : false
    }, {
      "id" : "s1-t13",
      "begin" : 244,
      "end" : 250,
      "text" : "period",
      "whiteSpace" : false
    }, {
      "id" : "s1-t14",
      "begin" : 251,
      "end" : 255,
      "text" : "from",
      "whiteSpace" : false
    }, {
      "id" : "s1-t15",
      "begin" : 256,
      "end" : 260,
      "text" : "1981",
      "whiteSpace" : false
    }, {
      "id" : "s1-t16",
      "begin" : 261,
      "end" : 263,
      "text" : "to",
      "whiteSpace" : false
    }, {
      "id" : "s1-t17",
      "begin" : 264,
      "end" : 268,
      "text" : "2003",
      "whiteSpace" : false
    }, {
      "id" : "s1-t18",
      "begin" : 268,
      "end" : 269,
      "text" : ",",
      "whiteSpace" : false
    }, {
      "id" : "s1-t19",
      "begin" : 270,
      "end" : 273,
      "text" : "the",
      "whiteSpace" : false
    }, {
      "id" : "s1-t20",
      "begin" : 274,
      "end" : 279,
      "text" : "paper",
      "whiteSpace" : false
    }, {
      "id" : "s1-t21",
      "begin" : 280,
      "end" : 287,
      "text" : "reports",
      "whiteSpace" : false
    }, {
      "id" : "s1-t22",
      "begin" : 288,
      "end" : 297,
      "text" : "estimates",
      "whiteSpace" : false
    }, {
      "id" : "s1-t23",
      "begin" : 298,
      "end" : 302,
      "text" : "that",
      "whiteSpace" : false
    }, {
      "id" : "s1-t24",
      "begin" : 303,
      "end" : 310,
      "text" : "support",
      "whiteSpace" : false
    }, {
      "id" : "s1-t25",
      "begin" : 311,
      "end" : 312,
      "text" : "a",
      "whiteSpace" : false
    }, {
      "id" : "s1-t26",
      "begin" : 313,
      "end" : 320,
      "text" : "greater",
      "whiteSpace" : false
    }, {
      "id" : "s1-t27",
      "begin" : 321,
      "end" : 327,
      "text" : "impact",
      "whiteSpace" : false
    }, {
      "id" : "s1-t28",
      "begin" : 328,
      "end" : 330,
      "text" : "of",
      "whiteSpace" : false
    }, {
      "id" : "s1-t29",
      "begin" : 331,
      "end" : 344,
      "text" : "technological",
      "whiteSpace" : false
    }, {
      "id" : "s1-t30",
      "begin" : 345,
      "end" : 353,
      "text" : "progress",
      "whiteSpace" : false
    }, {
      "id" : "s1-t31",
      "begin" : 354,
      "end" : 358,
      "text" : "than",
      "whiteSpace" : false
    }, {
      "id" : "s1-t32",
      "begin" : 359,
      "end" : 372,
      "text" : "globalization",
      "whiteSpace" : false
    }, {
      "id" : "s1-t33",
      "begin" : 373,
      "end" : 375,
      "text" : "on",
      "whiteSpace" : false
    }, {
      "id" : "s1-t34",
      "begin" : 376,
      "end" : 386,
      "text" : "inequality",
      "whiteSpace" : false
    }, {
      "id" : "s1-t35",
      "begin" : 386,
      "end" : 387,
      "text" : ".",
      "whiteSpace" : false
    } ]
  }, {
    "id" : "s2",
    "begin" : 388,
    "end" : 655,
    "text" : "The limited overall impact of globalization reflects two offsetting tendencies: whereas trade globalization is associated with a reduction in inequality, financial globalization—and foreign direct investment in particular—is associated with an increase in inequality.",
    "tokens" : [ {
      "id" : "s2-t0",
      "begin" : 388,
      "end" : 391,
      "text" : "The",
      "whiteSpace" : false
    }, {
      "id" : "s2-t1",
      "begin" : 392,
      "end" : 399,
      "text" : "limited",
      "whiteSpace" : false
    }, {
      "id" : "s2-t2",
      "begin" : 400,
      "end" : 407,
      "text" : "overall",
      "whiteSpace" : false
    }, {
      "id" : "s2-t3",
      "begin" : 408,
      "end" : 414,
      "text" : "impact",
      "whiteSpace" : false
    }, {
      "id" : "s2-t4",
      "begin" : 415,
      "end" : 417,
      "text" : "of",
      "whiteSpace" : false
    }, {
      "id" : "s2-t5",
      "begin" : 418,
      "end" : 431,
      "text" : "globalization",
      "whiteSpace" : false
    }, {
      "id" : "s2-t6",
      "begin" : 432,
      "end" : 440,
      "text" : "reflects",
      "whiteSpace" : false
    }, {
      "id" : "s2-t7",
      "begin" : 441,
      "end" : 444,
      "text" : "two",
      "whiteSpace" : false
    }, {
      "id" : "s2-t8",
      "begin" : 445,
      "end" : 455,
      "text" : "offsetting",
      "whiteSpace" : false
    }, {
      "id" : "s2-t9",
      "begin" : 456,
      "end" : 466,
      "text" : "tendencies",
      "whiteSpace" : false
    }, {
      "id" : "s2-t10",
      "begin" : 466,
      "end" : 467,
      "text" : ":",
      "whiteSpace" : false
    }, {
      "id" : "s2-t11",
      "begin" : 468,
      "end" : 475,
      "text" : "whereas",
      "whiteSpace" : false
    }, {
      "id" : "s2-t12",
      "begin" : 476,
      "end" : 481,
      "text" : "trade",
      "whiteSpace" : false
    }, {
      "id" : "s2-t13",
      "begin" : 482,
      "end" : 495,
      "text" : "globalization",
      "whiteSpace" : false
    }, {
      "id" : "s2-t14",
      "begin" : 496,
      "end" : 498,
      "text" : "is",
      "whiteSpace" : false
    }, {
      "id" : "s2-t15",
      "begin" : 499,
      "end" : 509,
      "text" : "associated",
      "whiteSpace" : false
    }, {
      "id" : "s2-t16",
      "begin" : 510,
      "end" : 514,
      "text" : "with",
      "whiteSpace" : false
    }, {
      "id" : "s2-t17",
      "begin" : 515,
      "end" : 516,
      "text" : "a",
      "whiteSpace" : false
    }, {
      "id" : "s2-t18",
      "begin" : 517,
      "end" : 526,
      "text" : "reduction",
      "whiteSpace" : false
    }, {
      "id" : "s2-t19",
      "begin" : 527,
      "end" : 529,
      "text" : "in",
      "whiteSpace" : false
    }, {
      "id" : "s2-t20",
      "begin" : 530,
      "end" : 540,
      "text" : "inequality",
      "whiteSpace" : false
    }, {
      "id" : "s2-t21",
      "begin" : 540,
      "end" : 541,
      "text" : ",",
      "whiteSpace" : false
    }, {
      "id" : "s2-t22",
      "begin" : 542,
      "end" : 551,
      "text" : "financial",
      "whiteSpace" : false
    }, {
      "id" : "s2-t23",
      "begin" : 552,
      "end" : 565,
      "text" : "globalization",
      "whiteSpace" : false
    }, {
      "id" : "s2-t24",
      "begin" : 565,
      "end" : 566,
      "text" : "—",
      "whiteSpace" : false
    }, {
      "id" : "s2-t25",
      "begin" : 566,
      "end" : 569,
      "text" : "and",
      "whiteSpace" : false
    }, {
      "id" : "s2-t26",
      "begin" : 570,
      "end" : 577,
      "text" : "foreign",
      "whiteSpace" : false
    }, {
      "id" : "s2-t27",
      "begin" : 578,
      "end" : 584,
      "text" : "direct",
      "whiteSpace" : false
    }, {
      "id" : "s2-t28",
      "begin" : 585,
      "end" : 595,
      "text" : "investment",
      "whiteSpace" : false
    }, {
      "id" : "s2-t29",
      "begin" : 596,
      "end" : 598,
      "text" : "in",
      "whiteSpace" : false
    }, {
      "id" : "s2-t30",
      "begin" : 599,
      "end" : 612,
      "text" : "particular—is",
      "whiteSpace" : false
    }, {
      "id" : "s2-t31",
      "begin" : 613,
      "end" : 623,
      "text" : "associated",
      "whiteSpace" : false
    }, {
      "id" : "s2-t32",
      "begin" : 624,
      "end" : 628,
      "text" : "with",
      "whiteSpace" : false
    }, {
      "id" : "s2-t33",
      "begin" : 629,
      "end" : 631,
      "text" : "an",
      "whiteSpace" : false
    }, {
      "id" : "s2-t34",
      "begin" : 632,
      "end" : 640,
      "text" : "increase",
      "whiteSpace" : false
    }, {
      "id" : "s2-t35",
      "begin" : 641,
      "end" : 643,
      "text" : "in",
      "whiteSpace" : false
    }, {
      "id" : "s2-t36",
      "begin" : 644,
      "end" : 654,
      "text" : "inequality",
      "whiteSpace" : false
    }, {
      "id" : "s2-t37",
      "begin" : 654,
      "end" : 655,
      "text" : ".",
      "whiteSpace" : false
    } ]
  } ],
  "mentions" : [ {
    "id" : "m1",
    "properties" : {
      "SIRE_MENTION_ROLE" : "evidence",
      "SIRE_MENTION_CLASS" : "SPC",
      "SIRE_MENTION_TYPE" : "NONE",
      "SIRE_ENTITY_SUBTYPE" : "NONE"
    },
    "type" : "evidence",
    "begin" : 10,
    "end" : 18,
    "inCoref" : false
  }, {
    "id" : "m23",
    "properties" : {
      "SIRE_ENTITY_LEVEL" : "NONE",
      "SIRE_MENTION_ROLE" : "relation",
      "SIRE_MENTION_CLASS" : "SPC",
      "SIRE_MENTION_TYPE" : "NONE",
      "SIRE_ENTITY_CLASS" : "SPC",
      "SIRE_ENTITY_SUBTYPE" : "NONE"
    },
    "type" : "relation",
    "begin" : 23,
    "end" : 43,
    "inCoref" : false
  }, {
    "id" : "m2",
    "properties" : {
      "SIRE_MENTION_ROLE" : "Variable",
      "SIRE_MENTION_CLASS" : "SPC",
      "SIRE_MENTION_TYPE" : "NONE",
      "SIRE_ENTITY_SUBTYPE" : "NONE"
    },
    "type" : "Variable",
    "begin" : 62,
    "end" : 67,
    "inCoref" : true
  }, {
    "id" : "m3",
    "properties" : {
      "SIRE_MENTION_ROLE" : "Variable",
      "SIRE_MENTION_CLASS" : "SPC",
      "SIRE_MENTION_TYPE" : "NONE",
      "SIRE_ENTITY_SUBTYPE" : "NONE"
    },
    "type" : "Variable",
    "begin" : 72,
    "end" : 95,
    "inCoref" : true
  }, {
    "id" : "m4",
    "properties" : {
      "SIRE_MENTION_ROLE" : "relation",
      "SIRE_MENTION_CLASS" : "SPC",
      "SIRE_MENTION_TYPE" : "NONE",
      "SIRE_ENTITY_SUBTYPE" : "NONE"
    },
    "type" : "relation",
    "begin" : 104,
    "end" : 111,
    "inCoref" : false
  }, {
    "id" : "m5",
    "properties" : {
      "SIRE_MENTION_ROLE" : "Variable",
      "SIRE_MENTION_CLASS" : "SPC",
      "SIRE_MENTION_TYPE" : "NONE",
      "SIRE_ENTITY_SUBTYPE" : "NONE"
    },
    "type" : "Variable",
    "begin" : 112,
    "end" : 129,
    "inCoref" : true
  }, {
    "id" : "m6",
    "properties" : {
      "SIRE_MENTION_ROLE" : "evidence",
      "SIRE_MENTION_CLASS" : "SPC",
      "SIRE_MENTION_TYPE" : "NONE",
      "SIRE_ENTITY_SUBTYPE" : "NONE"
    },
    "type" : "evidence",
    "begin" : 288,
    "end" : 297,
    "inCoref" : false
  }, {
    "id" : "m8",
    "properties" : {
      "SIRE_MENTION_ROLE" : "relation",
      "SIRE_MENTION_CLASS" : "SPC",
      "SIRE_MENTION_TYPE" : "NONE",
      "SIRE_ENTITY_SUBTYPE" : "NONE"
    },
    "type" : "relation",
    "begin" : 321,
    "end" : 330,
    "inCoref" : false
  }, {
    "id" : "m9",
    "properties" : {
      "SIRE_MENTION_ROLE" : "Variable",
      "SIRE_MENTION_CLASS" : "SPC",
      "SIRE_MENTION_TYPE" : "NONE",
      "SIRE_ENTITY_SUBTYPE" : "NONE"
    },
    "type" : "Variable",
    "begin" : 331,
    "end" : 353,
    "inCoref" : false
  }, {
    "id" : "m10",
    "properties" : {
      "SIRE_MENTION_ROLE" : "Variable",
      "SIRE_MENTION_CLASS" : "SPC",
      "SIRE_MENTION_TYPE" : "NONE",
      "SIRE_ENTITY_SUBTYPE" : "NONE"
    },
    "type" : "Variable",
    "begin" : 359,
    "end" : 372,
    "inCoref" : true
  }, {
    "id" : "m11",
    "properties" : {
      "SIRE_MENTION_ROLE" : "Variable",
      "SIRE_MENTION_CLASS" : "SPC",
      "SIRE_MENTION_TYPE" : "NONE",
      "SIRE_ENTITY_SUBTYPE" : "NONE"
    },
    "type" : "Variable",
    "begin" : 376,
    "end" : 386,
    "inCoref" : true
  }, {
    "id" : "m12",
    "properties" : {
      "SIRE_MENTION_ROLE" : "relation",
      "SIRE_MENTION_CLASS" : "SPC",
      "SIRE_MENTION_TYPE" : "NONE",
      "SIRE_ENTITY_SUBTYPE" : "NONE"
    },
    "type" : "relation",
    "begin" : 408,
    "end" : 417,
    "inCoref" : false
  }, {
    "id" : "m13",
    "properties" : {
      "SIRE_MENTION_ROLE" : "Variable",
      "SIRE_MENTION_CLASS" : "SPC",
      "SIRE_MENTION_TYPE" : "NONE",
      "SIRE_ENTITY_SUBTYPE" : "NONE"
    },
    "type" : "Variable",
    "begin" : 418,
    "end" : 431,
    "inCoref" : true
  }, {
    "id" : "m14",
    "properties" : {
      "SIRE_MENTION_ROLE" : "Variable",
      "SIRE_MENTION_CLASS" : "SPC",
      "SIRE_MENTION_TYPE" : "NONE",
      "SIRE_ENTITY_SUBTYPE" : "NONE"
    },
    "type" : "Variable",
    "begin" : 476,
    "end" : 495,
    "inCoref" : true
  }, {
    "id" : "m15",
    "properties" : {
      "SIRE_MENTION_ROLE" : "relation",
      "SIRE_MENTION_CLASS" : "SPC",
      "SIRE_MENTION_TYPE" : "NONE",
      "SIRE_ENTITY_SUBTYPE" : "NONE"
    },
    "type" : "relation",
    "begin" : 499,
    "end" : 514,
    "inCoref" : false
  }, {
    "id" : "m16",
    "properties" : {
      "SIRE_MENTION_ROLE" : "relation",
      "SIRE_MENTION_CLASS" : "SPC",
      "SIRE_MENTION_TYPE" : "NONE",
      "SIRE_ENTITY_SUBTYPE" : "NONE"
    },
    "type" : "relation",
    "begin" : 517,
    "end" : 529,
    "inCoref" : false
  }, {
    "id" : "m17",
    "properties" : {
      "SIRE_MENTION_ROLE" : "Variable",
      "SIRE_MENTION_CLASS" : "SPC",
      "SIRE_MENTION_TYPE" : "NONE",
      "SIRE_ENTITY_SUBTYPE" : "NONE"
    },
    "type" : "Variable",
    "begin" : 530,
    "end" : 540,
    "inCoref" : true
  }, {
    "id" : "m18",
    "properties" : {
      "SIRE_MENTION_ROLE" : "Variable",
      "SIRE_MENTION_CLASS" : "SPC",
      "SIRE_MENTION_TYPE" : "NONE",
      "SIRE_ENTITY_SUBTYPE" : "NONE"
    },
    "type" : "Variable",
    "begin" : 542,
    "end" : 565,
    "inCoref" : true
  }, {
    "id" : "m19",
    "properties" : {
      "SIRE_MENTION_ROLE" : "Variable",
      "SIRE_MENTION_CLASS" : "SPC",
      "SIRE_MENTION_TYPE" : "NONE",
      "SIRE_ENTITY_SUBTYPE" : "NONE"
    },
    "type" : "Variable",
    "begin" : 570,
    "end" : 595,
    "inCoref" : false
  }, {
    "id" : "m20",
    "properties" : {
      "SIRE_MENTION_ROLE" : "relation",
      "SIRE_MENTION_CLASS" : "SPC",
      "SIRE_MENTION_TYPE" : "NONE",
      "SIRE_ENTITY_SUBTYPE" : "NONE"
    },
    "type" : "relation",
    "begin" : 613,
    "end" : 628,
    "inCoref" : false
  }, {
    "id" : "m21",
    "properties" : {
      "SIRE_MENTION_ROLE" : "relation",
      "SIRE_MENTION_CLASS" : "SPC",
      "SIRE_MENTION_TYPE" : "NONE",
      "SIRE_ENTITY_SUBTYPE" : "NONE"
    },
    "type" : "relation",
    "begin" : 632,
    "end" : 643,
    "inCoref" : false
  }, {
    "id" : "m22",
    "properties" : {
      "SIRE_MENTION_ROLE" : "Variable",
      "SIRE_MENTION_CLASS" : "SPC",
      "SIRE_MENTION_TYPE" : "NONE",
      "SIRE_ENTITY_SUBTYPE" : "NONE"
    },
    "type" : "Variable",
    "begin" : 644,
    "end" : 654,
    "inCoref" : true
  } ],
  "relations" : [ {
    "id" : "s1-r1",
    "properties" : { },
    "type" : "Causal",
    "args" : [ "m9", "m11" ]
  }, {
    "id" : "s1-r2",
    "properties" : { },
    "type" : "Causal",
    "args" : [ "m10", "m11" ]
  }, {
    "id" : "r1",
    "properties" : {
      "SIRE_RELATION_TENSE" : "UNSPECIFIED",
      "SIRE_RELATION_CLASS" : "SPECIFIC",
      "SIRE_RELATION_MODALITY" : "ASSERTED",
      "SIRE_RELATION_SUBTYPE" : "OTHER"
    },
    "type" : "RelateCorrelation",
    "args" : [ "m14", "m17" ]
  }, {
    "id" : "s2-r3",
    "properties" : { },
    "type" : "RelateCorrelation",
    "args" : [ "m19", "m22" ]
  }, {
    "id" : "s2-r4",
    "properties" : { },
    "type" : "RelateCorrelation",
    "args" : [ "m18", "m22" ]
  } ],
  "corefs" : [ {
    "id" : "c1",
    "properties" : { },
    "mentions" : [ "m2", "m14" ]
  }, {
    "id" : "c2",
    "properties" : { },
    "mentions" : [ "m3", "m10", "m13", "m18" ]
  }, {
    "id" : "c3",
    "properties" : { },
    "mentions" : [ "m11", "m17", "m22", "m5" ]
  } ],
  "typeResolved" : true,
  "userResolved" : false
}