{
  "id" : "9e7cfbb0-30ce-11ec-aeb1-4f7a687954bf-0",
  "name" : "2. Abdullah A, Doucouliagos H, Manning E (2015) .docx",
  "createdDate" : 0,
  "version" : 3,
  "text" : "This paper reexamines the effects of education on inequality through a comprehensive meta-regression analysis of the extant empirical literature. We find that education affects the two tails of the distribution of income: Education reduces the income share of top earners and increases the share of the bottom earners. Education has been particularly effective in reducing inequality in Africa. Some of the results suggest that secondary schooling appears to have a stronger effect than primary schooling, though this finding is not always robust. The heterogeneity in reported estimates can be largely explained by differences in the specification of the econometric model and measure of inequality and education.\nAbdullah A, Doucouliagos H, Manning E (2015)\n",
  "docLength" : 0,
  "language" : "EN",
  "status" : "IN_PROGRESS",
  "modifiedDate" : 1634827156909,
  "documentSet" : [ ],
  "preannotation" : [ "PRE_LW", "PRE_SIRE" ],
  "sentences" : [ {
    "id" : "s0",
    "begin" : 0,
    "end" : 145,
    "text" : "This paper reexamines the effects of education on inequality through a comprehensive meta-regression analysis of the extant empirical literature.",
    "tokens" : [ {
      "id" : "s0-t0",
      "begin" : 0,
      "end" : 4,
      "text" : "This",
      "whiteSpace" : false
    }, {
      "id" : "s0-t1",
      "begin" : 5,
      "end" : 10,
      "text" : "paper",
      "whiteSpace" : false
    }, {
      "id" : "s0-t2",
      "begin" : 11,
      "end" : 21,
      "text" : "reexamines",
      "whiteSpace" : false
    }, {
      "id" : "s0-t3",
      "begin" : 22,
      "end" : 25,
      "text" : "the",
      "whiteSpace" : false
    }, {
      "id" : "s0-t4",
      "begin" : 26,
      "end" : 33,
      "text" : "effects",
      "whiteSpace" : false
    }, {
      "id" : "s0-t5",
      "begin" : 34,
      "end" : 36,
      "text" : "of",
      "whiteSpace" : false
    }, {
      "id" : "s0-t6",
      "begin" : 37,
      "end" : 46,
      "text" : "education",
      "whiteSpace" : false
    }, {
      "id" : "s0-t7",
      "begin" : 47,
      "end" : 49,
      "text" : "on",
      "whiteSpace" : false
    }, {
      "id" : "s0-t8",
      "begin" : 50,
      "end" : 60,
      "text" : "inequality",
      "whiteSpace" : false
    }, {
      "id" : "s0-t9",
      "begin" : 61,
      "end" : 68,
      "text" : "through",
      "whiteSpace" : false
    }, {
      "id" : "s0-t10",
      "begin" : 69,
      "end" : 70,
      "text" : "a",
      "whiteSpace" : false
    }, {
      "id" : "s0-t11",
      "begin" : 71,
      "end" : 84,
      "text" : "comprehensive",
      "whiteSpace" : false
    }, {
      "id" : "s0-t12",
      "begin" : 85,
      "end" : 89,
      "text" : "meta",
      "whiteSpace" : false
    }, {
      "id" : "s0-t13",
      "begin" : 89,
      "end" : 90,
      "text" : "-",
      "whiteSpace" : false
    }, {
      "id" : "s0-t14",
      "begin" : 90,
      "end" : 100,
      "text" : "regression",
      "whiteSpace" : false
    }, {
      "id" : "s0-t15",
      "begin" : 101,
      "end" : 109,
      "text" : "analysis",
      "whiteSpace" : false
    }, {
      "id" : "s0-t16",
      "begin" : 110,
      "end" : 112,
      "text" : "of",
      "whiteSpace" : false
    }, {
      "id" : "s0-t17",
      "begin" : 113,
      "end" : 116,
      "text" : "the",
      "whiteSpace" : false
    }, {
      "id" : "s0-t18",
      "begin" : 117,
      "end" : 123,
      "text" : "extant",
      "whiteSpace" : false
    }, {
      "id" : "s0-t19",
      "begin" : 124,
      "end" : 133,
      "text" : "empirical",
      "whiteSpace" : false
    }, {
      "id" : "s0-t20",
      "begin" : 134,
      "end" : 144,
      "text" : "literature",
      "whiteSpace" : false
    }, {
      "id" : "s0-t21",
      "begin" : 144,
      "end" : 145,
      "text" : ".",
      "whiteSpace" : false
    } ]
  }, {
    "id" : "s1",
    "begin" : 146,
    "end" : 318,
    "text" : "We find that education affects the two tails of the distribution of income: Education reduces the income share of top earners and increases the share of the bottom earners.",
    "tokens" : [ {
      "id" : "s1-t0",
      "begin" : 146,
      "end" : 148,
      "text" : "We",
      "whiteSpace" : false
    }, {
      "id" : "s1-t1",
      "begin" : 149,
      "end" : 153,
      "text" : "find",
      "whiteSpace" : false
    }, {
      "id" : "s1-t2",
      "begin" : 154,
      "end" : 158,
      "text" : "that",
      "whiteSpace" : false
    }, {
      "id" : "s1-t3",
      "begin" : 159,
      "end" : 168,
      "text" : "education",
      "whiteSpace" : false
    }, {
      "id" : "s1-t4",
      "begin" : 169,
      "end" : 176,
      "text" : "affects",
      "whiteSpace" : false
    }, {
      "id" : "s1-t5",
      "begin" : 177,
      "end" : 180,
      "text" : "the",
      "whiteSpace" : false
    }, {
      "id" : "s1-t6",
      "begin" : 181,
      "end" : 184,
      "text" : "two",
      "whiteSpace" : false
    }, {
      "id" : "s1-t7",
      "begin" : 185,
      "end" : 190,
      "text" : "tails",
      "whiteSpace" : false
    }, {
      "id" : "s1-t8",
      "begin" : 191,
      "end" : 193,
      "text" : "of",
      "whiteSpace" : false
    }, {
      "id" : "s1-t9",
      "begin" : 194,
      "end" : 197,
      "text" : "the",
      "whiteSpace" : false
    }, {
      "id" : "s1-t10",
      "begin" : 198,
      "end" : 210,
      "text" : "distribution",
      "whiteSpace" : false
    }, {
      "id" : "s1-t11",
      "begin" : 211,
      "end" : 213,
      "text" : "of",
      "whiteSpace" : false
    }, {
      "id" : "s1-t12",
      "begin" : 214,
      "end" : 220,
      "text" : "income",
      "whiteSpace" : false
    }, {
      "id" : "s1-t13",
      "begin" : 220,
      "end" : 221,
      "text" : ":",
      "whiteSpace" : false
    }, {
      "id" : "s1-t14",
      "begin" : 222,
      "end" : 231,
      "text" : "Education",
      "whiteSpace" : false
    }, {
      "id" : "s1-t15",
      "begin" : 232,
      "end" : 239,
      "text" : "reduces",
      "whiteSpace" : false
    }, {
      "id" : "s1-t16",
      "begin" : 240,
      "end" : 243,
      "text" : "the",
      "whiteSpace" : false
    }, {
      "id" : "s1-t17",
      "begin" : 244,
      "end" : 250,
      "text" : "income",
      "whiteSpace" : false
    }, {
      "id" : "s1-t18",
      "begin" : 251,
      "end" : 256,
      "text" : "share",
      "whiteSpace" : false
    }, {
      "id" : "s1-t19",
      "begin" : 257,
      "end" : 259,
      "text" : "of",
      "whiteSpace" : false
    }, {
      "id" : "s1-t20",
      "begin" : 260,
      "end" : 263,
      "text" : "top",
      "whiteSpace" : false
    }, {
      "id" : "s1-t21",
      "begin" : 264,
      "end" : 271,
      "text" : "earners",
      "whiteSpace" : false
    }, {
      "id" : "s1-t22",
      "begin" : 272,
      "end" : 275,
      "text" : "and",
      "whiteSpace" : false
    }, {
      "id" : "s1-t23",
      "begin" : 276,
      "end" : 285,
      "text" : "increases",
      "whiteSpace" : false
    }, {
      "id" : "s1-t24",
      "begin" : 286,
      "end" : 289,
      "text" : "the",
      "whiteSpace" : false
    }, {
      "id" : "s1-t25",
      "begin" : 290,
      "end" : 295,
      "text" : "share",
      "whiteSpace" : false
    }, {
      "id" : "s1-t26",
      "begin" : 296,
      "end" : 298,
      "text" : "of",
      "whiteSpace" : false
    }, {
      "id" : "s1-t27",
      "begin" : 299,
      "end" : 302,
      "text" : "the",
      "whiteSpace" : false
    }, {
      "id" : "s1-t28",
      "begin" : 303,
      "end" : 309,
      "text" : "bottom",
      "whiteSpace" : false
    }, {
      "id" : "s1-t29",
      "begin" : 310,
      "end" : 317,
      "text" : "earners",
      "whiteSpace" : false
    }, {
      "id" : "s1-t30",
      "begin" : 317,
      "end" : 318,
      "text" : ".",
      "whiteSpace" : false
    } ]
  }, {
    "id" : "s2",
    "begin" : 319,
    "end" : 394,
    "text" : "Education has been particularly effective in reducing inequality in Africa.",
    "tokens" : [ {
      "id" : "s2-t0",
      "begin" : 319,
      "end" : 328,
      "text" : "Education",
      "whiteSpace" : false
    }, {
      "id" : "s2-t1",
      "begin" : 329,
      "end" : 332,
      "text" : "has",
      "whiteSpace" : false
    }, {
      "id" : "s2-t2",
      "begin" : 333,
      "end" : 337,
      "text" : "been",
      "whiteSpace" : false
    }, {
      "id" : "s2-t3",
      "begin" : 338,
      "end" : 350,
      "text" : "particularly",
      "whiteSpace" : false
    }, {
      "id" : "s2-t4",
      "begin" : 351,
      "end" : 360,
      "text" : "effective",
      "whiteSpace" : false
    }, {
      "id" : "s2-t5",
      "begin" : 361,
      "end" : 363,
      "text" : "in",
      "whiteSpace" : false
    }, {
      "id" : "s2-t6",
      "begin" : 364,
      "end" : 372,
      "text" : "reducing",
      "whiteSpace" : false
    }, {
      "id" : "s2-t7",
      "begin" : 373,
      "end" : 383,
      "text" : "inequality",
      "whiteSpace" : false
    }, {
      "id" : "s2-t8",
      "begin" : 384,
      "end" : 386,
      "text" : "in",
      "whiteSpace" : false
    }, {
      "id" : "s2-t9",
      "begin" : 387,
      "end" : 393,
      "text" : "Africa",
      "whiteSpace" : false
    }, {
      "id" : "s2-t10",
      "begin" : 393,
      "end" : 394,
      "text" : ".",
      "whiteSpace" : false
    } ]
  }, {
    "id" : "s3",
    "begin" : 395,
    "end" : 547,
    "text" : "Some of the results suggest that secondary schooling appears to have a stronger effect than primary schooling, though this finding is not always robust.",
    "tokens" : [ {
      "id" : "s3-t0",
      "begin" : 395,
      "end" : 399,
      "text" : "Some",
      "whiteSpace" : false
    }, {
      "id" : "s3-t1",
      "begin" : 400,
      "end" : 402,
      "text" : "of",
      "whiteSpace" : false
    }, {
      "id" : "s3-t2",
      "begin" : 403,
      "end" : 406,
      "text" : "the",
      "whiteSpace" : false
    }, {
      "id" : "s3-t3",
      "begin" : 407,
      "end" : 414,
      "text" : "results",
      "whiteSpace" : false
    }, {
      "id" : "s3-t4",
      "begin" : 415,
      "end" : 422,
      "text" : "suggest",
      "whiteSpace" : false
    }, {
      "id" : "s3-t5",
      "begin" : 423,
      "end" : 427,
      "text" : "that",
      "whiteSpace" : false
    }, {
      "id" : "s3-t6",
      "begin" : 428,
      "end" : 437,
      "text" : "secondary",
      "whiteSpace" : false
    }, {
      "id" : "s3-t7",
      "begin" : 438,
      "end" : 447,
      "text" : "schooling",
      "whiteSpace" : false
    }, {
      "id" : "s3-t8",
      "begin" : 448,
      "end" : 455,
      "text" : "appears",
      "whiteSpace" : false
    }, {
      "id" : "s3-t9",
      "begin" : 456,
      "end" : 458,
      "text" : "to",
      "whiteSpace" : false
    }, {
      "id" : "s3-t10",
      "begin" : 459,
      "end" : 463,
      "text" : "have",
      "whiteSpace" : false
    }, {
      "id" : "s3-t11",
      "begin" : 464,
      "end" : 465,
      "text" : "a",
      "whiteSpace" : false
    }, {
      "id" : "s3-t12",
      "begin" : 466,
      "end" : 474,
      "text" : "stronger",
      "whiteSpace" : false
    }, {
      "id" : "s3-t13",
      "begin" : 475,
      "end" : 481,
      "text" : "effect",
      "whiteSpace" : false
    }, {
      "id" : "s3-t14",
      "begin" : 482,
      "end" : 486,
      "text" : "than",
      "whiteSpace" : false
    }, {
      "id" : "s3-t15",
      "begin" : 487,
      "end" : 494,
      "text" : "primary",
      "whiteSpace" : false
    }, {
      "id" : "s3-t16",
      "begin" : 495,
      "end" : 504,
      "text" : "schooling",
      "whiteSpace" : false
    }, {
      "id" : "s3-t17",
      "begin" : 504,
      "end" : 505,
      "text" : ",",
      "whiteSpace" : false
    }, {
      "id" : "s3-t18",
      "begin" : 506,
      "end" : 512,
      "text" : "though",
      "whiteSpace" : false
    }, {
      "id" : "s3-t19",
      "begin" : 513,
      "end" : 517,
      "text" : "this",
      "whiteSpace" : false
    }, {
      "id" : "s3-t20",
      "begin" : 518,
      "end" : 525,
      "text" : "finding",
      "whiteSpace" : false
    }, {
      "id" : "s3-t21",
      "begin" : 526,
      "end" : 528,
      "text" : "is",
      "whiteSpace" : false
    }, {
      "id" : "s3-t22",
      "begin" : 529,
      "end" : 532,
      "text" : "not",
      "whiteSpace" : false
    }, {
      "id" : "s3-t23",
      "begin" : 533,
      "end" : 539,
      "text" : "always",
      "whiteSpace" : false
    }, {
      "id" : "s3-t24",
      "begin" : 540,
      "end" : 546,
      "text" : "robust",
      "whiteSpace" : false
    }, {
      "id" : "s3-t25",
      "begin" : 546,
      "end" : 547,
      "text" : ".",
      "whiteSpace" : false
    } ]
  }, {
    "id" : "s4",
    "begin" : 548,
    "end" : 714,
    "text" : "The heterogeneity in reported estimates can be largely explained by differences in the specification of the econometric model and measure of inequality and education.",
    "tokens" : [ {
      "id" : "s4-t0",
      "begin" : 548,
      "end" : 551,
      "text" : "The",
      "whiteSpace" : false
    }, {
      "id" : "s4-t1",
      "begin" : 552,
      "end" : 565,
      "text" : "heterogeneity",
      "whiteSpace" : false
    }, {
      "id" : "s4-t2",
      "begin" : 566,
      "end" : 568,
      "text" : "in",
      "whiteSpace" : false
    }, {
      "id" : "s4-t3",
      "begin" : 569,
      "end" : 577,
      "text" : "reported",
      "whiteSpace" : false
    }, {
      "id" : "s4-t4",
      "begin" : 578,
      "end" : 587,
      "text" : "estimates",
      "whiteSpace" : false
    }, {
      "id" : "s4-t5",
      "begin" : 588,
      "end" : 591,
      "text" : "can",
      "whiteSpace" : false
    }, {
      "id" : "s4-t6",
      "begin" : 592,
      "end" : 594,
      "text" : "be",
      "whiteSpace" : false
    }, {
      "id" : "s4-t7",
      "begin" : 595,
      "end" : 602,
      "text" : "largely",
      "whiteSpace" : false
    }, {
      "id" : "s4-t8",
      "begin" : 603,
      "end" : 612,
      "text" : "explained",
      "whiteSpace" : false
    }, {
      "id" : "s4-t9",
      "begin" : 613,
      "end" : 615,
      "text" : "by",
      "whiteSpace" : false
    }, {
      "id" : "s4-t10",
      "begin" : 616,
      "end" : 627,
      "text" : "differences",
      "whiteSpace" : false
    }, {
      "id" : "s4-t11",
      "begin" : 628,
      "end" : 630,
      "text" : "in",
      "whiteSpace" : false
    }, {
      "id" : "s4-t12",
      "begin" : 631,
      "end" : 634,
      "text" : "the",
      "whiteSpace" : false
    }, {
      "id" : "s4-t13",
      "begin" : 635,
      "end" : 648,
      "text" : "specification",
      "whiteSpace" : false
    }, {
      "id" : "s4-t14",
      "begin" : 649,
      "end" : 651,
      "text" : "of",
      "whiteSpace" : false
    }, {
      "id" : "s4-t15",
      "begin" : 652,
      "end" : 655,
      "text" : "the",
      "whiteSpace" : false
    }, {
      "id" : "s4-t16",
      "begin" : 656,
      "end" : 667,
      "text" : "econometric",
      "whiteSpace" : false
    }, {
      "id" : "s4-t17",
      "begin" : 668,
      "end" : 673,
      "text" : "model",
      "whiteSpace" : false
    }, {
      "id" : "s4-t18",
      "begin" : 674,
      "end" : 677,
      "text" : "and",
      "whiteSpace" : false
    }, {
      "id" : "s4-t19",
      "begin" : 678,
      "end" : 685,
      "text" : "measure",
      "whiteSpace" : false
    }, {
      "id" : "s4-t20",
      "begin" : 686,
      "end" : 688,
      "text" : "of",
      "whiteSpace" : false
    }, {
      "id" : "s4-t21",
      "begin" : 689,
      "end" : 699,
      "text" : "inequality",
      "whiteSpace" : false
    }, {
      "id" : "s4-t22",
      "begin" : 700,
      "end" : 703,
      "text" : "and",
      "whiteSpace" : false
    }, {
      "id" : "s4-t23",
      "begin" : 704,
      "end" : 713,
      "text" : "education",
      "whiteSpace" : false
    }, {
      "id" : "s4-t24",
      "begin" : 713,
      "end" : 714,
      "text" : ".",
      "whiteSpace" : false
    } ]
  }, {
    "id" : "s5",
    "begin" : 715,
    "end" : 759,
    "text" : "Abdullah A, Doucouliagos H, Manning E (2015)",
    "tokens" : [ {
      "id" : "s5-t0",
      "begin" : 715,
      "end" : 723,
      "text" : "Abdullah",
      "whiteSpace" : false
    }, {
      "id" : "s5-t1",
      "begin" : 724,
      "end" : 725,
      "text" : "A",
      "whiteSpace" : false
    }, {
      "id" : "s5-t2",
      "begin" : 725,
      "end" : 726,
      "text" : ",",
      "whiteSpace" : false
    }, {
      "id" : "s5-t3",
      "begin" : 727,
      "end" : 739,
      "text" : "Doucouliagos",
      "whiteSpace" : false
    }, {
      "id" : "s5-t4",
      "begin" : 740,
      "end" : 741,
      "text" : "H",
      "whiteSpace" : false
    }, {
      "id" : "s5-t5",
      "begin" : 741,
      "end" : 742,
      "text" : ",",
      "whiteSpace" : false
    }, {
      "id" : "s5-t6",
      "begin" : 743,
      "end" : 750,
      "text" : "Manning",
      "whiteSpace" : false
    }, {
      "id" : "s5-t7",
      "begin" : 751,
      "end" : 752,
      "text" : "E",
      "whiteSpace" : false
    }, {
      "id" : "s5-t8",
      "begin" : 753,
      "end" : 754,
      "text" : "(",
      "whiteSpace" : false
    }, {
      "id" : "s5-t9",
      "begin" : 754,
      "end" : 758,
      "text" : "2015",
      "whiteSpace" : false
    }, {
      "id" : "s5-t10",
      "begin" : 758,
      "end" : 759,
      "text" : ")",
      "whiteSpace" : false
    } ]
  } ],
  "mentions" : [ {
    "id" : "m22",
    "properties" : {
      "SIRE_ENTITY_LEVEL" : "NONE",
      "SIRE_MENTION_ROLE" : "evidence",
      "SIRE_MENTION_CLASS" : "SPC",
      "SIRE_MENTION_TYPE" : "NONE",
      "SIRE_ENTITY_CLASS" : "SPC",
      "SIRE_ENTITY_SUBTYPE" : "NONE"
    },
    "type" : "evidence",
    "begin" : 11,
    "end" : 21,
    "inCoref" : false
  }, {
    "id" : "m23",
    "properties" : {
      "SIRE_ENTITY_LEVEL" : "NONE",
      "SIRE_MENTION_ROLE" : "relation",
      "SIRE_MENTION_CLASS" : "SPC",
      "SIRE_MENTION_TYPE" : "NONE",
      "SIRE_ENTITY_CLASS" : "SPC",
      "SIRE_ENTITY_SUBTYPE" : "NONE"
    },
    "type" : "relation",
    "begin" : 26,
    "end" : 36,
    "inCoref" : false
  }, {
    "id" : "m1",
    "properties" : {
      "SIRE_MENTION_ROLE" : "Variable",
      "SIRE_MENTION_CLASS" : "SPC",
      "SIRE_MENTION_TYPE" : "NONE",
      "SIRE_ENTITY_SUBTYPE" : "NONE"
    },
    "type" : "Variable",
    "begin" : 37,
    "end" : 46,
    "inCoref" : true
  }, {
    "id" : "m2",
    "properties" : {
      "SIRE_MENTION_ROLE" : "Variable",
      "SIRE_MENTION_CLASS" : "SPC",
      "SIRE_MENTION_TYPE" : "NONE",
      "SIRE_ENTITY_SUBTYPE" : "NONE"
    },
    "type" : "Variable",
    "begin" : 50,
    "end" : 60,
    "inCoref" : true
  }, {
    "id" : "m3",
    "properties" : {
      "SIRE_MENTION_ROLE" : "evidence",
      "SIRE_MENTION_CLASS" : "SPC",
      "SIRE_MENTION_TYPE" : "NONE",
      "SIRE_ENTITY_SUBTYPE" : "NONE"
    },
    "type" : "evidence",
    "begin" : 149,
    "end" : 153,
    "inCoref" : false
  }, {
    "id" : "m4",
    "properties" : {
      "SIRE_MENTION_ROLE" : "Variable",
      "SIRE_MENTION_CLASS" : "SPC",
      "SIRE_MENTION_TYPE" : "NONE",
      "SIRE_ENTITY_SUBTYPE" : "NONE"
    },
    "type" : "Variable",
    "begin" : 159,
    "end" : 168,
    "inCoref" : true
  }, {
    "id" : "s1-m9",
    "properties" : {
      "SIRE_MENTION_ROLE" : "relation",
      "SIRE_ENTITY_SUBTYPE" : "NONE",
      "SIRE_MENTION_TYPE" : "NONE",
      "SIRE_MENTION_CLASS" : "SPC"
    },
    "type" : "relation",
    "begin" : 169,
    "end" : 176,
    "inCoref" : false
  }, {
    "id" : "m5",
    "properties" : {
      "SIRE_MENTION_ROLE" : "Variable",
      "SIRE_MENTION_CLASS" : "SPC",
      "SIRE_MENTION_TYPE" : "NONE",
      "SIRE_ENTITY_SUBTYPE" : "NONE"
    },
    "type" : "Variable",
    "begin" : 198,
    "end" : 220,
    "inCoref" : false
  }, {
    "id" : "m6",
    "properties" : {
      "SIRE_MENTION_ROLE" : "Variable",
      "SIRE_MENTION_CLASS" : "SPC",
      "SIRE_MENTION_TYPE" : "NONE",
      "SIRE_ENTITY_SUBTYPE" : "NONE"
    },
    "type" : "Variable",
    "begin" : 222,
    "end" : 231,
    "inCoref" : true
  }, {
    "id" : "m7",
    "properties" : {
      "SIRE_MENTION_ROLE" : "relation",
      "SIRE_MENTION_CLASS" : "SPC",
      "SIRE_MENTION_TYPE" : "NONE",
      "SIRE_ENTITY_SUBTYPE" : "NONE"
    },
    "type" : "relation",
    "begin" : 232,
    "end" : 239,
    "inCoref" : false
  }, {
    "id" : "m8",
    "properties" : {
      "SIRE_MENTION_ROLE" : "Variable",
      "SIRE_MENTION_CLASS" : "SPC",
      "SIRE_MENTION_TYPE" : "NONE",
      "SIRE_ENTITY_SUBTYPE" : "NONE"
    },
    "type" : "Variable",
    "begin" : 244,
    "end" : 271,
    "inCoref" : false
  }, {
    "id" : "m9",
    "properties" : {
      "SIRE_MENTION_ROLE" : "relation",
      "SIRE_MENTION_CLASS" : "SPC",
      "SIRE_MENTION_TYPE" : "NONE",
      "SIRE_ENTITY_SUBTYPE" : "NONE"
    },
    "type" : "relation",
    "begin" : 276,
    "end" : 285,
    "inCoref" : false
  }, {
    "id" : "s1-m8",
    "properties" : {
      "SIRE_MENTION_ROLE" : "Variable",
      "SIRE_ENTITY_SUBTYPE" : "NONE",
      "SIRE_MENTION_TYPE" : "NONE",
      "SIRE_MENTION_CLASS" : "SPC"
    },
    "type" : "Variable",
    "begin" : 290,
    "end" : 317,
    "inCoref" : false
  }, {
    "id" : "m10",
    "properties" : {
      "SIRE_MENTION_ROLE" : "Variable",
      "SIRE_MENTION_CLASS" : "SPC",
      "SIRE_MENTION_TYPE" : "NONE",
      "SIRE_ENTITY_SUBTYPE" : "NONE"
    },
    "type" : "Variable",
    "begin" : 319,
    "end" : 328,
    "inCoref" : true
  }, {
    "id" : "s2-m3",
    "properties" : {
      "SIRE_MENTION_ROLE" : "relation",
      "SIRE_ENTITY_SUBTYPE" : "NONE",
      "SIRE_MENTION_TYPE" : "NONE",
      "SIRE_MENTION_CLASS" : "SPC"
    },
    "type" : "relation",
    "begin" : 351,
    "end" : 363,
    "inCoref" : false
  }, {
    "id" : "m11",
    "properties" : {
      "SIRE_MENTION_ROLE" : "Variable",
      "SIRE_MENTION_CLASS" : "SPC",
      "SIRE_MENTION_TYPE" : "NONE",
      "SIRE_ENTITY_SUBTYPE" : "NONE"
    },
    "type" : "Variable",
    "begin" : 373,
    "end" : 383,
    "inCoref" : true
  }, {
    "id" : "m12",
    "properties" : {
      "SIRE_MENTION_ROLE" : "evidence",
      "SIRE_MENTION_CLASS" : "SPC",
      "SIRE_MENTION_TYPE" : "NONE",
      "SIRE_ENTITY_SUBTYPE" : "NONE"
    },
    "type" : "evidence",
    "begin" : 407,
    "end" : 414,
    "inCoref" : false
  }, {
    "id" : "m13",
    "properties" : {
      "SIRE_MENTION_ROLE" : "evidence",
      "SIRE_MENTION_CLASS" : "SPC",
      "SIRE_MENTION_TYPE" : "NONE",
      "SIRE_ENTITY_SUBTYPE" : "NONE"
    },
    "type" : "evidence",
    "begin" : 415,
    "end" : 422,
    "inCoref" : false
  }, {
    "id" : "m14",
    "properties" : {
      "SIRE_MENTION_ROLE" : "Variable",
      "SIRE_MENTION_CLASS" : "SPC",
      "SIRE_MENTION_TYPE" : "NONE",
      "SIRE_ENTITY_SUBTYPE" : "NONE"
    },
    "type" : "Variable",
    "begin" : 428,
    "end" : 447,
    "inCoref" : false
  }, {
    "id" : "m15",
    "properties" : {
      "SIRE_MENTION_ROLE" : "relation",
      "SIRE_MENTION_CLASS" : "SPC",
      "SIRE_MENTION_TYPE" : "NONE",
      "SIRE_ENTITY_SUBTYPE" : "NONE"
    },
    "type" : "relation",
    "begin" : 475,
    "end" : 481,
    "inCoref" : false
  }, {
    "id" : "m16",
    "properties" : {
      "SIRE_MENTION_ROLE" : "Variable",
      "SIRE_MENTION_CLASS" : "SPC",
      "SIRE_MENTION_TYPE" : "NONE",
      "SIRE_ENTITY_SUBTYPE" : "NONE"
    },
    "type" : "Variable",
    "begin" : 487,
    "end" : 504,
    "inCoref" : false
  }, {
    "id" : "m17",
    "properties" : {
      "SIRE_MENTION_ROLE" : "evidence",
      "SIRE_MENTION_CLASS" : "SPC",
      "SIRE_MENTION_TYPE" : "NONE",
      "SIRE_ENTITY_SUBTYPE" : "NONE"
    },
    "type" : "evidence",
    "begin" : 518,
    "end" : 525,
    "inCoref" : false
  }, {
    "id" : "m18",
    "properties" : {
      "SIRE_MENTION_ROLE" : "evidence",
      "SIRE_MENTION_CLASS" : "SPC",
      "SIRE_MENTION_TYPE" : "NONE",
      "SIRE_ENTITY_SUBTYPE" : "NONE"
    },
    "type" : "evidence",
    "begin" : 578,
    "end" : 587,
    "inCoref" : false
  }, {
    "id" : "m19",
    "properties" : {
      "SIRE_MENTION_ROLE" : "relation",
      "SIRE_MENTION_CLASS" : "SPC",
      "SIRE_MENTION_TYPE" : "NONE",
      "SIRE_ENTITY_SUBTYPE" : "NONE"
    },
    "type" : "relation",
    "begin" : 603,
    "end" : 615,
    "inCoref" : false
  }, {
    "id" : "m20",
    "properties" : {
      "SIRE_MENTION_ROLE" : "Variable",
      "SIRE_MENTION_CLASS" : "SPC",
      "SIRE_MENTION_TYPE" : "NONE",
      "SIRE_ENTITY_SUBTYPE" : "NONE"
    },
    "type" : "Variable",
    "begin" : 689,
    "end" : 699,
    "inCoref" : true
  }, {
    "id" : "m21",
    "properties" : {
      "SIRE_MENTION_ROLE" : "Variable",
      "SIRE_MENTION_CLASS" : "SPC",
      "SIRE_MENTION_TYPE" : "NONE",
      "SIRE_ENTITY_SUBTYPE" : "NONE"
    },
    "type" : "Variable",
    "begin" : 704,
    "end" : 713,
    "inCoref" : true
  } ],
  "relations" : [ {
    "id" : "r1",
    "properties" : {
      "SIRE_RELATION_TENSE" : "UNSPECIFIED",
      "SIRE_RELATION_CLASS" : "SPECIFIC",
      "SIRE_RELATION_MODALITY" : "ASSERTED",
      "SIRE_RELATION_SUBTYPE" : "OTHER"
    },
    "type" : "Causal",
    "args" : [ "m1", "m2" ]
  }, {
    "id" : "r2",
    "properties" : {
      "SIRE_RELATION_TENSE" : "UNSPECIFIED",
      "SIRE_RELATION_CLASS" : "SPECIFIC",
      "SIRE_RELATION_MODALITY" : "ASSERTED",
      "SIRE_RELATION_SUBTYPE" : "OTHER"
    },
    "type" : "Causal",
    "args" : [ "m4", "m5" ]
  }, {
    "id" : "s1-r1",
    "properties" : { },
    "type" : "Causal",
    "args" : [ "m6", "m8" ]
  }, {
    "id" : "s1-r2",
    "properties" : { },
    "type" : "Causal",
    "args" : [ "m6", "s1-m8" ]
  }, {
    "id" : "s2-r1",
    "properties" : { },
    "type" : "Causal",
    "args" : [ "m10", "m11" ]
  } ],
  "corefs" : [ {
    "id" : "c1",
    "properties" : { },
    "mentions" : [ "m1", "m4", "m6", "m10", "m21" ]
  }, {
    "id" : "c2",
    "properties" : { },
    "mentions" : [ "m2", "m11", "m20" ]
  } ],
  "typeResolved" : true,
  "userResolved" : false
}