{
  "id" : "9e7cfbb0-30ce-11ec-aeb1-4f7a687954bf-2",
  "name" : "5. Aghion P, Akcigit U, Bergeaud A, Blundell R, Hémous D (2018) .docx",
  "createdDate" : 0,
  "version" : 3,
  "text" : "Abstract In this article, we use cross-state panel and cross-U.S. commuting-zone data to look at the relationship between innovation, top income inequality and social mobility. We find positive correlations between measures of innovation and top income inequality. We also show that the correlations between innovation and broad measures of inequality are not significant. Next, using instrumental variable analysis, we argue that these correlations at least partly reflect a causality from innovation to top income shares. Finally, we show that innovation, particularly by new entrants, is positively associated with social mobility, but less so in local areas with more intense lobbying activities.\n\n",
  "docLength" : 0,
  "language" : "EN",
  "status" : "IN_PROGRESS",
  "modifiedDate" : 1639147142664,
  "documentSet" : [ ],
  "preannotation" : [ "PRE_LW", "PRE_SIRE" ],
  "sentences" : [ {
    "id" : "s0",
    "begin" : 0,
    "end" : 176,
    "text" : "Abstract In this article, we use cross-state panel and cross-U.S. commuting-zone data to look at the relationship between innovation, top income inequality and social mobility.",
    "tokens" : [ {
      "id" : "s0-t0",
      "begin" : 0,
      "end" : 8,
      "text" : "Abstract",
      "whiteSpace" : false
    }, {
      "id" : "s0-t1",
      "begin" : 9,
      "end" : 11,
      "text" : "In",
      "whiteSpace" : false
    }, {
      "id" : "s0-t2",
      "begin" : 12,
      "end" : 16,
      "text" : "this",
      "whiteSpace" : false
    }, {
      "id" : "s0-t3",
      "begin" : 17,
      "end" : 24,
      "text" : "article",
      "whiteSpace" : false
    }, {
      "id" : "s0-t4",
      "begin" : 24,
      "end" : 25,
      "text" : ",",
      "whiteSpace" : false
    }, {
      "id" : "s0-t5",
      "begin" : 26,
      "end" : 28,
      "text" : "we",
      "whiteSpace" : false
    }, {
      "id" : "s0-t6",
      "begin" : 29,
      "end" : 32,
      "text" : "use",
      "whiteSpace" : false
    }, {
      "id" : "s0-t7",
      "begin" : 33,
      "end" : 44,
      "text" : "cross-state",
      "whiteSpace" : false
    }, {
      "id" : "s0-t8",
      "begin" : 45,
      "end" : 50,
      "text" : "panel",
      "whiteSpace" : false
    }, {
      "id" : "s0-t9",
      "begin" : 51,
      "end" : 54,
      "text" : "and",
      "whiteSpace" : false
    }, {
      "id" : "s0-t10",
      "begin" : 55,
      "end" : 65,
      "text" : "cross-U.S.",
      "whiteSpace" : false
    }, {
      "id" : "s0-t11",
      "begin" : 66,
      "end" : 75,
      "text" : "commuting",
      "whiteSpace" : false
    }, {
      "id" : "s0-t12",
      "begin" : 75,
      "end" : 76,
      "text" : "-",
      "whiteSpace" : false
    }, {
      "id" : "s0-t13",
      "begin" : 76,
      "end" : 80,
      "text" : "zone",
      "whiteSpace" : false
    }, {
      "id" : "s0-t14",
      "begin" : 81,
      "end" : 85,
      "text" : "data",
      "whiteSpace" : false
    }, {
      "id" : "s0-t15",
      "begin" : 86,
      "end" : 88,
      "text" : "to",
      "whiteSpace" : false
    }, {
      "id" : "s0-t16",
      "begin" : 89,
      "end" : 93,
      "text" : "look",
      "whiteSpace" : false
    }, {
      "id" : "s0-t17",
      "begin" : 94,
      "end" : 96,
      "text" : "at",
      "whiteSpace" : false
    }, {
      "id" : "s0-t18",
      "begin" : 97,
      "end" : 100,
      "text" : "the",
      "whiteSpace" : false
    }, {
      "id" : "s0-t19",
      "begin" : 101,
      "end" : 113,
      "text" : "relationship",
      "whiteSpace" : false
    }, {
      "id" : "s0-t20",
      "begin" : 114,
      "end" : 121,
      "text" : "between",
      "whiteSpace" : false
    }, {
      "id" : "s0-t21",
      "begin" : 122,
      "end" : 132,
      "text" : "innovation",
      "whiteSpace" : false
    }, {
      "id" : "s0-t22",
      "begin" : 132,
      "end" : 133,
      "text" : ",",
      "whiteSpace" : false
    }, {
      "id" : "s0-t23",
      "begin" : 134,
      "end" : 137,
      "text" : "top",
      "whiteSpace" : false
    }, {
      "id" : "s0-t24",
      "begin" : 138,
      "end" : 144,
      "text" : "income",
      "whiteSpace" : false
    }, {
      "id" : "s0-t25",
      "begin" : 145,
      "end" : 155,
      "text" : "inequality",
      "whiteSpace" : false
    }, {
      "id" : "s0-t26",
      "begin" : 156,
      "end" : 159,
      "text" : "and",
      "whiteSpace" : false
    }, {
      "id" : "s0-t27",
      "begin" : 160,
      "end" : 166,
      "text" : "social",
      "whiteSpace" : false
    }, {
      "id" : "s0-t28",
      "begin" : 167,
      "end" : 175,
      "text" : "mobility",
      "whiteSpace" : false
    }, {
      "id" : "s0-t29",
      "begin" : 175,
      "end" : 176,
      "text" : ".",
      "whiteSpace" : false
    } ]
  }, {
    "id" : "s1",
    "begin" : 177,
    "end" : 264,
    "text" : "We find positive correlations between measures of innovation and top income inequality.",
    "tokens" : [ {
      "id" : "s1-t0",
      "begin" : 177,
      "end" : 179,
      "text" : "We",
      "whiteSpace" : false
    }, {
      "id" : "s1-t1",
      "begin" : 180,
      "end" : 184,
      "text" : "find",
      "whiteSpace" : false
    }, {
      "id" : "s1-t2",
      "begin" : 185,
      "end" : 193,
      "text" : "positive",
      "whiteSpace" : false
    }, {
      "id" : "s1-t3",
      "begin" : 194,
      "end" : 206,
      "text" : "correlations",
      "whiteSpace" : false
    }, {
      "id" : "s1-t4",
      "begin" : 207,
      "end" : 214,
      "text" : "between",
      "whiteSpace" : false
    }, {
      "id" : "s1-t5",
      "begin" : 215,
      "end" : 223,
      "text" : "measures",
      "whiteSpace" : false
    }, {
      "id" : "s1-t6",
      "begin" : 224,
      "end" : 226,
      "text" : "of",
      "whiteSpace" : false
    }, {
      "id" : "s1-t7",
      "begin" : 227,
      "end" : 237,
      "text" : "innovation",
      "whiteSpace" : false
    }, {
      "id" : "s1-t8",
      "begin" : 238,
      "end" : 241,
      "text" : "and",
      "whiteSpace" : false
    }, {
      "id" : "s1-t9",
      "begin" : 242,
      "end" : 245,
      "text" : "top",
      "whiteSpace" : false
    }, {
      "id" : "s1-t10",
      "begin" : 246,
      "end" : 252,
      "text" : "income",
      "whiteSpace" : false
    }, {
      "id" : "s1-t11",
      "begin" : 253,
      "end" : 263,
      "text" : "inequality",
      "whiteSpace" : false
    }, {
      "id" : "s1-t12",
      "begin" : 263,
      "end" : 264,
      "text" : ".",
      "whiteSpace" : false
    } ]
  }, {
    "id" : "s2",
    "begin" : 265,
    "end" : 372,
    "text" : "We also show that the correlations between innovation and broad measures of inequality are not significant.",
    "tokens" : [ {
      "id" : "s2-t0",
      "begin" : 265,
      "end" : 267,
      "text" : "We",
      "whiteSpace" : false
    }, {
      "id" : "s2-t1",
      "begin" : 268,
      "end" : 272,
      "text" : "also",
      "whiteSpace" : false
    }, {
      "id" : "s2-t2",
      "begin" : 273,
      "end" : 277,
      "text" : "show",
      "whiteSpace" : false
    }, {
      "id" : "s2-t3",
      "begin" : 278,
      "end" : 282,
      "text" : "that",
      "whiteSpace" : false
    }, {
      "id" : "s2-t4",
      "begin" : 283,
      "end" : 286,
      "text" : "the",
      "whiteSpace" : false
    }, {
      "id" : "s2-t5",
      "begin" : 287,
      "end" : 299,
      "text" : "correlations",
      "whiteSpace" : false
    }, {
      "id" : "s2-t6",
      "begin" : 300,
      "end" : 307,
      "text" : "between",
      "whiteSpace" : false
    }, {
      "id" : "s2-t7",
      "begin" : 308,
      "end" : 318,
      "text" : "innovation",
      "whiteSpace" : false
    }, {
      "id" : "s2-t8",
      "begin" : 319,
      "end" : 322,
      "text" : "and",
      "whiteSpace" : false
    }, {
      "id" : "s2-t9",
      "begin" : 323,
      "end" : 328,
      "text" : "broad",
      "whiteSpace" : false
    }, {
      "id" : "s2-t10",
      "begin" : 329,
      "end" : 337,
      "text" : "measures",
      "whiteSpace" : false
    }, {
      "id" : "s2-t11",
      "begin" : 338,
      "end" : 340,
      "text" : "of",
      "whiteSpace" : false
    }, {
      "id" : "s2-t12",
      "begin" : 341,
      "end" : 351,
      "text" : "inequality",
      "whiteSpace" : false
    }, {
      "id" : "s2-t13",
      "begin" : 352,
      "end" : 355,
      "text" : "are",
      "whiteSpace" : false
    }, {
      "id" : "s2-t14",
      "begin" : 356,
      "end" : 359,
      "text" : "not",
      "whiteSpace" : false
    }, {
      "id" : "s2-t15",
      "begin" : 360,
      "end" : 371,
      "text" : "significant",
      "whiteSpace" : false
    }, {
      "id" : "s2-t16",
      "begin" : 371,
      "end" : 372,
      "text" : ".",
      "whiteSpace" : false
    } ]
  }, {
    "id" : "s3",
    "begin" : 373,
    "end" : 523,
    "text" : "Next, using instrumental variable analysis, we argue that these correlations at least partly reflect a causality from innovation to top income shares.",
    "tokens" : [ {
      "id" : "s3-t0",
      "begin" : 373,
      "end" : 377,
      "text" : "Next",
      "whiteSpace" : false
    }, {
      "id" : "s3-t1",
      "begin" : 377,
      "end" : 378,
      "text" : ",",
      "whiteSpace" : false
    }, {
      "id" : "s3-t2",
      "begin" : 379,
      "end" : 384,
      "text" : "using",
      "whiteSpace" : false
    }, {
      "id" : "s3-t3",
      "begin" : 385,
      "end" : 397,
      "text" : "instrumental",
      "whiteSpace" : false
    }, {
      "id" : "s3-t4",
      "begin" : 398,
      "end" : 406,
      "text" : "variable",
      "whiteSpace" : false
    }, {
      "id" : "s3-t5",
      "begin" : 407,
      "end" : 415,
      "text" : "analysis",
      "whiteSpace" : false
    }, {
      "id" : "s3-t6",
      "begin" : 415,
      "end" : 416,
      "text" : ",",
      "whiteSpace" : false
    }, {
      "id" : "s3-t7",
      "begin" : 417,
      "end" : 419,
      "text" : "we",
      "whiteSpace" : false
    }, {
      "id" : "s3-t8",
      "begin" : 420,
      "end" : 425,
      "text" : "argue",
      "whiteSpace" : false
    }, {
      "id" : "s3-t9",
      "begin" : 426,
      "end" : 430,
      "text" : "that",
      "whiteSpace" : false
    }, {
      "id" : "s3-t10",
      "begin" : 431,
      "end" : 436,
      "text" : "these",
      "whiteSpace" : false
    }, {
      "id" : "s3-t11",
      "begin" : 437,
      "end" : 449,
      "text" : "correlations",
      "whiteSpace" : false
    }, {
      "id" : "s3-t12",
      "begin" : 450,
      "end" : 452,
      "text" : "at",
      "whiteSpace" : false
    }, {
      "id" : "s3-t13",
      "begin" : 453,
      "end" : 458,
      "text" : "least",
      "whiteSpace" : false
    }, {
      "id" : "s3-t14",
      "begin" : 459,
      "end" : 465,
      "text" : "partly",
      "whiteSpace" : false
    }, {
      "id" : "s3-t15",
      "begin" : 466,
      "end" : 473,
      "text" : "reflect",
      "whiteSpace" : false
    }, {
      "id" : "s3-t16",
      "begin" : 474,
      "end" : 475,
      "text" : "a",
      "whiteSpace" : false
    }, {
      "id" : "s3-t17",
      "begin" : 476,
      "end" : 485,
      "text" : "causality",
      "whiteSpace" : false
    }, {
      "id" : "s3-t18",
      "begin" : 486,
      "end" : 490,
      "text" : "from",
      "whiteSpace" : false
    }, {
      "id" : "s3-t19",
      "begin" : 491,
      "end" : 501,
      "text" : "innovation",
      "whiteSpace" : false
    }, {
      "id" : "s3-t20",
      "begin" : 502,
      "end" : 504,
      "text" : "to",
      "whiteSpace" : false
    }, {
      "id" : "s3-t21",
      "begin" : 505,
      "end" : 508,
      "text" : "top",
      "whiteSpace" : false
    }, {
      "id" : "s3-t22",
      "begin" : 509,
      "end" : 515,
      "text" : "income",
      "whiteSpace" : false
    }, {
      "id" : "s3-t23",
      "begin" : 516,
      "end" : 522,
      "text" : "shares",
      "whiteSpace" : false
    }, {
      "id" : "s3-t24",
      "begin" : 522,
      "end" : 523,
      "text" : ".",
      "whiteSpace" : false
    } ]
  }, {
    "id" : "s4",
    "begin" : 524,
    "end" : 700,
    "text" : "Finally, we show that innovation, particularly by new entrants, is positively associated with social mobility, but less so in local areas with more intense lobbying activities.",
    "tokens" : [ {
      "id" : "s4-t0",
      "begin" : 524,
      "end" : 531,
      "text" : "Finally",
      "whiteSpace" : false
    }, {
      "id" : "s4-t1",
      "begin" : 531,
      "end" : 532,
      "text" : ",",
      "whiteSpace" : false
    }, {
      "id" : "s4-t2",
      "begin" : 533,
      "end" : 535,
      "text" : "we",
      "whiteSpace" : false
    }, {
      "id" : "s4-t3",
      "begin" : 536,
      "end" : 540,
      "text" : "show",
      "whiteSpace" : false
    }, {
      "id" : "s4-t4",
      "begin" : 541,
      "end" : 545,
      "text" : "that",
      "whiteSpace" : false
    }, {
      "id" : "s4-t5",
      "begin" : 546,
      "end" : 556,
      "text" : "innovation",
      "whiteSpace" : false
    }, {
      "id" : "s4-t6",
      "begin" : 556,
      "end" : 557,
      "text" : ",",
      "whiteSpace" : false
    }, {
      "id" : "s4-t7",
      "begin" : 558,
      "end" : 570,
      "text" : "particularly",
      "whiteSpace" : false
    }, {
      "id" : "s4-t8",
      "begin" : 571,
      "end" : 573,
      "text" : "by",
      "whiteSpace" : false
    }, {
      "id" : "s4-t9",
      "begin" : 574,
      "end" : 577,
      "text" : "new",
      "whiteSpace" : false
    }, {
      "id" : "s4-t10",
      "begin" : 578,
      "end" : 586,
      "text" : "entrants",
      "whiteSpace" : false
    }, {
      "id" : "s4-t11",
      "begin" : 586,
      "end" : 587,
      "text" : ",",
      "whiteSpace" : false
    }, {
      "id" : "s4-t12",
      "begin" : 588,
      "end" : 590,
      "text" : "is",
      "whiteSpace" : false
    }, {
      "id" : "s4-t13",
      "begin" : 591,
      "end" : 601,
      "text" : "positively",
      "whiteSpace" : false
    }, {
      "id" : "s4-t14",
      "begin" : 602,
      "end" : 612,
      "text" : "associated",
      "whiteSpace" : false
    }, {
      "id" : "s4-t15",
      "begin" : 613,
      "end" : 617,
      "text" : "with",
      "whiteSpace" : false
    }, {
      "id" : "s4-t16",
      "begin" : 618,
      "end" : 624,
      "text" : "social",
      "whiteSpace" : false
    }, {
      "id" : "s4-t17",
      "begin" : 625,
      "end" : 633,
      "text" : "mobility",
      "whiteSpace" : false
    }, {
      "id" : "s4-t18",
      "begin" : 633,
      "end" : 634,
      "text" : ",",
      "whiteSpace" : false
    }, {
      "id" : "s4-t19",
      "begin" : 635,
      "end" : 638,
      "text" : "but",
      "whiteSpace" : false
    }, {
      "id" : "s4-t20",
      "begin" : 639,
      "end" : 643,
      "text" : "less",
      "whiteSpace" : false
    }, {
      "id" : "s4-t21",
      "begin" : 644,
      "end" : 646,
      "text" : "so",
      "whiteSpace" : false
    }, {
      "id" : "s4-t22",
      "begin" : 647,
      "end" : 649,
      "text" : "in",
      "whiteSpace" : false
    }, {
      "id" : "s4-t23",
      "begin" : 650,
      "end" : 655,
      "text" : "local",
      "whiteSpace" : false
    }, {
      "id" : "s4-t24",
      "begin" : 656,
      "end" : 661,
      "text" : "areas",
      "whiteSpace" : false
    }, {
      "id" : "s4-t25",
      "begin" : 662,
      "end" : 666,
      "text" : "with",
      "whiteSpace" : false
    }, {
      "id" : "s4-t26",
      "begin" : 667,
      "end" : 671,
      "text" : "more",
      "whiteSpace" : false
    }, {
      "id" : "s4-t27",
      "begin" : 672,
      "end" : 679,
      "text" : "intense",
      "whiteSpace" : false
    }, {
      "id" : "s4-t28",
      "begin" : 680,
      "end" : 688,
      "text" : "lobbying",
      "whiteSpace" : false
    }, {
      "id" : "s4-t29",
      "begin" : 689,
      "end" : 699,
      "text" : "activities",
      "whiteSpace" : false
    }, {
      "id" : "s4-t30",
      "begin" : 699,
      "end" : 700,
      "text" : ".",
      "whiteSpace" : false
    } ]
  } ],
  "mentions" : [ {
    "id" : "s0-m5",
    "properties" : {
      "SIRE_MENTION_ROLE" : "evidence",
      "SIRE_ENTITY_SUBTYPE" : "NONE",
      "SIRE_MENTION_TYPE" : "NONE",
      "SIRE_MENTION_CLASS" : "SPC"
    },
    "type" : "evidence",
    "begin" : 89,
    "end" : 96,
    "inCoref" : false
  }, {
    "id" : "m10",
    "properties" : {
      "SIRE_ENTITY_LEVEL" : "NONE",
      "SIRE_MENTION_ROLE" : "relation",
      "SIRE_MENTION_CLASS" : "SPC",
      "SIRE_MENTION_TYPE" : "NONE",
      "SIRE_ENTITY_CLASS" : "SPC",
      "SIRE_ENTITY_SUBTYPE" : "NONE"
    },
    "type" : "relation",
    "begin" : 101,
    "end" : 121,
    "inCoref" : false
  }, {
    "id" : "m11",
    "properties" : {
      "SIRE_ENTITY_LEVEL" : "NONE",
      "SIRE_MENTION_ROLE" : "Variable",
      "SIRE_MENTION_CLASS" : "SPC",
      "SIRE_MENTION_TYPE" : "NONE",
      "SIRE_ENTITY_CLASS" : "SPC",
      "SIRE_ENTITY_SUBTYPE" : "NONE"
    },
    "type" : "Variable",
    "begin" : 122,
    "end" : 132,
    "inCoref" : true
  }, {
    "id" : "m12",
    "properties" : {
      "SIRE_ENTITY_LEVEL" : "NONE",
      "SIRE_MENTION_ROLE" : "Variable",
      "SIRE_MENTION_CLASS" : "SPC",
      "SIRE_MENTION_TYPE" : "NONE",
      "SIRE_ENTITY_CLASS" : "SPC",
      "SIRE_ENTITY_SUBTYPE" : "NONE"
    },
    "type" : "Variable",
    "begin" : 134,
    "end" : 155,
    "inCoref" : true
  }, {
    "id" : "m13",
    "properties" : {
      "SIRE_ENTITY_LEVEL" : "NONE",
      "SIRE_MENTION_ROLE" : "Variable",
      "SIRE_MENTION_CLASS" : "SPC",
      "SIRE_MENTION_TYPE" : "NONE",
      "SIRE_ENTITY_CLASS" : "SPC",
      "SIRE_ENTITY_SUBTYPE" : "NONE"
    },
    "type" : "Variable",
    "begin" : 160,
    "end" : 175,
    "inCoref" : true
  }, {
    "id" : "m2",
    "properties" : {
      "SIRE_MENTION_ROLE" : "evidence",
      "SIRE_MENTION_CLASS" : "SPC",
      "SIRE_MENTION_TYPE" : "NONE",
      "SIRE_ENTITY_SUBTYPE" : "NONE"
    },
    "type" : "evidence",
    "begin" : 180,
    "end" : 184,
    "inCoref" : false
  }, {
    "id" : "s1-m3",
    "properties" : {
      "SIRE_MENTION_ROLE" : "relation",
      "SIRE_ENTITY_SUBTYPE" : "NONE",
      "SIRE_MENTION_TYPE" : "NONE",
      "SIRE_MENTION_CLASS" : "SPC"
    },
    "type" : "relation",
    "begin" : 194,
    "end" : 214,
    "inCoref" : false
  }, {
    "id" : "s1-m4",
    "properties" : {
      "SIRE_MENTION_ROLE" : "Variable",
      "SIRE_ENTITY_SUBTYPE" : "NONE",
      "SIRE_MENTION_TYPE" : "NONE",
      "SIRE_MENTION_CLASS" : "SPC"
    },
    "type" : "Variable",
    "begin" : 227,
    "end" : 237,
    "inCoref" : true
  }, {
    "id" : "m3",
    "properties" : {
      "SIRE_MENTION_ROLE" : "Variable",
      "SIRE_MENTION_CLASS" : "SPC",
      "SIRE_MENTION_TYPE" : "NONE",
      "SIRE_ENTITY_SUBTYPE" : "NONE"
    },
    "type" : "Variable",
    "begin" : 242,
    "end" : 263,
    "inCoref" : true
  }, {
    "id" : "m4",
    "properties" : {
      "SIRE_MENTION_ROLE" : "evidence",
      "SIRE_MENTION_CLASS" : "SPC",
      "SIRE_MENTION_TYPE" : "NONE",
      "SIRE_ENTITY_SUBTYPE" : "NONE"
    },
    "type" : "evidence",
    "begin" : 273,
    "end" : 277,
    "inCoref" : false
  }, {
    "id" : "s2-m3",
    "properties" : {
      "SIRE_MENTION_ROLE" : "relation",
      "SIRE_ENTITY_SUBTYPE" : "NONE",
      "SIRE_MENTION_TYPE" : "NONE",
      "SIRE_MENTION_CLASS" : "SPC"
    },
    "type" : "relation",
    "begin" : 287,
    "end" : 307,
    "inCoref" : false
  }, {
    "id" : "s2-m4",
    "properties" : {
      "SIRE_MENTION_ROLE" : "Variable",
      "SIRE_ENTITY_SUBTYPE" : "NONE",
      "SIRE_MENTION_TYPE" : "NONE",
      "SIRE_MENTION_CLASS" : "SPC"
    },
    "type" : "Variable",
    "begin" : 308,
    "end" : 318,
    "inCoref" : true
  }, {
    "id" : "m5",
    "properties" : {
      "SIRE_MENTION_ROLE" : "Variable",
      "SIRE_MENTION_CLASS" : "SPC",
      "SIRE_MENTION_TYPE" : "NONE",
      "SIRE_ENTITY_SUBTYPE" : "NONE"
    },
    "type" : "Variable",
    "begin" : 341,
    "end" : 351,
    "inCoref" : true
  }, {
    "id" : "s2-m5",
    "properties" : {
      "SIRE_MENTION_ROLE" : "negation",
      "SIRE_ENTITY_SUBTYPE" : "NONE",
      "SIRE_MENTION_TYPE" : "NONE",
      "SIRE_MENTION_CLASS" : "SPC"
    },
    "type" : "negation",
    "begin" : 356,
    "end" : 359,
    "inCoref" : false
  }, {
    "id" : "m6",
    "properties" : {
      "SIRE_MENTION_ROLE" : "evidence",
      "SIRE_MENTION_CLASS" : "SPC",
      "SIRE_MENTION_TYPE" : "NONE",
      "SIRE_ENTITY_SUBTYPE" : "NONE"
    },
    "type" : "evidence",
    "begin" : 420,
    "end" : 425,
    "inCoref" : false
  }, {
    "id" : "s3-m4",
    "properties" : {
      "SIRE_MENTION_ROLE" : "relation",
      "SIRE_ENTITY_SUBTYPE" : "NONE",
      "SIRE_MENTION_TYPE" : "NONE",
      "SIRE_MENTION_CLASS" : "SPC"
    },
    "type" : "relation",
    "begin" : 476,
    "end" : 485,
    "inCoref" : false
  }, {
    "id" : "s3-m3",
    "properties" : {
      "SIRE_MENTION_ROLE" : "Variable",
      "SIRE_ENTITY_SUBTYPE" : "NONE",
      "SIRE_MENTION_TYPE" : "NONE",
      "SIRE_MENTION_CLASS" : "SPC"
    },
    "type" : "Variable",
    "begin" : 491,
    "end" : 501,
    "inCoref" : true
  }, {
    "id" : "m14",
    "properties" : {
      "SIRE_ENTITY_LEVEL" : "NONE",
      "SIRE_MENTION_ROLE" : "Variable",
      "SIRE_MENTION_CLASS" : "SPC",
      "SIRE_MENTION_TYPE" : "NONE",
      "SIRE_ENTITY_CLASS" : "SPC",
      "SIRE_ENTITY_SUBTYPE" : "NONE"
    },
    "type" : "Variable",
    "begin" : 505,
    "end" : 522,
    "inCoref" : false
  }, {
    "id" : "m7",
    "properties" : {
      "SIRE_MENTION_ROLE" : "evidence",
      "SIRE_MENTION_CLASS" : "SPC",
      "SIRE_MENTION_TYPE" : "NONE",
      "SIRE_ENTITY_SUBTYPE" : "NONE"
    },
    "type" : "evidence",
    "begin" : 536,
    "end" : 540,
    "inCoref" : false
  }, {
    "id" : "s4-m5",
    "properties" : {
      "SIRE_MENTION_ROLE" : "Variable",
      "SIRE_ENTITY_SUBTYPE" : "NONE",
      "SIRE_MENTION_TYPE" : "NONE",
      "SIRE_MENTION_CLASS" : "SPC"
    },
    "type" : "Variable",
    "begin" : 546,
    "end" : 556,
    "inCoref" : true
  }, {
    "id" : "m8",
    "properties" : {
      "SIRE_MENTION_ROLE" : "relation",
      "SIRE_MENTION_CLASS" : "SPC",
      "SIRE_MENTION_TYPE" : "NONE",
      "SIRE_ENTITY_SUBTYPE" : "NONE"
    },
    "type" : "relation",
    "begin" : 602,
    "end" : 617,
    "inCoref" : false
  }, {
    "id" : "m15",
    "properties" : {
      "SIRE_ENTITY_LEVEL" : "NONE",
      "SIRE_MENTION_ROLE" : "Variable",
      "SIRE_MENTION_CLASS" : "SPC",
      "SIRE_MENTION_TYPE" : "NONE",
      "SIRE_ENTITY_CLASS" : "SPC",
      "SIRE_ENTITY_SUBTYPE" : "NONE"
    },
    "type" : "Variable",
    "begin" : 618,
    "end" : 633,
    "inCoref" : true
  }, {
    "id" : "m9",
    "properties" : {
      "SIRE_MENTION_ROLE" : "relation",
      "SIRE_MENTION_CLASS" : "SPC",
      "SIRE_MENTION_TYPE" : "NONE",
      "SIRE_ENTITY_SUBTYPE" : "NONE"
    },
    "type" : "relation",
    "begin" : 639,
    "end" : 643,
    "inCoref" : false
  } ],
  "relations" : [ {
    "id" : "s1-r1",
    "properties" : { },
    "type" : "RelateCorrelation",
    "args" : [ "s1-m4", "m3" ]
  }, {
    "id" : "s2-r1",
    "properties" : { },
    "type" : "NoRelation",
    "args" : [ "s2-m4", "m5" ]
  }, {
    "id" : "s3-r1",
    "properties" : { },
    "type" : "Causal",
    "args" : [ "s3-m3", "m14" ]
  }, {
    "id" : "s4-r2",
    "properties" : { },
    "type" : "RelateCorrelation",
    "args" : [ "s4-m5", "m15" ]
  } ],
  "corefs" : [ {
    "id" : "c1",
    "properties" : { },
    "mentions" : [ "m5" ]
  }, {
    "id" : "c2",
    "properties" : { },
    "mentions" : [ "m13", "m15" ]
  }, {
    "id" : "c3",
    "properties" : { },
    "mentions" : [ "m12", "m3" ]
  }, {
    "id" : "c4",
    "properties" : { },
    "mentions" : [ "m11", "s1-m4", "s2-m4", "s3-m3", "s4-m5" ]
  } ],
  "typeResolved" : true,
  "userResolved" : false
}