{
  "id" : "9e7cfbb0-30ce-11ec-aeb1-4f7a687954bf-17",
  "name" : "46. Mumtaz H, Theophilopoulou A (2017) .docx",
  "createdDate" : 0,
  "version" : 3,
  "text" : "The UK has experienced a dramatic increase in earnings and income inequality over the past four decades. We use detailed micro level information to construct quarterly historical measures of inequality from 1969 to 2012. We investigate whether monetary policy shocks played a role in explaining this increase in inequality. We find that contractionary monetary policy shocks lead to an increase in earnings, income and consumption inequality and contribute to their fluctuation. The response of income and consumption at different quantiles suggests that contractionary policy has a larger negative effect on low income households and those that consume the least when compared to those at the top of the distribution. Our evidence also suggests that the policy of quantitative easing may have contributed to the increase in inequality over the Great Recession.\n\n",
  "docLength" : 0,
  "language" : "EN",
  "status" : "IN_PROGRESS",
  "modifiedDate" : 1634827889783,
  "documentSet" : [ ],
  "preannotation" : [ "PRE_LW", "PRE_SIRE" ],
  "sentences" : [ {
    "id" : "s0",
    "begin" : 0,
    "end" : 104,
    "text" : "The UK has experienced a dramatic increase in earnings and income inequality over the past four decades.",
    "tokens" : [ {
      "id" : "s0-t0",
      "begin" : 0,
      "end" : 3,
      "text" : "The",
      "whiteSpace" : false
    }, {
      "id" : "s0-t1",
      "begin" : 4,
      "end" : 6,
      "text" : "UK",
      "whiteSpace" : false
    }, {
      "id" : "s0-t2",
      "begin" : 7,
      "end" : 10,
      "text" : "has",
      "whiteSpace" : false
    }, {
      "id" : "s0-t3",
      "begin" : 11,
      "end" : 22,
      "text" : "experienced",
      "whiteSpace" : false
    }, {
      "id" : "s0-t4",
      "begin" : 23,
      "end" : 24,
      "text" : "a",
      "whiteSpace" : false
    }, {
      "id" : "s0-t5",
      "begin" : 25,
      "end" : 33,
      "text" : "dramatic",
      "whiteSpace" : false
    }, {
      "id" : "s0-t6",
      "begin" : 34,
      "end" : 42,
      "text" : "increase",
      "whiteSpace" : false
    }, {
      "id" : "s0-t7",
      "begin" : 43,
      "end" : 45,
      "text" : "in",
      "whiteSpace" : false
    }, {
      "id" : "s0-t8",
      "begin" : 46,
      "end" : 54,
      "text" : "earnings",
      "whiteSpace" : false
    }, {
      "id" : "s0-t9",
      "begin" : 55,
      "end" : 58,
      "text" : "and",
      "whiteSpace" : false
    }, {
      "id" : "s0-t10",
      "begin" : 59,
      "end" : 65,
      "text" : "income",
      "whiteSpace" : false
    }, {
      "id" : "s0-t11",
      "begin" : 66,
      "end" : 76,
      "text" : "inequality",
      "whiteSpace" : false
    }, {
      "id" : "s0-t12",
      "begin" : 77,
      "end" : 81,
      "text" : "over",
      "whiteSpace" : false
    }, {
      "id" : "s0-t13",
      "begin" : 82,
      "end" : 85,
      "text" : "the",
      "whiteSpace" : false
    }, {
      "id" : "s0-t14",
      "begin" : 86,
      "end" : 90,
      "text" : "past",
      "whiteSpace" : false
    }, {
      "id" : "s0-t15",
      "begin" : 91,
      "end" : 95,
      "text" : "four",
      "whiteSpace" : false
    }, {
      "id" : "s0-t16",
      "begin" : 96,
      "end" : 103,
      "text" : "decades",
      "whiteSpace" : false
    }, {
      "id" : "s0-t17",
      "begin" : 103,
      "end" : 104,
      "text" : ".",
      "whiteSpace" : false
    } ]
  }, {
    "id" : "s1",
    "begin" : 105,
    "end" : 220,
    "text" : "We use detailed micro level information to construct quarterly historical measures of inequality from 1969 to 2012.",
    "tokens" : [ {
      "id" : "s1-t0",
      "begin" : 105,
      "end" : 107,
      "text" : "We",
      "whiteSpace" : false
    }, {
      "id" : "s1-t1",
      "begin" : 108,
      "end" : 111,
      "text" : "use",
      "whiteSpace" : false
    }, {
      "id" : "s1-t2",
      "begin" : 112,
      "end" : 120,
      "text" : "detailed",
      "whiteSpace" : false
    }, {
      "id" : "s1-t3",
      "begin" : 121,
      "end" : 126,
      "text" : "micro",
      "whiteSpace" : false
    }, {
      "id" : "s1-t4",
      "begin" : 127,
      "end" : 132,
      "text" : "level",
      "whiteSpace" : false
    }, {
      "id" : "s1-t5",
      "begin" : 133,
      "end" : 144,
      "text" : "information",
      "whiteSpace" : false
    }, {
      "id" : "s1-t6",
      "begin" : 145,
      "end" : 147,
      "text" : "to",
      "whiteSpace" : false
    }, {
      "id" : "s1-t7",
      "begin" : 148,
      "end" : 157,
      "text" : "construct",
      "whiteSpace" : false
    }, {
      "id" : "s1-t8",
      "begin" : 158,
      "end" : 167,
      "text" : "quarterly",
      "whiteSpace" : false
    }, {
      "id" : "s1-t9",
      "begin" : 168,
      "end" : 178,
      "text" : "historical",
      "whiteSpace" : false
    }, {
      "id" : "s1-t10",
      "begin" : 179,
      "end" : 187,
      "text" : "measures",
      "whiteSpace" : false
    }, {
      "id" : "s1-t11",
      "begin" : 188,
      "end" : 190,
      "text" : "of",
      "whiteSpace" : false
    }, {
      "id" : "s1-t12",
      "begin" : 191,
      "end" : 201,
      "text" : "inequality",
      "whiteSpace" : false
    }, {
      "id" : "s1-t13",
      "begin" : 202,
      "end" : 206,
      "text" : "from",
      "whiteSpace" : false
    }, {
      "id" : "s1-t14",
      "begin" : 207,
      "end" : 211,
      "text" : "1969",
      "whiteSpace" : false
    }, {
      "id" : "s1-t15",
      "begin" : 212,
      "end" : 214,
      "text" : "to",
      "whiteSpace" : false
    }, {
      "id" : "s1-t16",
      "begin" : 215,
      "end" : 219,
      "text" : "2012",
      "whiteSpace" : false
    }, {
      "id" : "s1-t17",
      "begin" : 219,
      "end" : 220,
      "text" : ".",
      "whiteSpace" : false
    } ]
  }, {
    "id" : "s2",
    "begin" : 221,
    "end" : 323,
    "text" : "We investigate whether monetary policy shocks played a role in explaining this increase in inequality.",
    "tokens" : [ {
      "id" : "s2-t0",
      "begin" : 221,
      "end" : 223,
      "text" : "We",
      "whiteSpace" : false
    }, {
      "id" : "s2-t1",
      "begin" : 224,
      "end" : 235,
      "text" : "investigate",
      "whiteSpace" : false
    }, {
      "id" : "s2-t2",
      "begin" : 236,
      "end" : 243,
      "text" : "whether",
      "whiteSpace" : false
    }, {
      "id" : "s2-t3",
      "begin" : 244,
      "end" : 252,
      "text" : "monetary",
      "whiteSpace" : false
    }, {
      "id" : "s2-t4",
      "begin" : 253,
      "end" : 259,
      "text" : "policy",
      "whiteSpace" : false
    }, {
      "id" : "s2-t5",
      "begin" : 260,
      "end" : 266,
      "text" : "shocks",
      "whiteSpace" : false
    }, {
      "id" : "s2-t6",
      "begin" : 267,
      "end" : 273,
      "text" : "played",
      "whiteSpace" : false
    }, {
      "id" : "s2-t7",
      "begin" : 274,
      "end" : 275,
      "text" : "a",
      "whiteSpace" : false
    }, {
      "id" : "s2-t8",
      "begin" : 276,
      "end" : 280,
      "text" : "role",
      "whiteSpace" : false
    }, {
      "id" : "s2-t9",
      "begin" : 281,
      "end" : 283,
      "text" : "in",
      "whiteSpace" : false
    }, {
      "id" : "s2-t10",
      "begin" : 284,
      "end" : 294,
      "text" : "explaining",
      "whiteSpace" : false
    }, {
      "id" : "s2-t11",
      "begin" : 295,
      "end" : 299,
      "text" : "this",
      "whiteSpace" : false
    }, {
      "id" : "s2-t12",
      "begin" : 300,
      "end" : 308,
      "text" : "increase",
      "whiteSpace" : false
    }, {
      "id" : "s2-t13",
      "begin" : 309,
      "end" : 311,
      "text" : "in",
      "whiteSpace" : false
    }, {
      "id" : "s2-t14",
      "begin" : 312,
      "end" : 322,
      "text" : "inequality",
      "whiteSpace" : false
    }, {
      "id" : "s2-t15",
      "begin" : 322,
      "end" : 323,
      "text" : ".",
      "whiteSpace" : false
    } ]
  }, {
    "id" : "s3",
    "begin" : 324,
    "end" : 478,
    "text" : "We find that contractionary monetary policy shocks lead to an increase in earnings, income and consumption inequality and contribute to their fluctuation.",
    "tokens" : [ {
      "id" : "s3-t0",
      "begin" : 324,
      "end" : 326,
      "text" : "We",
      "whiteSpace" : false
    }, {
      "id" : "s3-t1",
      "begin" : 327,
      "end" : 331,
      "text" : "find",
      "whiteSpace" : false
    }, {
      "id" : "s3-t2",
      "begin" : 332,
      "end" : 336,
      "text" : "that",
      "whiteSpace" : false
    }, {
      "id" : "s3-t3",
      "begin" : 337,
      "end" : 351,
      "text" : "contractionary",
      "whiteSpace" : false
    }, {
      "id" : "s3-t4",
      "begin" : 352,
      "end" : 360,
      "text" : "monetary",
      "whiteSpace" : false
    }, {
      "id" : "s3-t5",
      "begin" : 361,
      "end" : 367,
      "text" : "policy",
      "whiteSpace" : false
    }, {
      "id" : "s3-t6",
      "begin" : 368,
      "end" : 374,
      "text" : "shocks",
      "whiteSpace" : false
    }, {
      "id" : "s3-t7",
      "begin" : 375,
      "end" : 379,
      "text" : "lead",
      "whiteSpace" : false
    }, {
      "id" : "s3-t8",
      "begin" : 380,
      "end" : 382,
      "text" : "to",
      "whiteSpace" : false
    }, {
      "id" : "s3-t9",
      "begin" : 383,
      "end" : 385,
      "text" : "an",
      "whiteSpace" : false
    }, {
      "id" : "s3-t10",
      "begin" : 386,
      "end" : 394,
      "text" : "increase",
      "whiteSpace" : false
    }, {
      "id" : "s3-t11",
      "begin" : 395,
      "end" : 397,
      "text" : "in",
      "whiteSpace" : false
    }, {
      "id" : "s3-t12",
      "begin" : 398,
      "end" : 406,
      "text" : "earnings",
      "whiteSpace" : false
    }, {
      "id" : "s3-t13",
      "begin" : 406,
      "end" : 407,
      "text" : ",",
      "whiteSpace" : false
    }, {
      "id" : "s3-t14",
      "begin" : 408,
      "end" : 414,
      "text" : "income",
      "whiteSpace" : false
    }, {
      "id" : "s3-t15",
      "begin" : 415,
      "end" : 418,
      "text" : "and",
      "whiteSpace" : false
    }, {
      "id" : "s3-t16",
      "begin" : 419,
      "end" : 430,
      "text" : "consumption",
      "whiteSpace" : false
    }, {
      "id" : "s3-t17",
      "begin" : 431,
      "end" : 441,
      "text" : "inequality",
      "whiteSpace" : false
    }, {
      "id" : "s3-t18",
      "begin" : 442,
      "end" : 445,
      "text" : "and",
      "whiteSpace" : false
    }, {
      "id" : "s3-t19",
      "begin" : 446,
      "end" : 456,
      "text" : "contribute",
      "whiteSpace" : false
    }, {
      "id" : "s3-t20",
      "begin" : 457,
      "end" : 459,
      "text" : "to",
      "whiteSpace" : false
    }, {
      "id" : "s3-t21",
      "begin" : 460,
      "end" : 465,
      "text" : "their",
      "whiteSpace" : false
    }, {
      "id" : "s3-t22",
      "begin" : 466,
      "end" : 477,
      "text" : "fluctuation",
      "whiteSpace" : false
    }, {
      "id" : "s3-t23",
      "begin" : 477,
      "end" : 478,
      "text" : ".",
      "whiteSpace" : false
    } ]
  }, {
    "id" : "s4",
    "begin" : 479,
    "end" : 718,
    "text" : "The response of income and consumption at different quantiles suggests that contractionary policy has a larger negative effect on low income households and those that consume the least when compared to those at the top of the distribution.",
    "tokens" : [ {
      "id" : "s4-t0",
      "begin" : 479,
      "end" : 482,
      "text" : "The",
      "whiteSpace" : false
    }, {
      "id" : "s4-t1",
      "begin" : 483,
      "end" : 491,
      "text" : "response",
      "whiteSpace" : false
    }, {
      "id" : "s4-t2",
      "begin" : 492,
      "end" : 494,
      "text" : "of",
      "whiteSpace" : false
    }, {
      "id" : "s4-t3",
      "begin" : 495,
      "end" : 501,
      "text" : "income",
      "whiteSpace" : false
    }, {
      "id" : "s4-t4",
      "begin" : 502,
      "end" : 505,
      "text" : "and",
      "whiteSpace" : false
    }, {
      "id" : "s4-t5",
      "begin" : 506,
      "end" : 517,
      "text" : "consumption",
      "whiteSpace" : false
    }, {
      "id" : "s4-t6",
      "begin" : 518,
      "end" : 520,
      "text" : "at",
      "whiteSpace" : false
    }, {
      "id" : "s4-t7",
      "begin" : 521,
      "end" : 530,
      "text" : "different",
      "whiteSpace" : false
    }, {
      "id" : "s4-t8",
      "begin" : 531,
      "end" : 540,
      "text" : "quantiles",
      "whiteSpace" : false
    }, {
      "id" : "s4-t9",
      "begin" : 541,
      "end" : 549,
      "text" : "suggests",
      "whiteSpace" : false
    }, {
      "id" : "s4-t10",
      "begin" : 550,
      "end" : 554,
      "text" : "that",
      "whiteSpace" : false
    }, {
      "id" : "s4-t11",
      "begin" : 555,
      "end" : 569,
      "text" : "contractionary",
      "whiteSpace" : false
    }, {
      "id" : "s4-t12",
      "begin" : 570,
      "end" : 576,
      "text" : "policy",
      "whiteSpace" : false
    }, {
      "id" : "s4-t13",
      "begin" : 577,
      "end" : 580,
      "text" : "has",
      "whiteSpace" : false
    }, {
      "id" : "s4-t14",
      "begin" : 581,
      "end" : 582,
      "text" : "a",
      "whiteSpace" : false
    }, {
      "id" : "s4-t15",
      "begin" : 583,
      "end" : 589,
      "text" : "larger",
      "whiteSpace" : false
    }, {
      "id" : "s4-t16",
      "begin" : 590,
      "end" : 598,
      "text" : "negative",
      "whiteSpace" : false
    }, {
      "id" : "s4-t17",
      "begin" : 599,
      "end" : 605,
      "text" : "effect",
      "whiteSpace" : false
    }, {
      "id" : "s4-t18",
      "begin" : 606,
      "end" : 608,
      "text" : "on",
      "whiteSpace" : false
    }, {
      "id" : "s4-t19",
      "begin" : 609,
      "end" : 612,
      "text" : "low",
      "whiteSpace" : false
    }, {
      "id" : "s4-t20",
      "begin" : 613,
      "end" : 619,
      "text" : "income",
      "whiteSpace" : false
    }, {
      "id" : "s4-t21",
      "begin" : 620,
      "end" : 630,
      "text" : "households",
      "whiteSpace" : false
    }, {
      "id" : "s4-t22",
      "begin" : 631,
      "end" : 634,
      "text" : "and",
      "whiteSpace" : false
    }, {
      "id" : "s4-t23",
      "begin" : 635,
      "end" : 640,
      "text" : "those",
      "whiteSpace" : false
    }, {
      "id" : "s4-t24",
      "begin" : 641,
      "end" : 645,
      "text" : "that",
      "whiteSpace" : false
    }, {
      "id" : "s4-t25",
      "begin" : 646,
      "end" : 653,
      "text" : "consume",
      "whiteSpace" : false
    }, {
      "id" : "s4-t26",
      "begin" : 654,
      "end" : 657,
      "text" : "the",
      "whiteSpace" : false
    }, {
      "id" : "s4-t27",
      "begin" : 658,
      "end" : 663,
      "text" : "least",
      "whiteSpace" : false
    }, {
      "id" : "s4-t28",
      "begin" : 664,
      "end" : 668,
      "text" : "when",
      "whiteSpace" : false
    }, {
      "id" : "s4-t29",
      "begin" : 669,
      "end" : 677,
      "text" : "compared",
      "whiteSpace" : false
    }, {
      "id" : "s4-t30",
      "begin" : 678,
      "end" : 680,
      "text" : "to",
      "whiteSpace" : false
    }, {
      "id" : "s4-t31",
      "begin" : 681,
      "end" : 686,
      "text" : "those",
      "whiteSpace" : false
    }, {
      "id" : "s4-t32",
      "begin" : 687,
      "end" : 689,
      "text" : "at",
      "whiteSpace" : false
    }, {
      "id" : "s4-t33",
      "begin" : 690,
      "end" : 693,
      "text" : "the",
      "whiteSpace" : false
    }, {
      "id" : "s4-t34",
      "begin" : 694,
      "end" : 697,
      "text" : "top",
      "whiteSpace" : false
    }, {
      "id" : "s4-t35",
      "begin" : 698,
      "end" : 700,
      "text" : "of",
      "whiteSpace" : false
    }, {
      "id" : "s4-t36",
      "begin" : 701,
      "end" : 704,
      "text" : "the",
      "whiteSpace" : false
    }, {
      "id" : "s4-t37",
      "begin" : 705,
      "end" : 717,
      "text" : "distribution",
      "whiteSpace" : false
    }, {
      "id" : "s4-t38",
      "begin" : 717,
      "end" : 718,
      "text" : ".",
      "whiteSpace" : false
    } ]
  }, {
    "id" : "s5",
    "begin" : 719,
    "end" : 861,
    "text" : "Our evidence also suggests that the policy of quantitative easing may have contributed to the increase in inequality over the Great Recession.",
    "tokens" : [ {
      "id" : "s5-t0",
      "begin" : 719,
      "end" : 722,
      "text" : "Our",
      "whiteSpace" : false
    }, {
      "id" : "s5-t1",
      "begin" : 723,
      "end" : 731,
      "text" : "evidence",
      "whiteSpace" : false
    }, {
      "id" : "s5-t2",
      "begin" : 732,
      "end" : 736,
      "text" : "also",
      "whiteSpace" : false
    }, {
      "id" : "s5-t3",
      "begin" : 737,
      "end" : 745,
      "text" : "suggests",
      "whiteSpace" : false
    }, {
      "id" : "s5-t4",
      "begin" : 746,
      "end" : 750,
      "text" : "that",
      "whiteSpace" : false
    }, {
      "id" : "s5-t5",
      "begin" : 751,
      "end" : 754,
      "text" : "the",
      "whiteSpace" : false
    }, {
      "id" : "s5-t6",
      "begin" : 755,
      "end" : 761,
      "text" : "policy",
      "whiteSpace" : false
    }, {
      "id" : "s5-t7",
      "begin" : 762,
      "end" : 764,
      "text" : "of",
      "whiteSpace" : false
    }, {
      "id" : "s5-t8",
      "begin" : 765,
      "end" : 777,
      "text" : "quantitative",
      "whiteSpace" : false
    }, {
      "id" : "s5-t9",
      "begin" : 778,
      "end" : 784,
      "text" : "easing",
      "whiteSpace" : false
    }, {
      "id" : "s5-t10",
      "begin" : 785,
      "end" : 788,
      "text" : "may",
      "whiteSpace" : false
    }, {
      "id" : "s5-t11",
      "begin" : 789,
      "end" : 793,
      "text" : "have",
      "whiteSpace" : false
    }, {
      "id" : "s5-t12",
      "begin" : 794,
      "end" : 805,
      "text" : "contributed",
      "whiteSpace" : false
    }, {
      "id" : "s5-t13",
      "begin" : 806,
      "end" : 808,
      "text" : "to",
      "whiteSpace" : false
    }, {
      "id" : "s5-t14",
      "begin" : 809,
      "end" : 812,
      "text" : "the",
      "whiteSpace" : false
    }, {
      "id" : "s5-t15",
      "begin" : 813,
      "end" : 821,
      "text" : "increase",
      "whiteSpace" : false
    }, {
      "id" : "s5-t16",
      "begin" : 822,
      "end" : 824,
      "text" : "in",
      "whiteSpace" : false
    }, {
      "id" : "s5-t17",
      "begin" : 825,
      "end" : 835,
      "text" : "inequality",
      "whiteSpace" : false
    }, {
      "id" : "s5-t18",
      "begin" : 836,
      "end" : 840,
      "text" : "over",
      "whiteSpace" : false
    }, {
      "id" : "s5-t19",
      "begin" : 841,
      "end" : 844,
      "text" : "the",
      "whiteSpace" : false
    }, {
      "id" : "s5-t20",
      "begin" : 845,
      "end" : 850,
      "text" : "Great",
      "whiteSpace" : false
    }, {
      "id" : "s5-t21",
      "begin" : 851,
      "end" : 860,
      "text" : "Recession",
      "whiteSpace" : false
    }, {
      "id" : "s5-t22",
      "begin" : 860,
      "end" : 861,
      "text" : ".",
      "whiteSpace" : false
    } ]
  } ],
  "mentions" : [ {
    "id" : "m1",
    "properties" : {
      "SIRE_MENTION_ROLE" : "relation",
      "SIRE_MENTION_CLASS" : "SPC",
      "SIRE_MENTION_TYPE" : "NONE",
      "SIRE_ENTITY_SUBTYPE" : "NONE"
    },
    "type" : "relation",
    "begin" : 34,
    "end" : 45,
    "inCoref" : false
  }, {
    "id" : "s0-m3",
    "properties" : {
      "SIRE_MENTION_ROLE" : "Variable",
      "SIRE_ENTITY_SUBTYPE" : "NONE",
      "SIRE_MENTION_TYPE" : "NONE",
      "SIRE_MENTION_CLASS" : "SPC"
    },
    "type" : "Variable",
    "begin" : 46,
    "end" : 76,
    "inCoref" : false
  }, {
    "id" : "m3",
    "properties" : {
      "SIRE_MENTION_ROLE" : "Variable",
      "SIRE_MENTION_CLASS" : "SPC",
      "SIRE_MENTION_TYPE" : "NONE",
      "SIRE_ENTITY_SUBTYPE" : "NONE"
    },
    "type" : "Variable",
    "begin" : 191,
    "end" : 201,
    "inCoref" : true
  }, {
    "id" : "s2-m5",
    "properties" : {
      "SIRE_MENTION_ROLE" : "evidence",
      "SIRE_ENTITY_SUBTYPE" : "NONE",
      "SIRE_MENTION_TYPE" : "NONE",
      "SIRE_MENTION_CLASS" : "SPC"
    },
    "type" : "evidence",
    "begin" : 224,
    "end" : 235,
    "inCoref" : false
  }, {
    "id" : "m4",
    "properties" : {
      "SIRE_MENTION_ROLE" : "Variable",
      "SIRE_MENTION_CLASS" : "SPC",
      "SIRE_MENTION_TYPE" : "NONE",
      "SIRE_ENTITY_SUBTYPE" : "NONE"
    },
    "type" : "Variable",
    "begin" : 244,
    "end" : 266,
    "inCoref" : true
  }, {
    "id" : "m5",
    "properties" : {
      "SIRE_MENTION_ROLE" : "relation",
      "SIRE_MENTION_CLASS" : "SPC",
      "SIRE_MENTION_TYPE" : "NONE",
      "SIRE_ENTITY_SUBTYPE" : "NONE"
    },
    "type" : "relation",
    "begin" : 276,
    "end" : 283,
    "inCoref" : false
  }, {
    "id" : "m6",
    "properties" : {
      "SIRE_MENTION_ROLE" : "relation",
      "SIRE_MENTION_CLASS" : "SPC",
      "SIRE_MENTION_TYPE" : "NONE",
      "SIRE_ENTITY_SUBTYPE" : "NONE"
    },
    "type" : "relation",
    "begin" : 300,
    "end" : 311,
    "inCoref" : false
  }, {
    "id" : "m7",
    "properties" : {
      "SIRE_MENTION_ROLE" : "Variable",
      "SIRE_MENTION_CLASS" : "SPC",
      "SIRE_MENTION_TYPE" : "NONE",
      "SIRE_ENTITY_SUBTYPE" : "NONE"
    },
    "type" : "Variable",
    "begin" : 312,
    "end" : 322,
    "inCoref" : true
  }, {
    "id" : "m8",
    "properties" : {
      "SIRE_MENTION_ROLE" : "evidence",
      "SIRE_MENTION_CLASS" : "SPC",
      "SIRE_MENTION_TYPE" : "NONE",
      "SIRE_ENTITY_SUBTYPE" : "NONE"
    },
    "type" : "evidence",
    "begin" : 327,
    "end" : 331,
    "inCoref" : false
  }, {
    "id" : "m9",
    "properties" : {
      "SIRE_MENTION_ROLE" : "Variable",
      "SIRE_MENTION_CLASS" : "SPC",
      "SIRE_MENTION_TYPE" : "NONE",
      "SIRE_ENTITY_SUBTYPE" : "NONE"
    },
    "type" : "Variable",
    "begin" : 352,
    "end" : 374,
    "inCoref" : true
  }, {
    "id" : "m10",
    "properties" : {
      "SIRE_MENTION_ROLE" : "relation",
      "SIRE_MENTION_CLASS" : "SPC",
      "SIRE_MENTION_TYPE" : "NONE",
      "SIRE_ENTITY_SUBTYPE" : "NONE"
    },
    "type" : "relation",
    "begin" : 386,
    "end" : 397,
    "inCoref" : false
  }, {
    "id" : "s3-m6",
    "properties" : {
      "SIRE_MENTION_ROLE" : "Variable",
      "SIRE_ENTITY_SUBTYPE" : "NONE",
      "SIRE_MENTION_TYPE" : "NONE",
      "SIRE_MENTION_CLASS" : "SPC"
    },
    "type" : "Variable",
    "begin" : 398,
    "end" : 406,
    "inCoref" : false
  }, {
    "id" : "m19",
    "properties" : {
      "SIRE_ENTITY_LEVEL" : "NONE",
      "SIRE_MENTION_ROLE" : "Variable",
      "SIRE_MENTION_CLASS" : "SPC",
      "SIRE_MENTION_TYPE" : "NONE",
      "SIRE_ENTITY_CLASS" : "SPC",
      "SIRE_ENTITY_SUBTYPE" : "NONE"
    },
    "type" : "Variable",
    "begin" : 408,
    "end" : 414,
    "inCoref" : true
  }, {
    "id" : "m11",
    "properties" : {
      "SIRE_MENTION_ROLE" : "Variable",
      "SIRE_MENTION_CLASS" : "SPC",
      "SIRE_MENTION_TYPE" : "NONE",
      "SIRE_ENTITY_SUBTYPE" : "NONE"
    },
    "type" : "Variable",
    "begin" : 419,
    "end" : 441,
    "inCoref" : false
  }, {
    "id" : "m20",
    "properties" : {
      "SIRE_ENTITY_LEVEL" : "NONE",
      "SIRE_MENTION_ROLE" : "Variable",
      "SIRE_MENTION_CLASS" : "SPC",
      "SIRE_MENTION_TYPE" : "NONE",
      "SIRE_ENTITY_CLASS" : "SPC",
      "SIRE_ENTITY_SUBTYPE" : "NONE"
    },
    "type" : "Variable",
    "begin" : 495,
    "end" : 501,
    "inCoref" : true
  }, {
    "id" : "m12",
    "properties" : {
      "SIRE_MENTION_ROLE" : "Variable",
      "SIRE_MENTION_CLASS" : "SPC",
      "SIRE_MENTION_TYPE" : "NONE",
      "SIRE_ENTITY_SUBTYPE" : "NONE"
    },
    "type" : "Variable",
    "begin" : 506,
    "end" : 517,
    "inCoref" : true
  }, {
    "id" : "m13",
    "properties" : {
      "SIRE_MENTION_ROLE" : "evidence",
      "SIRE_MENTION_CLASS" : "SPC",
      "SIRE_MENTION_TYPE" : "NONE",
      "SIRE_ENTITY_SUBTYPE" : "NONE"
    },
    "type" : "evidence",
    "begin" : 541,
    "end" : 549,
    "inCoref" : false
  }, {
    "id" : "m21",
    "properties" : {
      "SIRE_ENTITY_LEVEL" : "NONE",
      "SIRE_MENTION_ROLE" : "Variable",
      "SIRE_MENTION_CLASS" : "SPC",
      "SIRE_MENTION_TYPE" : "NONE",
      "SIRE_ENTITY_CLASS" : "SPC",
      "SIRE_ENTITY_SUBTYPE" : "NONE"
    },
    "type" : "Variable",
    "begin" : 555,
    "end" : 576,
    "inCoref" : true
  }, {
    "id" : "m14",
    "properties" : {
      "SIRE_MENTION_ROLE" : "relation",
      "SIRE_MENTION_CLASS" : "SPC",
      "SIRE_MENTION_TYPE" : "NONE",
      "SIRE_ENTITY_SUBTYPE" : "NONE"
    },
    "type" : "relation",
    "begin" : 599,
    "end" : 608,
    "inCoref" : false
  }, {
    "id" : "m22",
    "properties" : {
      "SIRE_ENTITY_LEVEL" : "NONE",
      "SIRE_MENTION_ROLE" : "Variable",
      "SIRE_MENTION_CLASS" : "SPC",
      "SIRE_MENTION_TYPE" : "NONE",
      "SIRE_ENTITY_CLASS" : "SPC",
      "SIRE_ENTITY_SUBTYPE" : "NONE"
    },
    "type" : "Variable",
    "begin" : 609,
    "end" : 630,
    "inCoref" : false
  }, {
    "id" : "m15",
    "properties" : {
      "SIRE_MENTION_ROLE" : "evidence",
      "SIRE_MENTION_CLASS" : "SPC",
      "SIRE_MENTION_TYPE" : "NONE",
      "SIRE_ENTITY_SUBTYPE" : "NONE"
    },
    "type" : "evidence",
    "begin" : 723,
    "end" : 731,
    "inCoref" : false
  }, {
    "id" : "m16",
    "properties" : {
      "SIRE_MENTION_ROLE" : "evidence",
      "SIRE_MENTION_CLASS" : "SPC",
      "SIRE_MENTION_TYPE" : "NONE",
      "SIRE_ENTITY_SUBTYPE" : "NONE"
    },
    "type" : "evidence",
    "begin" : 737,
    "end" : 745,
    "inCoref" : false
  }, {
    "id" : "s5-m5",
    "properties" : {
      "SIRE_MENTION_ROLE" : "Variable",
      "SIRE_ENTITY_SUBTYPE" : "NONE",
      "SIRE_MENTION_TYPE" : "NONE",
      "SIRE_MENTION_CLASS" : "SPC"
    },
    "type" : "Variable",
    "begin" : 765,
    "end" : 784,
    "inCoref" : false
  }, {
    "id" : "s5-m6",
    "properties" : {
      "SIRE_MENTION_ROLE" : "relation",
      "SIRE_ENTITY_SUBTYPE" : "NONE",
      "SIRE_MENTION_TYPE" : "NONE",
      "SIRE_MENTION_CLASS" : "SPC"
    },
    "type" : "relation",
    "begin" : 794,
    "end" : 808,
    "inCoref" : false
  }, {
    "id" : "m17",
    "properties" : {
      "SIRE_MENTION_ROLE" : "relation",
      "SIRE_MENTION_CLASS" : "SPC",
      "SIRE_MENTION_TYPE" : "NONE",
      "SIRE_ENTITY_SUBTYPE" : "NONE"
    },
    "type" : "relation",
    "begin" : 813,
    "end" : 824,
    "inCoref" : false
  }, {
    "id" : "m18",
    "properties" : {
      "SIRE_MENTION_ROLE" : "Variable",
      "SIRE_MENTION_CLASS" : "SPC",
      "SIRE_MENTION_TYPE" : "NONE",
      "SIRE_ENTITY_SUBTYPE" : "NONE"
    },
    "type" : "Variable",
    "begin" : 825,
    "end" : 835,
    "inCoref" : true
  } ],
  "relations" : [ {
    "id" : "s3-r1",
    "properties" : { },
    "type" : "Causal",
    "args" : [ "m9", "s3-m6" ]
  }, {
    "id" : "s3-r2",
    "properties" : { },
    "type" : "Causal",
    "args" : [ "m9", "m19" ]
  }, {
    "id" : "s3-r3",
    "properties" : { },
    "type" : "Causal",
    "args" : [ "m9", "m11" ]
  }, {
    "id" : "r3",
    "properties" : {
      "SIRE_RELATION_TENSE" : "UNSPECIFIED",
      "SIRE_RELATION_CLASS" : "SPECIFIC",
      "SIRE_RELATION_MODALITY" : "ASSERTED",
      "SIRE_RELATION_SUBTYPE" : "OTHER"
    },
    "type" : "Causal",
    "args" : [ "m21", "m22" ]
  }, {
    "id" : "s5-r1",
    "properties" : { },
    "type" : "Causal",
    "args" : [ "s5-m5", "m18" ]
  } ],
  "corefs" : [ {
    "id" : "c1",
    "properties" : { },
    "mentions" : [ "m3", "m7", "m18" ]
  }, {
    "id" : "c2",
    "properties" : { },
    "mentions" : [ "m12" ]
  }, {
    "id" : "c3",
    "properties" : { },
    "mentions" : [ "m19", "m20" ]
  }, {
    "id" : "c4",
    "properties" : { },
    "mentions" : [ "m4", "m9", "m21" ]
  } ],
  "typeResolved" : true,
  "userResolved" : false
}