{
  "id" : "9e7cfbb0-30ce-11ec-aeb1-4f7a687954bf-8",
  "name" : "18. CoibionO,GorodnichenkoY,KuengL, Silvia J (2017) .docx",
  "createdDate" : 0,
  "version" : 3,
  "text" : "We study the effects of monetary policy shocks and their historical contribution to consumption and income inequality in the United States since 1980 as measured by the Consumer Expenditure Survey. Contractionary monetary policy systematically increases inequality in labor earnings, total income, consumption and total expenditures. Furthermore, monetary policy shocks account for a non-trivial component of the historical cyclical variation in income and consumption inequality. Using detailed micro-level data on income and consumption, we document some of the different channels via which monetary policy shocks affect inequality, as well as how these channels depend on the nature of the change in monetary policy.\n\n",
  "docLength" : 0,
  "language" : "EN",
  "status" : "IN_PROGRESS",
  "modifiedDate" : 1639145527546,
  "documentSet" : [ ],
  "preannotation" : [ "PRE_LW", "PRE_SIRE" ],
  "sentences" : [ {
    "id" : "s0",
    "begin" : 0,
    "end" : 197,
    "text" : "We study the effects of monetary policy shocks and their historical contribution to consumption and income inequality in the United States since 1980 as measured by the Consumer Expenditure Survey.",
    "tokens" : [ {
      "id" : "s0-t0",
      "begin" : 0,
      "end" : 2,
      "text" : "We",
      "whiteSpace" : false
    }, {
      "id" : "s0-t1",
      "begin" : 3,
      "end" : 8,
      "text" : "study",
      "whiteSpace" : false
    }, {
      "id" : "s0-t2",
      "begin" : 9,
      "end" : 12,
      "text" : "the",
      "whiteSpace" : false
    }, {
      "id" : "s0-t3",
      "begin" : 13,
      "end" : 20,
      "text" : "effects",
      "whiteSpace" : false
    }, {
      "id" : "s0-t4",
      "begin" : 21,
      "end" : 23,
      "text" : "of",
      "whiteSpace" : false
    }, {
      "id" : "s0-t5",
      "begin" : 24,
      "end" : 32,
      "text" : "monetary",
      "whiteSpace" : false
    }, {
      "id" : "s0-t6",
      "begin" : 33,
      "end" : 39,
      "text" : "policy",
      "whiteSpace" : false
    }, {
      "id" : "s0-t7",
      "begin" : 40,
      "end" : 46,
      "text" : "shocks",
      "whiteSpace" : false
    }, {
      "id" : "s0-t8",
      "begin" : 47,
      "end" : 50,
      "text" : "and",
      "whiteSpace" : false
    }, {
      "id" : "s0-t9",
      "begin" : 51,
      "end" : 56,
      "text" : "their",
      "whiteSpace" : false
    }, {
      "id" : "s0-t10",
      "begin" : 57,
      "end" : 67,
      "text" : "historical",
      "whiteSpace" : false
    }, {
      "id" : "s0-t11",
      "begin" : 68,
      "end" : 80,
      "text" : "contribution",
      "whiteSpace" : false
    }, {
      "id" : "s0-t12",
      "begin" : 81,
      "end" : 83,
      "text" : "to",
      "whiteSpace" : false
    }, {
      "id" : "s0-t13",
      "begin" : 84,
      "end" : 95,
      "text" : "consumption",
      "whiteSpace" : false
    }, {
      "id" : "s0-t14",
      "begin" : 96,
      "end" : 99,
      "text" : "and",
      "whiteSpace" : false
    }, {
      "id" : "s0-t15",
      "begin" : 100,
      "end" : 106,
      "text" : "income",
      "whiteSpace" : false
    }, {
      "id" : "s0-t16",
      "begin" : 107,
      "end" : 117,
      "text" : "inequality",
      "whiteSpace" : false
    }, {
      "id" : "s0-t17",
      "begin" : 118,
      "end" : 120,
      "text" : "in",
      "whiteSpace" : false
    }, {
      "id" : "s0-t18",
      "begin" : 121,
      "end" : 124,
      "text" : "the",
      "whiteSpace" : false
    }, {
      "id" : "s0-t19",
      "begin" : 125,
      "end" : 131,
      "text" : "United",
      "whiteSpace" : false
    }, {
      "id" : "s0-t20",
      "begin" : 132,
      "end" : 138,
      "text" : "States",
      "whiteSpace" : false
    }, {
      "id" : "s0-t21",
      "begin" : 139,
      "end" : 144,
      "text" : "since",
      "whiteSpace" : false
    }, {
      "id" : "s0-t22",
      "begin" : 145,
      "end" : 149,
      "text" : "1980",
      "whiteSpace" : false
    }, {
      "id" : "s0-t23",
      "begin" : 150,
      "end" : 152,
      "text" : "as",
      "whiteSpace" : false
    }, {
      "id" : "s0-t24",
      "begin" : 153,
      "end" : 161,
      "text" : "measured",
      "whiteSpace" : false
    }, {
      "id" : "s0-t25",
      "begin" : 162,
      "end" : 164,
      "text" : "by",
      "whiteSpace" : false
    }, {
      "id" : "s0-t26",
      "begin" : 165,
      "end" : 168,
      "text" : "the",
      "whiteSpace" : false
    }, {
      "id" : "s0-t27",
      "begin" : 169,
      "end" : 177,
      "text" : "Consumer",
      "whiteSpace" : false
    }, {
      "id" : "s0-t28",
      "begin" : 178,
      "end" : 189,
      "text" : "Expenditure",
      "whiteSpace" : false
    }, {
      "id" : "s0-t29",
      "begin" : 190,
      "end" : 196,
      "text" : "Survey",
      "whiteSpace" : false
    }, {
      "id" : "s0-t30",
      "begin" : 196,
      "end" : 197,
      "text" : ".",
      "whiteSpace" : false
    } ]
  }, {
    "id" : "s1",
    "begin" : 198,
    "end" : 333,
    "text" : "Contractionary monetary policy systematically increases inequality in labor earnings, total income, consumption and total expenditures.",
    "tokens" : [ {
      "id" : "s1-t0",
      "begin" : 198,
      "end" : 212,
      "text" : "Contractionary",
      "whiteSpace" : false
    }, {
      "id" : "s1-t1",
      "begin" : 213,
      "end" : 221,
      "text" : "monetary",
      "whiteSpace" : false
    }, {
      "id" : "s1-t2",
      "begin" : 222,
      "end" : 228,
      "text" : "policy",
      "whiteSpace" : false
    }, {
      "id" : "s1-t3",
      "begin" : 229,
      "end" : 243,
      "text" : "systematically",
      "whiteSpace" : false
    }, {
      "id" : "s1-t4",
      "begin" : 244,
      "end" : 253,
      "text" : "increases",
      "whiteSpace" : false
    }, {
      "id" : "s1-t5",
      "begin" : 254,
      "end" : 264,
      "text" : "inequality",
      "whiteSpace" : false
    }, {
      "id" : "s1-t6",
      "begin" : 265,
      "end" : 267,
      "text" : "in",
      "whiteSpace" : false
    }, {
      "id" : "s1-t7",
      "begin" : 268,
      "end" : 273,
      "text" : "labor",
      "whiteSpace" : false
    }, {
      "id" : "s1-t8",
      "begin" : 274,
      "end" : 282,
      "text" : "earnings",
      "whiteSpace" : false
    }, {
      "id" : "s1-t9",
      "begin" : 282,
      "end" : 283,
      "text" : ",",
      "whiteSpace" : false
    }, {
      "id" : "s1-t10",
      "begin" : 284,
      "end" : 289,
      "text" : "total",
      "whiteSpace" : false
    }, {
      "id" : "s1-t11",
      "begin" : 290,
      "end" : 296,
      "text" : "income",
      "whiteSpace" : false
    }, {
      "id" : "s1-t12",
      "begin" : 296,
      "end" : 297,
      "text" : ",",
      "whiteSpace" : false
    }, {
      "id" : "s1-t13",
      "begin" : 298,
      "end" : 309,
      "text" : "consumption",
      "whiteSpace" : false
    }, {
      "id" : "s1-t14",
      "begin" : 310,
      "end" : 313,
      "text" : "and",
      "whiteSpace" : false
    }, {
      "id" : "s1-t15",
      "begin" : 314,
      "end" : 319,
      "text" : "total",
      "whiteSpace" : false
    }, {
      "id" : "s1-t16",
      "begin" : 320,
      "end" : 332,
      "text" : "expenditures",
      "whiteSpace" : false
    }, {
      "id" : "s1-t17",
      "begin" : 332,
      "end" : 333,
      "text" : ".",
      "whiteSpace" : false
    } ]
  }, {
    "id" : "s2",
    "begin" : 334,
    "end" : 480,
    "text" : "Furthermore, monetary policy shocks account for a non-trivial component of the historical cyclical variation in income and consumption inequality.",
    "tokens" : [ {
      "id" : "s2-t0",
      "begin" : 334,
      "end" : 345,
      "text" : "Furthermore",
      "whiteSpace" : false
    }, {
      "id" : "s2-t1",
      "begin" : 345,
      "end" : 346,
      "text" : ",",
      "whiteSpace" : false
    }, {
      "id" : "s2-t2",
      "begin" : 347,
      "end" : 355,
      "text" : "monetary",
      "whiteSpace" : false
    }, {
      "id" : "s2-t3",
      "begin" : 356,
      "end" : 362,
      "text" : "policy",
      "whiteSpace" : false
    }, {
      "id" : "s2-t4",
      "begin" : 363,
      "end" : 369,
      "text" : "shocks",
      "whiteSpace" : false
    }, {
      "id" : "s2-t5",
      "begin" : 370,
      "end" : 377,
      "text" : "account",
      "whiteSpace" : false
    }, {
      "id" : "s2-t6",
      "begin" : 378,
      "end" : 381,
      "text" : "for",
      "whiteSpace" : false
    }, {
      "id" : "s2-t7",
      "begin" : 382,
      "end" : 383,
      "text" : "a",
      "whiteSpace" : false
    }, {
      "id" : "s2-t8",
      "begin" : 384,
      "end" : 395,
      "text" : "non-trivial",
      "whiteSpace" : false
    }, {
      "id" : "s2-t9",
      "begin" : 396,
      "end" : 405,
      "text" : "component",
      "whiteSpace" : false
    }, {
      "id" : "s2-t10",
      "begin" : 406,
      "end" : 408,
      "text" : "of",
      "whiteSpace" : false
    }, {
      "id" : "s2-t11",
      "begin" : 409,
      "end" : 412,
      "text" : "the",
      "whiteSpace" : false
    }, {
      "id" : "s2-t12",
      "begin" : 413,
      "end" : 423,
      "text" : "historical",
      "whiteSpace" : false
    }, {
      "id" : "s2-t13",
      "begin" : 424,
      "end" : 432,
      "text" : "cyclical",
      "whiteSpace" : false
    }, {
      "id" : "s2-t14",
      "begin" : 433,
      "end" : 442,
      "text" : "variation",
      "whiteSpace" : false
    }, {
      "id" : "s2-t15",
      "begin" : 443,
      "end" : 445,
      "text" : "in",
      "whiteSpace" : false
    }, {
      "id" : "s2-t16",
      "begin" : 446,
      "end" : 452,
      "text" : "income",
      "whiteSpace" : false
    }, {
      "id" : "s2-t17",
      "begin" : 453,
      "end" : 456,
      "text" : "and",
      "whiteSpace" : false
    }, {
      "id" : "s2-t18",
      "begin" : 457,
      "end" : 468,
      "text" : "consumption",
      "whiteSpace" : false
    }, {
      "id" : "s2-t19",
      "begin" : 469,
      "end" : 479,
      "text" : "inequality",
      "whiteSpace" : false
    }, {
      "id" : "s2-t20",
      "begin" : 479,
      "end" : 480,
      "text" : ".",
      "whiteSpace" : false
    } ]
  }, {
    "id" : "s3",
    "begin" : 481,
    "end" : 719,
    "text" : "Using detailed micro-level data on income and consumption, we document some of the different channels via which monetary policy shocks affect inequality, as well as how these channels depend on the nature of the change in monetary policy.",
    "tokens" : [ {
      "id" : "s3-t0",
      "begin" : 481,
      "end" : 486,
      "text" : "Using",
      "whiteSpace" : false
    }, {
      "id" : "s3-t1",
      "begin" : 487,
      "end" : 495,
      "text" : "detailed",
      "whiteSpace" : false
    }, {
      "id" : "s3-t2",
      "begin" : 496,
      "end" : 507,
      "text" : "micro-level",
      "whiteSpace" : false
    }, {
      "id" : "s3-t3",
      "begin" : 508,
      "end" : 512,
      "text" : "data",
      "whiteSpace" : false
    }, {
      "id" : "s3-t4",
      "begin" : 513,
      "end" : 515,
      "text" : "on",
      "whiteSpace" : false
    }, {
      "id" : "s3-t5",
      "begin" : 516,
      "end" : 522,
      "text" : "income",
      "whiteSpace" : false
    }, {
      "id" : "s3-t6",
      "begin" : 523,
      "end" : 526,
      "text" : "and",
      "whiteSpace" : false
    }, {
      "id" : "s3-t7",
      "begin" : 527,
      "end" : 538,
      "text" : "consumption",
      "whiteSpace" : false
    }, {
      "id" : "s3-t8",
      "begin" : 538,
      "end" : 539,
      "text" : ",",
      "whiteSpace" : false
    }, {
      "id" : "s3-t9",
      "begin" : 540,
      "end" : 542,
      "text" : "we",
      "whiteSpace" : false
    }, {
      "id" : "s3-t10",
      "begin" : 543,
      "end" : 551,
      "text" : "document",
      "whiteSpace" : false
    }, {
      "id" : "s3-t11",
      "begin" : 552,
      "end" : 556,
      "text" : "some",
      "whiteSpace" : false
    }, {
      "id" : "s3-t12",
      "begin" : 557,
      "end" : 559,
      "text" : "of",
      "whiteSpace" : false
    }, {
      "id" : "s3-t13",
      "begin" : 560,
      "end" : 563,
      "text" : "the",
      "whiteSpace" : false
    }, {
      "id" : "s3-t14",
      "begin" : 564,
      "end" : 573,
      "text" : "different",
      "whiteSpace" : false
    }, {
      "id" : "s3-t15",
      "begin" : 574,
      "end" : 582,
      "text" : "channels",
      "whiteSpace" : false
    }, {
      "id" : "s3-t16",
      "begin" : 583,
      "end" : 586,
      "text" : "via",
      "whiteSpace" : false
    }, {
      "id" : "s3-t17",
      "begin" : 587,
      "end" : 592,
      "text" : "which",
      "whiteSpace" : false
    }, {
      "id" : "s3-t18",
      "begin" : 593,
      "end" : 601,
      "text" : "monetary",
      "whiteSpace" : false
    }, {
      "id" : "s3-t19",
      "begin" : 602,
      "end" : 608,
      "text" : "policy",
      "whiteSpace" : false
    }, {
      "id" : "s3-t20",
      "begin" : 609,
      "end" : 615,
      "text" : "shocks",
      "whiteSpace" : false
    }, {
      "id" : "s3-t21",
      "begin" : 616,
      "end" : 622,
      "text" : "affect",
      "whiteSpace" : false
    }, {
      "id" : "s3-t22",
      "begin" : 623,
      "end" : 633,
      "text" : "inequality",
      "whiteSpace" : false
    }, {
      "id" : "s3-t23",
      "begin" : 633,
      "end" : 634,
      "text" : ",",
      "whiteSpace" : false
    }, {
      "id" : "s3-t24",
      "begin" : 635,
      "end" : 637,
      "text" : "as",
      "whiteSpace" : false
    }, {
      "id" : "s3-t25",
      "begin" : 638,
      "end" : 642,
      "text" : "well",
      "whiteSpace" : false
    }, {
      "id" : "s3-t26",
      "begin" : 643,
      "end" : 645,
      "text" : "as",
      "whiteSpace" : false
    }, {
      "id" : "s3-t27",
      "begin" : 646,
      "end" : 649,
      "text" : "how",
      "whiteSpace" : false
    }, {
      "id" : "s3-t28",
      "begin" : 650,
      "end" : 655,
      "text" : "these",
      "whiteSpace" : false
    }, {
      "id" : "s3-t29",
      "begin" : 656,
      "end" : 664,
      "text" : "channels",
      "whiteSpace" : false
    }, {
      "id" : "s3-t30",
      "begin" : 665,
      "end" : 671,
      "text" : "depend",
      "whiteSpace" : false
    }, {
      "id" : "s3-t31",
      "begin" : 672,
      "end" : 674,
      "text" : "on",
      "whiteSpace" : false
    }, {
      "id" : "s3-t32",
      "begin" : 675,
      "end" : 678,
      "text" : "the",
      "whiteSpace" : false
    }, {
      "id" : "s3-t33",
      "begin" : 679,
      "end" : 685,
      "text" : "nature",
      "whiteSpace" : false
    }, {
      "id" : "s3-t34",
      "begin" : 686,
      "end" : 688,
      "text" : "of",
      "whiteSpace" : false
    }, {
      "id" : "s3-t35",
      "begin" : 689,
      "end" : 692,
      "text" : "the",
      "whiteSpace" : false
    }, {
      "id" : "s3-t36",
      "begin" : 693,
      "end" : 699,
      "text" : "change",
      "whiteSpace" : false
    }, {
      "id" : "s3-t37",
      "begin" : 700,
      "end" : 702,
      "text" : "in",
      "whiteSpace" : false
    }, {
      "id" : "s3-t38",
      "begin" : 703,
      "end" : 711,
      "text" : "monetary",
      "whiteSpace" : false
    }, {
      "id" : "s3-t39",
      "begin" : 712,
      "end" : 718,
      "text" : "policy",
      "whiteSpace" : false
    }, {
      "id" : "s3-t40",
      "begin" : 718,
      "end" : 719,
      "text" : ".",
      "whiteSpace" : false
    } ]
  } ],
  "mentions" : [ {
    "id" : "m1",
    "properties" : {
      "SIRE_MENTION_ROLE" : "evidence",
      "SIRE_MENTION_CLASS" : "SPC",
      "SIRE_MENTION_TYPE" : "NONE",
      "SIRE_ENTITY_SUBTYPE" : "NONE"
    },
    "type" : "evidence",
    "begin" : 3,
    "end" : 8,
    "inCoref" : false
  }, {
    "id" : "m20",
    "properties" : {
      "SIRE_ENTITY_LEVEL" : "NONE",
      "SIRE_MENTION_ROLE" : "relation",
      "SIRE_MENTION_CLASS" : "SPC",
      "SIRE_MENTION_TYPE" : "NONE",
      "SIRE_ENTITY_CLASS" : "SPC",
      "SIRE_ENTITY_SUBTYPE" : "NONE"
    },
    "type" : "relation",
    "begin" : 13,
    "end" : 23,
    "inCoref" : false
  }, {
    "id" : "m2",
    "properties" : {
      "SIRE_MENTION_ROLE" : "Variable",
      "SIRE_MENTION_CLASS" : "SPC",
      "SIRE_MENTION_TYPE" : "NONE",
      "SIRE_ENTITY_SUBTYPE" : "NONE"
    },
    "type" : "Variable",
    "begin" : 24,
    "end" : 46,
    "inCoref" : true
  }, {
    "id" : "m4",
    "properties" : {
      "SIRE_MENTION_ROLE" : "Variable",
      "SIRE_MENTION_CLASS" : "SPC",
      "SIRE_MENTION_TYPE" : "NONE",
      "SIRE_ENTITY_SUBTYPE" : "NONE"
    },
    "type" : "Variable",
    "begin" : 84,
    "end" : 117,
    "inCoref" : false
  }, {
    "id" : "m5",
    "properties" : {
      "SIRE_MENTION_ROLE" : "Variable",
      "SIRE_MENTION_CLASS" : "SPC",
      "SIRE_MENTION_TYPE" : "NONE",
      "SIRE_ENTITY_SUBTYPE" : "NONE"
    },
    "type" : "Variable",
    "begin" : 213,
    "end" : 228,
    "inCoref" : true
  }, {
    "id" : "m6",
    "properties" : {
      "SIRE_MENTION_ROLE" : "relation",
      "SIRE_MENTION_CLASS" : "SPC",
      "SIRE_MENTION_TYPE" : "NONE",
      "SIRE_ENTITY_SUBTYPE" : "NONE"
    },
    "type" : "relation",
    "begin" : 244,
    "end" : 253,
    "inCoref" : false
  }, {
    "id" : "m7",
    "properties" : {
      "SIRE_MENTION_ROLE" : "Variable",
      "SIRE_MENTION_CLASS" : "SPC",
      "SIRE_MENTION_TYPE" : "NONE",
      "SIRE_ENTITY_SUBTYPE" : "NONE"
    },
    "type" : "Variable",
    "begin" : 254,
    "end" : 282,
    "inCoref" : true
  }, {
    "id" : "m9",
    "properties" : {
      "SIRE_MENTION_ROLE" : "Variable",
      "SIRE_MENTION_CLASS" : "SPC",
      "SIRE_MENTION_TYPE" : "NONE",
      "SIRE_ENTITY_SUBTYPE" : "NONE"
    },
    "type" : "Variable",
    "begin" : 284,
    "end" : 296,
    "inCoref" : false
  }, {
    "id" : "m10",
    "properties" : {
      "SIRE_MENTION_ROLE" : "Variable",
      "SIRE_MENTION_CLASS" : "SPC",
      "SIRE_MENTION_TYPE" : "NONE",
      "SIRE_ENTITY_SUBTYPE" : "NONE"
    },
    "type" : "Variable",
    "begin" : 298,
    "end" : 309,
    "inCoref" : false
  }, {
    "id" : "m22",
    "properties" : {
      "SIRE_ENTITY_LEVEL" : "NONE",
      "SIRE_MENTION_ROLE" : "Variable",
      "SIRE_MENTION_CLASS" : "SPC",
      "SIRE_MENTION_TYPE" : "NONE",
      "SIRE_ENTITY_CLASS" : "SPC",
      "SIRE_ENTITY_SUBTYPE" : "NONE"
    },
    "type" : "Variable",
    "begin" : 314,
    "end" : 332,
    "inCoref" : false
  }, {
    "id" : "m11",
    "properties" : {
      "SIRE_MENTION_ROLE" : "Variable",
      "SIRE_MENTION_CLASS" : "SPC",
      "SIRE_MENTION_TYPE" : "NONE",
      "SIRE_ENTITY_SUBTYPE" : "NONE"
    },
    "type" : "Variable",
    "begin" : 347,
    "end" : 369,
    "inCoref" : true
  }, {
    "id" : "m12",
    "properties" : {
      "SIRE_MENTION_ROLE" : "relation",
      "SIRE_MENTION_CLASS" : "SPC",
      "SIRE_MENTION_TYPE" : "NONE",
      "SIRE_ENTITY_SUBTYPE" : "NONE"
    },
    "type" : "relation",
    "begin" : 370,
    "end" : 381,
    "inCoref" : false
  }, {
    "id" : "m13",
    "properties" : {
      "SIRE_MENTION_ROLE" : "Variable",
      "SIRE_MENTION_CLASS" : "SPC",
      "SIRE_MENTION_TYPE" : "NONE",
      "SIRE_ENTITY_SUBTYPE" : "NONE"
    },
    "type" : "Variable",
    "begin" : 446,
    "end" : 479,
    "inCoref" : false
  }, {
    "id" : "s3-m7",
    "properties" : {
      "SIRE_MENTION_ROLE" : "Variable",
      "SIRE_ENTITY_SUBTYPE" : "NONE",
      "SIRE_MENTION_TYPE" : "NONE",
      "SIRE_MENTION_CLASS" : "SPC"
    },
    "type" : "Variable",
    "begin" : 516,
    "end" : 522,
    "inCoref" : false
  }, {
    "id" : "m14",
    "properties" : {
      "SIRE_MENTION_ROLE" : "Variable",
      "SIRE_MENTION_CLASS" : "SPC",
      "SIRE_MENTION_TYPE" : "NONE",
      "SIRE_ENTITY_SUBTYPE" : "NONE"
    },
    "type" : "Variable",
    "begin" : 527,
    "end" : 538,
    "inCoref" : true
  }, {
    "id" : "m15",
    "properties" : {
      "SIRE_MENTION_ROLE" : "evidence",
      "SIRE_MENTION_CLASS" : "SPC",
      "SIRE_MENTION_TYPE" : "NONE",
      "SIRE_ENTITY_SUBTYPE" : "NONE"
    },
    "type" : "evidence",
    "begin" : 543,
    "end" : 551,
    "inCoref" : false
  }, {
    "id" : "m16",
    "properties" : {
      "SIRE_MENTION_ROLE" : "Variable",
      "SIRE_MENTION_CLASS" : "SPC",
      "SIRE_MENTION_TYPE" : "NONE",
      "SIRE_ENTITY_SUBTYPE" : "NONE"
    },
    "type" : "Variable",
    "begin" : 593,
    "end" : 615,
    "inCoref" : true
  }, {
    "id" : "m17",
    "properties" : {
      "SIRE_MENTION_ROLE" : "relation",
      "SIRE_MENTION_CLASS" : "SPC",
      "SIRE_MENTION_TYPE" : "NONE",
      "SIRE_ENTITY_SUBTYPE" : "NONE"
    },
    "type" : "relation",
    "begin" : 616,
    "end" : 622,
    "inCoref" : false
  }, {
    "id" : "m18",
    "properties" : {
      "SIRE_MENTION_ROLE" : "Variable",
      "SIRE_MENTION_CLASS" : "SPC",
      "SIRE_MENTION_TYPE" : "NONE",
      "SIRE_ENTITY_SUBTYPE" : "NONE"
    },
    "type" : "Variable",
    "begin" : 623,
    "end" : 633,
    "inCoref" : true
  }, {
    "id" : "m19",
    "properties" : {
      "SIRE_MENTION_ROLE" : "Variable",
      "SIRE_MENTION_CLASS" : "SPC",
      "SIRE_MENTION_TYPE" : "NONE",
      "SIRE_ENTITY_SUBTYPE" : "NONE"
    },
    "type" : "Variable",
    "begin" : 703,
    "end" : 718,
    "inCoref" : true
  } ],
  "relations" : [ {
    "id" : "r1",
    "properties" : {
      "SIRE_RELATION_TENSE" : "UNSPECIFIED",
      "SIRE_RELATION_CLASS" : "SPECIFIC",
      "SIRE_RELATION_MODALITY" : "ASSERTED",
      "SIRE_RELATION_SUBTYPE" : "OTHER"
    },
    "type" : "Causal",
    "args" : [ "m5", "m7" ]
  }, {
    "id" : "s1-r1",
    "properties" : { },
    "type" : "Causal",
    "args" : [ "m5", "m9" ]
  }, {
    "id" : "s1-r2",
    "properties" : { },
    "type" : "Causal",
    "args" : [ "m5", "m10" ]
  }, {
    "id" : "s1-r3",
    "properties" : { },
    "type" : "Causal",
    "args" : [ "m5", "m22" ]
  }, {
    "id" : "s2-r1",
    "properties" : { },
    "type" : "Causal",
    "args" : [ "m11", "m13" ]
  }, {
    "id" : "s3-r1",
    "properties" : { },
    "type" : "Causal",
    "args" : [ "m16", "m18" ]
  } ],
  "corefs" : [ {
    "id" : "c1",
    "properties" : { },
    "mentions" : [ "m2", "m5", "m11", "m16", "m19" ]
  }, {
    "id" : "c2",
    "properties" : { },
    "mentions" : [ "m7", "m18" ]
  }, {
    "id" : "c3",
    "properties" : { },
    "mentions" : [ "m14" ]
  } ],
  "typeResolved" : true,
  "userResolved" : false
}