{
  "id" : "9e7cfbb0-30ce-11ec-aeb1-4f7a687954bf-3",
  "name" : "7. Anderson E, Jalles DóreyMA, Duvendack M, Esposito L (2017) .docx",
  "createdDate" : 0,
  "version" : 3,
  "text" : "\nIn this paper findings of a meta‐regression analysis are presented exploring the effects of government spending on income inequality, with a particular focus on low‐ and middle‐income countries. We identify a total of 84 separate studies containing over 900 estimates of the effect of one or more measures of spending on one or more measures of income inequality. The results show some evidence of a moderate negative relationship between government spending and income inequality, which is strongest for social welfare and other social spending, and when using the Gini coefficient or the top income share as the measure of inequality. However, both the size and direction of the estimated relationship between government spending and income inequality is affected by a range of other factors, including the control variables and estimation method used. We also find evidence of publication bias, in that negative estimates of the relationship appear to be under‐reported in the literature.\n\n",
  "docLength" : 0,
  "language" : "EN",
  "status" : "IN_PROGRESS",
  "modifiedDate" : 1634828097116,
  "documentSet" : [ ],
  "preannotation" : [ "PRE_LW", "PRE_SIRE" ],
  "sentences" : [ {
    "id" : "s0",
    "begin" : 1,
    "end" : 195,
    "text" : "In this paper findings of a meta‐regression analysis are presented exploring the effects of government spending on income inequality, with a particular focus on low‐ and middle‐income countries.",
    "tokens" : [ {
      "id" : "s0-t0",
      "begin" : 1,
      "end" : 3,
      "text" : "In",
      "whiteSpace" : false
    }, {
      "id" : "s0-t1",
      "begin" : 4,
      "end" : 8,
      "text" : "this",
      "whiteSpace" : false
    }, {
      "id" : "s0-t2",
      "begin" : 9,
      "end" : 14,
      "text" : "paper",
      "whiteSpace" : false
    }, {
      "id" : "s0-t3",
      "begin" : 15,
      "end" : 23,
      "text" : "findings",
      "whiteSpace" : false
    }, {
      "id" : "s0-t4",
      "begin" : 24,
      "end" : 26,
      "text" : "of",
      "whiteSpace" : false
    }, {
      "id" : "s0-t5",
      "begin" : 27,
      "end" : 28,
      "text" : "a",
      "whiteSpace" : false
    }, {
      "id" : "s0-t6",
      "begin" : 29,
      "end" : 33,
      "text" : "meta",
      "whiteSpace" : false
    }, {
      "id" : "s0-t7",
      "begin" : 33,
      "end" : 34,
      "text" : "‐",
      "whiteSpace" : false
    }, {
      "id" : "s0-t8",
      "begin" : 34,
      "end" : 44,
      "text" : "regression",
      "whiteSpace" : false
    }, {
      "id" : "s0-t9",
      "begin" : 45,
      "end" : 53,
      "text" : "analysis",
      "whiteSpace" : false
    }, {
      "id" : "s0-t10",
      "begin" : 54,
      "end" : 57,
      "text" : "are",
      "whiteSpace" : false
    }, {
      "id" : "s0-t11",
      "begin" : 58,
      "end" : 67,
      "text" : "presented",
      "whiteSpace" : false
    }, {
      "id" : "s0-t12",
      "begin" : 68,
      "end" : 77,
      "text" : "exploring",
      "whiteSpace" : false
    }, {
      "id" : "s0-t13",
      "begin" : 78,
      "end" : 81,
      "text" : "the",
      "whiteSpace" : false
    }, {
      "id" : "s0-t14",
      "begin" : 82,
      "end" : 89,
      "text" : "effects",
      "whiteSpace" : false
    }, {
      "id" : "s0-t15",
      "begin" : 90,
      "end" : 92,
      "text" : "of",
      "whiteSpace" : false
    }, {
      "id" : "s0-t16",
      "begin" : 93,
      "end" : 103,
      "text" : "government",
      "whiteSpace" : false
    }, {
      "id" : "s0-t17",
      "begin" : 104,
      "end" : 112,
      "text" : "spending",
      "whiteSpace" : false
    }, {
      "id" : "s0-t18",
      "begin" : 113,
      "end" : 115,
      "text" : "on",
      "whiteSpace" : false
    }, {
      "id" : "s0-t19",
      "begin" : 116,
      "end" : 122,
      "text" : "income",
      "whiteSpace" : false
    }, {
      "id" : "s0-t20",
      "begin" : 123,
      "end" : 133,
      "text" : "inequality",
      "whiteSpace" : false
    }, {
      "id" : "s0-t21",
      "begin" : 133,
      "end" : 134,
      "text" : ",",
      "whiteSpace" : false
    }, {
      "id" : "s0-t22",
      "begin" : 135,
      "end" : 139,
      "text" : "with",
      "whiteSpace" : false
    }, {
      "id" : "s0-t23",
      "begin" : 140,
      "end" : 141,
      "text" : "a",
      "whiteSpace" : false
    }, {
      "id" : "s0-t24",
      "begin" : 142,
      "end" : 152,
      "text" : "particular",
      "whiteSpace" : false
    }, {
      "id" : "s0-t25",
      "begin" : 153,
      "end" : 158,
      "text" : "focus",
      "whiteSpace" : false
    }, {
      "id" : "s0-t26",
      "begin" : 159,
      "end" : 161,
      "text" : "on",
      "whiteSpace" : false
    }, {
      "id" : "s0-t27",
      "begin" : 162,
      "end" : 165,
      "text" : "low",
      "whiteSpace" : false
    }, {
      "id" : "s0-t28",
      "begin" : 165,
      "end" : 166,
      "text" : "‐",
      "whiteSpace" : false
    }, {
      "id" : "s0-t29",
      "begin" : 167,
      "end" : 170,
      "text" : "and",
      "whiteSpace" : false
    }, {
      "id" : "s0-t30",
      "begin" : 171,
      "end" : 184,
      "text" : "middle‐income",
      "whiteSpace" : false
    }, {
      "id" : "s0-t31",
      "begin" : 185,
      "end" : 194,
      "text" : "countries",
      "whiteSpace" : false
    }, {
      "id" : "s0-t32",
      "begin" : 194,
      "end" : 195,
      "text" : ".",
      "whiteSpace" : false
    } ]
  }, {
    "id" : "s1",
    "begin" : 196,
    "end" : 364,
    "text" : "We identify a total of 84 separate studies containing over 900 estimates of the effect of one or more measures of spending on one or more measures of income inequality.",
    "tokens" : [ {
      "id" : "s1-t0",
      "begin" : 196,
      "end" : 198,
      "text" : "We",
      "whiteSpace" : false
    }, {
      "id" : "s1-t1",
      "begin" : 199,
      "end" : 207,
      "text" : "identify",
      "whiteSpace" : false
    }, {
      "id" : "s1-t2",
      "begin" : 208,
      "end" : 209,
      "text" : "a",
      "whiteSpace" : false
    }, {
      "id" : "s1-t3",
      "begin" : 210,
      "end" : 215,
      "text" : "total",
      "whiteSpace" : false
    }, {
      "id" : "s1-t4",
      "begin" : 216,
      "end" : 218,
      "text" : "of",
      "whiteSpace" : false
    }, {
      "id" : "s1-t5",
      "begin" : 219,
      "end" : 221,
      "text" : "84",
      "whiteSpace" : false
    }, {
      "id" : "s1-t6",
      "begin" : 222,
      "end" : 230,
      "text" : "separate",
      "whiteSpace" : false
    }, {
      "id" : "s1-t7",
      "begin" : 231,
      "end" : 238,
      "text" : "studies",
      "whiteSpace" : false
    }, {
      "id" : "s1-t8",
      "begin" : 239,
      "end" : 249,
      "text" : "containing",
      "whiteSpace" : false
    }, {
      "id" : "s1-t9",
      "begin" : 250,
      "end" : 254,
      "text" : "over",
      "whiteSpace" : false
    }, {
      "id" : "s1-t10",
      "begin" : 255,
      "end" : 258,
      "text" : "900",
      "whiteSpace" : false
    }, {
      "id" : "s1-t11",
      "begin" : 259,
      "end" : 268,
      "text" : "estimates",
      "whiteSpace" : false
    }, {
      "id" : "s1-t12",
      "begin" : 269,
      "end" : 271,
      "text" : "of",
      "whiteSpace" : false
    }, {
      "id" : "s1-t13",
      "begin" : 272,
      "end" : 275,
      "text" : "the",
      "whiteSpace" : false
    }, {
      "id" : "s1-t14",
      "begin" : 276,
      "end" : 282,
      "text" : "effect",
      "whiteSpace" : false
    }, {
      "id" : "s1-t15",
      "begin" : 283,
      "end" : 285,
      "text" : "of",
      "whiteSpace" : false
    }, {
      "id" : "s1-t16",
      "begin" : 286,
      "end" : 289,
      "text" : "one",
      "whiteSpace" : false
    }, {
      "id" : "s1-t17",
      "begin" : 290,
      "end" : 292,
      "text" : "or",
      "whiteSpace" : false
    }, {
      "id" : "s1-t18",
      "begin" : 293,
      "end" : 297,
      "text" : "more",
      "whiteSpace" : false
    }, {
      "id" : "s1-t19",
      "begin" : 298,
      "end" : 306,
      "text" : "measures",
      "whiteSpace" : false
    }, {
      "id" : "s1-t20",
      "begin" : 307,
      "end" : 309,
      "text" : "of",
      "whiteSpace" : false
    }, {
      "id" : "s1-t21",
      "begin" : 310,
      "end" : 318,
      "text" : "spending",
      "whiteSpace" : false
    }, {
      "id" : "s1-t22",
      "begin" : 319,
      "end" : 321,
      "text" : "on",
      "whiteSpace" : false
    }, {
      "id" : "s1-t23",
      "begin" : 322,
      "end" : 325,
      "text" : "one",
      "whiteSpace" : false
    }, {
      "id" : "s1-t24",
      "begin" : 326,
      "end" : 328,
      "text" : "or",
      "whiteSpace" : false
    }, {
      "id" : "s1-t25",
      "begin" : 329,
      "end" : 333,
      "text" : "more",
      "whiteSpace" : false
    }, {
      "id" : "s1-t26",
      "begin" : 334,
      "end" : 342,
      "text" : "measures",
      "whiteSpace" : false
    }, {
      "id" : "s1-t27",
      "begin" : 343,
      "end" : 345,
      "text" : "of",
      "whiteSpace" : false
    }, {
      "id" : "s1-t28",
      "begin" : 346,
      "end" : 352,
      "text" : "income",
      "whiteSpace" : false
    }, {
      "id" : "s1-t29",
      "begin" : 353,
      "end" : 363,
      "text" : "inequality",
      "whiteSpace" : false
    }, {
      "id" : "s1-t30",
      "begin" : 363,
      "end" : 364,
      "text" : ".",
      "whiteSpace" : false
    } ]
  }, {
    "id" : "s2",
    "begin" : 365,
    "end" : 637,
    "text" : "The results show some evidence of a moderate negative relationship between government spending and income inequality, which is strongest for social welfare and other social spending, and when using the Gini coefficient or the top income share as the measure of inequality.",
    "tokens" : [ {
      "id" : "s2-t0",
      "begin" : 365,
      "end" : 368,
      "text" : "The",
      "whiteSpace" : false
    }, {
      "id" : "s2-t1",
      "begin" : 369,
      "end" : 376,
      "text" : "results",
      "whiteSpace" : false
    }, {
      "id" : "s2-t2",
      "begin" : 377,
      "end" : 381,
      "text" : "show",
      "whiteSpace" : false
    }, {
      "id" : "s2-t3",
      "begin" : 382,
      "end" : 386,
      "text" : "some",
      "whiteSpace" : false
    }, {
      "id" : "s2-t4",
      "begin" : 387,
      "end" : 395,
      "text" : "evidence",
      "whiteSpace" : false
    }, {
      "id" : "s2-t5",
      "begin" : 396,
      "end" : 398,
      "text" : "of",
      "whiteSpace" : false
    }, {
      "id" : "s2-t6",
      "begin" : 399,
      "end" : 400,
      "text" : "a",
      "whiteSpace" : false
    }, {
      "id" : "s2-t7",
      "begin" : 401,
      "end" : 409,
      "text" : "moderate",
      "whiteSpace" : false
    }, {
      "id" : "s2-t8",
      "begin" : 410,
      "end" : 418,
      "text" : "negative",
      "whiteSpace" : false
    }, {
      "id" : "s2-t9",
      "begin" : 419,
      "end" : 431,
      "text" : "relationship",
      "whiteSpace" : false
    }, {
      "id" : "s2-t10",
      "begin" : 432,
      "end" : 439,
      "text" : "between",
      "whiteSpace" : false
    }, {
      "id" : "s2-t11",
      "begin" : 440,
      "end" : 450,
      "text" : "government",
      "whiteSpace" : false
    }, {
      "id" : "s2-t12",
      "begin" : 451,
      "end" : 459,
      "text" : "spending",
      "whiteSpace" : false
    }, {
      "id" : "s2-t13",
      "begin" : 460,
      "end" : 463,
      "text" : "and",
      "whiteSpace" : false
    }, {
      "id" : "s2-t14",
      "begin" : 464,
      "end" : 470,
      "text" : "income",
      "whiteSpace" : false
    }, {
      "id" : "s2-t15",
      "begin" : 471,
      "end" : 481,
      "text" : "inequality",
      "whiteSpace" : false
    }, {
      "id" : "s2-t16",
      "begin" : 481,
      "end" : 482,
      "text" : ",",
      "whiteSpace" : false
    }, {
      "id" : "s2-t17",
      "begin" : 483,
      "end" : 488,
      "text" : "which",
      "whiteSpace" : false
    }, {
      "id" : "s2-t18",
      "begin" : 489,
      "end" : 491,
      "text" : "is",
      "whiteSpace" : false
    }, {
      "id" : "s2-t19",
      "begin" : 492,
      "end" : 501,
      "text" : "strongest",
      "whiteSpace" : false
    }, {
      "id" : "s2-t20",
      "begin" : 502,
      "end" : 505,
      "text" : "for",
      "whiteSpace" : false
    }, {
      "id" : "s2-t21",
      "begin" : 506,
      "end" : 512,
      "text" : "social",
      "whiteSpace" : false
    }, {
      "id" : "s2-t22",
      "begin" : 513,
      "end" : 520,
      "text" : "welfare",
      "whiteSpace" : false
    }, {
      "id" : "s2-t23",
      "begin" : 521,
      "end" : 524,
      "text" : "and",
      "whiteSpace" : false
    }, {
      "id" : "s2-t24",
      "begin" : 525,
      "end" : 530,
      "text" : "other",
      "whiteSpace" : false
    }, {
      "id" : "s2-t25",
      "begin" : 531,
      "end" : 537,
      "text" : "social",
      "whiteSpace" : false
    }, {
      "id" : "s2-t26",
      "begin" : 538,
      "end" : 546,
      "text" : "spending",
      "whiteSpace" : false
    }, {
      "id" : "s2-t27",
      "begin" : 546,
      "end" : 547,
      "text" : ",",
      "whiteSpace" : false
    }, {
      "id" : "s2-t28",
      "begin" : 548,
      "end" : 551,
      "text" : "and",
      "whiteSpace" : false
    }, {
      "id" : "s2-t29",
      "begin" : 552,
      "end" : 556,
      "text" : "when",
      "whiteSpace" : false
    }, {
      "id" : "s2-t30",
      "begin" : 557,
      "end" : 562,
      "text" : "using",
      "whiteSpace" : false
    }, {
      "id" : "s2-t31",
      "begin" : 563,
      "end" : 566,
      "text" : "the",
      "whiteSpace" : false
    }, {
      "id" : "s2-t32",
      "begin" : 567,
      "end" : 571,
      "text" : "Gini",
      "whiteSpace" : false
    }, {
      "id" : "s2-t33",
      "begin" : 572,
      "end" : 583,
      "text" : "coefficient",
      "whiteSpace" : false
    }, {
      "id" : "s2-t34",
      "begin" : 584,
      "end" : 586,
      "text" : "or",
      "whiteSpace" : false
    }, {
      "id" : "s2-t35",
      "begin" : 587,
      "end" : 590,
      "text" : "the",
      "whiteSpace" : false
    }, {
      "id" : "s2-t36",
      "begin" : 591,
      "end" : 594,
      "text" : "top",
      "whiteSpace" : false
    }, {
      "id" : "s2-t37",
      "begin" : 595,
      "end" : 601,
      "text" : "income",
      "whiteSpace" : false
    }, {
      "id" : "s2-t38",
      "begin" : 602,
      "end" : 607,
      "text" : "share",
      "whiteSpace" : false
    }, {
      "id" : "s2-t39",
      "begin" : 608,
      "end" : 610,
      "text" : "as",
      "whiteSpace" : false
    }, {
      "id" : "s2-t40",
      "begin" : 611,
      "end" : 614,
      "text" : "the",
      "whiteSpace" : false
    }, {
      "id" : "s2-t41",
      "begin" : 615,
      "end" : 622,
      "text" : "measure",
      "whiteSpace" : false
    }, {
      "id" : "s2-t42",
      "begin" : 623,
      "end" : 625,
      "text" : "of",
      "whiteSpace" : false
    }, {
      "id" : "s2-t43",
      "begin" : 626,
      "end" : 636,
      "text" : "inequality",
      "whiteSpace" : false
    }, {
      "id" : "s2-t44",
      "begin" : 636,
      "end" : 637,
      "text" : ".",
      "whiteSpace" : false
    } ]
  }, {
    "id" : "s3",
    "begin" : 638,
    "end" : 855,
    "text" : "However, both the size and direction of the estimated relationship between government spending and income inequality is affected by a range of other factors, including the control variables and estimation method used.",
    "tokens" : [ {
      "id" : "s3-t0",
      "begin" : 638,
      "end" : 645,
      "text" : "However",
      "whiteSpace" : false
    }, {
      "id" : "s3-t1",
      "begin" : 645,
      "end" : 646,
      "text" : ",",
      "whiteSpace" : false
    }, {
      "id" : "s3-t2",
      "begin" : 647,
      "end" : 651,
      "text" : "both",
      "whiteSpace" : false
    }, {
      "id" : "s3-t3",
      "begin" : 652,
      "end" : 655,
      "text" : "the",
      "whiteSpace" : false
    }, {
      "id" : "s3-t4",
      "begin" : 656,
      "end" : 660,
      "text" : "size",
      "whiteSpace" : false
    }, {
      "id" : "s3-t5",
      "begin" : 661,
      "end" : 664,
      "text" : "and",
      "whiteSpace" : false
    }, {
      "id" : "s3-t6",
      "begin" : 665,
      "end" : 674,
      "text" : "direction",
      "whiteSpace" : false
    }, {
      "id" : "s3-t7",
      "begin" : 675,
      "end" : 677,
      "text" : "of",
      "whiteSpace" : false
    }, {
      "id" : "s3-t8",
      "begin" : 678,
      "end" : 681,
      "text" : "the",
      "whiteSpace" : false
    }, {
      "id" : "s3-t9",
      "begin" : 682,
      "end" : 691,
      "text" : "estimated",
      "whiteSpace" : false
    }, {
      "id" : "s3-t10",
      "begin" : 692,
      "end" : 704,
      "text" : "relationship",
      "whiteSpace" : false
    }, {
      "id" : "s3-t11",
      "begin" : 705,
      "end" : 712,
      "text" : "between",
      "whiteSpace" : false
    }, {
      "id" : "s3-t12",
      "begin" : 713,
      "end" : 723,
      "text" : "government",
      "whiteSpace" : false
    }, {
      "id" : "s3-t13",
      "begin" : 724,
      "end" : 732,
      "text" : "spending",
      "whiteSpace" : false
    }, {
      "id" : "s3-t14",
      "begin" : 733,
      "end" : 736,
      "text" : "and",
      "whiteSpace" : false
    }, {
      "id" : "s3-t15",
      "begin" : 737,
      "end" : 743,
      "text" : "income",
      "whiteSpace" : false
    }, {
      "id" : "s3-t16",
      "begin" : 744,
      "end" : 754,
      "text" : "inequality",
      "whiteSpace" : false
    }, {
      "id" : "s3-t17",
      "begin" : 755,
      "end" : 757,
      "text" : "is",
      "whiteSpace" : false
    }, {
      "id" : "s3-t18",
      "begin" : 758,
      "end" : 766,
      "text" : "affected",
      "whiteSpace" : false
    }, {
      "id" : "s3-t19",
      "begin" : 767,
      "end" : 769,
      "text" : "by",
      "whiteSpace" : false
    }, {
      "id" : "s3-t20",
      "begin" : 770,
      "end" : 771,
      "text" : "a",
      "whiteSpace" : false
    }, {
      "id" : "s3-t21",
      "begin" : 772,
      "end" : 777,
      "text" : "range",
      "whiteSpace" : false
    }, {
      "id" : "s3-t22",
      "begin" : 778,
      "end" : 780,
      "text" : "of",
      "whiteSpace" : false
    }, {
      "id" : "s3-t23",
      "begin" : 781,
      "end" : 786,
      "text" : "other",
      "whiteSpace" : false
    }, {
      "id" : "s3-t24",
      "begin" : 787,
      "end" : 794,
      "text" : "factors",
      "whiteSpace" : false
    }, {
      "id" : "s3-t25",
      "begin" : 794,
      "end" : 795,
      "text" : ",",
      "whiteSpace" : false
    }, {
      "id" : "s3-t26",
      "begin" : 796,
      "end" : 805,
      "text" : "including",
      "whiteSpace" : false
    }, {
      "id" : "s3-t27",
      "begin" : 806,
      "end" : 809,
      "text" : "the",
      "whiteSpace" : false
    }, {
      "id" : "s3-t28",
      "begin" : 810,
      "end" : 817,
      "text" : "control",
      "whiteSpace" : false
    }, {
      "id" : "s3-t29",
      "begin" : 818,
      "end" : 827,
      "text" : "variables",
      "whiteSpace" : false
    }, {
      "id" : "s3-t30",
      "begin" : 828,
      "end" : 831,
      "text" : "and",
      "whiteSpace" : false
    }, {
      "id" : "s3-t31",
      "begin" : 832,
      "end" : 842,
      "text" : "estimation",
      "whiteSpace" : false
    }, {
      "id" : "s3-t32",
      "begin" : 843,
      "end" : 849,
      "text" : "method",
      "whiteSpace" : false
    }, {
      "id" : "s3-t33",
      "begin" : 850,
      "end" : 854,
      "text" : "used",
      "whiteSpace" : false
    }, {
      "id" : "s3-t34",
      "begin" : 854,
      "end" : 855,
      "text" : ".",
      "whiteSpace" : false
    } ]
  }, {
    "id" : "s4",
    "begin" : 856,
    "end" : 992,
    "text" : "We also find evidence of publication bias, in that negative estimates of the relationship appear to be under‐reported in the literature.",
    "tokens" : [ {
      "id" : "s4-t0",
      "begin" : 856,
      "end" : 858,
      "text" : "We",
      "whiteSpace" : false
    }, {
      "id" : "s4-t1",
      "begin" : 859,
      "end" : 863,
      "text" : "also",
      "whiteSpace" : false
    }, {
      "id" : "s4-t2",
      "begin" : 864,
      "end" : 868,
      "text" : "find",
      "whiteSpace" : false
    }, {
      "id" : "s4-t3",
      "begin" : 869,
      "end" : 877,
      "text" : "evidence",
      "whiteSpace" : false
    }, {
      "id" : "s4-t4",
      "begin" : 878,
      "end" : 880,
      "text" : "of",
      "whiteSpace" : false
    }, {
      "id" : "s4-t5",
      "begin" : 881,
      "end" : 892,
      "text" : "publication",
      "whiteSpace" : false
    }, {
      "id" : "s4-t6",
      "begin" : 893,
      "end" : 897,
      "text" : "bias",
      "whiteSpace" : false
    }, {
      "id" : "s4-t7",
      "begin" : 897,
      "end" : 898,
      "text" : ",",
      "whiteSpace" : false
    }, {
      "id" : "s4-t8",
      "begin" : 899,
      "end" : 901,
      "text" : "in",
      "whiteSpace" : false
    }, {
      "id" : "s4-t9",
      "begin" : 902,
      "end" : 906,
      "text" : "that",
      "whiteSpace" : false
    }, {
      "id" : "s4-t10",
      "begin" : 907,
      "end" : 915,
      "text" : "negative",
      "whiteSpace" : false
    }, {
      "id" : "s4-t11",
      "begin" : 916,
      "end" : 925,
      "text" : "estimates",
      "whiteSpace" : false
    }, {
      "id" : "s4-t12",
      "begin" : 926,
      "end" : 928,
      "text" : "of",
      "whiteSpace" : false
    }, {
      "id" : "s4-t13",
      "begin" : 929,
      "end" : 932,
      "text" : "the",
      "whiteSpace" : false
    }, {
      "id" : "s4-t14",
      "begin" : 933,
      "end" : 945,
      "text" : "relationship",
      "whiteSpace" : false
    }, {
      "id" : "s4-t15",
      "begin" : 946,
      "end" : 952,
      "text" : "appear",
      "whiteSpace" : false
    }, {
      "id" : "s4-t16",
      "begin" : 953,
      "end" : 955,
      "text" : "to",
      "whiteSpace" : false
    }, {
      "id" : "s4-t17",
      "begin" : 956,
      "end" : 958,
      "text" : "be",
      "whiteSpace" : false
    }, {
      "id" : "s4-t18",
      "begin" : 959,
      "end" : 973,
      "text" : "under‐reported",
      "whiteSpace" : false
    }, {
      "id" : "s4-t19",
      "begin" : 974,
      "end" : 976,
      "text" : "in",
      "whiteSpace" : false
    }, {
      "id" : "s4-t20",
      "begin" : 977,
      "end" : 980,
      "text" : "the",
      "whiteSpace" : false
    }, {
      "id" : "s4-t21",
      "begin" : 981,
      "end" : 991,
      "text" : "literature",
      "whiteSpace" : false
    }, {
      "id" : "s4-t22",
      "begin" : 991,
      "end" : 992,
      "text" : ".",
      "whiteSpace" : false
    } ]
  } ],
  "mentions" : [ {
    "id" : "m1",
    "properties" : {
      "SIRE_MENTION_ROLE" : "evidence",
      "SIRE_MENTION_CLASS" : "SPC",
      "SIRE_MENTION_TYPE" : "NONE",
      "SIRE_ENTITY_SUBTYPE" : "NONE"
    },
    "type" : "evidence",
    "begin" : 15,
    "end" : 23,
    "inCoref" : false
  }, {
    "id" : "s0-m5",
    "properties" : {
      "SIRE_MENTION_ROLE" : "evidence",
      "SIRE_ENTITY_SUBTYPE" : "NONE",
      "SIRE_MENTION_TYPE" : "NONE",
      "SIRE_MENTION_CLASS" : "SPC"
    },
    "type" : "evidence",
    "begin" : 68,
    "end" : 77,
    "inCoref" : false
  }, {
    "id" : "m21",
    "properties" : {
      "SIRE_ENTITY_LEVEL" : "NONE",
      "SIRE_MENTION_ROLE" : "relation",
      "SIRE_MENTION_CLASS" : "SPC",
      "SIRE_MENTION_TYPE" : "NONE",
      "SIRE_ENTITY_CLASS" : "SPC",
      "SIRE_ENTITY_SUBTYPE" : "NONE"
    },
    "type" : "relation",
    "begin" : 82,
    "end" : 92,
    "inCoref" : false
  }, {
    "id" : "m2",
    "properties" : {
      "SIRE_MENTION_ROLE" : "Variable",
      "SIRE_MENTION_CLASS" : "SPC",
      "SIRE_MENTION_TYPE" : "NONE",
      "SIRE_ENTITY_SUBTYPE" : "NONE"
    },
    "type" : "Variable",
    "begin" : 93,
    "end" : 112,
    "inCoref" : true
  }, {
    "id" : "m3",
    "properties" : {
      "SIRE_MENTION_ROLE" : "Variable",
      "SIRE_MENTION_CLASS" : "SPC",
      "SIRE_MENTION_TYPE" : "NONE",
      "SIRE_ENTITY_SUBTYPE" : "NONE"
    },
    "type" : "Variable",
    "begin" : 116,
    "end" : 133,
    "inCoref" : true
  }, {
    "id" : "m4",
    "properties" : {
      "SIRE_MENTION_ROLE" : "evidence",
      "SIRE_MENTION_CLASS" : "SPC",
      "SIRE_MENTION_TYPE" : "NONE",
      "SIRE_ENTITY_SUBTYPE" : "NONE"
    },
    "type" : "evidence",
    "begin" : 199,
    "end" : 207,
    "inCoref" : false
  }, {
    "id" : "m5",
    "properties" : {
      "SIRE_MENTION_ROLE" : "evidence",
      "SIRE_MENTION_CLASS" : "SPC",
      "SIRE_MENTION_TYPE" : "NONE",
      "SIRE_ENTITY_SUBTYPE" : "NONE"
    },
    "type" : "evidence",
    "begin" : 259,
    "end" : 268,
    "inCoref" : false
  }, {
    "id" : "m6",
    "properties" : {
      "SIRE_MENTION_ROLE" : "relation",
      "SIRE_MENTION_CLASS" : "SPC",
      "SIRE_MENTION_TYPE" : "NONE",
      "SIRE_ENTITY_SUBTYPE" : "NONE"
    },
    "type" : "relation",
    "begin" : 276,
    "end" : 285,
    "inCoref" : false
  }, {
    "id" : "s1-m5",
    "properties" : {
      "SIRE_MENTION_ROLE" : "Variable",
      "SIRE_ENTITY_SUBTYPE" : "NONE",
      "SIRE_MENTION_TYPE" : "NONE",
      "SIRE_MENTION_CLASS" : "SPC"
    },
    "type" : "Variable",
    "begin" : 310,
    "end" : 318,
    "inCoref" : false
  }, {
    "id" : "m7",
    "properties" : {
      "SIRE_MENTION_ROLE" : "Variable",
      "SIRE_MENTION_CLASS" : "SPC",
      "SIRE_MENTION_TYPE" : "NONE",
      "SIRE_ENTITY_SUBTYPE" : "NONE"
    },
    "type" : "Variable",
    "begin" : 346,
    "end" : 363,
    "inCoref" : true
  }, {
    "id" : "m8",
    "properties" : {
      "SIRE_MENTION_ROLE" : "evidence",
      "SIRE_MENTION_CLASS" : "SPC",
      "SIRE_MENTION_TYPE" : "NONE",
      "SIRE_ENTITY_SUBTYPE" : "NONE"
    },
    "type" : "evidence",
    "begin" : 369,
    "end" : 376,
    "inCoref" : false
  }, {
    "id" : "m9",
    "properties" : {
      "SIRE_MENTION_ROLE" : "evidence",
      "SIRE_MENTION_CLASS" : "SPC",
      "SIRE_MENTION_TYPE" : "NONE",
      "SIRE_ENTITY_SUBTYPE" : "NONE"
    },
    "type" : "evidence",
    "begin" : 377,
    "end" : 381,
    "inCoref" : false
  }, {
    "id" : "m10",
    "properties" : {
      "SIRE_MENTION_ROLE" : "evidence",
      "SIRE_MENTION_CLASS" : "SPC",
      "SIRE_MENTION_TYPE" : "NONE",
      "SIRE_ENTITY_SUBTYPE" : "NONE"
    },
    "type" : "evidence",
    "begin" : 387,
    "end" : 395,
    "inCoref" : false
  }, {
    "id" : "m22",
    "properties" : {
      "SIRE_ENTITY_LEVEL" : "NONE",
      "SIRE_MENTION_ROLE" : "relation",
      "SIRE_MENTION_CLASS" : "SPC",
      "SIRE_MENTION_TYPE" : "NONE",
      "SIRE_ENTITY_CLASS" : "SPC",
      "SIRE_ENTITY_SUBTYPE" : "NONE"
    },
    "type" : "relation",
    "begin" : 419,
    "end" : 439,
    "inCoref" : false
  }, {
    "id" : "m11",
    "properties" : {
      "SIRE_MENTION_ROLE" : "Variable",
      "SIRE_MENTION_CLASS" : "SPC",
      "SIRE_MENTION_TYPE" : "NONE",
      "SIRE_ENTITY_SUBTYPE" : "NONE"
    },
    "type" : "Variable",
    "begin" : 440,
    "end" : 459,
    "inCoref" : true
  }, {
    "id" : "m12",
    "properties" : {
      "SIRE_MENTION_ROLE" : "Variable",
      "SIRE_MENTION_CLASS" : "SPC",
      "SIRE_MENTION_TYPE" : "NONE",
      "SIRE_ENTITY_SUBTYPE" : "NONE"
    },
    "type" : "Variable",
    "begin" : 464,
    "end" : 481,
    "inCoref" : true
  }, {
    "id" : "m23",
    "properties" : {
      "SIRE_ENTITY_LEVEL" : "NONE",
      "SIRE_MENTION_ROLE" : "Variable",
      "SIRE_MENTION_CLASS" : "SPC",
      "SIRE_MENTION_TYPE" : "NONE",
      "SIRE_ENTITY_CLASS" : "SPC",
      "SIRE_ENTITY_SUBTYPE" : "NONE"
    },
    "type" : "Variable",
    "begin" : 506,
    "end" : 520,
    "inCoref" : false
  }, {
    "id" : "m24",
    "properties" : {
      "SIRE_ENTITY_LEVEL" : "NONE",
      "SIRE_MENTION_ROLE" : "Variable",
      "SIRE_MENTION_CLASS" : "SPC",
      "SIRE_MENTION_TYPE" : "NONE",
      "SIRE_ENTITY_CLASS" : "SPC",
      "SIRE_ENTITY_SUBTYPE" : "NONE"
    },
    "type" : "Variable",
    "begin" : 531,
    "end" : 546,
    "inCoref" : false
  }, {
    "id" : "m25",
    "properties" : {
      "SIRE_ENTITY_LEVEL" : "NONE",
      "SIRE_MENTION_ROLE" : "Variable",
      "SIRE_MENTION_CLASS" : "SPC",
      "SIRE_MENTION_TYPE" : "NONE",
      "SIRE_ENTITY_CLASS" : "SPC",
      "SIRE_ENTITY_SUBTYPE" : "NONE"
    },
    "type" : "Variable",
    "begin" : 567,
    "end" : 583,
    "inCoref" : true
  }, {
    "id" : "m13",
    "properties" : {
      "SIRE_MENTION_ROLE" : "Variable",
      "SIRE_MENTION_CLASS" : "SPC",
      "SIRE_MENTION_TYPE" : "NONE",
      "SIRE_ENTITY_SUBTYPE" : "NONE"
    },
    "type" : "Variable",
    "begin" : 591,
    "end" : 607,
    "inCoref" : false
  }, {
    "id" : "m14",
    "properties" : {
      "SIRE_MENTION_ROLE" : "Variable",
      "SIRE_MENTION_CLASS" : "SPC",
      "SIRE_MENTION_TYPE" : "NONE",
      "SIRE_ENTITY_SUBTYPE" : "NONE"
    },
    "type" : "Variable",
    "begin" : 626,
    "end" : 636,
    "inCoref" : true
  }, {
    "id" : "m26",
    "properties" : {
      "SIRE_ENTITY_LEVEL" : "NONE",
      "SIRE_MENTION_ROLE" : "relation",
      "SIRE_MENTION_CLASS" : "SPC",
      "SIRE_MENTION_TYPE" : "NONE",
      "SIRE_ENTITY_CLASS" : "SPC",
      "SIRE_ENTITY_SUBTYPE" : "NONE"
    },
    "type" : "relation",
    "begin" : 692,
    "end" : 712,
    "inCoref" : false
  }, {
    "id" : "m15",
    "properties" : {
      "SIRE_MENTION_ROLE" : "Variable",
      "SIRE_MENTION_CLASS" : "SPC",
      "SIRE_MENTION_TYPE" : "NONE",
      "SIRE_ENTITY_SUBTYPE" : "NONE"
    },
    "type" : "Variable",
    "begin" : 713,
    "end" : 732,
    "inCoref" : true
  }, {
    "id" : "m16",
    "properties" : {
      "SIRE_MENTION_ROLE" : "Variable",
      "SIRE_MENTION_CLASS" : "SPC",
      "SIRE_MENTION_TYPE" : "NONE",
      "SIRE_ENTITY_SUBTYPE" : "NONE"
    },
    "type" : "Variable",
    "begin" : 737,
    "end" : 754,
    "inCoref" : true
  }, {
    "id" : "m17",
    "properties" : {
      "SIRE_MENTION_ROLE" : "relation",
      "SIRE_MENTION_CLASS" : "SPC",
      "SIRE_MENTION_TYPE" : "NONE",
      "SIRE_ENTITY_SUBTYPE" : "NONE"
    },
    "type" : "relation",
    "begin" : 758,
    "end" : 769,
    "inCoref" : false
  }, {
    "id" : "m18",
    "properties" : {
      "SIRE_MENTION_ROLE" : "evidence",
      "SIRE_MENTION_CLASS" : "SPC",
      "SIRE_MENTION_TYPE" : "NONE",
      "SIRE_ENTITY_SUBTYPE" : "NONE"
    },
    "type" : "evidence",
    "begin" : 864,
    "end" : 868,
    "inCoref" : false
  }, {
    "id" : "m19",
    "properties" : {
      "SIRE_MENTION_ROLE" : "evidence",
      "SIRE_MENTION_CLASS" : "SPC",
      "SIRE_MENTION_TYPE" : "NONE",
      "SIRE_ENTITY_SUBTYPE" : "NONE"
    },
    "type" : "evidence",
    "begin" : 869,
    "end" : 877,
    "inCoref" : false
  }, {
    "id" : "m20",
    "properties" : {
      "SIRE_MENTION_ROLE" : "evidence",
      "SIRE_MENTION_CLASS" : "SPC",
      "SIRE_MENTION_TYPE" : "NONE",
      "SIRE_ENTITY_SUBTYPE" : "NONE"
    },
    "type" : "evidence",
    "begin" : 916,
    "end" : 925,
    "inCoref" : false
  }, {
    "id" : "m27",
    "properties" : {
      "SIRE_ENTITY_LEVEL" : "NONE",
      "SIRE_MENTION_ROLE" : "relation",
      "SIRE_MENTION_CLASS" : "SPC",
      "SIRE_MENTION_TYPE" : "NONE",
      "SIRE_ENTITY_CLASS" : "SPC",
      "SIRE_ENTITY_SUBTYPE" : "NONE"
    },
    "type" : "relation",
    "begin" : 933,
    "end" : 945,
    "inCoref" : false
  } ],
  "relations" : [ {
    "id" : "s2-r1",
    "properties" : { },
    "type" : "RelateCorrelation",
    "args" : [ "m11", "m12" ]
  }, {
    "id" : "s3-r1",
    "properties" : { },
    "type" : "RelateCorrelation",
    "args" : [ "m15", "m16" ]
  } ],
  "corefs" : [ {
    "id" : "c1",
    "properties" : { },
    "mentions" : [ "m2", "m11", "m15" ]
  }, {
    "id" : "c2",
    "properties" : { },
    "mentions" : [ "m14" ]
  }, {
    "id" : "c3",
    "properties" : { },
    "mentions" : [ "m12", "m3", "m7", "m16", "m25" ]
  } ],
  "typeResolved" : true,
  "userResolved" : false
}