{
  "id" : "f584c9b0-2c32-11ec-8ccb-e3b7183e4c89-12",
  "name" : "20. Calderon, C. and Serven, L. (2004). .docx",
  "createdDate" : 0,
  "version" : 3,
  "text" : "This paper provides an empirical evaluation of the impact of infrastructure development on economic growth and income distribution using a large panel data set encompassing over 100 countries and spanning the years 1960-2000. The empirical strategy involves the estimation of simple equations for GDP growth and conventional inequality measures, augmented to include among the regressors infrastructure quantity and quality indicators in addition to standard controls. To account for the potential endogeneity of infrastructure (as well as that of other regressors), we use a variety of GMM estimators based on both internal and external instruments, and report results using both disaggregated and synthetic measures of infrastructure quantity and quality. The two robust results are: (i) growth is positively affected by the stock of infrastructure assets, and (ii) income inequality declines with higher infrastructure quantity and quality. A variety of specification tests suggest that these results do capture the causal impact of the exogenous component of infrastructure quantity and quality on growth and inequality. These two results combined suggest that infrastructure development can be highly effective to combat poverty. Furthermore, illustrative simulations for Latin American countries suggest that these impacts are economically quite significant, and highlight the growth acceleration and inequality reduction that would result from increased availability and quality of infrastructure. \n\n",
  "docLength" : 0,
  "language" : "EN",
  "status" : "IN_PROGRESS",
  "modifiedDate" : 1639148097676,
  "documentSet" : [ ],
  "preannotation" : [ "PRE_LW" ],
  "sentences" : [ {
    "id" : "s0",
    "begin" : 0,
    "end" : 225,
    "text" : "This paper provides an empirical evaluation of the impact of infrastructure development on economic growth and income distribution using a large panel data set encompassing over 100 countries and spanning the years 1960-2000.",
    "tokens" : [ {
      "id" : "s0-t0",
      "begin" : 0,
      "end" : 4,
      "text" : "This",
      "whiteSpace" : false
    }, {
      "id" : "s0-t1",
      "begin" : 5,
      "end" : 10,
      "text" : "paper",
      "whiteSpace" : false
    }, {
      "id" : "s0-t2",
      "begin" : 11,
      "end" : 19,
      "text" : "provides",
      "whiteSpace" : false
    }, {
      "id" : "s0-t3",
      "begin" : 20,
      "end" : 22,
      "text" : "an",
      "whiteSpace" : false
    }, {
      "id" : "s0-t4",
      "begin" : 23,
      "end" : 32,
      "text" : "empirical",
      "whiteSpace" : false
    }, {
      "id" : "s0-t5",
      "begin" : 33,
      "end" : 43,
      "text" : "evaluation",
      "whiteSpace" : false
    }, {
      "id" : "s0-t6",
      "begin" : 44,
      "end" : 46,
      "text" : "of",
      "whiteSpace" : false
    }, {
      "id" : "s0-t7",
      "begin" : 47,
      "end" : 50,
      "text" : "the",
      "whiteSpace" : false
    }, {
      "id" : "s0-t8",
      "begin" : 51,
      "end" : 57,
      "text" : "impact",
      "whiteSpace" : false
    }, {
      "id" : "s0-t9",
      "begin" : 58,
      "end" : 60,
      "text" : "of",
      "whiteSpace" : false
    }, {
      "id" : "s0-t10",
      "begin" : 61,
      "end" : 75,
      "text" : "infrastructure",
      "whiteSpace" : false
    }, {
      "id" : "s0-t11",
      "begin" : 76,
      "end" : 87,
      "text" : "development",
      "whiteSpace" : false
    }, {
      "id" : "s0-t12",
      "begin" : 88,
      "end" : 90,
      "text" : "on",
      "whiteSpace" : false
    }, {
      "id" : "s0-t13",
      "begin" : 91,
      "end" : 99,
      "text" : "economic",
      "whiteSpace" : false
    }, {
      "id" : "s0-t14",
      "begin" : 100,
      "end" : 106,
      "text" : "growth",
      "whiteSpace" : false
    }, {
      "id" : "s0-t15",
      "begin" : 107,
      "end" : 110,
      "text" : "and",
      "whiteSpace" : false
    }, {
      "id" : "s0-t16",
      "begin" : 111,
      "end" : 117,
      "text" : "income",
      "whiteSpace" : false
    }, {
      "id" : "s0-t17",
      "begin" : 118,
      "end" : 130,
      "text" : "distribution",
      "whiteSpace" : false
    }, {
      "id" : "s0-t18",
      "begin" : 131,
      "end" : 136,
      "text" : "using",
      "whiteSpace" : false
    }, {
      "id" : "s0-t19",
      "begin" : 137,
      "end" : 138,
      "text" : "a",
      "whiteSpace" : false
    }, {
      "id" : "s0-t20",
      "begin" : 139,
      "end" : 144,
      "text" : "large",
      "whiteSpace" : false
    }, {
      "id" : "s0-t21",
      "begin" : 145,
      "end" : 150,
      "text" : "panel",
      "whiteSpace" : false
    }, {
      "id" : "s0-t22",
      "begin" : 151,
      "end" : 155,
      "text" : "data",
      "whiteSpace" : false
    }, {
      "id" : "s0-t23",
      "begin" : 156,
      "end" : 159,
      "text" : "set",
      "whiteSpace" : false
    }, {
      "id" : "s0-t24",
      "begin" : 160,
      "end" : 172,
      "text" : "encompassing",
      "whiteSpace" : false
    }, {
      "id" : "s0-t25",
      "begin" : 173,
      "end" : 177,
      "text" : "over",
      "whiteSpace" : false
    }, {
      "id" : "s0-t26",
      "begin" : 178,
      "end" : 181,
      "text" : "100",
      "whiteSpace" : false
    }, {
      "id" : "s0-t27",
      "begin" : 182,
      "end" : 191,
      "text" : "countries",
      "whiteSpace" : false
    }, {
      "id" : "s0-t28",
      "begin" : 192,
      "end" : 195,
      "text" : "and",
      "whiteSpace" : false
    }, {
      "id" : "s0-t29",
      "begin" : 196,
      "end" : 204,
      "text" : "spanning",
      "whiteSpace" : false
    }, {
      "id" : "s0-t30",
      "begin" : 205,
      "end" : 208,
      "text" : "the",
      "whiteSpace" : false
    }, {
      "id" : "s0-t31",
      "begin" : 209,
      "end" : 214,
      "text" : "years",
      "whiteSpace" : false
    }, {
      "id" : "s0-t32",
      "begin" : 215,
      "end" : 224,
      "text" : "1960-2000",
      "whiteSpace" : false
    }, {
      "id" : "s0-t33",
      "begin" : 224,
      "end" : 225,
      "text" : ".",
      "whiteSpace" : false
    } ]
  }, {
    "id" : "s1",
    "begin" : 226,
    "end" : 468,
    "text" : "The empirical strategy involves the estimation of simple equations for GDP growth and conventional inequality measures, augmented to include among the regressors infrastructure quantity and quality indicators in addition to standard controls.",
    "tokens" : [ {
      "id" : "s1-t0",
      "begin" : 226,
      "end" : 229,
      "text" : "The",
      "whiteSpace" : false
    }, {
      "id" : "s1-t1",
      "begin" : 230,
      "end" : 239,
      "text" : "empirical",
      "whiteSpace" : false
    }, {
      "id" : "s1-t2",
      "begin" : 240,
      "end" : 248,
      "text" : "strategy",
      "whiteSpace" : false
    }, {
      "id" : "s1-t3",
      "begin" : 249,
      "end" : 257,
      "text" : "involves",
      "whiteSpace" : false
    }, {
      "id" : "s1-t4",
      "begin" : 258,
      "end" : 261,
      "text" : "the",
      "whiteSpace" : false
    }, {
      "id" : "s1-t5",
      "begin" : 262,
      "end" : 272,
      "text" : "estimation",
      "whiteSpace" : false
    }, {
      "id" : "s1-t6",
      "begin" : 273,
      "end" : 275,
      "text" : "of",
      "whiteSpace" : false
    }, {
      "id" : "s1-t7",
      "begin" : 276,
      "end" : 282,
      "text" : "simple",
      "whiteSpace" : false
    }, {
      "id" : "s1-t8",
      "begin" : 283,
      "end" : 292,
      "text" : "equations",
      "whiteSpace" : false
    }, {
      "id" : "s1-t9",
      "begin" : 293,
      "end" : 296,
      "text" : "for",
      "whiteSpace" : false
    }, {
      "id" : "s1-t10",
      "begin" : 297,
      "end" : 300,
      "text" : "GDP",
      "whiteSpace" : false
    }, {
      "id" : "s1-t11",
      "begin" : 301,
      "end" : 307,
      "text" : "growth",
      "whiteSpace" : false
    }, {
      "id" : "s1-t12",
      "begin" : 308,
      "end" : 311,
      "text" : "and",
      "whiteSpace" : false
    }, {
      "id" : "s1-t13",
      "begin" : 312,
      "end" : 324,
      "text" : "conventional",
      "whiteSpace" : false
    }, {
      "id" : "s1-t14",
      "begin" : 325,
      "end" : 335,
      "text" : "inequality",
      "whiteSpace" : false
    }, {
      "id" : "s1-t15",
      "begin" : 336,
      "end" : 344,
      "text" : "measures",
      "whiteSpace" : false
    }, {
      "id" : "s1-t16",
      "begin" : 344,
      "end" : 345,
      "text" : ",",
      "whiteSpace" : false
    }, {
      "id" : "s1-t17",
      "begin" : 346,
      "end" : 355,
      "text" : "augmented",
      "whiteSpace" : false
    }, {
      "id" : "s1-t18",
      "begin" : 356,
      "end" : 358,
      "text" : "to",
      "whiteSpace" : false
    }, {
      "id" : "s1-t19",
      "begin" : 359,
      "end" : 366,
      "text" : "include",
      "whiteSpace" : false
    }, {
      "id" : "s1-t20",
      "begin" : 367,
      "end" : 372,
      "text" : "among",
      "whiteSpace" : false
    }, {
      "id" : "s1-t21",
      "begin" : 373,
      "end" : 376,
      "text" : "the",
      "whiteSpace" : false
    }, {
      "id" : "s1-t22",
      "begin" : 377,
      "end" : 387,
      "text" : "regressors",
      "whiteSpace" : false
    }, {
      "id" : "s1-t23",
      "begin" : 388,
      "end" : 402,
      "text" : "infrastructure",
      "whiteSpace" : false
    }, {
      "id" : "s1-t24",
      "begin" : 403,
      "end" : 411,
      "text" : "quantity",
      "whiteSpace" : false
    }, {
      "id" : "s1-t25",
      "begin" : 412,
      "end" : 415,
      "text" : "and",
      "whiteSpace" : false
    }, {
      "id" : "s1-t26",
      "begin" : 416,
      "end" : 423,
      "text" : "quality",
      "whiteSpace" : false
    }, {
      "id" : "s1-t27",
      "begin" : 424,
      "end" : 434,
      "text" : "indicators",
      "whiteSpace" : false
    }, {
      "id" : "s1-t28",
      "begin" : 435,
      "end" : 437,
      "text" : "in",
      "whiteSpace" : false
    }, {
      "id" : "s1-t29",
      "begin" : 438,
      "end" : 446,
      "text" : "addition",
      "whiteSpace" : false
    }, {
      "id" : "s1-t30",
      "begin" : 447,
      "end" : 449,
      "text" : "to",
      "whiteSpace" : false
    }, {
      "id" : "s1-t31",
      "begin" : 450,
      "end" : 458,
      "text" : "standard",
      "whiteSpace" : false
    }, {
      "id" : "s1-t32",
      "begin" : 459,
      "end" : 467,
      "text" : "controls",
      "whiteSpace" : false
    }, {
      "id" : "s1-t33",
      "begin" : 467,
      "end" : 468,
      "text" : ".",
      "whiteSpace" : false
    } ]
  }, {
    "id" : "s2",
    "begin" : 469,
    "end" : 757,
    "text" : "To account for the potential endogeneity of infrastructure (as well as that of other regressors), we use a variety of GMM estimators based on both internal and external instruments, and report results using both disaggregated and synthetic measures of infrastructure quantity and quality.",
    "tokens" : [ {
      "id" : "s2-t0",
      "begin" : 469,
      "end" : 471,
      "text" : "To",
      "whiteSpace" : false
    }, {
      "id" : "s2-t1",
      "begin" : 472,
      "end" : 479,
      "text" : "account",
      "whiteSpace" : false
    }, {
      "id" : "s2-t2",
      "begin" : 480,
      "end" : 483,
      "text" : "for",
      "whiteSpace" : false
    }, {
      "id" : "s2-t3",
      "begin" : 484,
      "end" : 487,
      "text" : "the",
      "whiteSpace" : false
    }, {
      "id" : "s2-t4",
      "begin" : 488,
      "end" : 497,
      "text" : "potential",
      "whiteSpace" : false
    }, {
      "id" : "s2-t5",
      "begin" : 498,
      "end" : 509,
      "text" : "endogeneity",
      "whiteSpace" : false
    }, {
      "id" : "s2-t6",
      "begin" : 510,
      "end" : 512,
      "text" : "of",
      "whiteSpace" : false
    }, {
      "id" : "s2-t7",
      "begin" : 513,
      "end" : 527,
      "text" : "infrastructure",
      "whiteSpace" : false
    }, {
      "id" : "s2-t8",
      "begin" : 528,
      "end" : 529,
      "text" : "(",
      "whiteSpace" : false
    }, {
      "id" : "s2-t9",
      "begin" : 529,
      "end" : 531,
      "text" : "as",
      "whiteSpace" : false
    }, {
      "id" : "s2-t10",
      "begin" : 532,
      "end" : 536,
      "text" : "well",
      "whiteSpace" : false
    }, {
      "id" : "s2-t11",
      "begin" : 537,
      "end" : 539,
      "text" : "as",
      "whiteSpace" : false
    }, {
      "id" : "s2-t12",
      "begin" : 540,
      "end" : 544,
      "text" : "that",
      "whiteSpace" : false
    }, {
      "id" : "s2-t13",
      "begin" : 545,
      "end" : 547,
      "text" : "of",
      "whiteSpace" : false
    }, {
      "id" : "s2-t14",
      "begin" : 548,
      "end" : 553,
      "text" : "other",
      "whiteSpace" : false
    }, {
      "id" : "s2-t15",
      "begin" : 554,
      "end" : 564,
      "text" : "regressors",
      "whiteSpace" : false
    }, {
      "id" : "s2-t16",
      "begin" : 564,
      "end" : 565,
      "text" : ")",
      "whiteSpace" : false
    }, {
      "id" : "s2-t17",
      "begin" : 565,
      "end" : 566,
      "text" : ",",
      "whiteSpace" : false
    }, {
      "id" : "s2-t18",
      "begin" : 567,
      "end" : 569,
      "text" : "we",
      "whiteSpace" : false
    }, {
      "id" : "s2-t19",
      "begin" : 570,
      "end" : 573,
      "text" : "use",
      "whiteSpace" : false
    }, {
      "id" : "s2-t20",
      "begin" : 574,
      "end" : 575,
      "text" : "a",
      "whiteSpace" : false
    }, {
      "id" : "s2-t21",
      "begin" : 576,
      "end" : 583,
      "text" : "variety",
      "whiteSpace" : false
    }, {
      "id" : "s2-t22",
      "begin" : 584,
      "end" : 586,
      "text" : "of",
      "whiteSpace" : false
    }, {
      "id" : "s2-t23",
      "begin" : 587,
      "end" : 590,
      "text" : "GMM",
      "whiteSpace" : false
    }, {
      "id" : "s2-t24",
      "begin" : 591,
      "end" : 601,
      "text" : "estimators",
      "whiteSpace" : false
    }, {
      "id" : "s2-t25",
      "begin" : 602,
      "end" : 607,
      "text" : "based",
      "whiteSpace" : false
    }, {
      "id" : "s2-t26",
      "begin" : 608,
      "end" : 610,
      "text" : "on",
      "whiteSpace" : false
    }, {
      "id" : "s2-t27",
      "begin" : 611,
      "end" : 615,
      "text" : "both",
      "whiteSpace" : false
    }, {
      "id" : "s2-t28",
      "begin" : 616,
      "end" : 624,
      "text" : "internal",
      "whiteSpace" : false
    }, {
      "id" : "s2-t29",
      "begin" : 625,
      "end" : 628,
      "text" : "and",
      "whiteSpace" : false
    }, {
      "id" : "s2-t30",
      "begin" : 629,
      "end" : 637,
      "text" : "external",
      "whiteSpace" : false
    }, {
      "id" : "s2-t31",
      "begin" : 638,
      "end" : 649,
      "text" : "instruments",
      "whiteSpace" : false
    }, {
      "id" : "s2-t32",
      "begin" : 649,
      "end" : 650,
      "text" : ",",
      "whiteSpace" : false
    }, {
      "id" : "s2-t33",
      "begin" : 651,
      "end" : 654,
      "text" : "and",
      "whiteSpace" : false
    }, {
      "id" : "s2-t34",
      "begin" : 655,
      "end" : 661,
      "text" : "report",
      "whiteSpace" : false
    }, {
      "id" : "s2-t35",
      "begin" : 662,
      "end" : 669,
      "text" : "results",
      "whiteSpace" : false
    }, {
      "id" : "s2-t36",
      "begin" : 670,
      "end" : 675,
      "text" : "using",
      "whiteSpace" : false
    }, {
      "id" : "s2-t37",
      "begin" : 676,
      "end" : 680,
      "text" : "both",
      "whiteSpace" : false
    }, {
      "id" : "s2-t38",
      "begin" : 681,
      "end" : 694,
      "text" : "disaggregated",
      "whiteSpace" : false
    }, {
      "id" : "s2-t39",
      "begin" : 695,
      "end" : 698,
      "text" : "and",
      "whiteSpace" : false
    }, {
      "id" : "s2-t40",
      "begin" : 699,
      "end" : 708,
      "text" : "synthetic",
      "whiteSpace" : false
    }, {
      "id" : "s2-t41",
      "begin" : 709,
      "end" : 717,
      "text" : "measures",
      "whiteSpace" : false
    }, {
      "id" : "s2-t42",
      "begin" : 718,
      "end" : 720,
      "text" : "of",
      "whiteSpace" : false
    }, {
      "id" : "s2-t43",
      "begin" : 721,
      "end" : 735,
      "text" : "infrastructure",
      "whiteSpace" : false
    }, {
      "id" : "s2-t44",
      "begin" : 736,
      "end" : 744,
      "text" : "quantity",
      "whiteSpace" : false
    }, {
      "id" : "s2-t45",
      "begin" : 745,
      "end" : 748,
      "text" : "and",
      "whiteSpace" : false
    }, {
      "id" : "s2-t46",
      "begin" : 749,
      "end" : 756,
      "text" : "quality",
      "whiteSpace" : false
    }, {
      "id" : "s2-t47",
      "begin" : 756,
      "end" : 757,
      "text" : ".",
      "whiteSpace" : false
    } ]
  }, {
    "id" : "s3",
    "begin" : 758,
    "end" : 943,
    "text" : "The two robust results are: (i) growth is positively affected by the stock of infrastructure assets, and (ii) income inequality declines with higher infrastructure quantity and quality.",
    "tokens" : [ {
      "id" : "s3-t0",
      "begin" : 758,
      "end" : 761,
      "text" : "The",
      "whiteSpace" : false
    }, {
      "id" : "s3-t1",
      "begin" : 762,
      "end" : 765,
      "text" : "two",
      "whiteSpace" : false
    }, {
      "id" : "s3-t2",
      "begin" : 766,
      "end" : 772,
      "text" : "robust",
      "whiteSpace" : false
    }, {
      "id" : "s3-t3",
      "begin" : 773,
      "end" : 780,
      "text" : "results",
      "whiteSpace" : false
    }, {
      "id" : "s3-t4",
      "begin" : 781,
      "end" : 784,
      "text" : "are",
      "whiteSpace" : false
    }, {
      "id" : "s3-t5",
      "begin" : 784,
      "end" : 785,
      "text" : ":",
      "whiteSpace" : false
    }, {
      "id" : "s3-t6",
      "begin" : 786,
      "end" : 787,
      "text" : "(",
      "whiteSpace" : false
    }, {
      "id" : "s3-t7",
      "begin" : 787,
      "end" : 788,
      "text" : "i",
      "whiteSpace" : false
    }, {
      "id" : "s3-t8",
      "begin" : 788,
      "end" : 789,
      "text" : ")",
      "whiteSpace" : false
    }, {
      "id" : "s3-t9",
      "begin" : 790,
      "end" : 796,
      "text" : "growth",
      "whiteSpace" : false
    }, {
      "id" : "s3-t10",
      "begin" : 797,
      "end" : 799,
      "text" : "is",
      "whiteSpace" : false
    }, {
      "id" : "s3-t11",
      "begin" : 800,
      "end" : 810,
      "text" : "positively",
      "whiteSpace" : false
    }, {
      "id" : "s3-t12",
      "begin" : 811,
      "end" : 819,
      "text" : "affected",
      "whiteSpace" : false
    }, {
      "id" : "s3-t13",
      "begin" : 820,
      "end" : 822,
      "text" : "by",
      "whiteSpace" : false
    }, {
      "id" : "s3-t14",
      "begin" : 823,
      "end" : 826,
      "text" : "the",
      "whiteSpace" : false
    }, {
      "id" : "s3-t15",
      "begin" : 827,
      "end" : 832,
      "text" : "stock",
      "whiteSpace" : false
    }, {
      "id" : "s3-t16",
      "begin" : 833,
      "end" : 835,
      "text" : "of",
      "whiteSpace" : false
    }, {
      "id" : "s3-t17",
      "begin" : 836,
      "end" : 850,
      "text" : "infrastructure",
      "whiteSpace" : false
    }, {
      "id" : "s3-t18",
      "begin" : 851,
      "end" : 857,
      "text" : "assets",
      "whiteSpace" : false
    }, {
      "id" : "s3-t19",
      "begin" : 857,
      "end" : 858,
      "text" : ",",
      "whiteSpace" : false
    }, {
      "id" : "s3-t20",
      "begin" : 859,
      "end" : 862,
      "text" : "and",
      "whiteSpace" : false
    }, {
      "id" : "s3-t21",
      "begin" : 863,
      "end" : 864,
      "text" : "(",
      "whiteSpace" : false
    }, {
      "id" : "s3-t22",
      "begin" : 864,
      "end" : 866,
      "text" : "ii",
      "whiteSpace" : false
    }, {
      "id" : "s3-t23",
      "begin" : 866,
      "end" : 867,
      "text" : ")",
      "whiteSpace" : false
    }, {
      "id" : "s3-t24",
      "begin" : 868,
      "end" : 874,
      "text" : "income",
      "whiteSpace" : false
    }, {
      "id" : "s3-t25",
      "begin" : 875,
      "end" : 885,
      "text" : "inequality",
      "whiteSpace" : false
    }, {
      "id" : "s3-t26",
      "begin" : 886,
      "end" : 894,
      "text" : "declines",
      "whiteSpace" : false
    }, {
      "id" : "s3-t27",
      "begin" : 895,
      "end" : 899,
      "text" : "with",
      "whiteSpace" : false
    }, {
      "id" : "s3-t28",
      "begin" : 900,
      "end" : 906,
      "text" : "higher",
      "whiteSpace" : false
    }, {
      "id" : "s3-t29",
      "begin" : 907,
      "end" : 921,
      "text" : "infrastructure",
      "whiteSpace" : false
    }, {
      "id" : "s3-t30",
      "begin" : 922,
      "end" : 930,
      "text" : "quantity",
      "whiteSpace" : false
    }, {
      "id" : "s3-t31",
      "begin" : 931,
      "end" : 934,
      "text" : "and",
      "whiteSpace" : false
    }, {
      "id" : "s3-t32",
      "begin" : 935,
      "end" : 942,
      "text" : "quality",
      "whiteSpace" : false
    }, {
      "id" : "s3-t33",
      "begin" : 942,
      "end" : 943,
      "text" : ".",
      "whiteSpace" : false
    } ]
  }, {
    "id" : "s4",
    "begin" : 944,
    "end" : 1124,
    "text" : "A variety of specification tests suggest that these results do capture the causal impact of the exogenous component of infrastructure quantity and quality on growth and inequality.",
    "tokens" : [ {
      "id" : "s4-t0",
      "begin" : 944,
      "end" : 945,
      "text" : "A",
      "whiteSpace" : false
    }, {
      "id" : "s4-t1",
      "begin" : 946,
      "end" : 953,
      "text" : "variety",
      "whiteSpace" : false
    }, {
      "id" : "s4-t2",
      "begin" : 954,
      "end" : 956,
      "text" : "of",
      "whiteSpace" : false
    }, {
      "id" : "s4-t3",
      "begin" : 957,
      "end" : 970,
      "text" : "specification",
      "whiteSpace" : false
    }, {
      "id" : "s4-t4",
      "begin" : 971,
      "end" : 976,
      "text" : "tests",
      "whiteSpace" : false
    }, {
      "id" : "s4-t5",
      "begin" : 977,
      "end" : 984,
      "text" : "suggest",
      "whiteSpace" : false
    }, {
      "id" : "s4-t6",
      "begin" : 985,
      "end" : 989,
      "text" : "that",
      "whiteSpace" : false
    }, {
      "id" : "s4-t7",
      "begin" : 990,
      "end" : 995,
      "text" : "these",
      "whiteSpace" : false
    }, {
      "id" : "s4-t8",
      "begin" : 996,
      "end" : 1003,
      "text" : "results",
      "whiteSpace" : false
    }, {
      "id" : "s4-t9",
      "begin" : 1004,
      "end" : 1006,
      "text" : "do",
      "whiteSpace" : false
    }, {
      "id" : "s4-t10",
      "begin" : 1007,
      "end" : 1014,
      "text" : "capture",
      "whiteSpace" : false
    }, {
      "id" : "s4-t11",
      "begin" : 1015,
      "end" : 1018,
      "text" : "the",
      "whiteSpace" : false
    }, {
      "id" : "s4-t12",
      "begin" : 1019,
      "end" : 1025,
      "text" : "causal",
      "whiteSpace" : false
    }, {
      "id" : "s4-t13",
      "begin" : 1026,
      "end" : 1032,
      "text" : "impact",
      "whiteSpace" : false
    }, {
      "id" : "s4-t14",
      "begin" : 1033,
      "end" : 1035,
      "text" : "of",
      "whiteSpace" : false
    }, {
      "id" : "s4-t15",
      "begin" : 1036,
      "end" : 1039,
      "text" : "the",
      "whiteSpace" : false
    }, {
      "id" : "s4-t16",
      "begin" : 1040,
      "end" : 1049,
      "text" : "exogenous",
      "whiteSpace" : false
    }, {
      "id" : "s4-t17",
      "begin" : 1050,
      "end" : 1059,
      "text" : "component",
      "whiteSpace" : false
    }, {
      "id" : "s4-t18",
      "begin" : 1060,
      "end" : 1062,
      "text" : "of",
      "whiteSpace" : false
    }, {
      "id" : "s4-t19",
      "begin" : 1063,
      "end" : 1077,
      "text" : "infrastructure",
      "whiteSpace" : false
    }, {
      "id" : "s4-t20",
      "begin" : 1078,
      "end" : 1086,
      "text" : "quantity",
      "whiteSpace" : false
    }, {
      "id" : "s4-t21",
      "begin" : 1087,
      "end" : 1090,
      "text" : "and",
      "whiteSpace" : false
    }, {
      "id" : "s4-t22",
      "begin" : 1091,
      "end" : 1098,
      "text" : "quality",
      "whiteSpace" : false
    }, {
      "id" : "s4-t23",
      "begin" : 1099,
      "end" : 1101,
      "text" : "on",
      "whiteSpace" : false
    }, {
      "id" : "s4-t24",
      "begin" : 1102,
      "end" : 1108,
      "text" : "growth",
      "whiteSpace" : false
    }, {
      "id" : "s4-t25",
      "begin" : 1109,
      "end" : 1112,
      "text" : "and",
      "whiteSpace" : false
    }, {
      "id" : "s4-t26",
      "begin" : 1113,
      "end" : 1123,
      "text" : "inequality",
      "whiteSpace" : false
    }, {
      "id" : "s4-t27",
      "begin" : 1123,
      "end" : 1124,
      "text" : ".",
      "whiteSpace" : false
    } ]
  }, {
    "id" : "s5",
    "begin" : 1125,
    "end" : 1234,
    "text" : "These two results combined suggest that infrastructure development can be highly effective to combat poverty.",
    "tokens" : [ {
      "id" : "s5-t0",
      "begin" : 1125,
      "end" : 1130,
      "text" : "These",
      "whiteSpace" : false
    }, {
      "id" : "s5-t1",
      "begin" : 1131,
      "end" : 1134,
      "text" : "two",
      "whiteSpace" : false
    }, {
      "id" : "s5-t2",
      "begin" : 1135,
      "end" : 1142,
      "text" : "results",
      "whiteSpace" : false
    }, {
      "id" : "s5-t3",
      "begin" : 1143,
      "end" : 1151,
      "text" : "combined",
      "whiteSpace" : false
    }, {
      "id" : "s5-t4",
      "begin" : 1152,
      "end" : 1159,
      "text" : "suggest",
      "whiteSpace" : false
    }, {
      "id" : "s5-t5",
      "begin" : 1160,
      "end" : 1164,
      "text" : "that",
      "whiteSpace" : false
    }, {
      "id" : "s5-t6",
      "begin" : 1165,
      "end" : 1179,
      "text" : "infrastructure",
      "whiteSpace" : false
    }, {
      "id" : "s5-t7",
      "begin" : 1180,
      "end" : 1191,
      "text" : "development",
      "whiteSpace" : false
    }, {
      "id" : "s5-t8",
      "begin" : 1192,
      "end" : 1195,
      "text" : "can",
      "whiteSpace" : false
    }, {
      "id" : "s5-t9",
      "begin" : 1196,
      "end" : 1198,
      "text" : "be",
      "whiteSpace" : false
    }, {
      "id" : "s5-t10",
      "begin" : 1199,
      "end" : 1205,
      "text" : "highly",
      "whiteSpace" : false
    }, {
      "id" : "s5-t11",
      "begin" : 1206,
      "end" : 1215,
      "text" : "effective",
      "whiteSpace" : false
    }, {
      "id" : "s5-t12",
      "begin" : 1216,
      "end" : 1218,
      "text" : "to",
      "whiteSpace" : false
    }, {
      "id" : "s5-t13",
      "begin" : 1219,
      "end" : 1225,
      "text" : "combat",
      "whiteSpace" : false
    }, {
      "id" : "s5-t14",
      "begin" : 1226,
      "end" : 1233,
      "text" : "poverty",
      "whiteSpace" : false
    }, {
      "id" : "s5-t15",
      "begin" : 1233,
      "end" : 1234,
      "text" : ".",
      "whiteSpace" : false
    } ]
  }, {
    "id" : "s6",
    "begin" : 1235,
    "end" : 1504,
    "text" : "Furthermore, illustrative simulations for Latin American countries suggest that these impacts are economically quite significant, and highlight the growth acceleration and inequality reduction that would result from increased availability and quality of infrastructure.",
    "tokens" : [ {
      "id" : "s6-t0",
      "begin" : 1235,
      "end" : 1246,
      "text" : "Furthermore",
      "whiteSpace" : false
    }, {
      "id" : "s6-t1",
      "begin" : 1246,
      "end" : 1247,
      "text" : ",",
      "whiteSpace" : false
    }, {
      "id" : "s6-t2",
      "begin" : 1248,
      "end" : 1260,
      "text" : "illustrative",
      "whiteSpace" : false
    }, {
      "id" : "s6-t3",
      "begin" : 1261,
      "end" : 1272,
      "text" : "simulations",
      "whiteSpace" : false
    }, {
      "id" : "s6-t4",
      "begin" : 1273,
      "end" : 1276,
      "text" : "for",
      "whiteSpace" : false
    }, {
      "id" : "s6-t5",
      "begin" : 1277,
      "end" : 1282,
      "text" : "Latin",
      "whiteSpace" : false
    }, {
      "id" : "s6-t6",
      "begin" : 1283,
      "end" : 1291,
      "text" : "American",
      "whiteSpace" : false
    }, {
      "id" : "s6-t7",
      "begin" : 1292,
      "end" : 1301,
      "text" : "countries",
      "whiteSpace" : false
    }, {
      "id" : "s6-t8",
      "begin" : 1302,
      "end" : 1309,
      "text" : "suggest",
      "whiteSpace" : false
    }, {
      "id" : "s6-t9",
      "begin" : 1310,
      "end" : 1314,
      "text" : "that",
      "whiteSpace" : false
    }, {
      "id" : "s6-t10",
      "begin" : 1315,
      "end" : 1320,
      "text" : "these",
      "whiteSpace" : false
    }, {
      "id" : "s6-t11",
      "begin" : 1321,
      "end" : 1328,
      "text" : "impacts",
      "whiteSpace" : false
    }, {
      "id" : "s6-t12",
      "begin" : 1329,
      "end" : 1332,
      "text" : "are",
      "whiteSpace" : false
    }, {
      "id" : "s6-t13",
      "begin" : 1333,
      "end" : 1345,
      "text" : "economically",
      "whiteSpace" : false
    }, {
      "id" : "s6-t14",
      "begin" : 1346,
      "end" : 1351,
      "text" : "quite",
      "whiteSpace" : false
    }, {
      "id" : "s6-t15",
      "begin" : 1352,
      "end" : 1363,
      "text" : "significant",
      "whiteSpace" : false
    }, {
      "id" : "s6-t16",
      "begin" : 1363,
      "end" : 1364,
      "text" : ",",
      "whiteSpace" : false
    }, {
      "id" : "s6-t17",
      "begin" : 1365,
      "end" : 1368,
      "text" : "and",
      "whiteSpace" : false
    }, {
      "id" : "s6-t18",
      "begin" : 1369,
      "end" : 1378,
      "text" : "highlight",
      "whiteSpace" : false
    }, {
      "id" : "s6-t19",
      "begin" : 1379,
      "end" : 1382,
      "text" : "the",
      "whiteSpace" : false
    }, {
      "id" : "s6-t20",
      "begin" : 1383,
      "end" : 1389,
      "text" : "growth",
      "whiteSpace" : false
    }, {
      "id" : "s6-t21",
      "begin" : 1390,
      "end" : 1402,
      "text" : "acceleration",
      "whiteSpace" : false
    }, {
      "id" : "s6-t22",
      "begin" : 1403,
      "end" : 1406,
      "text" : "and",
      "whiteSpace" : false
    }, {
      "id" : "s6-t23",
      "begin" : 1407,
      "end" : 1417,
      "text" : "inequality",
      "whiteSpace" : false
    }, {
      "id" : "s6-t24",
      "begin" : 1418,
      "end" : 1427,
      "text" : "reduction",
      "whiteSpace" : false
    }, {
      "id" : "s6-t25",
      "begin" : 1428,
      "end" : 1432,
      "text" : "that",
      "whiteSpace" : false
    }, {
      "id" : "s6-t26",
      "begin" : 1433,
      "end" : 1438,
      "text" : "would",
      "whiteSpace" : false
    }, {
      "id" : "s6-t27",
      "begin" : 1439,
      "end" : 1445,
      "text" : "result",
      "whiteSpace" : false
    }, {
      "id" : "s6-t28",
      "begin" : 1446,
      "end" : 1450,
      "text" : "from",
      "whiteSpace" : false
    }, {
      "id" : "s6-t29",
      "begin" : 1451,
      "end" : 1460,
      "text" : "increased",
      "whiteSpace" : false
    }, {
      "id" : "s6-t30",
      "begin" : 1461,
      "end" : 1473,
      "text" : "availability",
      "whiteSpace" : false
    }, {
      "id" : "s6-t31",
      "begin" : 1474,
      "end" : 1477,
      "text" : "and",
      "whiteSpace" : false
    }, {
      "id" : "s6-t32",
      "begin" : 1478,
      "end" : 1485,
      "text" : "quality",
      "whiteSpace" : false
    }, {
      "id" : "s6-t33",
      "begin" : 1486,
      "end" : 1488,
      "text" : "of",
      "whiteSpace" : false
    }, {
      "id" : "s6-t34",
      "begin" : 1489,
      "end" : 1503,
      "text" : "infrastructure",
      "whiteSpace" : false
    }, {
      "id" : "s6-t35",
      "begin" : 1503,
      "end" : 1504,
      "text" : ".",
      "whiteSpace" : false
    } ]
  } ],
  "mentions" : [ {
    "id" : "s0-m5",
    "properties" : {
      "SIRE_MENTION_ROLE" : "evidence",
      "SIRE_ENTITY_SUBTYPE" : "NONE",
      "SIRE_MENTION_TYPE" : "NONE",
      "SIRE_MENTION_CLASS" : "SPC"
    },
    "type" : "evidence",
    "begin" : 33,
    "end" : 43,
    "inCoref" : false
  }, {
    "id" : "m1",
    "properties" : {
      "SIRE_MENTION_ROLE" : "relation",
      "SIRE_MENTION_CLASS" : "SPC",
      "SIRE_ENTITY_SUBTYPE" : "NONE",
      "SIRE_MENTION_TYPE" : "NONE"
    },
    "type" : "relation",
    "begin" : 51,
    "end" : 60,
    "inCoref" : false
  }, {
    "id" : "m2",
    "properties" : {
      "SIRE_MENTION_ROLE" : "Variable",
      "SIRE_MENTION_CLASS" : "SPC",
      "SIRE_ENTITY_SUBTYPE" : "NONE",
      "SIRE_MENTION_TYPE" : "NONE"
    },
    "type" : "Variable",
    "begin" : 61,
    "end" : 87,
    "inCoref" : true
  }, {
    "id" : "m3",
    "properties" : {
      "SIRE_MENTION_ROLE" : "Variable",
      "SIRE_MENTION_CLASS" : "SPC",
      "SIRE_ENTITY_SUBTYPE" : "NONE",
      "SIRE_MENTION_TYPE" : "NONE"
    },
    "type" : "Variable",
    "begin" : 91,
    "end" : 106,
    "inCoref" : true
  }, {
    "id" : "m4",
    "properties" : {
      "SIRE_MENTION_ROLE" : "Variable",
      "SIRE_MENTION_CLASS" : "SPC",
      "SIRE_ENTITY_SUBTYPE" : "NONE",
      "SIRE_MENTION_TYPE" : "NONE"
    },
    "type" : "Variable",
    "begin" : 111,
    "end" : 130,
    "inCoref" : true
  }, {
    "id" : "s1-m5",
    "properties" : {
      "SIRE_MENTION_ROLE" : "Variable",
      "SIRE_ENTITY_SUBTYPE" : "NONE",
      "SIRE_MENTION_TYPE" : "NONE",
      "SIRE_MENTION_CLASS" : "SPC"
    },
    "type" : "Variable",
    "begin" : 297,
    "end" : 307,
    "inCoref" : false
  }, {
    "id" : "m7",
    "properties" : {
      "SIRE_MENTION_ROLE" : "Variable",
      "SIRE_MENTION_CLASS" : "SPC",
      "SIRE_ENTITY_SUBTYPE" : "NONE",
      "SIRE_MENTION_TYPE" : "NONE"
    },
    "type" : "Variable",
    "begin" : 325,
    "end" : 335,
    "inCoref" : true
  }, {
    "id" : "s1-m4",
    "properties" : {
      "SIRE_MENTION_ROLE" : "Variable",
      "SIRE_ENTITY_SUBTYPE" : "NONE",
      "SIRE_MENTION_TYPE" : "NONE",
      "SIRE_MENTION_CLASS" : "SPC"
    },
    "type" : "Variable",
    "begin" : 388,
    "end" : 402,
    "inCoref" : true
  }, {
    "id" : "m8",
    "properties" : {
      "SIRE_MENTION_ROLE" : "relation",
      "SIRE_MENTION_CLASS" : "SPC",
      "SIRE_ENTITY_SUBTYPE" : "NONE",
      "SIRE_MENTION_TYPE" : "NONE"
    },
    "type" : "relation",
    "begin" : 472,
    "end" : 483,
    "inCoref" : false
  }, {
    "id" : "m9",
    "properties" : {
      "SIRE_MENTION_ROLE" : "evidence",
      "SIRE_MENTION_CLASS" : "SPC",
      "SIRE_ENTITY_SUBTYPE" : "NONE",
      "SIRE_MENTION_TYPE" : "NONE"
    },
    "type" : "evidence",
    "begin" : 662,
    "end" : 669,
    "inCoref" : false
  }, {
    "id" : "m10",
    "properties" : {
      "SIRE_MENTION_ROLE" : "evidence",
      "SIRE_MENTION_CLASS" : "SPC",
      "SIRE_ENTITY_SUBTYPE" : "NONE",
      "SIRE_MENTION_TYPE" : "NONE"
    },
    "type" : "evidence",
    "begin" : 773,
    "end" : 780,
    "inCoref" : false
  }, {
    "id" : "m11",
    "properties" : {
      "SIRE_MENTION_ROLE" : "Variable",
      "SIRE_MENTION_CLASS" : "SPC",
      "SIRE_ENTITY_SUBTYPE" : "NONE",
      "SIRE_MENTION_TYPE" : "NONE"
    },
    "type" : "Variable",
    "begin" : 790,
    "end" : 796,
    "inCoref" : true
  }, {
    "id" : "s3-m5",
    "properties" : {
      "SIRE_MENTION_ROLE" : "relation",
      "SIRE_ENTITY_SUBTYPE" : "NONE",
      "SIRE_MENTION_TYPE" : "NONE",
      "SIRE_MENTION_CLASS" : "SPC"
    },
    "type" : "relation",
    "begin" : 811,
    "end" : 822,
    "inCoref" : false
  }, {
    "id" : "s3-m6",
    "properties" : {
      "SIRE_MENTION_ROLE" : "Variable",
      "SIRE_ENTITY_SUBTYPE" : "NONE",
      "SIRE_MENTION_TYPE" : "NONE",
      "SIRE_MENTION_CLASS" : "SPC"
    },
    "type" : "Variable",
    "begin" : 836,
    "end" : 857,
    "inCoref" : false
  }, {
    "id" : "m12",
    "properties" : {
      "SIRE_MENTION_ROLE" : "Variable",
      "SIRE_MENTION_CLASS" : "SPC",
      "SIRE_ENTITY_SUBTYPE" : "NONE",
      "SIRE_MENTION_TYPE" : "NONE"
    },
    "type" : "Variable",
    "begin" : 868,
    "end" : 885,
    "inCoref" : true
  }, {
    "id" : "s3-m8",
    "properties" : {
      "SIRE_MENTION_ROLE" : "relation",
      "SIRE_ENTITY_SUBTYPE" : "NONE",
      "SIRE_MENTION_TYPE" : "NONE",
      "SIRE_MENTION_CLASS" : "SPC"
    },
    "type" : "relation",
    "begin" : 886,
    "end" : 899,
    "inCoref" : false
  }, {
    "id" : "m13",
    "properties" : {
      "SIRE_MENTION_ROLE" : "relation",
      "SIRE_MENTION_CLASS" : "SPC",
      "SIRE_ENTITY_SUBTYPE" : "NONE",
      "SIRE_MENTION_TYPE" : "NONE"
    },
    "type" : "relation",
    "begin" : 900,
    "end" : 906,
    "inCoref" : false
  }, {
    "id" : "s3-m7",
    "properties" : {
      "SIRE_MENTION_ROLE" : "Variable",
      "SIRE_ENTITY_SUBTYPE" : "NONE",
      "SIRE_MENTION_TYPE" : "NONE",
      "SIRE_MENTION_CLASS" : "SPC"
    },
    "type" : "Variable",
    "begin" : 907,
    "end" : 921,
    "inCoref" : true
  }, {
    "id" : "m14",
    "properties" : {
      "SIRE_MENTION_ROLE" : "evidence",
      "SIRE_MENTION_CLASS" : "SPC",
      "SIRE_ENTITY_SUBTYPE" : "NONE",
      "SIRE_MENTION_TYPE" : "NONE"
    },
    "type" : "evidence",
    "begin" : 977,
    "end" : 984,
    "inCoref" : false
  }, {
    "id" : "m15",
    "properties" : {
      "SIRE_MENTION_ROLE" : "evidence",
      "SIRE_MENTION_CLASS" : "SPC",
      "SIRE_ENTITY_SUBTYPE" : "NONE",
      "SIRE_MENTION_TYPE" : "NONE"
    },
    "type" : "evidence",
    "begin" : 996,
    "end" : 1003,
    "inCoref" : false
  }, {
    "id" : "m16",
    "properties" : {
      "SIRE_MENTION_ROLE" : "relation",
      "SIRE_MENTION_CLASS" : "SPC",
      "SIRE_ENTITY_SUBTYPE" : "NONE",
      "SIRE_MENTION_TYPE" : "NONE"
    },
    "type" : "relation",
    "begin" : 1026,
    "end" : 1035,
    "inCoref" : false
  }, {
    "id" : "s4-m6",
    "properties" : {
      "SIRE_MENTION_ROLE" : "Variable",
      "SIRE_ENTITY_SUBTYPE" : "NONE",
      "SIRE_MENTION_TYPE" : "NONE",
      "SIRE_MENTION_CLASS" : "SPC"
    },
    "type" : "Variable",
    "begin" : 1063,
    "end" : 1077,
    "inCoref" : true
  }, {
    "id" : "m17",
    "properties" : {
      "SIRE_MENTION_ROLE" : "Variable",
      "SIRE_MENTION_CLASS" : "SPC",
      "SIRE_ENTITY_SUBTYPE" : "NONE",
      "SIRE_MENTION_TYPE" : "NONE"
    },
    "type" : "Variable",
    "begin" : 1102,
    "end" : 1108,
    "inCoref" : true
  }, {
    "id" : "m18",
    "properties" : {
      "SIRE_MENTION_ROLE" : "Variable",
      "SIRE_MENTION_CLASS" : "SPC",
      "SIRE_ENTITY_SUBTYPE" : "NONE",
      "SIRE_MENTION_TYPE" : "NONE"
    },
    "type" : "Variable",
    "begin" : 1113,
    "end" : 1123,
    "inCoref" : true
  }, {
    "id" : "m19",
    "properties" : {
      "SIRE_MENTION_ROLE" : "evidence",
      "SIRE_MENTION_CLASS" : "SPC",
      "SIRE_ENTITY_SUBTYPE" : "NONE",
      "SIRE_MENTION_TYPE" : "NONE"
    },
    "type" : "evidence",
    "begin" : 1135,
    "end" : 1142,
    "inCoref" : false
  }, {
    "id" : "m20",
    "properties" : {
      "SIRE_MENTION_ROLE" : "evidence",
      "SIRE_MENTION_CLASS" : "SPC",
      "SIRE_ENTITY_SUBTYPE" : "NONE",
      "SIRE_MENTION_TYPE" : "NONE"
    },
    "type" : "evidence",
    "begin" : 1152,
    "end" : 1159,
    "inCoref" : false
  }, {
    "id" : "m21",
    "properties" : {
      "SIRE_MENTION_ROLE" : "Variable",
      "SIRE_MENTION_CLASS" : "SPC",
      "SIRE_ENTITY_SUBTYPE" : "NONE",
      "SIRE_MENTION_TYPE" : "NONE"
    },
    "type" : "Variable",
    "begin" : 1165,
    "end" : 1191,
    "inCoref" : true
  }, {
    "id" : "m22",
    "properties" : {
      "SIRE_MENTION_ROLE" : "Variable",
      "SIRE_MENTION_CLASS" : "SPC",
      "SIRE_ENTITY_SUBTYPE" : "NONE",
      "SIRE_MENTION_TYPE" : "NONE"
    },
    "type" : "Variable",
    "begin" : 1226,
    "end" : 1233,
    "inCoref" : false
  }, {
    "id" : "m23",
    "properties" : {
      "SIRE_MENTION_ROLE" : "evidence",
      "SIRE_MENTION_CLASS" : "SPC",
      "SIRE_ENTITY_SUBTYPE" : "NONE",
      "SIRE_MENTION_TYPE" : "NONE"
    },
    "type" : "evidence",
    "begin" : 1302,
    "end" : 1309,
    "inCoref" : false
  }, {
    "id" : "m24",
    "properties" : {
      "SIRE_MENTION_ROLE" : "Variable",
      "SIRE_MENTION_CLASS" : "SPC",
      "SIRE_ENTITY_SUBTYPE" : "NONE",
      "SIRE_MENTION_TYPE" : "NONE"
    },
    "type" : "Variable",
    "begin" : 1383,
    "end" : 1389,
    "inCoref" : true
  }, {
    "id" : "m25",
    "properties" : {
      "SIRE_MENTION_ROLE" : "Variable",
      "SIRE_MENTION_CLASS" : "SPC",
      "SIRE_ENTITY_SUBTYPE" : "NONE",
      "SIRE_MENTION_TYPE" : "NONE"
    },
    "type" : "Variable",
    "begin" : 1407,
    "end" : 1417,
    "inCoref" : true
  }, {
    "id" : "s6-m6",
    "properties" : {
      "SIRE_MENTION_ROLE" : "relation",
      "SIRE_ENTITY_SUBTYPE" : "NONE",
      "SIRE_MENTION_TYPE" : "NONE",
      "SIRE_MENTION_CLASS" : "SPC"
    },
    "type" : "relation",
    "begin" : 1439,
    "end" : 1450,
    "inCoref" : false
  }, {
    "id" : "s6-m5",
    "properties" : {
      "SIRE_MENTION_ROLE" : "Variable",
      "SIRE_ENTITY_SUBTYPE" : "NONE",
      "SIRE_MENTION_TYPE" : "NONE",
      "SIRE_MENTION_CLASS" : "SPC"
    },
    "type" : "Variable",
    "begin" : 1489,
    "end" : 1503,
    "inCoref" : true
  } ],
  "relations" : [ {
    "id" : "s3-r3",
    "properties" : { },
    "type" : "Causal",
    "args" : [ "s3-m6", "m11" ]
  }, {
    "id" : "s3-r5",
    "properties" : { },
    "type" : "RelateCorrelation",
    "args" : [ "m12", "s3-m7" ]
  }, {
    "id" : "s6-r1",
    "properties" : { },
    "type" : "Causal",
    "args" : [ "s6-m5", "m25" ]
  }, {
    "id" : "s6-r2",
    "properties" : { },
    "type" : "Causal",
    "args" : [ "s6-m5", "m24" ]
  } ],
  "corefs" : [ {
    "id" : "c1",
    "properties" : { },
    "mentions" : [ "m11", "m17", "m24", "m3" ]
  }, {
    "id" : "c2",
    "properties" : { },
    "mentions" : [ "m12", "m18", "m25", "m4", "m7" ]
  }, {
    "id" : "c3",
    "properties" : { },
    "mentions" : [ "s3-m7", "s4-m6", "s6-m5", "m2", "s1-m4", "m21" ]
  } ],
  "typeResolved" : true,
  "userResolved" : false
}