{
  "id" : "f584c9b0-2c32-11ec-8ccb-e3b7183e4c89-16",
  "name" : "38. Jantti, M., and Jenkins, S. P. (2001). .docx",
  "createdDate" : 0,
  "version" : 3,
  "text" : "This paper analyzes the relationship between macroeconomic factors and the incomedistribution using data on equivalized disposable household income from the United Kingdom for 1961--99. We argue in favour of fitting a parametric functional form to the income distribution for each year, and then modeling the time series of model parameters in terms of the macroeconomic factors, as this better allows us to take into account non-stationarity in the time series. Estimates from models that relate income distribution parameters to cyclical variables in first differences (to account for non-stationarity) suggest that neither inflation nor unemployment have significant effects on income inequality. Compared to the commonly-used method of modelling the income shares directly, our approach indicates that there was no clear cut relationship between macroeconomic factors and the UK income distribution during the last third of the twentieth century\n\n",
  "docLength" : 0,
  "language" : "EN",
  "status" : "IN_PROGRESS",
  "modifiedDate" : 1634899258340,
  "documentSet" : [ ],
  "preannotation" : [ "PRE_LW" ],
  "sentences" : [ {
    "id" : "s0",
    "begin" : 0,
    "end" : 185,
    "text" : "This paper analyzes the relationship between macroeconomic factors and the incomedistribution using data on equivalized disposable household income from the United Kingdom for 1961--99.",
    "tokens" : [ {
      "id" : "s0-t0",
      "begin" : 0,
      "end" : 4,
      "text" : "This",
      "whiteSpace" : false
    }, {
      "id" : "s0-t1",
      "begin" : 5,
      "end" : 10,
      "text" : "paper",
      "whiteSpace" : false
    }, {
      "id" : "s0-t2",
      "begin" : 11,
      "end" : 19,
      "text" : "analyzes",
      "whiteSpace" : false
    }, {
      "id" : "s0-t3",
      "begin" : 20,
      "end" : 23,
      "text" : "the",
      "whiteSpace" : false
    }, {
      "id" : "s0-t4",
      "begin" : 24,
      "end" : 36,
      "text" : "relationship",
      "whiteSpace" : false
    }, {
      "id" : "s0-t5",
      "begin" : 37,
      "end" : 44,
      "text" : "between",
      "whiteSpace" : false
    }, {
      "id" : "s0-t6",
      "begin" : 45,
      "end" : 58,
      "text" : "macroeconomic",
      "whiteSpace" : false
    }, {
      "id" : "s0-t7",
      "begin" : 59,
      "end" : 66,
      "text" : "factors",
      "whiteSpace" : false
    }, {
      "id" : "s0-t8",
      "begin" : 67,
      "end" : 70,
      "text" : "and",
      "whiteSpace" : false
    }, {
      "id" : "s0-t9",
      "begin" : 71,
      "end" : 74,
      "text" : "the",
      "whiteSpace" : false
    }, {
      "id" : "s0-t10",
      "begin" : 75,
      "end" : 93,
      "text" : "incomedistribution",
      "whiteSpace" : false
    }, {
      "id" : "s0-t11",
      "begin" : 94,
      "end" : 99,
      "text" : "using",
      "whiteSpace" : false
    }, {
      "id" : "s0-t12",
      "begin" : 100,
      "end" : 104,
      "text" : "data",
      "whiteSpace" : false
    }, {
      "id" : "s0-t13",
      "begin" : 105,
      "end" : 107,
      "text" : "on",
      "whiteSpace" : false
    }, {
      "id" : "s0-t14",
      "begin" : 108,
      "end" : 119,
      "text" : "equivalized",
      "whiteSpace" : false
    }, {
      "id" : "s0-t15",
      "begin" : 120,
      "end" : 130,
      "text" : "disposable",
      "whiteSpace" : false
    }, {
      "id" : "s0-t16",
      "begin" : 131,
      "end" : 140,
      "text" : "household",
      "whiteSpace" : false
    }, {
      "id" : "s0-t17",
      "begin" : 141,
      "end" : 147,
      "text" : "income",
      "whiteSpace" : false
    }, {
      "id" : "s0-t18",
      "begin" : 148,
      "end" : 152,
      "text" : "from",
      "whiteSpace" : false
    }, {
      "id" : "s0-t19",
      "begin" : 153,
      "end" : 156,
      "text" : "the",
      "whiteSpace" : false
    }, {
      "id" : "s0-t20",
      "begin" : 157,
      "end" : 163,
      "text" : "United",
      "whiteSpace" : false
    }, {
      "id" : "s0-t21",
      "begin" : 164,
      "end" : 171,
      "text" : "Kingdom",
      "whiteSpace" : false
    }, {
      "id" : "s0-t22",
      "begin" : 172,
      "end" : 175,
      "text" : "for",
      "whiteSpace" : false
    }, {
      "id" : "s0-t23",
      "begin" : 176,
      "end" : 180,
      "text" : "1961",
      "whiteSpace" : false
    }, {
      "id" : "s0-t24",
      "begin" : 180,
      "end" : 182,
      "text" : "--",
      "whiteSpace" : false
    }, {
      "id" : "s0-t25",
      "begin" : 182,
      "end" : 184,
      "text" : "99",
      "whiteSpace" : false
    }, {
      "id" : "s0-t26",
      "begin" : 184,
      "end" : 185,
      "text" : ".",
      "whiteSpace" : false
    } ]
  }, {
    "id" : "s1",
    "begin" : 186,
    "end" : 462,
    "text" : "We argue in favour of fitting a parametric functional form to the income distribution for each year, and then modeling the time series of model parameters in terms of the macroeconomic factors, as this better allows us to take into account non-stationarity in the time series.",
    "tokens" : [ {
      "id" : "s1-t0",
      "begin" : 186,
      "end" : 188,
      "text" : "We",
      "whiteSpace" : false
    }, {
      "id" : "s1-t1",
      "begin" : 189,
      "end" : 194,
      "text" : "argue",
      "whiteSpace" : false
    }, {
      "id" : "s1-t2",
      "begin" : 195,
      "end" : 197,
      "text" : "in",
      "whiteSpace" : false
    }, {
      "id" : "s1-t3",
      "begin" : 198,
      "end" : 204,
      "text" : "favour",
      "whiteSpace" : false
    }, {
      "id" : "s1-t4",
      "begin" : 205,
      "end" : 207,
      "text" : "of",
      "whiteSpace" : false
    }, {
      "id" : "s1-t5",
      "begin" : 208,
      "end" : 215,
      "text" : "fitting",
      "whiteSpace" : false
    }, {
      "id" : "s1-t6",
      "begin" : 216,
      "end" : 217,
      "text" : "a",
      "whiteSpace" : false
    }, {
      "id" : "s1-t7",
      "begin" : 218,
      "end" : 228,
      "text" : "parametric",
      "whiteSpace" : false
    }, {
      "id" : "s1-t8",
      "begin" : 229,
      "end" : 239,
      "text" : "functional",
      "whiteSpace" : false
    }, {
      "id" : "s1-t9",
      "begin" : 240,
      "end" : 244,
      "text" : "form",
      "whiteSpace" : false
    }, {
      "id" : "s1-t10",
      "begin" : 245,
      "end" : 247,
      "text" : "to",
      "whiteSpace" : false
    }, {
      "id" : "s1-t11",
      "begin" : 248,
      "end" : 251,
      "text" : "the",
      "whiteSpace" : false
    }, {
      "id" : "s1-t12",
      "begin" : 252,
      "end" : 258,
      "text" : "income",
      "whiteSpace" : false
    }, {
      "id" : "s1-t13",
      "begin" : 259,
      "end" : 271,
      "text" : "distribution",
      "whiteSpace" : false
    }, {
      "id" : "s1-t14",
      "begin" : 272,
      "end" : 275,
      "text" : "for",
      "whiteSpace" : false
    }, {
      "id" : "s1-t15",
      "begin" : 276,
      "end" : 280,
      "text" : "each",
      "whiteSpace" : false
    }, {
      "id" : "s1-t16",
      "begin" : 281,
      "end" : 285,
      "text" : "year",
      "whiteSpace" : false
    }, {
      "id" : "s1-t17",
      "begin" : 285,
      "end" : 286,
      "text" : ",",
      "whiteSpace" : false
    }, {
      "id" : "s1-t18",
      "begin" : 287,
      "end" : 290,
      "text" : "and",
      "whiteSpace" : false
    }, {
      "id" : "s1-t19",
      "begin" : 291,
      "end" : 295,
      "text" : "then",
      "whiteSpace" : false
    }, {
      "id" : "s1-t20",
      "begin" : 296,
      "end" : 304,
      "text" : "modeling",
      "whiteSpace" : false
    }, {
      "id" : "s1-t21",
      "begin" : 305,
      "end" : 308,
      "text" : "the",
      "whiteSpace" : false
    }, {
      "id" : "s1-t22",
      "begin" : 309,
      "end" : 313,
      "text" : "time",
      "whiteSpace" : false
    }, {
      "id" : "s1-t23",
      "begin" : 314,
      "end" : 320,
      "text" : "series",
      "whiteSpace" : false
    }, {
      "id" : "s1-t24",
      "begin" : 321,
      "end" : 323,
      "text" : "of",
      "whiteSpace" : false
    }, {
      "id" : "s1-t25",
      "begin" : 324,
      "end" : 329,
      "text" : "model",
      "whiteSpace" : false
    }, {
      "id" : "s1-t26",
      "begin" : 330,
      "end" : 340,
      "text" : "parameters",
      "whiteSpace" : false
    }, {
      "id" : "s1-t27",
      "begin" : 341,
      "end" : 343,
      "text" : "in",
      "whiteSpace" : false
    }, {
      "id" : "s1-t28",
      "begin" : 344,
      "end" : 349,
      "text" : "terms",
      "whiteSpace" : false
    }, {
      "id" : "s1-t29",
      "begin" : 350,
      "end" : 352,
      "text" : "of",
      "whiteSpace" : false
    }, {
      "id" : "s1-t30",
      "begin" : 353,
      "end" : 356,
      "text" : "the",
      "whiteSpace" : false
    }, {
      "id" : "s1-t31",
      "begin" : 357,
      "end" : 370,
      "text" : "macroeconomic",
      "whiteSpace" : false
    }, {
      "id" : "s1-t32",
      "begin" : 371,
      "end" : 378,
      "text" : "factors",
      "whiteSpace" : false
    }, {
      "id" : "s1-t33",
      "begin" : 378,
      "end" : 379,
      "text" : ",",
      "whiteSpace" : false
    }, {
      "id" : "s1-t34",
      "begin" : 380,
      "end" : 382,
      "text" : "as",
      "whiteSpace" : false
    }, {
      "id" : "s1-t35",
      "begin" : 383,
      "end" : 387,
      "text" : "this",
      "whiteSpace" : false
    }, {
      "id" : "s1-t36",
      "begin" : 388,
      "end" : 394,
      "text" : "better",
      "whiteSpace" : false
    }, {
      "id" : "s1-t37",
      "begin" : 395,
      "end" : 401,
      "text" : "allows",
      "whiteSpace" : false
    }, {
      "id" : "s1-t38",
      "begin" : 402,
      "end" : 404,
      "text" : "us",
      "whiteSpace" : false
    }, {
      "id" : "s1-t39",
      "begin" : 405,
      "end" : 407,
      "text" : "to",
      "whiteSpace" : false
    }, {
      "id" : "s1-t40",
      "begin" : 408,
      "end" : 412,
      "text" : "take",
      "whiteSpace" : false
    }, {
      "id" : "s1-t41",
      "begin" : 413,
      "end" : 417,
      "text" : "into",
      "whiteSpace" : false
    }, {
      "id" : "s1-t42",
      "begin" : 418,
      "end" : 425,
      "text" : "account",
      "whiteSpace" : false
    }, {
      "id" : "s1-t43",
      "begin" : 426,
      "end" : 429,
      "text" : "non",
      "whiteSpace" : false
    }, {
      "id" : "s1-t44",
      "begin" : 429,
      "end" : 430,
      "text" : "-",
      "whiteSpace" : false
    }, {
      "id" : "s1-t45",
      "begin" : 430,
      "end" : 442,
      "text" : "stationarity",
      "whiteSpace" : false
    }, {
      "id" : "s1-t46",
      "begin" : 443,
      "end" : 445,
      "text" : "in",
      "whiteSpace" : false
    }, {
      "id" : "s1-t47",
      "begin" : 446,
      "end" : 449,
      "text" : "the",
      "whiteSpace" : false
    }, {
      "id" : "s1-t48",
      "begin" : 450,
      "end" : 454,
      "text" : "time",
      "whiteSpace" : false
    }, {
      "id" : "s1-t49",
      "begin" : 455,
      "end" : 461,
      "text" : "series",
      "whiteSpace" : false
    }, {
      "id" : "s1-t50",
      "begin" : 461,
      "end" : 462,
      "text" : ".",
      "whiteSpace" : false
    } ]
  }, {
    "id" : "s2",
    "begin" : 463,
    "end" : 699,
    "text" : "Estimates from models that relate income distribution parameters to cyclical variables in first differences (to account for non-stationarity) suggest that neither inflation nor unemployment have significant effects on income inequality.",
    "tokens" : [ {
      "id" : "s2-t0",
      "begin" : 463,
      "end" : 472,
      "text" : "Estimates",
      "whiteSpace" : false
    }, {
      "id" : "s2-t1",
      "begin" : 473,
      "end" : 477,
      "text" : "from",
      "whiteSpace" : false
    }, {
      "id" : "s2-t2",
      "begin" : 478,
      "end" : 484,
      "text" : "models",
      "whiteSpace" : false
    }, {
      "id" : "s2-t3",
      "begin" : 485,
      "end" : 489,
      "text" : "that",
      "whiteSpace" : false
    }, {
      "id" : "s2-t4",
      "begin" : 490,
      "end" : 496,
      "text" : "relate",
      "whiteSpace" : false
    }, {
      "id" : "s2-t5",
      "begin" : 497,
      "end" : 503,
      "text" : "income",
      "whiteSpace" : false
    }, {
      "id" : "s2-t6",
      "begin" : 504,
      "end" : 516,
      "text" : "distribution",
      "whiteSpace" : false
    }, {
      "id" : "s2-t7",
      "begin" : 517,
      "end" : 527,
      "text" : "parameters",
      "whiteSpace" : false
    }, {
      "id" : "s2-t8",
      "begin" : 528,
      "end" : 530,
      "text" : "to",
      "whiteSpace" : false
    }, {
      "id" : "s2-t9",
      "begin" : 531,
      "end" : 539,
      "text" : "cyclical",
      "whiteSpace" : false
    }, {
      "id" : "s2-t10",
      "begin" : 540,
      "end" : 549,
      "text" : "variables",
      "whiteSpace" : false
    }, {
      "id" : "s2-t11",
      "begin" : 550,
      "end" : 552,
      "text" : "in",
      "whiteSpace" : false
    }, {
      "id" : "s2-t12",
      "begin" : 553,
      "end" : 558,
      "text" : "first",
      "whiteSpace" : false
    }, {
      "id" : "s2-t13",
      "begin" : 559,
      "end" : 570,
      "text" : "differences",
      "whiteSpace" : false
    }, {
      "id" : "s2-t14",
      "begin" : 571,
      "end" : 572,
      "text" : "(",
      "whiteSpace" : false
    }, {
      "id" : "s2-t15",
      "begin" : 572,
      "end" : 574,
      "text" : "to",
      "whiteSpace" : false
    }, {
      "id" : "s2-t16",
      "begin" : 575,
      "end" : 582,
      "text" : "account",
      "whiteSpace" : false
    }, {
      "id" : "s2-t17",
      "begin" : 583,
      "end" : 586,
      "text" : "for",
      "whiteSpace" : false
    }, {
      "id" : "s2-t18",
      "begin" : 587,
      "end" : 590,
      "text" : "non",
      "whiteSpace" : false
    }, {
      "id" : "s2-t19",
      "begin" : 590,
      "end" : 591,
      "text" : "-",
      "whiteSpace" : false
    }, {
      "id" : "s2-t20",
      "begin" : 591,
      "end" : 603,
      "text" : "stationarity",
      "whiteSpace" : false
    }, {
      "id" : "s2-t21",
      "begin" : 603,
      "end" : 604,
      "text" : ")",
      "whiteSpace" : false
    }, {
      "id" : "s2-t22",
      "begin" : 605,
      "end" : 612,
      "text" : "suggest",
      "whiteSpace" : false
    }, {
      "id" : "s2-t23",
      "begin" : 613,
      "end" : 617,
      "text" : "that",
      "whiteSpace" : false
    }, {
      "id" : "s2-t24",
      "begin" : 618,
      "end" : 625,
      "text" : "neither",
      "whiteSpace" : false
    }, {
      "id" : "s2-t25",
      "begin" : 626,
      "end" : 635,
      "text" : "inflation",
      "whiteSpace" : false
    }, {
      "id" : "s2-t26",
      "begin" : 636,
      "end" : 639,
      "text" : "nor",
      "whiteSpace" : false
    }, {
      "id" : "s2-t27",
      "begin" : 640,
      "end" : 652,
      "text" : "unemployment",
      "whiteSpace" : false
    }, {
      "id" : "s2-t28",
      "begin" : 653,
      "end" : 657,
      "text" : "have",
      "whiteSpace" : false
    }, {
      "id" : "s2-t29",
      "begin" : 658,
      "end" : 669,
      "text" : "significant",
      "whiteSpace" : false
    }, {
      "id" : "s2-t30",
      "begin" : 670,
      "end" : 677,
      "text" : "effects",
      "whiteSpace" : false
    }, {
      "id" : "s2-t31",
      "begin" : 678,
      "end" : 680,
      "text" : "on",
      "whiteSpace" : false
    }, {
      "id" : "s2-t32",
      "begin" : 681,
      "end" : 687,
      "text" : "income",
      "whiteSpace" : false
    }, {
      "id" : "s2-t33",
      "begin" : 688,
      "end" : 698,
      "text" : "inequality",
      "whiteSpace" : false
    }, {
      "id" : "s2-t34",
      "begin" : 698,
      "end" : 699,
      "text" : ".",
      "whiteSpace" : false
    } ]
  }, {
    "id" : "s3",
    "begin" : 700,
    "end" : 949,
    "text" : "Compared to the commonly-used method of modelling the income shares directly, our approach indicates that there was no clear cut relationship between macroeconomic factors and the UK income distribution during the last third of the twentieth century",
    "tokens" : [ {
      "id" : "s3-t0",
      "begin" : 700,
      "end" : 708,
      "text" : "Compared",
      "whiteSpace" : false
    }, {
      "id" : "s3-t1",
      "begin" : 709,
      "end" : 711,
      "text" : "to",
      "whiteSpace" : false
    }, {
      "id" : "s3-t2",
      "begin" : 712,
      "end" : 715,
      "text" : "the",
      "whiteSpace" : false
    }, {
      "id" : "s3-t3",
      "begin" : 716,
      "end" : 729,
      "text" : "commonly-used",
      "whiteSpace" : false
    }, {
      "id" : "s3-t4",
      "begin" : 730,
      "end" : 736,
      "text" : "method",
      "whiteSpace" : false
    }, {
      "id" : "s3-t5",
      "begin" : 737,
      "end" : 739,
      "text" : "of",
      "whiteSpace" : false
    }, {
      "id" : "s3-t6",
      "begin" : 740,
      "end" : 749,
      "text" : "modelling",
      "whiteSpace" : false
    }, {
      "id" : "s3-t7",
      "begin" : 750,
      "end" : 753,
      "text" : "the",
      "whiteSpace" : false
    }, {
      "id" : "s3-t8",
      "begin" : 754,
      "end" : 760,
      "text" : "income",
      "whiteSpace" : false
    }, {
      "id" : "s3-t9",
      "begin" : 761,
      "end" : 767,
      "text" : "shares",
      "whiteSpace" : false
    }, {
      "id" : "s3-t10",
      "begin" : 768,
      "end" : 776,
      "text" : "directly",
      "whiteSpace" : false
    }, {
      "id" : "s3-t11",
      "begin" : 776,
      "end" : 777,
      "text" : ",",
      "whiteSpace" : false
    }, {
      "id" : "s3-t12",
      "begin" : 778,
      "end" : 781,
      "text" : "our",
      "whiteSpace" : false
    }, {
      "id" : "s3-t13",
      "begin" : 782,
      "end" : 790,
      "text" : "approach",
      "whiteSpace" : false
    }, {
      "id" : "s3-t14",
      "begin" : 791,
      "end" : 800,
      "text" : "indicates",
      "whiteSpace" : false
    }, {
      "id" : "s3-t15",
      "begin" : 801,
      "end" : 805,
      "text" : "that",
      "whiteSpace" : false
    }, {
      "id" : "s3-t16",
      "begin" : 806,
      "end" : 811,
      "text" : "there",
      "whiteSpace" : false
    }, {
      "id" : "s3-t17",
      "begin" : 812,
      "end" : 815,
      "text" : "was",
      "whiteSpace" : false
    }, {
      "id" : "s3-t18",
      "begin" : 816,
      "end" : 818,
      "text" : "no",
      "whiteSpace" : false
    }, {
      "id" : "s3-t19",
      "begin" : 819,
      "end" : 824,
      "text" : "clear",
      "whiteSpace" : false
    }, {
      "id" : "s3-t20",
      "begin" : 825,
      "end" : 828,
      "text" : "cut",
      "whiteSpace" : false
    }, {
      "id" : "s3-t21",
      "begin" : 829,
      "end" : 841,
      "text" : "relationship",
      "whiteSpace" : false
    }, {
      "id" : "s3-t22",
      "begin" : 842,
      "end" : 849,
      "text" : "between",
      "whiteSpace" : false
    }, {
      "id" : "s3-t23",
      "begin" : 850,
      "end" : 863,
      "text" : "macroeconomic",
      "whiteSpace" : false
    }, {
      "id" : "s3-t24",
      "begin" : 864,
      "end" : 871,
      "text" : "factors",
      "whiteSpace" : false
    }, {
      "id" : "s3-t25",
      "begin" : 872,
      "end" : 875,
      "text" : "and",
      "whiteSpace" : false
    }, {
      "id" : "s3-t26",
      "begin" : 876,
      "end" : 879,
      "text" : "the",
      "whiteSpace" : false
    }, {
      "id" : "s3-t27",
      "begin" : 880,
      "end" : 882,
      "text" : "UK",
      "whiteSpace" : false
    }, {
      "id" : "s3-t28",
      "begin" : 883,
      "end" : 889,
      "text" : "income",
      "whiteSpace" : false
    }, {
      "id" : "s3-t29",
      "begin" : 890,
      "end" : 902,
      "text" : "distribution",
      "whiteSpace" : false
    }, {
      "id" : "s3-t30",
      "begin" : 903,
      "end" : 909,
      "text" : "during",
      "whiteSpace" : false
    }, {
      "id" : "s3-t31",
      "begin" : 910,
      "end" : 913,
      "text" : "the",
      "whiteSpace" : false
    }, {
      "id" : "s3-t32",
      "begin" : 914,
      "end" : 918,
      "text" : "last",
      "whiteSpace" : false
    }, {
      "id" : "s3-t33",
      "begin" : 919,
      "end" : 924,
      "text" : "third",
      "whiteSpace" : false
    }, {
      "id" : "s3-t34",
      "begin" : 925,
      "end" : 927,
      "text" : "of",
      "whiteSpace" : false
    }, {
      "id" : "s3-t35",
      "begin" : 928,
      "end" : 931,
      "text" : "the",
      "whiteSpace" : false
    }, {
      "id" : "s3-t36",
      "begin" : 932,
      "end" : 941,
      "text" : "twentieth",
      "whiteSpace" : false
    }, {
      "id" : "s3-t37",
      "begin" : 942,
      "end" : 949,
      "text" : "century",
      "whiteSpace" : false
    } ]
  } ],
  "mentions" : [ {
    "id" : "m1",
    "properties" : {
      "SIRE_MENTION_ROLE" : "evidence",
      "SIRE_MENTION_CLASS" : "SPC",
      "SIRE_ENTITY_SUBTYPE" : "NONE",
      "SIRE_MENTION_TYPE" : "NONE"
    },
    "type" : "evidence",
    "begin" : 11,
    "end" : 19,
    "inCoref" : false
  }, {
    "id" : "s0-m2",
    "properties" : {
      "SIRE_MENTION_ROLE" : "relation",
      "SIRE_ENTITY_SUBTYPE" : "NONE",
      "SIRE_MENTION_TYPE" : "NONE",
      "SIRE_MENTION_CLASS" : "SPC"
    },
    "type" : "relation",
    "begin" : 24,
    "end" : 44,
    "inCoref" : false
  }, {
    "id" : "s0-m3",
    "properties" : {
      "SIRE_MENTION_ROLE" : "Variable",
      "SIRE_ENTITY_SUBTYPE" : "NONE",
      "SIRE_MENTION_TYPE" : "NONE",
      "SIRE_MENTION_CLASS" : "SPC"
    },
    "type" : "Variable",
    "begin" : 45,
    "end" : 66,
    "inCoref" : true
  }, {
    "id" : "s0-m4",
    "properties" : {
      "SIRE_MENTION_ROLE" : "Variable",
      "SIRE_ENTITY_SUBTYPE" : "NONE",
      "SIRE_MENTION_TYPE" : "NONE",
      "SIRE_MENTION_CLASS" : "SPC"
    },
    "type" : "Variable",
    "begin" : 75,
    "end" : 93,
    "inCoref" : true
  }, {
    "id" : "s0-m5",
    "properties" : {
      "SIRE_MENTION_ROLE" : "Variable",
      "SIRE_ENTITY_SUBTYPE" : "NONE",
      "SIRE_MENTION_TYPE" : "NONE",
      "SIRE_MENTION_CLASS" : "SPC"
    },
    "type" : "Variable",
    "begin" : 131,
    "end" : 147,
    "inCoref" : false
  }, {
    "id" : "m2",
    "properties" : {
      "SIRE_MENTION_ROLE" : "evidence",
      "SIRE_MENTION_CLASS" : "SPC",
      "SIRE_ENTITY_SUBTYPE" : "NONE",
      "SIRE_MENTION_TYPE" : "NONE"
    },
    "type" : "evidence",
    "begin" : 189,
    "end" : 194,
    "inCoref" : false
  }, {
    "id" : "m3",
    "properties" : {
      "SIRE_MENTION_ROLE" : "Variable",
      "SIRE_MENTION_CLASS" : "SPC",
      "SIRE_ENTITY_SUBTYPE" : "NONE",
      "SIRE_MENTION_TYPE" : "NONE"
    },
    "type" : "Variable",
    "begin" : 252,
    "end" : 271,
    "inCoref" : true
  }, {
    "id" : "s1-m3",
    "properties" : {
      "SIRE_MENTION_ROLE" : "Variable",
      "SIRE_ENTITY_SUBTYPE" : "NONE",
      "SIRE_MENTION_TYPE" : "NONE",
      "SIRE_MENTION_CLASS" : "SPC"
    },
    "type" : "Variable",
    "begin" : 357,
    "end" : 378,
    "inCoref" : true
  }, {
    "id" : "m4",
    "properties" : {
      "SIRE_MENTION_ROLE" : "evidence",
      "SIRE_MENTION_CLASS" : "SPC",
      "SIRE_ENTITY_SUBTYPE" : "NONE",
      "SIRE_MENTION_TYPE" : "NONE"
    },
    "type" : "evidence",
    "begin" : 463,
    "end" : 472,
    "inCoref" : false
  }, {
    "id" : "m5",
    "properties" : {
      "SIRE_MENTION_ROLE" : "relation",
      "SIRE_MENTION_CLASS" : "SPC",
      "SIRE_ENTITY_SUBTYPE" : "NONE",
      "SIRE_MENTION_TYPE" : "NONE"
    },
    "type" : "relation",
    "begin" : 490,
    "end" : 496,
    "inCoref" : false
  }, {
    "id" : "m6",
    "properties" : {
      "SIRE_MENTION_ROLE" : "Variable",
      "SIRE_MENTION_CLASS" : "SPC",
      "SIRE_ENTITY_SUBTYPE" : "NONE",
      "SIRE_MENTION_TYPE" : "NONE"
    },
    "type" : "Variable",
    "begin" : 497,
    "end" : 516,
    "inCoref" : true
  }, {
    "id" : "m7",
    "properties" : {
      "SIRE_MENTION_ROLE" : "relation",
      "SIRE_MENTION_CLASS" : "SPC",
      "SIRE_ENTITY_SUBTYPE" : "NONE",
      "SIRE_MENTION_TYPE" : "NONE"
    },
    "type" : "relation",
    "begin" : 575,
    "end" : 586,
    "inCoref" : false
  }, {
    "id" : "m8",
    "properties" : {
      "SIRE_MENTION_ROLE" : "evidence",
      "SIRE_MENTION_CLASS" : "SPC",
      "SIRE_ENTITY_SUBTYPE" : "NONE",
      "SIRE_MENTION_TYPE" : "NONE"
    },
    "type" : "evidence",
    "begin" : 605,
    "end" : 612,
    "inCoref" : false
  }, {
    "id" : "s2-m10",
    "properties" : {
      "SIRE_MENTION_ROLE" : "negation",
      "SIRE_ENTITY_SUBTYPE" : "NONE",
      "SIRE_MENTION_TYPE" : "NONE",
      "SIRE_MENTION_CLASS" : "SPC"
    },
    "type" : "negation",
    "begin" : 618,
    "end" : 625,
    "inCoref" : false
  }, {
    "id" : "m9",
    "properties" : {
      "SIRE_MENTION_ROLE" : "Variable",
      "SIRE_MENTION_CLASS" : "SPC",
      "SIRE_ENTITY_SUBTYPE" : "NONE",
      "SIRE_MENTION_TYPE" : "NONE"
    },
    "type" : "Variable",
    "begin" : 626,
    "end" : 635,
    "inCoref" : false
  }, {
    "id" : "s2-m11",
    "properties" : {
      "SIRE_MENTION_ROLE" : "negation",
      "SIRE_ENTITY_SUBTYPE" : "NONE",
      "SIRE_MENTION_TYPE" : "NONE",
      "SIRE_MENTION_CLASS" : "SPC"
    },
    "type" : "negation",
    "begin" : 636,
    "end" : 639,
    "inCoref" : false
  }, {
    "id" : "m10",
    "properties" : {
      "SIRE_MENTION_ROLE" : "Variable",
      "SIRE_MENTION_CLASS" : "SPC",
      "SIRE_ENTITY_SUBTYPE" : "NONE",
      "SIRE_MENTION_TYPE" : "NONE"
    },
    "type" : "Variable",
    "begin" : 640,
    "end" : 652,
    "inCoref" : false
  }, {
    "id" : "s2-m9",
    "properties" : {
      "SIRE_MENTION_ROLE" : "relation",
      "SIRE_ENTITY_SUBTYPE" : "NONE",
      "SIRE_MENTION_TYPE" : "NONE",
      "SIRE_MENTION_CLASS" : "SPC"
    },
    "type" : "relation",
    "begin" : 670,
    "end" : 680,
    "inCoref" : false
  }, {
    "id" : "m11",
    "properties" : {
      "SIRE_MENTION_ROLE" : "Variable",
      "SIRE_MENTION_CLASS" : "SPC",
      "SIRE_ENTITY_SUBTYPE" : "NONE",
      "SIRE_MENTION_TYPE" : "NONE"
    },
    "type" : "Variable",
    "begin" : 681,
    "end" : 698,
    "inCoref" : true
  }, {
    "id" : "s3-m2",
    "properties" : {
      "SIRE_MENTION_ROLE" : "Variable",
      "SIRE_ENTITY_SUBTYPE" : "NONE",
      "SIRE_MENTION_TYPE" : "NONE",
      "SIRE_MENTION_CLASS" : "SPC"
    },
    "type" : "Variable",
    "begin" : 754,
    "end" : 767,
    "inCoref" : false
  }, {
    "id" : "s3-m5",
    "properties" : {
      "SIRE_MENTION_ROLE" : "negation",
      "SIRE_ENTITY_SUBTYPE" : "NONE",
      "SIRE_MENTION_TYPE" : "NONE",
      "SIRE_MENTION_CLASS" : "SPC"
    },
    "type" : "negation",
    "begin" : 816,
    "end" : 818,
    "inCoref" : false
  }, {
    "id" : "s3-m3",
    "properties" : {
      "SIRE_MENTION_ROLE" : "relation",
      "SIRE_ENTITY_SUBTYPE" : "NONE",
      "SIRE_MENTION_TYPE" : "NONE",
      "SIRE_MENTION_CLASS" : "SPC"
    },
    "type" : "relation",
    "begin" : 829,
    "end" : 849,
    "inCoref" : false
  }, {
    "id" : "s3-m4",
    "properties" : {
      "SIRE_MENTION_ROLE" : "Variable",
      "SIRE_ENTITY_SUBTYPE" : "NONE",
      "SIRE_MENTION_TYPE" : "NONE",
      "SIRE_MENTION_CLASS" : "SPC"
    },
    "type" : "Variable",
    "begin" : 850,
    "end" : 871,
    "inCoref" : true
  }, {
    "id" : "m12",
    "properties" : {
      "SIRE_MENTION_ROLE" : "Variable",
      "SIRE_MENTION_CLASS" : "SPC",
      "SIRE_ENTITY_SUBTYPE" : "NONE",
      "SIRE_MENTION_TYPE" : "NONE"
    },
    "type" : "Variable",
    "begin" : 883,
    "end" : 902,
    "inCoref" : true
  } ],
  "relations" : [ {
    "id" : "s2-r1",
    "properties" : { },
    "type" : "NoRelation",
    "args" : [ "m9", "m11" ]
  }, {
    "id" : "s2-r2",
    "properties" : { },
    "type" : "NoRelation",
    "args" : [ "m10", "m11" ]
  }, {
    "id" : "s3-r1",
    "properties" : { },
    "type" : "NoRelation",
    "args" : [ "s3-m4", "m12" ]
  } ],
  "corefs" : [ {
    "id" : "c1",
    "properties" : { },
    "mentions" : [ "s0-m3", "s1-m3", "s3-m4" ]
  }, {
    "id" : "c2",
    "properties" : { },
    "mentions" : [ "s0-m4", "m3", "m6", "m11", "m12" ]
  } ],
  "typeResolved" : true,
  "userResolved" : false
}