{
  "id" : "f584c9b0-2c32-11ec-8ccb-e3b7183e4c89-9",
  "name" : "16. Breen, R. and García-Peñalosa, C. (2005). .docx",
  "createdDate" : 0,
  "version" : 3,
  "text" : "\nWe explore the impact of macroeconomic volatility on the distribution of income. Using a cross‐section of developed and developing countries, we find that greater output volatility, defined as the standard deviation of the rate of output growth, is associated with a higher Gini coefficient and income share of the top quintile. The coefficients suggest that a strong effect on inequality resulting from a reduction in volatility: the Gini coefficient of a country like Chile would fall by 6 points if it were to reduce its volatilityto the same level as Sweden or Norway. Our results seem not to be driven by the high‐inequality/high‐volatility Latin American countries.\n\n",
  "docLength" : 0,
  "language" : "EN",
  "status" : "IN_PROGRESS",
  "modifiedDate" : 1639152144448,
  "documentSet" : [ ],
  "preannotation" : [ "PRE_LW" ],
  "sentences" : [ {
    "id" : "s0",
    "begin" : 1,
    "end" : 81,
    "text" : "We explore the impact of macroeconomic volatility on the distribution of income.",
    "tokens" : [ {
      "id" : "s0-t0",
      "begin" : 1,
      "end" : 3,
      "text" : "We",
      "whiteSpace" : false
    }, {
      "id" : "s0-t1",
      "begin" : 4,
      "end" : 11,
      "text" : "explore",
      "whiteSpace" : false
    }, {
      "id" : "s0-t2",
      "begin" : 12,
      "end" : 15,
      "text" : "the",
      "whiteSpace" : false
    }, {
      "id" : "s0-t3",
      "begin" : 16,
      "end" : 22,
      "text" : "impact",
      "whiteSpace" : false
    }, {
      "id" : "s0-t4",
      "begin" : 23,
      "end" : 25,
      "text" : "of",
      "whiteSpace" : false
    }, {
      "id" : "s0-t5",
      "begin" : 26,
      "end" : 39,
      "text" : "macroeconomic",
      "whiteSpace" : false
    }, {
      "id" : "s0-t6",
      "begin" : 40,
      "end" : 50,
      "text" : "volatility",
      "whiteSpace" : false
    }, {
      "id" : "s0-t7",
      "begin" : 51,
      "end" : 53,
      "text" : "on",
      "whiteSpace" : false
    }, {
      "id" : "s0-t8",
      "begin" : 54,
      "end" : 57,
      "text" : "the",
      "whiteSpace" : false
    }, {
      "id" : "s0-t9",
      "begin" : 58,
      "end" : 70,
      "text" : "distribution",
      "whiteSpace" : false
    }, {
      "id" : "s0-t10",
      "begin" : 71,
      "end" : 73,
      "text" : "of",
      "whiteSpace" : false
    }, {
      "id" : "s0-t11",
      "begin" : 74,
      "end" : 80,
      "text" : "income",
      "whiteSpace" : false
    }, {
      "id" : "s0-t12",
      "begin" : 80,
      "end" : 81,
      "text" : ".",
      "whiteSpace" : false
    } ]
  }, {
    "id" : "s1",
    "begin" : 82,
    "end" : 329,
    "text" : "Using a cross‐section of developed and developing countries, we find that greater output volatility, defined as the standard deviation of the rate of output growth, is associated with a higher Gini coefficient and income share of the top quintile.",
    "tokens" : [ {
      "id" : "s1-t0",
      "begin" : 82,
      "end" : 87,
      "text" : "Using",
      "whiteSpace" : false
    }, {
      "id" : "s1-t1",
      "begin" : 88,
      "end" : 89,
      "text" : "a",
      "whiteSpace" : false
    }, {
      "id" : "s1-t2",
      "begin" : 90,
      "end" : 103,
      "text" : "cross‐section",
      "whiteSpace" : false
    }, {
      "id" : "s1-t3",
      "begin" : 104,
      "end" : 106,
      "text" : "of",
      "whiteSpace" : false
    }, {
      "id" : "s1-t4",
      "begin" : 107,
      "end" : 116,
      "text" : "developed",
      "whiteSpace" : false
    }, {
      "id" : "s1-t5",
      "begin" : 117,
      "end" : 120,
      "text" : "and",
      "whiteSpace" : false
    }, {
      "id" : "s1-t6",
      "begin" : 121,
      "end" : 131,
      "text" : "developing",
      "whiteSpace" : false
    }, {
      "id" : "s1-t7",
      "begin" : 132,
      "end" : 141,
      "text" : "countries",
      "whiteSpace" : false
    }, {
      "id" : "s1-t8",
      "begin" : 141,
      "end" : 142,
      "text" : ",",
      "whiteSpace" : false
    }, {
      "id" : "s1-t9",
      "begin" : 143,
      "end" : 145,
      "text" : "we",
      "whiteSpace" : false
    }, {
      "id" : "s1-t10",
      "begin" : 146,
      "end" : 150,
      "text" : "find",
      "whiteSpace" : false
    }, {
      "id" : "s1-t11",
      "begin" : 151,
      "end" : 155,
      "text" : "that",
      "whiteSpace" : false
    }, {
      "id" : "s1-t12",
      "begin" : 156,
      "end" : 163,
      "text" : "greater",
      "whiteSpace" : false
    }, {
      "id" : "s1-t13",
      "begin" : 164,
      "end" : 170,
      "text" : "output",
      "whiteSpace" : false
    }, {
      "id" : "s1-t14",
      "begin" : 171,
      "end" : 181,
      "text" : "volatility",
      "whiteSpace" : false
    }, {
      "id" : "s1-t15",
      "begin" : 181,
      "end" : 182,
      "text" : ",",
      "whiteSpace" : false
    }, {
      "id" : "s1-t16",
      "begin" : 183,
      "end" : 190,
      "text" : "defined",
      "whiteSpace" : false
    }, {
      "id" : "s1-t17",
      "begin" : 191,
      "end" : 193,
      "text" : "as",
      "whiteSpace" : false
    }, {
      "id" : "s1-t18",
      "begin" : 194,
      "end" : 197,
      "text" : "the",
      "whiteSpace" : false
    }, {
      "id" : "s1-t19",
      "begin" : 198,
      "end" : 206,
      "text" : "standard",
      "whiteSpace" : false
    }, {
      "id" : "s1-t20",
      "begin" : 207,
      "end" : 216,
      "text" : "deviation",
      "whiteSpace" : false
    }, {
      "id" : "s1-t21",
      "begin" : 217,
      "end" : 219,
      "text" : "of",
      "whiteSpace" : false
    }, {
      "id" : "s1-t22",
      "begin" : 220,
      "end" : 223,
      "text" : "the",
      "whiteSpace" : false
    }, {
      "id" : "s1-t23",
      "begin" : 224,
      "end" : 228,
      "text" : "rate",
      "whiteSpace" : false
    }, {
      "id" : "s1-t24",
      "begin" : 229,
      "end" : 231,
      "text" : "of",
      "whiteSpace" : false
    }, {
      "id" : "s1-t25",
      "begin" : 232,
      "end" : 238,
      "text" : "output",
      "whiteSpace" : false
    }, {
      "id" : "s1-t26",
      "begin" : 239,
      "end" : 245,
      "text" : "growth",
      "whiteSpace" : false
    }, {
      "id" : "s1-t27",
      "begin" : 245,
      "end" : 246,
      "text" : ",",
      "whiteSpace" : false
    }, {
      "id" : "s1-t28",
      "begin" : 247,
      "end" : 249,
      "text" : "is",
      "whiteSpace" : false
    }, {
      "id" : "s1-t29",
      "begin" : 250,
      "end" : 260,
      "text" : "associated",
      "whiteSpace" : false
    }, {
      "id" : "s1-t30",
      "begin" : 261,
      "end" : 265,
      "text" : "with",
      "whiteSpace" : false
    }, {
      "id" : "s1-t31",
      "begin" : 266,
      "end" : 267,
      "text" : "a",
      "whiteSpace" : false
    }, {
      "id" : "s1-t32",
      "begin" : 268,
      "end" : 274,
      "text" : "higher",
      "whiteSpace" : false
    }, {
      "id" : "s1-t33",
      "begin" : 275,
      "end" : 279,
      "text" : "Gini",
      "whiteSpace" : false
    }, {
      "id" : "s1-t34",
      "begin" : 280,
      "end" : 291,
      "text" : "coefficient",
      "whiteSpace" : false
    }, {
      "id" : "s1-t35",
      "begin" : 292,
      "end" : 295,
      "text" : "and",
      "whiteSpace" : false
    }, {
      "id" : "s1-t36",
      "begin" : 296,
      "end" : 302,
      "text" : "income",
      "whiteSpace" : false
    }, {
      "id" : "s1-t37",
      "begin" : 303,
      "end" : 308,
      "text" : "share",
      "whiteSpace" : false
    }, {
      "id" : "s1-t38",
      "begin" : 309,
      "end" : 311,
      "text" : "of",
      "whiteSpace" : false
    }, {
      "id" : "s1-t39",
      "begin" : 312,
      "end" : 315,
      "text" : "the",
      "whiteSpace" : false
    }, {
      "id" : "s1-t40",
      "begin" : 316,
      "end" : 319,
      "text" : "top",
      "whiteSpace" : false
    }, {
      "id" : "s1-t41",
      "begin" : 320,
      "end" : 328,
      "text" : "quintile",
      "whiteSpace" : false
    }, {
      "id" : "s1-t42",
      "begin" : 328,
      "end" : 329,
      "text" : ".",
      "whiteSpace" : false
    } ]
  }, {
    "id" : "s2",
    "begin" : 330,
    "end" : 573,
    "text" : "The coefficients suggest that a strong effect on inequality resulting from a reduction in volatility: the Gini coefficient of a country like Chile would fall by 6 points if it were to reduce its volatilityto the same level as Sweden or Norway.",
    "tokens" : [ {
      "id" : "s2-t0",
      "begin" : 330,
      "end" : 333,
      "text" : "The",
      "whiteSpace" : false
    }, {
      "id" : "s2-t1",
      "begin" : 334,
      "end" : 346,
      "text" : "coefficients",
      "whiteSpace" : false
    }, {
      "id" : "s2-t2",
      "begin" : 347,
      "end" : 354,
      "text" : "suggest",
      "whiteSpace" : false
    }, {
      "id" : "s2-t3",
      "begin" : 355,
      "end" : 359,
      "text" : "that",
      "whiteSpace" : false
    }, {
      "id" : "s2-t4",
      "begin" : 360,
      "end" : 361,
      "text" : "a",
      "whiteSpace" : false
    }, {
      "id" : "s2-t5",
      "begin" : 362,
      "end" : 368,
      "text" : "strong",
      "whiteSpace" : false
    }, {
      "id" : "s2-t6",
      "begin" : 369,
      "end" : 375,
      "text" : "effect",
      "whiteSpace" : false
    }, {
      "id" : "s2-t7",
      "begin" : 376,
      "end" : 378,
      "text" : "on",
      "whiteSpace" : false
    }, {
      "id" : "s2-t8",
      "begin" : 379,
      "end" : 389,
      "text" : "inequality",
      "whiteSpace" : false
    }, {
      "id" : "s2-t9",
      "begin" : 390,
      "end" : 399,
      "text" : "resulting",
      "whiteSpace" : false
    }, {
      "id" : "s2-t10",
      "begin" : 400,
      "end" : 404,
      "text" : "from",
      "whiteSpace" : false
    }, {
      "id" : "s2-t11",
      "begin" : 405,
      "end" : 406,
      "text" : "a",
      "whiteSpace" : false
    }, {
      "id" : "s2-t12",
      "begin" : 407,
      "end" : 416,
      "text" : "reduction",
      "whiteSpace" : false
    }, {
      "id" : "s2-t13",
      "begin" : 417,
      "end" : 419,
      "text" : "in",
      "whiteSpace" : false
    }, {
      "id" : "s2-t14",
      "begin" : 420,
      "end" : 430,
      "text" : "volatility",
      "whiteSpace" : false
    }, {
      "id" : "s2-t15",
      "begin" : 430,
      "end" : 431,
      "text" : ":",
      "whiteSpace" : false
    }, {
      "id" : "s2-t16",
      "begin" : 432,
      "end" : 435,
      "text" : "the",
      "whiteSpace" : false
    }, {
      "id" : "s2-t17",
      "begin" : 436,
      "end" : 440,
      "text" : "Gini",
      "whiteSpace" : false
    }, {
      "id" : "s2-t18",
      "begin" : 441,
      "end" : 452,
      "text" : "coefficient",
      "whiteSpace" : false
    }, {
      "id" : "s2-t19",
      "begin" : 453,
      "end" : 455,
      "text" : "of",
      "whiteSpace" : false
    }, {
      "id" : "s2-t20",
      "begin" : 456,
      "end" : 457,
      "text" : "a",
      "whiteSpace" : false
    }, {
      "id" : "s2-t21",
      "begin" : 458,
      "end" : 465,
      "text" : "country",
      "whiteSpace" : false
    }, {
      "id" : "s2-t22",
      "begin" : 466,
      "end" : 470,
      "text" : "like",
      "whiteSpace" : false
    }, {
      "id" : "s2-t23",
      "begin" : 471,
      "end" : 476,
      "text" : "Chile",
      "whiteSpace" : false
    }, {
      "id" : "s2-t24",
      "begin" : 477,
      "end" : 482,
      "text" : "would",
      "whiteSpace" : false
    }, {
      "id" : "s2-t25",
      "begin" : 483,
      "end" : 487,
      "text" : "fall",
      "whiteSpace" : false
    }, {
      "id" : "s2-t26",
      "begin" : 488,
      "end" : 490,
      "text" : "by",
      "whiteSpace" : false
    }, {
      "id" : "s2-t27",
      "begin" : 491,
      "end" : 492,
      "text" : "6",
      "whiteSpace" : false
    }, {
      "id" : "s2-t28",
      "begin" : 493,
      "end" : 499,
      "text" : "points",
      "whiteSpace" : false
    }, {
      "id" : "s2-t29",
      "begin" : 500,
      "end" : 502,
      "text" : "if",
      "whiteSpace" : false
    }, {
      "id" : "s2-t30",
      "begin" : 503,
      "end" : 505,
      "text" : "it",
      "whiteSpace" : false
    }, {
      "id" : "s2-t31",
      "begin" : 506,
      "end" : 510,
      "text" : "were",
      "whiteSpace" : false
    }, {
      "id" : "s2-t32",
      "begin" : 511,
      "end" : 513,
      "text" : "to",
      "whiteSpace" : false
    }, {
      "id" : "s2-t33",
      "begin" : 514,
      "end" : 520,
      "text" : "reduce",
      "whiteSpace" : false
    }, {
      "id" : "s2-t34",
      "begin" : 521,
      "end" : 524,
      "text" : "its",
      "whiteSpace" : false
    }, {
      "id" : "s2-t35",
      "begin" : 525,
      "end" : 537,
      "text" : "volatilityto",
      "whiteSpace" : false
    }, {
      "id" : "s2-t36",
      "begin" : 538,
      "end" : 541,
      "text" : "the",
      "whiteSpace" : false
    }, {
      "id" : "s2-t37",
      "begin" : 542,
      "end" : 546,
      "text" : "same",
      "whiteSpace" : false
    }, {
      "id" : "s2-t38",
      "begin" : 547,
      "end" : 552,
      "text" : "level",
      "whiteSpace" : false
    }, {
      "id" : "s2-t39",
      "begin" : 553,
      "end" : 555,
      "text" : "as",
      "whiteSpace" : false
    }, {
      "id" : "s2-t40",
      "begin" : 556,
      "end" : 562,
      "text" : "Sweden",
      "whiteSpace" : false
    }, {
      "id" : "s2-t41",
      "begin" : 563,
      "end" : 565,
      "text" : "or",
      "whiteSpace" : false
    }, {
      "id" : "s2-t42",
      "begin" : 566,
      "end" : 572,
      "text" : "Norway",
      "whiteSpace" : false
    }, {
      "id" : "s2-t43",
      "begin" : 572,
      "end" : 573,
      "text" : ".",
      "whiteSpace" : false
    } ]
  }, {
    "id" : "s3",
    "begin" : 574,
    "end" : 672,
    "text" : "Our results seem not to be driven by the high‐inequality/high‐volatility Latin American countries.",
    "tokens" : [ {
      "id" : "s3-t0",
      "begin" : 574,
      "end" : 577,
      "text" : "Our",
      "whiteSpace" : false
    }, {
      "id" : "s3-t1",
      "begin" : 578,
      "end" : 585,
      "text" : "results",
      "whiteSpace" : false
    }, {
      "id" : "s3-t2",
      "begin" : 586,
      "end" : 590,
      "text" : "seem",
      "whiteSpace" : false
    }, {
      "id" : "s3-t3",
      "begin" : 591,
      "end" : 594,
      "text" : "not",
      "whiteSpace" : false
    }, {
      "id" : "s3-t4",
      "begin" : 595,
      "end" : 597,
      "text" : "to",
      "whiteSpace" : false
    }, {
      "id" : "s3-t5",
      "begin" : 598,
      "end" : 600,
      "text" : "be",
      "whiteSpace" : false
    }, {
      "id" : "s3-t6",
      "begin" : 601,
      "end" : 607,
      "text" : "driven",
      "whiteSpace" : false
    }, {
      "id" : "s3-t7",
      "begin" : 608,
      "end" : 610,
      "text" : "by",
      "whiteSpace" : false
    }, {
      "id" : "s3-t8",
      "begin" : 611,
      "end" : 614,
      "text" : "the",
      "whiteSpace" : false
    }, {
      "id" : "s3-t9",
      "begin" : 615,
      "end" : 619,
      "text" : "high",
      "whiteSpace" : false
    }, {
      "id" : "s3-t10",
      "begin" : 619,
      "end" : 620,
      "text" : "‐",
      "whiteSpace" : false
    }, {
      "id" : "s3-t11",
      "begin" : 620,
      "end" : 635,
      "text" : "inequality/high",
      "whiteSpace" : false
    }, {
      "id" : "s3-t12",
      "begin" : 635,
      "end" : 636,
      "text" : "‐",
      "whiteSpace" : false
    }, {
      "id" : "s3-t13",
      "begin" : 636,
      "end" : 646,
      "text" : "volatility",
      "whiteSpace" : false
    }, {
      "id" : "s3-t14",
      "begin" : 647,
      "end" : 652,
      "text" : "Latin",
      "whiteSpace" : false
    }, {
      "id" : "s3-t15",
      "begin" : 653,
      "end" : 661,
      "text" : "American",
      "whiteSpace" : false
    }, {
      "id" : "s3-t16",
      "begin" : 662,
      "end" : 671,
      "text" : "countries",
      "whiteSpace" : false
    }, {
      "id" : "s3-t17",
      "begin" : 671,
      "end" : 672,
      "text" : ".",
      "whiteSpace" : false
    } ]
  } ],
  "mentions" : [ {
    "id" : "m1",
    "properties" : {
      "SIRE_MENTION_ROLE" : "evidence",
      "SIRE_MENTION_CLASS" : "SPC",
      "SIRE_ENTITY_SUBTYPE" : "NONE",
      "SIRE_MENTION_TYPE" : "NONE"
    },
    "type" : "evidence",
    "begin" : 4,
    "end" : 11,
    "inCoref" : false
  }, {
    "id" : "m2",
    "properties" : {
      "SIRE_MENTION_ROLE" : "relation",
      "SIRE_MENTION_CLASS" : "SPC",
      "SIRE_ENTITY_SUBTYPE" : "NONE",
      "SIRE_MENTION_TYPE" : "NONE"
    },
    "type" : "relation",
    "begin" : 16,
    "end" : 25,
    "inCoref" : false
  }, {
    "id" : "s0-m4",
    "properties" : {
      "SIRE_MENTION_ROLE" : "Variable",
      "SIRE_ENTITY_SUBTYPE" : "NONE",
      "SIRE_MENTION_TYPE" : "NONE",
      "SIRE_MENTION_CLASS" : "SPC"
    },
    "type" : "Variable",
    "begin" : 26,
    "end" : 50,
    "inCoref" : true
  }, {
    "id" : "m3",
    "properties" : {
      "SIRE_MENTION_ROLE" : "Variable",
      "SIRE_MENTION_CLASS" : "SPC",
      "SIRE_ENTITY_SUBTYPE" : "NONE",
      "SIRE_MENTION_TYPE" : "NONE"
    },
    "type" : "Variable",
    "begin" : 58,
    "end" : 80,
    "inCoref" : false
  }, {
    "id" : "m4",
    "properties" : {
      "SIRE_MENTION_ROLE" : "evidence",
      "SIRE_MENTION_CLASS" : "SPC",
      "SIRE_ENTITY_SUBTYPE" : "NONE",
      "SIRE_MENTION_TYPE" : "NONE"
    },
    "type" : "evidence",
    "begin" : 146,
    "end" : 150,
    "inCoref" : false
  }, {
    "id" : "m5",
    "properties" : {
      "SIRE_MENTION_ROLE" : "relation",
      "SIRE_MENTION_CLASS" : "SPC",
      "SIRE_ENTITY_SUBTYPE" : "NONE",
      "SIRE_MENTION_TYPE" : "NONE"
    },
    "type" : "relation",
    "begin" : 156,
    "end" : 163,
    "inCoref" : false
  }, {
    "id" : "s1-m7",
    "properties" : {
      "SIRE_MENTION_ROLE" : "Variable",
      "SIRE_ENTITY_SUBTYPE" : "NONE",
      "SIRE_MENTION_TYPE" : "NONE",
      "SIRE_MENTION_CLASS" : "SPC"
    },
    "type" : "Variable",
    "begin" : 164,
    "end" : 181,
    "inCoref" : true
  }, {
    "id" : "m7",
    "properties" : {
      "SIRE_MENTION_ROLE" : "relation",
      "SIRE_MENTION_CLASS" : "SPC",
      "SIRE_ENTITY_SUBTYPE" : "NONE",
      "SIRE_MENTION_TYPE" : "NONE"
    },
    "type" : "relation",
    "begin" : 250,
    "end" : 265,
    "inCoref" : false
  }, {
    "id" : "m8",
    "properties" : {
      "SIRE_MENTION_ROLE" : "relation",
      "SIRE_MENTION_CLASS" : "SPC",
      "SIRE_ENTITY_SUBTYPE" : "NONE",
      "SIRE_MENTION_TYPE" : "NONE"
    },
    "type" : "relation",
    "begin" : 268,
    "end" : 274,
    "inCoref" : false
  }, {
    "id" : "s1-m8",
    "properties" : {
      "SIRE_MENTION_ROLE" : "Variable",
      "SIRE_ENTITY_SUBTYPE" : "NONE",
      "SIRE_MENTION_TYPE" : "NONE",
      "SIRE_MENTION_CLASS" : "SPC"
    },
    "type" : "Variable",
    "begin" : 275,
    "end" : 291,
    "inCoref" : true
  }, {
    "id" : "m9",
    "properties" : {
      "SIRE_MENTION_ROLE" : "Variable",
      "SIRE_MENTION_CLASS" : "SPC",
      "SIRE_ENTITY_SUBTYPE" : "NONE",
      "SIRE_MENTION_TYPE" : "NONE"
    },
    "type" : "Variable",
    "begin" : 296,
    "end" : 328,
    "inCoref" : false
  }, {
    "id" : "m10",
    "properties" : {
      "SIRE_MENTION_ROLE" : "evidence",
      "SIRE_MENTION_CLASS" : "SPC",
      "SIRE_ENTITY_SUBTYPE" : "NONE",
      "SIRE_MENTION_TYPE" : "NONE"
    },
    "type" : "evidence",
    "begin" : 347,
    "end" : 354,
    "inCoref" : false
  }, {
    "id" : "m11",
    "properties" : {
      "SIRE_MENTION_ROLE" : "relation",
      "SIRE_MENTION_CLASS" : "SPC",
      "SIRE_ENTITY_SUBTYPE" : "NONE",
      "SIRE_MENTION_TYPE" : "NONE"
    },
    "type" : "relation",
    "begin" : 369,
    "end" : 378,
    "inCoref" : false
  }, {
    "id" : "m12",
    "properties" : {
      "SIRE_MENTION_ROLE" : "Variable",
      "SIRE_MENTION_CLASS" : "SPC",
      "SIRE_ENTITY_SUBTYPE" : "NONE",
      "SIRE_MENTION_TYPE" : "NONE"
    },
    "type" : "Variable",
    "begin" : 379,
    "end" : 389,
    "inCoref" : true
  }, {
    "id" : "s2-m8",
    "properties" : {
      "SIRE_MENTION_ROLE" : "relation",
      "SIRE_ENTITY_SUBTYPE" : "NONE",
      "SIRE_MENTION_TYPE" : "NONE",
      "SIRE_MENTION_CLASS" : "SPC"
    },
    "type" : "relation",
    "begin" : 390,
    "end" : 404,
    "inCoref" : false
  }, {
    "id" : "m13",
    "properties" : {
      "SIRE_MENTION_ROLE" : "relation",
      "SIRE_MENTION_CLASS" : "SPC",
      "SIRE_ENTITY_SUBTYPE" : "NONE",
      "SIRE_MENTION_TYPE" : "NONE"
    },
    "type" : "relation",
    "begin" : 407,
    "end" : 419,
    "inCoref" : false
  }, {
    "id" : "s2-m6",
    "properties" : {
      "SIRE_MENTION_ROLE" : "Variable",
      "SIRE_ENTITY_SUBTYPE" : "NONE",
      "SIRE_MENTION_TYPE" : "NONE",
      "SIRE_MENTION_CLASS" : "SPC"
    },
    "type" : "Variable",
    "begin" : 420,
    "end" : 430,
    "inCoref" : true
  }, {
    "id" : "s2-m7",
    "properties" : {
      "SIRE_MENTION_ROLE" : "Variable",
      "SIRE_ENTITY_SUBTYPE" : "NONE",
      "SIRE_MENTION_TYPE" : "NONE",
      "SIRE_MENTION_CLASS" : "SPC"
    },
    "type" : "Variable",
    "begin" : 436,
    "end" : 452,
    "inCoref" : true
  }, {
    "id" : "m14",
    "properties" : {
      "SIRE_MENTION_ROLE" : "relation",
      "SIRE_MENTION_CLASS" : "SPC",
      "SIRE_ENTITY_SUBTYPE" : "NONE",
      "SIRE_MENTION_TYPE" : "NONE"
    },
    "type" : "relation",
    "begin" : 514,
    "end" : 520,
    "inCoref" : false
  }, {
    "id" : "m15",
    "properties" : {
      "SIRE_MENTION_ROLE" : "evidence",
      "SIRE_MENTION_CLASS" : "SPC",
      "SIRE_ENTITY_SUBTYPE" : "NONE",
      "SIRE_MENTION_TYPE" : "NONE"
    },
    "type" : "evidence",
    "begin" : 578,
    "end" : 585,
    "inCoref" : false
  }, {
    "id" : "m16",
    "properties" : {
      "SIRE_MENTION_ROLE" : "relation",
      "SIRE_MENTION_CLASS" : "SPC",
      "SIRE_ENTITY_SUBTYPE" : "NONE",
      "SIRE_MENTION_TYPE" : "NONE"
    },
    "type" : "relation",
    "begin" : 601,
    "end" : 610,
    "inCoref" : false
  }, {
    "id" : "m17",
    "properties" : {
      "SIRE_MENTION_ROLE" : "Variable",
      "SIRE_MENTION_CLASS" : "SPC",
      "SIRE_ENTITY_SUBTYPE" : "NONE",
      "SIRE_MENTION_TYPE" : "NONE"
    },
    "type" : "Variable",
    "begin" : 620,
    "end" : 630,
    "inCoref" : true
  }, {
    "id" : "s3-m4",
    "properties" : {
      "SIRE_MENTION_ROLE" : "Variable",
      "SIRE_ENTITY_SUBTYPE" : "NONE",
      "SIRE_MENTION_TYPE" : "NONE",
      "SIRE_MENTION_CLASS" : "SPC"
    },
    "type" : "Variable",
    "begin" : 636,
    "end" : 646,
    "inCoref" : false
  } ],
  "relations" : [ {
    "id" : "s1-r3",
    "properties" : { },
    "type" : "RelateCorrelation",
    "args" : [ "s1-m7", "s1-m8" ]
  }, {
    "id" : "s1-r4",
    "properties" : { },
    "type" : "RelateCorrelation",
    "args" : [ "s1-m7", "m9" ]
  }, {
    "id" : "s2-r1",
    "properties" : { },
    "type" : "Causal",
    "args" : [ "s2-m6", "m12" ]
  } ],
  "corefs" : [ {
    "id" : "c1",
    "properties" : { },
    "mentions" : [ "s0-m4", "s1-m7", "s2-m6" ]
  }, {
    "id" : "c2",
    "properties" : { },
    "mentions" : [ "s1-m8", "m12", "s2-m7", "m17" ]
  } ],
  "typeResolved" : true,
  "userResolved" : false
}