{
  "id" : "f584c9b0-2c32-11ec-8ccb-e3b7183e4c89-26",
  "name" : "54. Rehme, G. (2007). .docx",
  "createdDate" : 0,
  "version" : 3,
  "text" : "\nIn this paper education simultaneously affects growth and income inequality. More education does not necessarily decrease inequality when the latter is assessed by the Lorenz dominance criterion. Increases in education first increase and then decrease growth as well as income inequality, when measured by the Gini coefficient. There is no clear functional relationship between growth and measured income inequality. The model identifies regimes of this relationship that depend crucially on the production and schooling technology. Conventional growth regressions with human capital and inequality as regressors may miss the richness of the underlying nonlinearities, but may still provide important information on the nonlinear relationship between growth and education.\n\n",
  "docLength" : 0,
  "language" : "EN",
  "status" : "IN_PROGRESS",
  "modifiedDate" : 1639151862011,
  "documentSet" : [ ],
  "preannotation" : [ "PRE_LW" ],
  "sentences" : [ {
    "id" : "s0",
    "begin" : 1,
    "end" : 77,
    "text" : "In this paper education simultaneously affects growth and income inequality.",
    "tokens" : [ {
      "id" : "s0-t0",
      "begin" : 1,
      "end" : 3,
      "text" : "In",
      "whiteSpace" : false
    }, {
      "id" : "s0-t1",
      "begin" : 4,
      "end" : 8,
      "text" : "this",
      "whiteSpace" : false
    }, {
      "id" : "s0-t2",
      "begin" : 9,
      "end" : 14,
      "text" : "paper",
      "whiteSpace" : false
    }, {
      "id" : "s0-t3",
      "begin" : 15,
      "end" : 24,
      "text" : "education",
      "whiteSpace" : false
    }, {
      "id" : "s0-t4",
      "begin" : 25,
      "end" : 39,
      "text" : "simultaneously",
      "whiteSpace" : false
    }, {
      "id" : "s0-t5",
      "begin" : 40,
      "end" : 47,
      "text" : "affects",
      "whiteSpace" : false
    }, {
      "id" : "s0-t6",
      "begin" : 48,
      "end" : 54,
      "text" : "growth",
      "whiteSpace" : false
    }, {
      "id" : "s0-t7",
      "begin" : 55,
      "end" : 58,
      "text" : "and",
      "whiteSpace" : false
    }, {
      "id" : "s0-t8",
      "begin" : 59,
      "end" : 65,
      "text" : "income",
      "whiteSpace" : false
    }, {
      "id" : "s0-t9",
      "begin" : 66,
      "end" : 76,
      "text" : "inequality",
      "whiteSpace" : false
    }, {
      "id" : "s0-t10",
      "begin" : 76,
      "end" : 77,
      "text" : ".",
      "whiteSpace" : false
    } ]
  }, {
    "id" : "s1",
    "begin" : 78,
    "end" : 196,
    "text" : "More education does not necessarily decrease inequality when the latter is assessed by the Lorenz dominance criterion.",
    "tokens" : [ {
      "id" : "s1-t0",
      "begin" : 78,
      "end" : 82,
      "text" : "More",
      "whiteSpace" : false
    }, {
      "id" : "s1-t1",
      "begin" : 83,
      "end" : 92,
      "text" : "education",
      "whiteSpace" : false
    }, {
      "id" : "s1-t2",
      "begin" : 93,
      "end" : 97,
      "text" : "does",
      "whiteSpace" : false
    }, {
      "id" : "s1-t3",
      "begin" : 98,
      "end" : 101,
      "text" : "not",
      "whiteSpace" : false
    }, {
      "id" : "s1-t4",
      "begin" : 102,
      "end" : 113,
      "text" : "necessarily",
      "whiteSpace" : false
    }, {
      "id" : "s1-t5",
      "begin" : 114,
      "end" : 122,
      "text" : "decrease",
      "whiteSpace" : false
    }, {
      "id" : "s1-t6",
      "begin" : 123,
      "end" : 133,
      "text" : "inequality",
      "whiteSpace" : false
    }, {
      "id" : "s1-t7",
      "begin" : 134,
      "end" : 138,
      "text" : "when",
      "whiteSpace" : false
    }, {
      "id" : "s1-t8",
      "begin" : 139,
      "end" : 142,
      "text" : "the",
      "whiteSpace" : false
    }, {
      "id" : "s1-t9",
      "begin" : 143,
      "end" : 149,
      "text" : "latter",
      "whiteSpace" : false
    }, {
      "id" : "s1-t10",
      "begin" : 150,
      "end" : 152,
      "text" : "is",
      "whiteSpace" : false
    }, {
      "id" : "s1-t11",
      "begin" : 153,
      "end" : 161,
      "text" : "assessed",
      "whiteSpace" : false
    }, {
      "id" : "s1-t12",
      "begin" : 162,
      "end" : 164,
      "text" : "by",
      "whiteSpace" : false
    }, {
      "id" : "s1-t13",
      "begin" : 165,
      "end" : 168,
      "text" : "the",
      "whiteSpace" : false
    }, {
      "id" : "s1-t14",
      "begin" : 169,
      "end" : 175,
      "text" : "Lorenz",
      "whiteSpace" : false
    }, {
      "id" : "s1-t15",
      "begin" : 176,
      "end" : 185,
      "text" : "dominance",
      "whiteSpace" : false
    }, {
      "id" : "s1-t16",
      "begin" : 186,
      "end" : 195,
      "text" : "criterion",
      "whiteSpace" : false
    }, {
      "id" : "s1-t17",
      "begin" : 195,
      "end" : 196,
      "text" : ".",
      "whiteSpace" : false
    } ]
  }, {
    "id" : "s2",
    "begin" : 197,
    "end" : 328,
    "text" : "Increases in education first increase and then decrease growth as well as income inequality, when measured by the Gini coefficient.",
    "tokens" : [ {
      "id" : "s2-t0",
      "begin" : 197,
      "end" : 206,
      "text" : "Increases",
      "whiteSpace" : false
    }, {
      "id" : "s2-t1",
      "begin" : 207,
      "end" : 209,
      "text" : "in",
      "whiteSpace" : false
    }, {
      "id" : "s2-t2",
      "begin" : 210,
      "end" : 219,
      "text" : "education",
      "whiteSpace" : false
    }, {
      "id" : "s2-t3",
      "begin" : 220,
      "end" : 225,
      "text" : "first",
      "whiteSpace" : false
    }, {
      "id" : "s2-t4",
      "begin" : 226,
      "end" : 234,
      "text" : "increase",
      "whiteSpace" : false
    }, {
      "id" : "s2-t5",
      "begin" : 235,
      "end" : 238,
      "text" : "and",
      "whiteSpace" : false
    }, {
      "id" : "s2-t6",
      "begin" : 239,
      "end" : 243,
      "text" : "then",
      "whiteSpace" : false
    }, {
      "id" : "s2-t7",
      "begin" : 244,
      "end" : 252,
      "text" : "decrease",
      "whiteSpace" : false
    }, {
      "id" : "s2-t8",
      "begin" : 253,
      "end" : 259,
      "text" : "growth",
      "whiteSpace" : false
    }, {
      "id" : "s2-t9",
      "begin" : 260,
      "end" : 262,
      "text" : "as",
      "whiteSpace" : false
    }, {
      "id" : "s2-t10",
      "begin" : 263,
      "end" : 267,
      "text" : "well",
      "whiteSpace" : false
    }, {
      "id" : "s2-t11",
      "begin" : 268,
      "end" : 270,
      "text" : "as",
      "whiteSpace" : false
    }, {
      "id" : "s2-t12",
      "begin" : 271,
      "end" : 277,
      "text" : "income",
      "whiteSpace" : false
    }, {
      "id" : "s2-t13",
      "begin" : 278,
      "end" : 288,
      "text" : "inequality",
      "whiteSpace" : false
    }, {
      "id" : "s2-t14",
      "begin" : 288,
      "end" : 289,
      "text" : ",",
      "whiteSpace" : false
    }, {
      "id" : "s2-t15",
      "begin" : 290,
      "end" : 294,
      "text" : "when",
      "whiteSpace" : false
    }, {
      "id" : "s2-t16",
      "begin" : 295,
      "end" : 303,
      "text" : "measured",
      "whiteSpace" : false
    }, {
      "id" : "s2-t17",
      "begin" : 304,
      "end" : 306,
      "text" : "by",
      "whiteSpace" : false
    }, {
      "id" : "s2-t18",
      "begin" : 307,
      "end" : 310,
      "text" : "the",
      "whiteSpace" : false
    }, {
      "id" : "s2-t19",
      "begin" : 311,
      "end" : 315,
      "text" : "Gini",
      "whiteSpace" : false
    }, {
      "id" : "s2-t20",
      "begin" : 316,
      "end" : 327,
      "text" : "coefficient",
      "whiteSpace" : false
    }, {
      "id" : "s2-t21",
      "begin" : 327,
      "end" : 328,
      "text" : ".",
      "whiteSpace" : false
    } ]
  }, {
    "id" : "s3",
    "begin" : 329,
    "end" : 417,
    "text" : "There is no clear functional relationship between growth and measured income inequality.",
    "tokens" : [ {
      "id" : "s3-t0",
      "begin" : 329,
      "end" : 334,
      "text" : "There",
      "whiteSpace" : false
    }, {
      "id" : "s3-t1",
      "begin" : 335,
      "end" : 337,
      "text" : "is",
      "whiteSpace" : false
    }, {
      "id" : "s3-t2",
      "begin" : 338,
      "end" : 340,
      "text" : "no",
      "whiteSpace" : false
    }, {
      "id" : "s3-t3",
      "begin" : 341,
      "end" : 346,
      "text" : "clear",
      "whiteSpace" : false
    }, {
      "id" : "s3-t4",
      "begin" : 347,
      "end" : 357,
      "text" : "functional",
      "whiteSpace" : false
    }, {
      "id" : "s3-t5",
      "begin" : 358,
      "end" : 370,
      "text" : "relationship",
      "whiteSpace" : false
    }, {
      "id" : "s3-t6",
      "begin" : 371,
      "end" : 378,
      "text" : "between",
      "whiteSpace" : false
    }, {
      "id" : "s3-t7",
      "begin" : 379,
      "end" : 385,
      "text" : "growth",
      "whiteSpace" : false
    }, {
      "id" : "s3-t8",
      "begin" : 386,
      "end" : 389,
      "text" : "and",
      "whiteSpace" : false
    }, {
      "id" : "s3-t9",
      "begin" : 390,
      "end" : 398,
      "text" : "measured",
      "whiteSpace" : false
    }, {
      "id" : "s3-t10",
      "begin" : 399,
      "end" : 405,
      "text" : "income",
      "whiteSpace" : false
    }, {
      "id" : "s3-t11",
      "begin" : 406,
      "end" : 416,
      "text" : "inequality",
      "whiteSpace" : false
    }, {
      "id" : "s3-t12",
      "begin" : 416,
      "end" : 417,
      "text" : ".",
      "whiteSpace" : false
    } ]
  }, {
    "id" : "s4",
    "begin" : 418,
    "end" : 533,
    "text" : "The model identifies regimes of this relationship that depend crucially on the production and schooling technology.",
    "tokens" : [ {
      "id" : "s4-t0",
      "begin" : 418,
      "end" : 421,
      "text" : "The",
      "whiteSpace" : false
    }, {
      "id" : "s4-t1",
      "begin" : 422,
      "end" : 427,
      "text" : "model",
      "whiteSpace" : false
    }, {
      "id" : "s4-t2",
      "begin" : 428,
      "end" : 438,
      "text" : "identifies",
      "whiteSpace" : false
    }, {
      "id" : "s4-t3",
      "begin" : 439,
      "end" : 446,
      "text" : "regimes",
      "whiteSpace" : false
    }, {
      "id" : "s4-t4",
      "begin" : 447,
      "end" : 449,
      "text" : "of",
      "whiteSpace" : false
    }, {
      "id" : "s4-t5",
      "begin" : 450,
      "end" : 454,
      "text" : "this",
      "whiteSpace" : false
    }, {
      "id" : "s4-t6",
      "begin" : 455,
      "end" : 467,
      "text" : "relationship",
      "whiteSpace" : false
    }, {
      "id" : "s4-t7",
      "begin" : 468,
      "end" : 472,
      "text" : "that",
      "whiteSpace" : false
    }, {
      "id" : "s4-t8",
      "begin" : 473,
      "end" : 479,
      "text" : "depend",
      "whiteSpace" : false
    }, {
      "id" : "s4-t9",
      "begin" : 480,
      "end" : 489,
      "text" : "crucially",
      "whiteSpace" : false
    }, {
      "id" : "s4-t10",
      "begin" : 490,
      "end" : 492,
      "text" : "on",
      "whiteSpace" : false
    }, {
      "id" : "s4-t11",
      "begin" : 493,
      "end" : 496,
      "text" : "the",
      "whiteSpace" : false
    }, {
      "id" : "s4-t12",
      "begin" : 497,
      "end" : 507,
      "text" : "production",
      "whiteSpace" : false
    }, {
      "id" : "s4-t13",
      "begin" : 508,
      "end" : 511,
      "text" : "and",
      "whiteSpace" : false
    }, {
      "id" : "s4-t14",
      "begin" : 512,
      "end" : 521,
      "text" : "schooling",
      "whiteSpace" : false
    }, {
      "id" : "s4-t15",
      "begin" : 522,
      "end" : 532,
      "text" : "technology",
      "whiteSpace" : false
    }, {
      "id" : "s4-t16",
      "begin" : 532,
      "end" : 533,
      "text" : ".",
      "whiteSpace" : false
    } ]
  }, {
    "id" : "s5",
    "begin" : 534,
    "end" : 773,
    "text" : "Conventional growth regressions with human capital and inequality as regressors may miss the richness of the underlying nonlinearities, but may still provide important information on the nonlinear relationship between growth and education.",
    "tokens" : [ {
      "id" : "s5-t0",
      "begin" : 534,
      "end" : 546,
      "text" : "Conventional",
      "whiteSpace" : false
    }, {
      "id" : "s5-t1",
      "begin" : 547,
      "end" : 553,
      "text" : "growth",
      "whiteSpace" : false
    }, {
      "id" : "s5-t2",
      "begin" : 554,
      "end" : 565,
      "text" : "regressions",
      "whiteSpace" : false
    }, {
      "id" : "s5-t3",
      "begin" : 566,
      "end" : 570,
      "text" : "with",
      "whiteSpace" : false
    }, {
      "id" : "s5-t4",
      "begin" : 571,
      "end" : 576,
      "text" : "human",
      "whiteSpace" : false
    }, {
      "id" : "s5-t5",
      "begin" : 577,
      "end" : 584,
      "text" : "capital",
      "whiteSpace" : false
    }, {
      "id" : "s5-t6",
      "begin" : 585,
      "end" : 588,
      "text" : "and",
      "whiteSpace" : false
    }, {
      "id" : "s5-t7",
      "begin" : 589,
      "end" : 599,
      "text" : "inequality",
      "whiteSpace" : false
    }, {
      "id" : "s5-t8",
      "begin" : 600,
      "end" : 602,
      "text" : "as",
      "whiteSpace" : false
    }, {
      "id" : "s5-t9",
      "begin" : 603,
      "end" : 613,
      "text" : "regressors",
      "whiteSpace" : false
    }, {
      "id" : "s5-t10",
      "begin" : 614,
      "end" : 617,
      "text" : "may",
      "whiteSpace" : false
    }, {
      "id" : "s5-t11",
      "begin" : 618,
      "end" : 622,
      "text" : "miss",
      "whiteSpace" : false
    }, {
      "id" : "s5-t12",
      "begin" : 623,
      "end" : 626,
      "text" : "the",
      "whiteSpace" : false
    }, {
      "id" : "s5-t13",
      "begin" : 627,
      "end" : 635,
      "text" : "richness",
      "whiteSpace" : false
    }, {
      "id" : "s5-t14",
      "begin" : 636,
      "end" : 638,
      "text" : "of",
      "whiteSpace" : false
    }, {
      "id" : "s5-t15",
      "begin" : 639,
      "end" : 642,
      "text" : "the",
      "whiteSpace" : false
    }, {
      "id" : "s5-t16",
      "begin" : 643,
      "end" : 653,
      "text" : "underlying",
      "whiteSpace" : false
    }, {
      "id" : "s5-t17",
      "begin" : 654,
      "end" : 668,
      "text" : "nonlinearities",
      "whiteSpace" : false
    }, {
      "id" : "s5-t18",
      "begin" : 668,
      "end" : 669,
      "text" : ",",
      "whiteSpace" : false
    }, {
      "id" : "s5-t19",
      "begin" : 670,
      "end" : 673,
      "text" : "but",
      "whiteSpace" : false
    }, {
      "id" : "s5-t20",
      "begin" : 674,
      "end" : 677,
      "text" : "may",
      "whiteSpace" : false
    }, {
      "id" : "s5-t21",
      "begin" : 678,
      "end" : 683,
      "text" : "still",
      "whiteSpace" : false
    }, {
      "id" : "s5-t22",
      "begin" : 684,
      "end" : 691,
      "text" : "provide",
      "whiteSpace" : false
    }, {
      "id" : "s5-t23",
      "begin" : 692,
      "end" : 701,
      "text" : "important",
      "whiteSpace" : false
    }, {
      "id" : "s5-t24",
      "begin" : 702,
      "end" : 713,
      "text" : "information",
      "whiteSpace" : false
    }, {
      "id" : "s5-t25",
      "begin" : 714,
      "end" : 716,
      "text" : "on",
      "whiteSpace" : false
    }, {
      "id" : "s5-t26",
      "begin" : 717,
      "end" : 720,
      "text" : "the",
      "whiteSpace" : false
    }, {
      "id" : "s5-t27",
      "begin" : 721,
      "end" : 730,
      "text" : "nonlinear",
      "whiteSpace" : false
    }, {
      "id" : "s5-t28",
      "begin" : 731,
      "end" : 743,
      "text" : "relationship",
      "whiteSpace" : false
    }, {
      "id" : "s5-t29",
      "begin" : 744,
      "end" : 751,
      "text" : "between",
      "whiteSpace" : false
    }, {
      "id" : "s5-t30",
      "begin" : 752,
      "end" : 758,
      "text" : "growth",
      "whiteSpace" : false
    }, {
      "id" : "s5-t31",
      "begin" : 759,
      "end" : 762,
      "text" : "and",
      "whiteSpace" : false
    }, {
      "id" : "s5-t32",
      "begin" : 763,
      "end" : 772,
      "text" : "education",
      "whiteSpace" : false
    }, {
      "id" : "s5-t33",
      "begin" : 772,
      "end" : 773,
      "text" : ".",
      "whiteSpace" : false
    } ]
  } ],
  "mentions" : [ {
    "id" : "m1",
    "properties" : {
      "SIRE_MENTION_ROLE" : "Variable",
      "SIRE_MENTION_CLASS" : "SPC",
      "SIRE_ENTITY_SUBTYPE" : "NONE",
      "SIRE_MENTION_TYPE" : "NONE"
    },
    "type" : "Variable",
    "begin" : 15,
    "end" : 24,
    "inCoref" : true
  }, {
    "id" : "s0-m4",
    "properties" : {
      "SIRE_MENTION_ROLE" : "relation",
      "SIRE_ENTITY_SUBTYPE" : "NONE",
      "SIRE_MENTION_TYPE" : "NONE",
      "SIRE_MENTION_CLASS" : "SPC"
    },
    "type" : "relation",
    "begin" : 40,
    "end" : 47,
    "inCoref" : false
  }, {
    "id" : "m2",
    "properties" : {
      "SIRE_MENTION_ROLE" : "Variable",
      "SIRE_MENTION_CLASS" : "SPC",
      "SIRE_ENTITY_SUBTYPE" : "NONE",
      "SIRE_MENTION_TYPE" : "NONE"
    },
    "type" : "Variable",
    "begin" : 48,
    "end" : 54,
    "inCoref" : true
  }, {
    "id" : "m3",
    "properties" : {
      "SIRE_MENTION_ROLE" : "Variable",
      "SIRE_MENTION_CLASS" : "SPC",
      "SIRE_ENTITY_SUBTYPE" : "NONE",
      "SIRE_MENTION_TYPE" : "NONE"
    },
    "type" : "Variable",
    "begin" : 59,
    "end" : 76,
    "inCoref" : true
  }, {
    "id" : "m4",
    "properties" : {
      "SIRE_MENTION_ROLE" : "Variable",
      "SIRE_MENTION_CLASS" : "SPC",
      "SIRE_ENTITY_SUBTYPE" : "NONE",
      "SIRE_MENTION_TYPE" : "NONE"
    },
    "type" : "Variable",
    "begin" : 83,
    "end" : 92,
    "inCoref" : true
  }, {
    "id" : "s1-m4",
    "properties" : {
      "SIRE_MENTION_ROLE" : "negation",
      "SIRE_ENTITY_SUBTYPE" : "NONE",
      "SIRE_MENTION_TYPE" : "NONE",
      "SIRE_MENTION_CLASS" : "SPC"
    },
    "type" : "negation",
    "begin" : 98,
    "end" : 101,
    "inCoref" : false
  }, {
    "id" : "m5",
    "properties" : {
      "SIRE_MENTION_ROLE" : "relation",
      "SIRE_MENTION_CLASS" : "SPC",
      "SIRE_ENTITY_SUBTYPE" : "NONE",
      "SIRE_MENTION_TYPE" : "NONE"
    },
    "type" : "relation",
    "begin" : 114,
    "end" : 122,
    "inCoref" : false
  }, {
    "id" : "m6",
    "properties" : {
      "SIRE_MENTION_ROLE" : "Variable",
      "SIRE_MENTION_CLASS" : "SPC",
      "SIRE_ENTITY_SUBTYPE" : "NONE",
      "SIRE_MENTION_TYPE" : "NONE"
    },
    "type" : "Variable",
    "begin" : 123,
    "end" : 133,
    "inCoref" : true
  }, {
    "id" : "m7",
    "properties" : {
      "SIRE_MENTION_ROLE" : "relation",
      "SIRE_MENTION_CLASS" : "SPC",
      "SIRE_ENTITY_SUBTYPE" : "NONE",
      "SIRE_MENTION_TYPE" : "NONE"
    },
    "type" : "relation",
    "begin" : 197,
    "end" : 206,
    "inCoref" : false
  }, {
    "id" : "m8",
    "properties" : {
      "SIRE_MENTION_ROLE" : "Variable",
      "SIRE_MENTION_CLASS" : "SPC",
      "SIRE_ENTITY_SUBTYPE" : "NONE",
      "SIRE_MENTION_TYPE" : "NONE"
    },
    "type" : "Variable",
    "begin" : 210,
    "end" : 219,
    "inCoref" : true
  }, {
    "id" : "m9",
    "properties" : {
      "SIRE_MENTION_ROLE" : "relation",
      "SIRE_MENTION_CLASS" : "SPC",
      "SIRE_ENTITY_SUBTYPE" : "NONE",
      "SIRE_MENTION_TYPE" : "NONE"
    },
    "type" : "relation",
    "begin" : 226,
    "end" : 234,
    "inCoref" : false
  }, {
    "id" : "m10",
    "properties" : {
      "SIRE_MENTION_ROLE" : "relation",
      "SIRE_MENTION_CLASS" : "SPC",
      "SIRE_ENTITY_SUBTYPE" : "NONE",
      "SIRE_MENTION_TYPE" : "NONE"
    },
    "type" : "relation",
    "begin" : 244,
    "end" : 252,
    "inCoref" : false
  }, {
    "id" : "m11",
    "properties" : {
      "SIRE_MENTION_ROLE" : "Variable",
      "SIRE_MENTION_CLASS" : "SPC",
      "SIRE_ENTITY_SUBTYPE" : "NONE",
      "SIRE_MENTION_TYPE" : "NONE"
    },
    "type" : "Variable",
    "begin" : 253,
    "end" : 259,
    "inCoref" : true
  }, {
    "id" : "m12",
    "properties" : {
      "SIRE_MENTION_ROLE" : "Variable",
      "SIRE_MENTION_CLASS" : "SPC",
      "SIRE_ENTITY_SUBTYPE" : "NONE",
      "SIRE_MENTION_TYPE" : "NONE"
    },
    "type" : "Variable",
    "begin" : 271,
    "end" : 288,
    "inCoref" : true
  }, {
    "id" : "s2-m7",
    "properties" : {
      "SIRE_MENTION_ROLE" : "Variable",
      "SIRE_ENTITY_SUBTYPE" : "NONE",
      "SIRE_MENTION_TYPE" : "NONE",
      "SIRE_MENTION_CLASS" : "SPC"
    },
    "type" : "Variable",
    "begin" : 311,
    "end" : 327,
    "inCoref" : false
  }, {
    "id" : "s3-m3",
    "properties" : {
      "SIRE_MENTION_ROLE" : "relation",
      "SIRE_ENTITY_SUBTYPE" : "NONE",
      "SIRE_MENTION_TYPE" : "NONE",
      "SIRE_MENTION_CLASS" : "SPC"
    },
    "type" : "relation",
    "begin" : 358,
    "end" : 378,
    "inCoref" : false
  }, {
    "id" : "m13",
    "properties" : {
      "SIRE_MENTION_ROLE" : "Variable",
      "SIRE_MENTION_CLASS" : "SPC",
      "SIRE_ENTITY_SUBTYPE" : "NONE",
      "SIRE_MENTION_TYPE" : "NONE"
    },
    "type" : "Variable",
    "begin" : 379,
    "end" : 385,
    "inCoref" : true
  }, {
    "id" : "m14",
    "properties" : {
      "SIRE_MENTION_ROLE" : "Variable",
      "SIRE_MENTION_CLASS" : "SPC",
      "SIRE_ENTITY_SUBTYPE" : "NONE",
      "SIRE_MENTION_TYPE" : "NONE"
    },
    "type" : "Variable",
    "begin" : 399,
    "end" : 416,
    "inCoref" : true
  }, {
    "id" : "s4-m4",
    "properties" : {
      "SIRE_MENTION_ROLE" : "relation",
      "SIRE_ENTITY_SUBTYPE" : "NONE",
      "SIRE_MENTION_TYPE" : "NONE",
      "SIRE_MENTION_CLASS" : "SPC"
    },
    "type" : "relation",
    "begin" : 455,
    "end" : 467,
    "inCoref" : false
  }, {
    "id" : "s4-m3",
    "properties" : {
      "SIRE_MENTION_ROLE" : "Variable",
      "SIRE_ENTITY_SUBTYPE" : "NONE",
      "SIRE_MENTION_TYPE" : "NONE",
      "SIRE_MENTION_CLASS" : "SPC"
    },
    "type" : "Variable",
    "begin" : 497,
    "end" : 507,
    "inCoref" : false
  }, {
    "id" : "m16",
    "properties" : {
      "SIRE_MENTION_ROLE" : "Variable",
      "SIRE_MENTION_CLASS" : "SPC",
      "SIRE_ENTITY_SUBTYPE" : "NONE",
      "SIRE_MENTION_TYPE" : "NONE"
    },
    "type" : "Variable",
    "begin" : 512,
    "end" : 532,
    "inCoref" : false
  }, {
    "id" : "m17",
    "properties" : {
      "SIRE_MENTION_ROLE" : "Variable",
      "SIRE_MENTION_CLASS" : "SPC",
      "SIRE_ENTITY_SUBTYPE" : "NONE",
      "SIRE_MENTION_TYPE" : "NONE"
    },
    "type" : "Variable",
    "begin" : 547,
    "end" : 553,
    "inCoref" : true
  }, {
    "id" : "m18",
    "properties" : {
      "SIRE_MENTION_ROLE" : "Variable",
      "SIRE_MENTION_CLASS" : "SPC",
      "SIRE_ENTITY_SUBTYPE" : "NONE",
      "SIRE_MENTION_TYPE" : "NONE"
    },
    "type" : "Variable",
    "begin" : 571,
    "end" : 584,
    "inCoref" : true
  }, {
    "id" : "m19",
    "properties" : {
      "SIRE_MENTION_ROLE" : "Variable",
      "SIRE_MENTION_CLASS" : "SPC",
      "SIRE_ENTITY_SUBTYPE" : "NONE",
      "SIRE_MENTION_TYPE" : "NONE"
    },
    "type" : "Variable",
    "begin" : 589,
    "end" : 599,
    "inCoref" : true
  }, {
    "id" : "s5-m6",
    "properties" : {
      "SIRE_MENTION_ROLE" : "relation",
      "SIRE_ENTITY_SUBTYPE" : "NONE",
      "SIRE_MENTION_TYPE" : "NONE",
      "SIRE_MENTION_CLASS" : "SPC"
    },
    "type" : "relation",
    "begin" : 731,
    "end" : 751,
    "inCoref" : false
  }, {
    "id" : "m20",
    "properties" : {
      "SIRE_MENTION_ROLE" : "Variable",
      "SIRE_MENTION_CLASS" : "SPC",
      "SIRE_ENTITY_SUBTYPE" : "NONE",
      "SIRE_MENTION_TYPE" : "NONE"
    },
    "type" : "Variable",
    "begin" : 752,
    "end" : 758,
    "inCoref" : true
  }, {
    "id" : "m21",
    "properties" : {
      "SIRE_MENTION_ROLE" : "Variable",
      "SIRE_MENTION_CLASS" : "SPC",
      "SIRE_ENTITY_SUBTYPE" : "NONE",
      "SIRE_MENTION_TYPE" : "NONE"
    },
    "type" : "Variable",
    "begin" : 763,
    "end" : 772,
    "inCoref" : true
  } ],
  "relations" : [ {
    "id" : "s0-r1",
    "properties" : { },
    "type" : "Causal",
    "args" : [ "m1", "m2" ]
  }, {
    "id" : "s0-r2",
    "properties" : { },
    "type" : "Causal",
    "args" : [ "m1", "m3" ]
  }, {
    "id" : "s1-r2",
    "properties" : { },
    "type" : "NoRelation",
    "args" : [ "m4", "m6" ]
  }, {
    "id" : "s2-r1",
    "properties" : { },
    "type" : "Causal",
    "args" : [ "m8", "m11" ]
  }, {
    "id" : "s2-r2",
    "properties" : { },
    "type" : "Causal",
    "args" : [ "m8", "m12" ]
  }, {
    "id" : "s3-r1",
    "properties" : { },
    "type" : "RelateCorrelation",
    "args" : [ "m13", "m14" ]
  }, {
    "id" : "s5-r1",
    "properties" : { },
    "type" : "RelateCorrelation",
    "args" : [ "m20", "m21" ]
  } ],
  "corefs" : [ {
    "id" : "c1",
    "properties" : { },
    "mentions" : [ "m1", "m4", "m8", "m21", "m18" ]
  }, {
    "id" : "c2",
    "properties" : { },
    "mentions" : [ "m2", "m11", "m13", "m17", "m20" ]
  }, {
    "id" : "c3",
    "properties" : { },
    "mentions" : [ "m3", "m6", "m14", "m12", "m19" ]
  } ],
  "typeResolved" : true,
  "userResolved" : false
}