{
  "id" : "f584c9b0-2c32-11ec-8ccb-e3b7183e4c89-13",
  "name" : "22. Chatterjee, S. and Turnovsky, S. J. (2012.docx",
  "createdDate" : 0,
  "version" : 3,
  "text" : "We develop a model in which public capital is both an engine of growth and a determinant of the distributions of wealth, income, and welfare. Government investment increases wealth inequality over time, regardless of its financing. The time path of income inequality is, however, highly sensitive to financing policies, and is often characterized by sharp intertemporal tradeoffs, with income inequality declining in the short run but increasing in the long run. Public investment generates a positive correlation between growth and income inequality along the transition path, but their short-run and long-run relationship depends critically on (i) how externalities impinge on allocation decisions, (ii) financing policies, and (iii) the time period of consideration. Finally, these policies also generate sharp trade-offs between average welfare and its distribution, with government investment improving average welfare, but also increasing its dispersion. Our results are obtained numerically but extensive sensitivity analysis confirms their robustness across key parameter values.\n\n\n",
  "docLength" : 0,
  "language" : "EN",
  "status" : "IN_PROGRESS",
  "modifiedDate" : 1639145047268,
  "documentSet" : [ ],
  "preannotation" : [ "PRE_LW" ],
  "sentences" : [ {
    "id" : "s0",
    "begin" : 0,
    "end" : 141,
    "text" : "We develop a model in which public capital is both an engine of growth and a determinant of the distributions of wealth, income, and welfare.",
    "tokens" : [ {
      "id" : "s0-t0",
      "begin" : 0,
      "end" : 2,
      "text" : "We",
      "whiteSpace" : false
    }, {
      "id" : "s0-t1",
      "begin" : 3,
      "end" : 10,
      "text" : "develop",
      "whiteSpace" : false
    }, {
      "id" : "s0-t2",
      "begin" : 11,
      "end" : 12,
      "text" : "a",
      "whiteSpace" : false
    }, {
      "id" : "s0-t3",
      "begin" : 13,
      "end" : 18,
      "text" : "model",
      "whiteSpace" : false
    }, {
      "id" : "s0-t4",
      "begin" : 19,
      "end" : 21,
      "text" : "in",
      "whiteSpace" : false
    }, {
      "id" : "s0-t5",
      "begin" : 22,
      "end" : 27,
      "text" : "which",
      "whiteSpace" : false
    }, {
      "id" : "s0-t6",
      "begin" : 28,
      "end" : 34,
      "text" : "public",
      "whiteSpace" : false
    }, {
      "id" : "s0-t7",
      "begin" : 35,
      "end" : 42,
      "text" : "capital",
      "whiteSpace" : false
    }, {
      "id" : "s0-t8",
      "begin" : 43,
      "end" : 45,
      "text" : "is",
      "whiteSpace" : false
    }, {
      "id" : "s0-t9",
      "begin" : 46,
      "end" : 50,
      "text" : "both",
      "whiteSpace" : false
    }, {
      "id" : "s0-t10",
      "begin" : 51,
      "end" : 53,
      "text" : "an",
      "whiteSpace" : false
    }, {
      "id" : "s0-t11",
      "begin" : 54,
      "end" : 60,
      "text" : "engine",
      "whiteSpace" : false
    }, {
      "id" : "s0-t12",
      "begin" : 61,
      "end" : 63,
      "text" : "of",
      "whiteSpace" : false
    }, {
      "id" : "s0-t13",
      "begin" : 64,
      "end" : 70,
      "text" : "growth",
      "whiteSpace" : false
    }, {
      "id" : "s0-t14",
      "begin" : 71,
      "end" : 74,
      "text" : "and",
      "whiteSpace" : false
    }, {
      "id" : "s0-t15",
      "begin" : 75,
      "end" : 76,
      "text" : "a",
      "whiteSpace" : false
    }, {
      "id" : "s0-t16",
      "begin" : 77,
      "end" : 88,
      "text" : "determinant",
      "whiteSpace" : false
    }, {
      "id" : "s0-t17",
      "begin" : 89,
      "end" : 91,
      "text" : "of",
      "whiteSpace" : false
    }, {
      "id" : "s0-t18",
      "begin" : 92,
      "end" : 95,
      "text" : "the",
      "whiteSpace" : false
    }, {
      "id" : "s0-t19",
      "begin" : 96,
      "end" : 109,
      "text" : "distributions",
      "whiteSpace" : false
    }, {
      "id" : "s0-t20",
      "begin" : 110,
      "end" : 112,
      "text" : "of",
      "whiteSpace" : false
    }, {
      "id" : "s0-t21",
      "begin" : 113,
      "end" : 119,
      "text" : "wealth",
      "whiteSpace" : false
    }, {
      "id" : "s0-t22",
      "begin" : 119,
      "end" : 120,
      "text" : ",",
      "whiteSpace" : false
    }, {
      "id" : "s0-t23",
      "begin" : 121,
      "end" : 127,
      "text" : "income",
      "whiteSpace" : false
    }, {
      "id" : "s0-t24",
      "begin" : 127,
      "end" : 128,
      "text" : ",",
      "whiteSpace" : false
    }, {
      "id" : "s0-t25",
      "begin" : 129,
      "end" : 132,
      "text" : "and",
      "whiteSpace" : false
    }, {
      "id" : "s0-t26",
      "begin" : 133,
      "end" : 140,
      "text" : "welfare",
      "whiteSpace" : false
    }, {
      "id" : "s0-t27",
      "begin" : 140,
      "end" : 141,
      "text" : ".",
      "whiteSpace" : false
    } ]
  }, {
    "id" : "s1",
    "begin" : 142,
    "end" : 231,
    "text" : "Government investment increases wealth inequality over time, regardless of its financing.",
    "tokens" : [ {
      "id" : "s1-t0",
      "begin" : 142,
      "end" : 152,
      "text" : "Government",
      "whiteSpace" : false
    }, {
      "id" : "s1-t1",
      "begin" : 153,
      "end" : 163,
      "text" : "investment",
      "whiteSpace" : false
    }, {
      "id" : "s1-t2",
      "begin" : 164,
      "end" : 173,
      "text" : "increases",
      "whiteSpace" : false
    }, {
      "id" : "s1-t3",
      "begin" : 174,
      "end" : 180,
      "text" : "wealth",
      "whiteSpace" : false
    }, {
      "id" : "s1-t4",
      "begin" : 181,
      "end" : 191,
      "text" : "inequality",
      "whiteSpace" : false
    }, {
      "id" : "s1-t5",
      "begin" : 192,
      "end" : 196,
      "text" : "over",
      "whiteSpace" : false
    }, {
      "id" : "s1-t6",
      "begin" : 197,
      "end" : 201,
      "text" : "time",
      "whiteSpace" : false
    }, {
      "id" : "s1-t7",
      "begin" : 201,
      "end" : 202,
      "text" : ",",
      "whiteSpace" : false
    }, {
      "id" : "s1-t8",
      "begin" : 203,
      "end" : 213,
      "text" : "regardless",
      "whiteSpace" : false
    }, {
      "id" : "s1-t9",
      "begin" : 214,
      "end" : 216,
      "text" : "of",
      "whiteSpace" : false
    }, {
      "id" : "s1-t10",
      "begin" : 217,
      "end" : 220,
      "text" : "its",
      "whiteSpace" : false
    }, {
      "id" : "s1-t11",
      "begin" : 221,
      "end" : 230,
      "text" : "financing",
      "whiteSpace" : false
    }, {
      "id" : "s1-t12",
      "begin" : 230,
      "end" : 231,
      "text" : ".",
      "whiteSpace" : false
    } ]
  }, {
    "id" : "s2",
    "begin" : 232,
    "end" : 462,
    "text" : "The time path of income inequality is, however, highly sensitive to financing policies, and is often characterized by sharp intertemporal tradeoffs, with income inequality declining in the short run but increasing in the long run.",
    "tokens" : [ {
      "id" : "s2-t0",
      "begin" : 232,
      "end" : 235,
      "text" : "The",
      "whiteSpace" : false
    }, {
      "id" : "s2-t1",
      "begin" : 236,
      "end" : 240,
      "text" : "time",
      "whiteSpace" : false
    }, {
      "id" : "s2-t2",
      "begin" : 241,
      "end" : 245,
      "text" : "path",
      "whiteSpace" : false
    }, {
      "id" : "s2-t3",
      "begin" : 246,
      "end" : 248,
      "text" : "of",
      "whiteSpace" : false
    }, {
      "id" : "s2-t4",
      "begin" : 249,
      "end" : 255,
      "text" : "income",
      "whiteSpace" : false
    }, {
      "id" : "s2-t5",
      "begin" : 256,
      "end" : 266,
      "text" : "inequality",
      "whiteSpace" : false
    }, {
      "id" : "s2-t6",
      "begin" : 267,
      "end" : 269,
      "text" : "is",
      "whiteSpace" : false
    }, {
      "id" : "s2-t7",
      "begin" : 269,
      "end" : 270,
      "text" : ",",
      "whiteSpace" : false
    }, {
      "id" : "s2-t8",
      "begin" : 271,
      "end" : 278,
      "text" : "however",
      "whiteSpace" : false
    }, {
      "id" : "s2-t9",
      "begin" : 278,
      "end" : 279,
      "text" : ",",
      "whiteSpace" : false
    }, {
      "id" : "s2-t10",
      "begin" : 280,
      "end" : 286,
      "text" : "highly",
      "whiteSpace" : false
    }, {
      "id" : "s2-t11",
      "begin" : 287,
      "end" : 296,
      "text" : "sensitive",
      "whiteSpace" : false
    }, {
      "id" : "s2-t12",
      "begin" : 297,
      "end" : 299,
      "text" : "to",
      "whiteSpace" : false
    }, {
      "id" : "s2-t13",
      "begin" : 300,
      "end" : 309,
      "text" : "financing",
      "whiteSpace" : false
    }, {
      "id" : "s2-t14",
      "begin" : 310,
      "end" : 318,
      "text" : "policies",
      "whiteSpace" : false
    }, {
      "id" : "s2-t15",
      "begin" : 318,
      "end" : 319,
      "text" : ",",
      "whiteSpace" : false
    }, {
      "id" : "s2-t16",
      "begin" : 320,
      "end" : 323,
      "text" : "and",
      "whiteSpace" : false
    }, {
      "id" : "s2-t17",
      "begin" : 324,
      "end" : 326,
      "text" : "is",
      "whiteSpace" : false
    }, {
      "id" : "s2-t18",
      "begin" : 327,
      "end" : 332,
      "text" : "often",
      "whiteSpace" : false
    }, {
      "id" : "s2-t19",
      "begin" : 333,
      "end" : 346,
      "text" : "characterized",
      "whiteSpace" : false
    }, {
      "id" : "s2-t20",
      "begin" : 347,
      "end" : 349,
      "text" : "by",
      "whiteSpace" : false
    }, {
      "id" : "s2-t21",
      "begin" : 350,
      "end" : 355,
      "text" : "sharp",
      "whiteSpace" : false
    }, {
      "id" : "s2-t22",
      "begin" : 356,
      "end" : 369,
      "text" : "intertemporal",
      "whiteSpace" : false
    }, {
      "id" : "s2-t23",
      "begin" : 370,
      "end" : 379,
      "text" : "tradeoffs",
      "whiteSpace" : false
    }, {
      "id" : "s2-t24",
      "begin" : 379,
      "end" : 380,
      "text" : ",",
      "whiteSpace" : false
    }, {
      "id" : "s2-t25",
      "begin" : 381,
      "end" : 385,
      "text" : "with",
      "whiteSpace" : false
    }, {
      "id" : "s2-t26",
      "begin" : 386,
      "end" : 392,
      "text" : "income",
      "whiteSpace" : false
    }, {
      "id" : "s2-t27",
      "begin" : 393,
      "end" : 403,
      "text" : "inequality",
      "whiteSpace" : false
    }, {
      "id" : "s2-t28",
      "begin" : 404,
      "end" : 413,
      "text" : "declining",
      "whiteSpace" : false
    }, {
      "id" : "s2-t29",
      "begin" : 414,
      "end" : 416,
      "text" : "in",
      "whiteSpace" : false
    }, {
      "id" : "s2-t30",
      "begin" : 417,
      "end" : 420,
      "text" : "the",
      "whiteSpace" : false
    }, {
      "id" : "s2-t31",
      "begin" : 421,
      "end" : 426,
      "text" : "short",
      "whiteSpace" : false
    }, {
      "id" : "s2-t32",
      "begin" : 427,
      "end" : 430,
      "text" : "run",
      "whiteSpace" : false
    }, {
      "id" : "s2-t33",
      "begin" : 431,
      "end" : 434,
      "text" : "but",
      "whiteSpace" : false
    }, {
      "id" : "s2-t34",
      "begin" : 435,
      "end" : 445,
      "text" : "increasing",
      "whiteSpace" : false
    }, {
      "id" : "s2-t35",
      "begin" : 446,
      "end" : 448,
      "text" : "in",
      "whiteSpace" : false
    }, {
      "id" : "s2-t36",
      "begin" : 449,
      "end" : 452,
      "text" : "the",
      "whiteSpace" : false
    }, {
      "id" : "s2-t37",
      "begin" : 453,
      "end" : 457,
      "text" : "long",
      "whiteSpace" : false
    }, {
      "id" : "s2-t38",
      "begin" : 458,
      "end" : 461,
      "text" : "run",
      "whiteSpace" : false
    }, {
      "id" : "s2-t39",
      "begin" : 461,
      "end" : 462,
      "text" : ".",
      "whiteSpace" : false
    } ]
  }, {
    "id" : "s3",
    "begin" : 463,
    "end" : 769,
    "text" : "Public investment generates a positive correlation between growth and income inequality along the transition path, but their short-run and long-run relationship depends critically on (i) how externalities impinge on allocation decisions, (ii) financing policies, and (iii) the time period of consideration.",
    "tokens" : [ {
      "id" : "s3-t0",
      "begin" : 463,
      "end" : 469,
      "text" : "Public",
      "whiteSpace" : false
    }, {
      "id" : "s3-t1",
      "begin" : 470,
      "end" : 480,
      "text" : "investment",
      "whiteSpace" : false
    }, {
      "id" : "s3-t2",
      "begin" : 481,
      "end" : 490,
      "text" : "generates",
      "whiteSpace" : false
    }, {
      "id" : "s3-t3",
      "begin" : 491,
      "end" : 492,
      "text" : "a",
      "whiteSpace" : false
    }, {
      "id" : "s3-t4",
      "begin" : 493,
      "end" : 501,
      "text" : "positive",
      "whiteSpace" : false
    }, {
      "id" : "s3-t5",
      "begin" : 502,
      "end" : 513,
      "text" : "correlation",
      "whiteSpace" : false
    }, {
      "id" : "s3-t6",
      "begin" : 514,
      "end" : 521,
      "text" : "between",
      "whiteSpace" : false
    }, {
      "id" : "s3-t7",
      "begin" : 522,
      "end" : 528,
      "text" : "growth",
      "whiteSpace" : false
    }, {
      "id" : "s3-t8",
      "begin" : 529,
      "end" : 532,
      "text" : "and",
      "whiteSpace" : false
    }, {
      "id" : "s3-t9",
      "begin" : 533,
      "end" : 539,
      "text" : "income",
      "whiteSpace" : false
    }, {
      "id" : "s3-t10",
      "begin" : 540,
      "end" : 550,
      "text" : "inequality",
      "whiteSpace" : false
    }, {
      "id" : "s3-t11",
      "begin" : 551,
      "end" : 556,
      "text" : "along",
      "whiteSpace" : false
    }, {
      "id" : "s3-t12",
      "begin" : 557,
      "end" : 560,
      "text" : "the",
      "whiteSpace" : false
    }, {
      "id" : "s3-t13",
      "begin" : 561,
      "end" : 571,
      "text" : "transition",
      "whiteSpace" : false
    }, {
      "id" : "s3-t14",
      "begin" : 572,
      "end" : 576,
      "text" : "path",
      "whiteSpace" : false
    }, {
      "id" : "s3-t15",
      "begin" : 576,
      "end" : 577,
      "text" : ",",
      "whiteSpace" : false
    }, {
      "id" : "s3-t16",
      "begin" : 578,
      "end" : 581,
      "text" : "but",
      "whiteSpace" : false
    }, {
      "id" : "s3-t17",
      "begin" : 582,
      "end" : 587,
      "text" : "their",
      "whiteSpace" : false
    }, {
      "id" : "s3-t18",
      "begin" : 588,
      "end" : 597,
      "text" : "short-run",
      "whiteSpace" : false
    }, {
      "id" : "s3-t19",
      "begin" : 598,
      "end" : 601,
      "text" : "and",
      "whiteSpace" : false
    }, {
      "id" : "s3-t20",
      "begin" : 602,
      "end" : 610,
      "text" : "long-run",
      "whiteSpace" : false
    }, {
      "id" : "s3-t21",
      "begin" : 611,
      "end" : 623,
      "text" : "relationship",
      "whiteSpace" : false
    }, {
      "id" : "s3-t22",
      "begin" : 624,
      "end" : 631,
      "text" : "depends",
      "whiteSpace" : false
    }, {
      "id" : "s3-t23",
      "begin" : 632,
      "end" : 642,
      "text" : "critically",
      "whiteSpace" : false
    }, {
      "id" : "s3-t24",
      "begin" : 643,
      "end" : 645,
      "text" : "on",
      "whiteSpace" : false
    }, {
      "id" : "s3-t25",
      "begin" : 646,
      "end" : 647,
      "text" : "(",
      "whiteSpace" : false
    }, {
      "id" : "s3-t26",
      "begin" : 647,
      "end" : 648,
      "text" : "i",
      "whiteSpace" : false
    }, {
      "id" : "s3-t27",
      "begin" : 648,
      "end" : 649,
      "text" : ")",
      "whiteSpace" : false
    }, {
      "id" : "s3-t28",
      "begin" : 650,
      "end" : 653,
      "text" : "how",
      "whiteSpace" : false
    }, {
      "id" : "s3-t29",
      "begin" : 654,
      "end" : 667,
      "text" : "externalities",
      "whiteSpace" : false
    }, {
      "id" : "s3-t30",
      "begin" : 668,
      "end" : 675,
      "text" : "impinge",
      "whiteSpace" : false
    }, {
      "id" : "s3-t31",
      "begin" : 676,
      "end" : 678,
      "text" : "on",
      "whiteSpace" : false
    }, {
      "id" : "s3-t32",
      "begin" : 679,
      "end" : 689,
      "text" : "allocation",
      "whiteSpace" : false
    }, {
      "id" : "s3-t33",
      "begin" : 690,
      "end" : 699,
      "text" : "decisions",
      "whiteSpace" : false
    }, {
      "id" : "s3-t34",
      "begin" : 699,
      "end" : 700,
      "text" : ",",
      "whiteSpace" : false
    }, {
      "id" : "s3-t35",
      "begin" : 701,
      "end" : 702,
      "text" : "(",
      "whiteSpace" : false
    }, {
      "id" : "s3-t36",
      "begin" : 702,
      "end" : 704,
      "text" : "ii",
      "whiteSpace" : false
    }, {
      "id" : "s3-t37",
      "begin" : 704,
      "end" : 705,
      "text" : ")",
      "whiteSpace" : false
    }, {
      "id" : "s3-t38",
      "begin" : 706,
      "end" : 715,
      "text" : "financing",
      "whiteSpace" : false
    }, {
      "id" : "s3-t39",
      "begin" : 716,
      "end" : 724,
      "text" : "policies",
      "whiteSpace" : false
    }, {
      "id" : "s3-t40",
      "begin" : 724,
      "end" : 725,
      "text" : ",",
      "whiteSpace" : false
    }, {
      "id" : "s3-t41",
      "begin" : 726,
      "end" : 729,
      "text" : "and",
      "whiteSpace" : false
    }, {
      "id" : "s3-t42",
      "begin" : 730,
      "end" : 731,
      "text" : "(",
      "whiteSpace" : false
    }, {
      "id" : "s3-t43",
      "begin" : 731,
      "end" : 734,
      "text" : "iii",
      "whiteSpace" : false
    }, {
      "id" : "s3-t44",
      "begin" : 734,
      "end" : 735,
      "text" : ")",
      "whiteSpace" : false
    }, {
      "id" : "s3-t45",
      "begin" : 736,
      "end" : 739,
      "text" : "the",
      "whiteSpace" : false
    }, {
      "id" : "s3-t46",
      "begin" : 740,
      "end" : 744,
      "text" : "time",
      "whiteSpace" : false
    }, {
      "id" : "s3-t47",
      "begin" : 745,
      "end" : 751,
      "text" : "period",
      "whiteSpace" : false
    }, {
      "id" : "s3-t48",
      "begin" : 752,
      "end" : 754,
      "text" : "of",
      "whiteSpace" : false
    }, {
      "id" : "s3-t49",
      "begin" : 755,
      "end" : 768,
      "text" : "consideration",
      "whiteSpace" : false
    }, {
      "id" : "s3-t50",
      "begin" : 768,
      "end" : 769,
      "text" : ".",
      "whiteSpace" : false
    } ]
  }, {
    "id" : "s4",
    "begin" : 770,
    "end" : 960,
    "text" : "Finally, these policies also generate sharp trade-offs between average welfare and its distribution, with government investment improving average welfare, but also increasing its dispersion.",
    "tokens" : [ {
      "id" : "s4-t0",
      "begin" : 770,
      "end" : 777,
      "text" : "Finally",
      "whiteSpace" : false
    }, {
      "id" : "s4-t1",
      "begin" : 777,
      "end" : 778,
      "text" : ",",
      "whiteSpace" : false
    }, {
      "id" : "s4-t2",
      "begin" : 779,
      "end" : 784,
      "text" : "these",
      "whiteSpace" : false
    }, {
      "id" : "s4-t3",
      "begin" : 785,
      "end" : 793,
      "text" : "policies",
      "whiteSpace" : false
    }, {
      "id" : "s4-t4",
      "begin" : 794,
      "end" : 798,
      "text" : "also",
      "whiteSpace" : false
    }, {
      "id" : "s4-t5",
      "begin" : 799,
      "end" : 807,
      "text" : "generate",
      "whiteSpace" : false
    }, {
      "id" : "s4-t6",
      "begin" : 808,
      "end" : 813,
      "text" : "sharp",
      "whiteSpace" : false
    }, {
      "id" : "s4-t7",
      "begin" : 814,
      "end" : 824,
      "text" : "trade-offs",
      "whiteSpace" : false
    }, {
      "id" : "s4-t8",
      "begin" : 825,
      "end" : 832,
      "text" : "between",
      "whiteSpace" : false
    }, {
      "id" : "s4-t9",
      "begin" : 833,
      "end" : 840,
      "text" : "average",
      "whiteSpace" : false
    }, {
      "id" : "s4-t10",
      "begin" : 841,
      "end" : 848,
      "text" : "welfare",
      "whiteSpace" : false
    }, {
      "id" : "s4-t11",
      "begin" : 849,
      "end" : 852,
      "text" : "and",
      "whiteSpace" : false
    }, {
      "id" : "s4-t12",
      "begin" : 853,
      "end" : 856,
      "text" : "its",
      "whiteSpace" : false
    }, {
      "id" : "s4-t13",
      "begin" : 857,
      "end" : 869,
      "text" : "distribution",
      "whiteSpace" : false
    }, {
      "id" : "s4-t14",
      "begin" : 869,
      "end" : 870,
      "text" : ",",
      "whiteSpace" : false
    }, {
      "id" : "s4-t15",
      "begin" : 871,
      "end" : 875,
      "text" : "with",
      "whiteSpace" : false
    }, {
      "id" : "s4-t16",
      "begin" : 876,
      "end" : 886,
      "text" : "government",
      "whiteSpace" : false
    }, {
      "id" : "s4-t17",
      "begin" : 887,
      "end" : 897,
      "text" : "investment",
      "whiteSpace" : false
    }, {
      "id" : "s4-t18",
      "begin" : 898,
      "end" : 907,
      "text" : "improving",
      "whiteSpace" : false
    }, {
      "id" : "s4-t19",
      "begin" : 908,
      "end" : 915,
      "text" : "average",
      "whiteSpace" : false
    }, {
      "id" : "s4-t20",
      "begin" : 916,
      "end" : 923,
      "text" : "welfare",
      "whiteSpace" : false
    }, {
      "id" : "s4-t21",
      "begin" : 923,
      "end" : 924,
      "text" : ",",
      "whiteSpace" : false
    }, {
      "id" : "s4-t22",
      "begin" : 925,
      "end" : 928,
      "text" : "but",
      "whiteSpace" : false
    }, {
      "id" : "s4-t23",
      "begin" : 929,
      "end" : 933,
      "text" : "also",
      "whiteSpace" : false
    }, {
      "id" : "s4-t24",
      "begin" : 934,
      "end" : 944,
      "text" : "increasing",
      "whiteSpace" : false
    }, {
      "id" : "s4-t25",
      "begin" : 945,
      "end" : 948,
      "text" : "its",
      "whiteSpace" : false
    }, {
      "id" : "s4-t26",
      "begin" : 949,
      "end" : 959,
      "text" : "dispersion",
      "whiteSpace" : false
    }, {
      "id" : "s4-t27",
      "begin" : 959,
      "end" : 960,
      "text" : ".",
      "whiteSpace" : false
    } ]
  }, {
    "id" : "s5",
    "begin" : 961,
    "end" : 1087,
    "text" : "Our results are obtained numerically but extensive sensitivity analysis confirms their robustness across key parameter values.",
    "tokens" : [ {
      "id" : "s5-t0",
      "begin" : 961,
      "end" : 964,
      "text" : "Our",
      "whiteSpace" : false
    }, {
      "id" : "s5-t1",
      "begin" : 965,
      "end" : 972,
      "text" : "results",
      "whiteSpace" : false
    }, {
      "id" : "s5-t2",
      "begin" : 973,
      "end" : 976,
      "text" : "are",
      "whiteSpace" : false
    }, {
      "id" : "s5-t3",
      "begin" : 977,
      "end" : 985,
      "text" : "obtained",
      "whiteSpace" : false
    }, {
      "id" : "s5-t4",
      "begin" : 986,
      "end" : 997,
      "text" : "numerically",
      "whiteSpace" : false
    }, {
      "id" : "s5-t5",
      "begin" : 998,
      "end" : 1001,
      "text" : "but",
      "whiteSpace" : false
    }, {
      "id" : "s5-t6",
      "begin" : 1002,
      "end" : 1011,
      "text" : "extensive",
      "whiteSpace" : false
    }, {
      "id" : "s5-t7",
      "begin" : 1012,
      "end" : 1023,
      "text" : "sensitivity",
      "whiteSpace" : false
    }, {
      "id" : "s5-t8",
      "begin" : 1024,
      "end" : 1032,
      "text" : "analysis",
      "whiteSpace" : false
    }, {
      "id" : "s5-t9",
      "begin" : 1033,
      "end" : 1041,
      "text" : "confirms",
      "whiteSpace" : false
    }, {
      "id" : "s5-t10",
      "begin" : 1042,
      "end" : 1047,
      "text" : "their",
      "whiteSpace" : false
    }, {
      "id" : "s5-t11",
      "begin" : 1048,
      "end" : 1058,
      "text" : "robustness",
      "whiteSpace" : false
    }, {
      "id" : "s5-t12",
      "begin" : 1059,
      "end" : 1065,
      "text" : "across",
      "whiteSpace" : false
    }, {
      "id" : "s5-t13",
      "begin" : 1066,
      "end" : 1069,
      "text" : "key",
      "whiteSpace" : false
    }, {
      "id" : "s5-t14",
      "begin" : 1070,
      "end" : 1079,
      "text" : "parameter",
      "whiteSpace" : false
    }, {
      "id" : "s5-t15",
      "begin" : 1080,
      "end" : 1086,
      "text" : "values",
      "whiteSpace" : false
    }, {
      "id" : "s5-t16",
      "begin" : 1086,
      "end" : 1087,
      "text" : ".",
      "whiteSpace" : false
    } ]
  } ],
  "mentions" : [ {
    "id" : "s0-m6",
    "properties" : {
      "SIRE_MENTION_ROLE" : "evidence",
      "SIRE_ENTITY_SUBTYPE" : "NONE",
      "SIRE_MENTION_TYPE" : "NONE",
      "SIRE_MENTION_CLASS" : "SPC"
    },
    "type" : "evidence",
    "begin" : 3,
    "end" : 10,
    "inCoref" : false
  }, {
    "id" : "s0-m2",
    "properties" : {
      "SIRE_MENTION_ROLE" : "Variable",
      "SIRE_ENTITY_SUBTYPE" : "NONE",
      "SIRE_MENTION_TYPE" : "NONE",
      "SIRE_MENTION_CLASS" : "SPC"
    },
    "type" : "Variable",
    "begin" : 28,
    "end" : 42,
    "inCoref" : false
  }, {
    "id" : "m1",
    "properties" : {
      "SIRE_MENTION_ROLE" : "Variable",
      "SIRE_MENTION_CLASS" : "SPC",
      "SIRE_ENTITY_SUBTYPE" : "NONE",
      "SIRE_MENTION_TYPE" : "NONE"
    },
    "type" : "Variable",
    "begin" : 64,
    "end" : 70,
    "inCoref" : true
  }, {
    "id" : "s0-m3",
    "properties" : {
      "SIRE_MENTION_ROLE" : "Variable",
      "SIRE_ENTITY_SUBTYPE" : "NONE",
      "SIRE_MENTION_TYPE" : "NONE",
      "SIRE_MENTION_CLASS" : "SPC"
    },
    "type" : "Variable",
    "begin" : 96,
    "end" : 119,
    "inCoref" : false
  }, {
    "id" : "s0-m4",
    "properties" : {
      "SIRE_MENTION_ROLE" : "Variable",
      "SIRE_ENTITY_SUBTYPE" : "NONE",
      "SIRE_MENTION_TYPE" : "NONE",
      "SIRE_MENTION_CLASS" : "SPC"
    },
    "type" : "Variable",
    "begin" : 121,
    "end" : 127,
    "inCoref" : false
  }, {
    "id" : "s0-m5",
    "properties" : {
      "SIRE_MENTION_ROLE" : "Variable",
      "SIRE_ENTITY_SUBTYPE" : "NONE",
      "SIRE_MENTION_TYPE" : "NONE",
      "SIRE_MENTION_CLASS" : "SPC"
    },
    "type" : "Variable",
    "begin" : 133,
    "end" : 140,
    "inCoref" : true
  }, {
    "id" : "s1-m3",
    "properties" : {
      "SIRE_MENTION_ROLE" : "Variable",
      "SIRE_ENTITY_SUBTYPE" : "NONE",
      "SIRE_MENTION_TYPE" : "NONE",
      "SIRE_MENTION_CLASS" : "SPC"
    },
    "type" : "Variable",
    "begin" : 142,
    "end" : 163,
    "inCoref" : true
  }, {
    "id" : "m2",
    "properties" : {
      "SIRE_MENTION_ROLE" : "relation",
      "SIRE_MENTION_CLASS" : "SPC",
      "SIRE_ENTITY_SUBTYPE" : "NONE",
      "SIRE_MENTION_TYPE" : "NONE"
    },
    "type" : "relation",
    "begin" : 164,
    "end" : 173,
    "inCoref" : false
  }, {
    "id" : "m3",
    "properties" : {
      "SIRE_MENTION_ROLE" : "Variable",
      "SIRE_MENTION_CLASS" : "SPC",
      "SIRE_ENTITY_SUBTYPE" : "NONE",
      "SIRE_MENTION_TYPE" : "NONE"
    },
    "type" : "Variable",
    "begin" : 174,
    "end" : 191,
    "inCoref" : true
  }, {
    "id" : "m4",
    "properties" : {
      "SIRE_MENTION_ROLE" : "Variable",
      "SIRE_MENTION_CLASS" : "SPC",
      "SIRE_ENTITY_SUBTYPE" : "NONE",
      "SIRE_MENTION_TYPE" : "NONE"
    },
    "type" : "Variable",
    "begin" : 249,
    "end" : 266,
    "inCoref" : true
  }, {
    "id" : "s2-m4",
    "properties" : {
      "SIRE_MENTION_ROLE" : "relation",
      "SIRE_ENTITY_SUBTYPE" : "NONE",
      "SIRE_MENTION_TYPE" : "NONE",
      "SIRE_MENTION_CLASS" : "SPC"
    },
    "type" : "relation",
    "begin" : 287,
    "end" : 299,
    "inCoref" : false
  }, {
    "id" : "s2-m5",
    "properties" : {
      "SIRE_MENTION_ROLE" : "Variable",
      "SIRE_ENTITY_SUBTYPE" : "NONE",
      "SIRE_MENTION_TYPE" : "NONE",
      "SIRE_MENTION_CLASS" : "SPC"
    },
    "type" : "Variable",
    "begin" : 300,
    "end" : 318,
    "inCoref" : true
  }, {
    "id" : "m5",
    "properties" : {
      "SIRE_MENTION_ROLE" : "Variable",
      "SIRE_MENTION_CLASS" : "SPC",
      "SIRE_ENTITY_SUBTYPE" : "NONE",
      "SIRE_MENTION_TYPE" : "NONE"
    },
    "type" : "Variable",
    "begin" : 386,
    "end" : 403,
    "inCoref" : true
  }, {
    "id" : "m6",
    "properties" : {
      "SIRE_MENTION_ROLE" : "relation",
      "SIRE_MENTION_CLASS" : "SPC",
      "SIRE_ENTITY_SUBTYPE" : "NONE",
      "SIRE_MENTION_TYPE" : "NONE"
    },
    "type" : "relation",
    "begin" : 435,
    "end" : 445,
    "inCoref" : false
  }, {
    "id" : "s3-m4",
    "properties" : {
      "SIRE_MENTION_ROLE" : "Variable",
      "SIRE_ENTITY_SUBTYPE" : "NONE",
      "SIRE_MENTION_TYPE" : "NONE",
      "SIRE_MENTION_CLASS" : "SPC"
    },
    "type" : "Variable",
    "begin" : 463,
    "end" : 480,
    "inCoref" : true
  }, {
    "id" : "m7",
    "properties" : {
      "SIRE_MENTION_ROLE" : "relation",
      "SIRE_MENTION_CLASS" : "SPC",
      "SIRE_ENTITY_SUBTYPE" : "NONE",
      "SIRE_MENTION_TYPE" : "NONE"
    },
    "type" : "relation",
    "begin" : 502,
    "end" : 521,
    "inCoref" : false
  }, {
    "id" : "m8",
    "properties" : {
      "SIRE_MENTION_ROLE" : "Variable",
      "SIRE_MENTION_CLASS" : "SPC",
      "SIRE_ENTITY_SUBTYPE" : "NONE",
      "SIRE_MENTION_TYPE" : "NONE"
    },
    "type" : "Variable",
    "begin" : 522,
    "end" : 528,
    "inCoref" : true
  }, {
    "id" : "m9",
    "properties" : {
      "SIRE_MENTION_ROLE" : "Variable",
      "SIRE_MENTION_CLASS" : "SPC",
      "SIRE_ENTITY_SUBTYPE" : "NONE",
      "SIRE_MENTION_TYPE" : "NONE"
    },
    "type" : "Variable",
    "begin" : 533,
    "end" : 550,
    "inCoref" : true
  }, {
    "id" : "s3-m5",
    "properties" : {
      "SIRE_MENTION_ROLE" : "relation",
      "SIRE_ENTITY_SUBTYPE" : "NONE",
      "SIRE_MENTION_TYPE" : "NONE",
      "SIRE_MENTION_CLASS" : "SPC"
    },
    "type" : "relation",
    "begin" : 611,
    "end" : 623,
    "inCoref" : false
  }, {
    "id" : "s4-m2",
    "properties" : {
      "SIRE_MENTION_ROLE" : "Variable",
      "SIRE_ENTITY_SUBTYPE" : "NONE",
      "SIRE_MENTION_TYPE" : "NONE",
      "SIRE_MENTION_CLASS" : "SPC"
    },
    "type" : "Variable",
    "begin" : 833,
    "end" : 848,
    "inCoref" : true
  }, {
    "id" : "s4-m5",
    "properties" : {
      "SIRE_MENTION_ROLE" : "Variable",
      "SIRE_ENTITY_SUBTYPE" : "NONE",
      "SIRE_MENTION_TYPE" : "NONE",
      "SIRE_MENTION_CLASS" : "SPC"
    },
    "type" : "Variable",
    "begin" : 857,
    "end" : 869,
    "inCoref" : true
  }, {
    "id" : "s4-m3",
    "properties" : {
      "SIRE_MENTION_ROLE" : "Variable",
      "SIRE_ENTITY_SUBTYPE" : "NONE",
      "SIRE_MENTION_TYPE" : "NONE",
      "SIRE_MENTION_CLASS" : "SPC"
    },
    "type" : "Variable",
    "begin" : 876,
    "end" : 897,
    "inCoref" : true
  }, {
    "id" : "s4-m7",
    "properties" : {
      "SIRE_MENTION_ROLE" : "relation",
      "SIRE_ENTITY_SUBTYPE" : "NONE",
      "SIRE_MENTION_TYPE" : "NONE",
      "SIRE_MENTION_CLASS" : "SPC"
    },
    "type" : "relation",
    "begin" : 898,
    "end" : 907,
    "inCoref" : false
  }, {
    "id" : "s4-m4",
    "properties" : {
      "SIRE_MENTION_ROLE" : "Variable",
      "SIRE_ENTITY_SUBTYPE" : "NONE",
      "SIRE_MENTION_TYPE" : "NONE",
      "SIRE_MENTION_CLASS" : "SPC"
    },
    "type" : "Variable",
    "begin" : 908,
    "end" : 923,
    "inCoref" : true
  }, {
    "id" : "m10",
    "properties" : {
      "SIRE_MENTION_ROLE" : "relation",
      "SIRE_MENTION_CLASS" : "SPC",
      "SIRE_ENTITY_SUBTYPE" : "NONE",
      "SIRE_MENTION_TYPE" : "NONE"
    },
    "type" : "relation",
    "begin" : 934,
    "end" : 944,
    "inCoref" : false
  }, {
    "id" : "s4-m6",
    "properties" : {
      "SIRE_MENTION_ROLE" : "Variable",
      "SIRE_ENTITY_SUBTYPE" : "NONE",
      "SIRE_MENTION_TYPE" : "NONE",
      "SIRE_MENTION_CLASS" : "SPC"
    },
    "type" : "Variable",
    "begin" : 949,
    "end" : 959,
    "inCoref" : true
  }, {
    "id" : "m11",
    "properties" : {
      "SIRE_MENTION_ROLE" : "evidence",
      "SIRE_MENTION_CLASS" : "SPC",
      "SIRE_ENTITY_SUBTYPE" : "NONE",
      "SIRE_MENTION_TYPE" : "NONE"
    },
    "type" : "evidence",
    "begin" : 965,
    "end" : 972,
    "inCoref" : false
  } ],
  "relations" : [ {
    "id" : "s1-r1",
    "properties" : { },
    "type" : "Causal",
    "args" : [ "s1-m3", "m3" ]
  }, {
    "id" : "s2-r1",
    "properties" : { },
    "type" : "Causal",
    "args" : [ "s2-m5", "m4" ]
  }, {
    "id" : "s3-r1",
    "properties" : { },
    "type" : "RelateCorrelation",
    "args" : [ "m8", "m9" ]
  }, {
    "id" : "s4-r1",
    "properties" : { },
    "type" : "Causal",
    "args" : [ "s4-m3", "s4-m4" ]
  }, {
    "id" : "s4-r2",
    "properties" : { },
    "type" : "Causal",
    "args" : [ "s4-m3", "s4-m6" ]
  } ],
  "corefs" : [ {
    "id" : "c1",
    "properties" : { },
    "mentions" : [ "m3", "m5", "m9", "s4-m5", "s4-m6", "m4" ]
  }, {
    "id" : "c2",
    "properties" : { },
    "mentions" : [ "s1-m3", "s2-m5", "s3-m4", "s4-m3" ]
  }, {
    "id" : "c3",
    "properties" : { },
    "mentions" : [ "s0-m5", "s4-m2", "s4-m4" ]
  }, {
    "id" : "c4",
    "properties" : { },
    "mentions" : [ "m8", "m1" ]
  } ],
  "typeResolved" : true,
  "userResolved" : false
}