{
  "id" : "f584c9b0-2c32-11ec-8ccb-e3b7183e4c89-21",
  "name" : "48. Milanovic, B. and Squire, L. (2005). .docx",
  "createdDate" : 0,
  "version" : 3,
  "text" : "The objective of the paper is to answer an often-asked question : if tariff rates are reduced, what will happen to wage inequality ? We consider two types of wage inequality : between occupations (skills premium), and between industries. We use two large data bases of wage inequality that have become recently available and a large dataset of average tariff rates all covering the period between 1980 and 2000. We find that tariff reduction is associated with higher inter-occupational and inter-industry inequality in poorer countries (those below the world median income) and the reverse in richer countries. The results for inter-occupational inequality though must be treated with caution.\n\n",
  "docLength" : 0,
  "language" : "EN",
  "status" : "IN_PROGRESS",
  "modifiedDate" : 1639144357967,
  "documentSet" : [ ],
  "preannotation" : [ "PRE_LW" ],
  "sentences" : [ {
    "id" : "s0",
    "begin" : 0,
    "end" : 132,
    "text" : "The objective of the paper is to answer an often-asked question : if tariff rates are reduced, what will happen to wage inequality ?",
    "tokens" : [ {
      "id" : "s0-t0",
      "begin" : 0,
      "end" : 3,
      "text" : "The",
      "whiteSpace" : false
    }, {
      "id" : "s0-t1",
      "begin" : 4,
      "end" : 13,
      "text" : "objective",
      "whiteSpace" : false
    }, {
      "id" : "s0-t2",
      "begin" : 14,
      "end" : 16,
      "text" : "of",
      "whiteSpace" : false
    }, {
      "id" : "s0-t3",
      "begin" : 17,
      "end" : 20,
      "text" : "the",
      "whiteSpace" : false
    }, {
      "id" : "s0-t4",
      "begin" : 21,
      "end" : 26,
      "text" : "paper",
      "whiteSpace" : false
    }, {
      "id" : "s0-t5",
      "begin" : 27,
      "end" : 29,
      "text" : "is",
      "whiteSpace" : false
    }, {
      "id" : "s0-t6",
      "begin" : 30,
      "end" : 32,
      "text" : "to",
      "whiteSpace" : false
    }, {
      "id" : "s0-t7",
      "begin" : 33,
      "end" : 39,
      "text" : "answer",
      "whiteSpace" : false
    }, {
      "id" : "s0-t8",
      "begin" : 40,
      "end" : 42,
      "text" : "an",
      "whiteSpace" : false
    }, {
      "id" : "s0-t9",
      "begin" : 43,
      "end" : 54,
      "text" : "often-asked",
      "whiteSpace" : false
    }, {
      "id" : "s0-t10",
      "begin" : 55,
      "end" : 63,
      "text" : "question",
      "whiteSpace" : false
    }, {
      "id" : "s0-t11",
      "begin" : 64,
      "end" : 65,
      "text" : ":",
      "whiteSpace" : false
    }, {
      "id" : "s0-t12",
      "begin" : 66,
      "end" : 68,
      "text" : "if",
      "whiteSpace" : false
    }, {
      "id" : "s0-t13",
      "begin" : 69,
      "end" : 75,
      "text" : "tariff",
      "whiteSpace" : false
    }, {
      "id" : "s0-t14",
      "begin" : 76,
      "end" : 81,
      "text" : "rates",
      "whiteSpace" : false
    }, {
      "id" : "s0-t15",
      "begin" : 82,
      "end" : 85,
      "text" : "are",
      "whiteSpace" : false
    }, {
      "id" : "s0-t16",
      "begin" : 86,
      "end" : 93,
      "text" : "reduced",
      "whiteSpace" : false
    }, {
      "id" : "s0-t17",
      "begin" : 93,
      "end" : 94,
      "text" : ",",
      "whiteSpace" : false
    }, {
      "id" : "s0-t18",
      "begin" : 95,
      "end" : 99,
      "text" : "what",
      "whiteSpace" : false
    }, {
      "id" : "s0-t19",
      "begin" : 100,
      "end" : 104,
      "text" : "will",
      "whiteSpace" : false
    }, {
      "id" : "s0-t20",
      "begin" : 105,
      "end" : 111,
      "text" : "happen",
      "whiteSpace" : false
    }, {
      "id" : "s0-t21",
      "begin" : 112,
      "end" : 114,
      "text" : "to",
      "whiteSpace" : false
    }, {
      "id" : "s0-t22",
      "begin" : 115,
      "end" : 119,
      "text" : "wage",
      "whiteSpace" : false
    }, {
      "id" : "s0-t23",
      "begin" : 120,
      "end" : 130,
      "text" : "inequality",
      "whiteSpace" : false
    }, {
      "id" : "s0-t24",
      "begin" : 131,
      "end" : 132,
      "text" : "?",
      "whiteSpace" : false
    } ]
  }, {
    "id" : "s1",
    "begin" : 133,
    "end" : 237,
    "text" : "We consider two types of wage inequality : between occupations (skills premium), and between industries.",
    "tokens" : [ {
      "id" : "s1-t0",
      "begin" : 133,
      "end" : 135,
      "text" : "We",
      "whiteSpace" : false
    }, {
      "id" : "s1-t1",
      "begin" : 136,
      "end" : 144,
      "text" : "consider",
      "whiteSpace" : false
    }, {
      "id" : "s1-t2",
      "begin" : 145,
      "end" : 148,
      "text" : "two",
      "whiteSpace" : false
    }, {
      "id" : "s1-t3",
      "begin" : 149,
      "end" : 154,
      "text" : "types",
      "whiteSpace" : false
    }, {
      "id" : "s1-t4",
      "begin" : 155,
      "end" : 157,
      "text" : "of",
      "whiteSpace" : false
    }, {
      "id" : "s1-t5",
      "begin" : 158,
      "end" : 162,
      "text" : "wage",
      "whiteSpace" : false
    }, {
      "id" : "s1-t6",
      "begin" : 163,
      "end" : 173,
      "text" : "inequality",
      "whiteSpace" : false
    }, {
      "id" : "s1-t7",
      "begin" : 174,
      "end" : 175,
      "text" : ":",
      "whiteSpace" : false
    }, {
      "id" : "s1-t8",
      "begin" : 176,
      "end" : 183,
      "text" : "between",
      "whiteSpace" : false
    }, {
      "id" : "s1-t9",
      "begin" : 184,
      "end" : 195,
      "text" : "occupations",
      "whiteSpace" : false
    }, {
      "id" : "s1-t10",
      "begin" : 196,
      "end" : 197,
      "text" : "(",
      "whiteSpace" : false
    }, {
      "id" : "s1-t11",
      "begin" : 197,
      "end" : 203,
      "text" : "skills",
      "whiteSpace" : false
    }, {
      "id" : "s1-t12",
      "begin" : 204,
      "end" : 211,
      "text" : "premium",
      "whiteSpace" : false
    }, {
      "id" : "s1-t13",
      "begin" : 211,
      "end" : 212,
      "text" : ")",
      "whiteSpace" : false
    }, {
      "id" : "s1-t14",
      "begin" : 212,
      "end" : 213,
      "text" : ",",
      "whiteSpace" : false
    }, {
      "id" : "s1-t15",
      "begin" : 214,
      "end" : 217,
      "text" : "and",
      "whiteSpace" : false
    }, {
      "id" : "s1-t16",
      "begin" : 218,
      "end" : 225,
      "text" : "between",
      "whiteSpace" : false
    }, {
      "id" : "s1-t17",
      "begin" : 226,
      "end" : 236,
      "text" : "industries",
      "whiteSpace" : false
    }, {
      "id" : "s1-t18",
      "begin" : 236,
      "end" : 237,
      "text" : ".",
      "whiteSpace" : false
    } ]
  }, {
    "id" : "s2",
    "begin" : 238,
    "end" : 411,
    "text" : "We use two large data bases of wage inequality that have become recently available and a large dataset of average tariff rates all covering the period between 1980 and 2000.",
    "tokens" : [ {
      "id" : "s2-t0",
      "begin" : 238,
      "end" : 240,
      "text" : "We",
      "whiteSpace" : false
    }, {
      "id" : "s2-t1",
      "begin" : 241,
      "end" : 244,
      "text" : "use",
      "whiteSpace" : false
    }, {
      "id" : "s2-t2",
      "begin" : 245,
      "end" : 248,
      "text" : "two",
      "whiteSpace" : false
    }, {
      "id" : "s2-t3",
      "begin" : 249,
      "end" : 254,
      "text" : "large",
      "whiteSpace" : false
    }, {
      "id" : "s2-t4",
      "begin" : 255,
      "end" : 259,
      "text" : "data",
      "whiteSpace" : false
    }, {
      "id" : "s2-t5",
      "begin" : 260,
      "end" : 265,
      "text" : "bases",
      "whiteSpace" : false
    }, {
      "id" : "s2-t6",
      "begin" : 266,
      "end" : 268,
      "text" : "of",
      "whiteSpace" : false
    }, {
      "id" : "s2-t7",
      "begin" : 269,
      "end" : 273,
      "text" : "wage",
      "whiteSpace" : false
    }, {
      "id" : "s2-t8",
      "begin" : 274,
      "end" : 284,
      "text" : "inequality",
      "whiteSpace" : false
    }, {
      "id" : "s2-t9",
      "begin" : 285,
      "end" : 289,
      "text" : "that",
      "whiteSpace" : false
    }, {
      "id" : "s2-t10",
      "begin" : 290,
      "end" : 294,
      "text" : "have",
      "whiteSpace" : false
    }, {
      "id" : "s2-t11",
      "begin" : 295,
      "end" : 301,
      "text" : "become",
      "whiteSpace" : false
    }, {
      "id" : "s2-t12",
      "begin" : 302,
      "end" : 310,
      "text" : "recently",
      "whiteSpace" : false
    }, {
      "id" : "s2-t13",
      "begin" : 311,
      "end" : 320,
      "text" : "available",
      "whiteSpace" : false
    }, {
      "id" : "s2-t14",
      "begin" : 321,
      "end" : 324,
      "text" : "and",
      "whiteSpace" : false
    }, {
      "id" : "s2-t15",
      "begin" : 325,
      "end" : 326,
      "text" : "a",
      "whiteSpace" : false
    }, {
      "id" : "s2-t16",
      "begin" : 327,
      "end" : 332,
      "text" : "large",
      "whiteSpace" : false
    }, {
      "id" : "s2-t17",
      "begin" : 333,
      "end" : 340,
      "text" : "dataset",
      "whiteSpace" : false
    }, {
      "id" : "s2-t18",
      "begin" : 341,
      "end" : 343,
      "text" : "of",
      "whiteSpace" : false
    }, {
      "id" : "s2-t19",
      "begin" : 344,
      "end" : 351,
      "text" : "average",
      "whiteSpace" : false
    }, {
      "id" : "s2-t20",
      "begin" : 352,
      "end" : 358,
      "text" : "tariff",
      "whiteSpace" : false
    }, {
      "id" : "s2-t21",
      "begin" : 359,
      "end" : 364,
      "text" : "rates",
      "whiteSpace" : false
    }, {
      "id" : "s2-t22",
      "begin" : 365,
      "end" : 368,
      "text" : "all",
      "whiteSpace" : false
    }, {
      "id" : "s2-t23",
      "begin" : 369,
      "end" : 377,
      "text" : "covering",
      "whiteSpace" : false
    }, {
      "id" : "s2-t24",
      "begin" : 378,
      "end" : 381,
      "text" : "the",
      "whiteSpace" : false
    }, {
      "id" : "s2-t25",
      "begin" : 382,
      "end" : 388,
      "text" : "period",
      "whiteSpace" : false
    }, {
      "id" : "s2-t26",
      "begin" : 389,
      "end" : 396,
      "text" : "between",
      "whiteSpace" : false
    }, {
      "id" : "s2-t27",
      "begin" : 397,
      "end" : 401,
      "text" : "1980",
      "whiteSpace" : false
    }, {
      "id" : "s2-t28",
      "begin" : 402,
      "end" : 405,
      "text" : "and",
      "whiteSpace" : false
    }, {
      "id" : "s2-t29",
      "begin" : 406,
      "end" : 410,
      "text" : "2000",
      "whiteSpace" : false
    }, {
      "id" : "s2-t30",
      "begin" : 410,
      "end" : 411,
      "text" : ".",
      "whiteSpace" : false
    } ]
  }, {
    "id" : "s3",
    "begin" : 412,
    "end" : 611,
    "text" : "We find that tariff reduction is associated with higher inter-occupational and inter-industry inequality in poorer countries (those below the world median income) and the reverse in richer countries.",
    "tokens" : [ {
      "id" : "s3-t0",
      "begin" : 412,
      "end" : 414,
      "text" : "We",
      "whiteSpace" : false
    }, {
      "id" : "s3-t1",
      "begin" : 415,
      "end" : 419,
      "text" : "find",
      "whiteSpace" : false
    }, {
      "id" : "s3-t2",
      "begin" : 420,
      "end" : 424,
      "text" : "that",
      "whiteSpace" : false
    }, {
      "id" : "s3-t3",
      "begin" : 425,
      "end" : 431,
      "text" : "tariff",
      "whiteSpace" : false
    }, {
      "id" : "s3-t4",
      "begin" : 432,
      "end" : 441,
      "text" : "reduction",
      "whiteSpace" : false
    }, {
      "id" : "s3-t5",
      "begin" : 442,
      "end" : 444,
      "text" : "is",
      "whiteSpace" : false
    }, {
      "id" : "s3-t6",
      "begin" : 445,
      "end" : 455,
      "text" : "associated",
      "whiteSpace" : false
    }, {
      "id" : "s3-t7",
      "begin" : 456,
      "end" : 460,
      "text" : "with",
      "whiteSpace" : false
    }, {
      "id" : "s3-t8",
      "begin" : 461,
      "end" : 467,
      "text" : "higher",
      "whiteSpace" : false
    }, {
      "id" : "s3-t9",
      "begin" : 468,
      "end" : 473,
      "text" : "inter",
      "whiteSpace" : false
    }, {
      "id" : "s3-t10",
      "begin" : 473,
      "end" : 474,
      "text" : "-",
      "whiteSpace" : false
    }, {
      "id" : "s3-t11",
      "begin" : 474,
      "end" : 486,
      "text" : "occupational",
      "whiteSpace" : false
    }, {
      "id" : "s3-t12",
      "begin" : 487,
      "end" : 490,
      "text" : "and",
      "whiteSpace" : false
    }, {
      "id" : "s3-t13",
      "begin" : 491,
      "end" : 505,
      "text" : "inter-industry",
      "whiteSpace" : false
    }, {
      "id" : "s3-t14",
      "begin" : 506,
      "end" : 516,
      "text" : "inequality",
      "whiteSpace" : false
    }, {
      "id" : "s3-t15",
      "begin" : 517,
      "end" : 519,
      "text" : "in",
      "whiteSpace" : false
    }, {
      "id" : "s3-t16",
      "begin" : 520,
      "end" : 526,
      "text" : "poorer",
      "whiteSpace" : false
    }, {
      "id" : "s3-t17",
      "begin" : 527,
      "end" : 536,
      "text" : "countries",
      "whiteSpace" : false
    }, {
      "id" : "s3-t18",
      "begin" : 537,
      "end" : 538,
      "text" : "(",
      "whiteSpace" : false
    }, {
      "id" : "s3-t19",
      "begin" : 538,
      "end" : 543,
      "text" : "those",
      "whiteSpace" : false
    }, {
      "id" : "s3-t20",
      "begin" : 544,
      "end" : 549,
      "text" : "below",
      "whiteSpace" : false
    }, {
      "id" : "s3-t21",
      "begin" : 550,
      "end" : 553,
      "text" : "the",
      "whiteSpace" : false
    }, {
      "id" : "s3-t22",
      "begin" : 554,
      "end" : 559,
      "text" : "world",
      "whiteSpace" : false
    }, {
      "id" : "s3-t23",
      "begin" : 560,
      "end" : 566,
      "text" : "median",
      "whiteSpace" : false
    }, {
      "id" : "s3-t24",
      "begin" : 567,
      "end" : 573,
      "text" : "income",
      "whiteSpace" : false
    }, {
      "id" : "s3-t25",
      "begin" : 573,
      "end" : 574,
      "text" : ")",
      "whiteSpace" : false
    }, {
      "id" : "s3-t26",
      "begin" : 575,
      "end" : 578,
      "text" : "and",
      "whiteSpace" : false
    }, {
      "id" : "s3-t27",
      "begin" : 579,
      "end" : 582,
      "text" : "the",
      "whiteSpace" : false
    }, {
      "id" : "s3-t28",
      "begin" : 583,
      "end" : 590,
      "text" : "reverse",
      "whiteSpace" : false
    }, {
      "id" : "s3-t29",
      "begin" : 591,
      "end" : 593,
      "text" : "in",
      "whiteSpace" : false
    }, {
      "id" : "s3-t30",
      "begin" : 594,
      "end" : 600,
      "text" : "richer",
      "whiteSpace" : false
    }, {
      "id" : "s3-t31",
      "begin" : 601,
      "end" : 610,
      "text" : "countries",
      "whiteSpace" : false
    }, {
      "id" : "s3-t32",
      "begin" : 610,
      "end" : 611,
      "text" : ".",
      "whiteSpace" : false
    } ]
  }, {
    "id" : "s4",
    "begin" : 612,
    "end" : 694,
    "text" : "The results for inter-occupational inequality though must be treated with caution.",
    "tokens" : [ {
      "id" : "s4-t0",
      "begin" : 612,
      "end" : 615,
      "text" : "The",
      "whiteSpace" : false
    }, {
      "id" : "s4-t1",
      "begin" : 616,
      "end" : 623,
      "text" : "results",
      "whiteSpace" : false
    }, {
      "id" : "s4-t2",
      "begin" : 624,
      "end" : 627,
      "text" : "for",
      "whiteSpace" : false
    }, {
      "id" : "s4-t3",
      "begin" : 628,
      "end" : 633,
      "text" : "inter",
      "whiteSpace" : false
    }, {
      "id" : "s4-t4",
      "begin" : 633,
      "end" : 634,
      "text" : "-",
      "whiteSpace" : false
    }, {
      "id" : "s4-t5",
      "begin" : 634,
      "end" : 646,
      "text" : "occupational",
      "whiteSpace" : false
    }, {
      "id" : "s4-t6",
      "begin" : 647,
      "end" : 657,
      "text" : "inequality",
      "whiteSpace" : false
    }, {
      "id" : "s4-t7",
      "begin" : 658,
      "end" : 664,
      "text" : "though",
      "whiteSpace" : false
    }, {
      "id" : "s4-t8",
      "begin" : 665,
      "end" : 669,
      "text" : "must",
      "whiteSpace" : false
    }, {
      "id" : "s4-t9",
      "begin" : 670,
      "end" : 672,
      "text" : "be",
      "whiteSpace" : false
    }, {
      "id" : "s4-t10",
      "begin" : 673,
      "end" : 680,
      "text" : "treated",
      "whiteSpace" : false
    }, {
      "id" : "s4-t11",
      "begin" : 681,
      "end" : 685,
      "text" : "with",
      "whiteSpace" : false
    }, {
      "id" : "s4-t12",
      "begin" : 686,
      "end" : 693,
      "text" : "caution",
      "whiteSpace" : false
    }, {
      "id" : "s4-t13",
      "begin" : 693,
      "end" : 694,
      "text" : ".",
      "whiteSpace" : false
    } ]
  } ],
  "mentions" : [ {
    "id" : "s0-m2",
    "properties" : {
      "SIRE_MENTION_ROLE" : "evidence",
      "SIRE_ENTITY_SUBTYPE" : "NONE",
      "SIRE_MENTION_TYPE" : "NONE",
      "SIRE_MENTION_CLASS" : "SPC"
    },
    "type" : "evidence",
    "begin" : 4,
    "end" : 13,
    "inCoref" : false
  }, {
    "id" : "s0-m3",
    "properties" : {
      "SIRE_MENTION_ROLE" : "Variable",
      "SIRE_ENTITY_SUBTYPE" : "NONE",
      "SIRE_MENTION_TYPE" : "NONE",
      "SIRE_MENTION_CLASS" : "SPC"
    },
    "type" : "Variable",
    "begin" : 69,
    "end" : 81,
    "inCoref" : true
  }, {
    "id" : "m1",
    "properties" : {
      "SIRE_MENTION_ROLE" : "Variable",
      "SIRE_MENTION_CLASS" : "SPC",
      "SIRE_ENTITY_SUBTYPE" : "NONE",
      "SIRE_MENTION_TYPE" : "NONE"
    },
    "type" : "Variable",
    "begin" : 115,
    "end" : 130,
    "inCoref" : true
  }, {
    "id" : "m2",
    "properties" : {
      "SIRE_MENTION_ROLE" : "Variable",
      "SIRE_MENTION_CLASS" : "SPC",
      "SIRE_ENTITY_SUBTYPE" : "NONE",
      "SIRE_MENTION_TYPE" : "NONE"
    },
    "type" : "Variable",
    "begin" : 158,
    "end" : 173,
    "inCoref" : true
  }, {
    "id" : "m3",
    "properties" : {
      "SIRE_MENTION_ROLE" : "Variable",
      "SIRE_MENTION_CLASS" : "SPC",
      "SIRE_ENTITY_SUBTYPE" : "NONE",
      "SIRE_MENTION_TYPE" : "NONE"
    },
    "type" : "Variable",
    "begin" : 269,
    "end" : 284,
    "inCoref" : true
  }, {
    "id" : "m4",
    "properties" : {
      "SIRE_MENTION_ROLE" : "evidence",
      "SIRE_MENTION_CLASS" : "SPC",
      "SIRE_ENTITY_SUBTYPE" : "NONE",
      "SIRE_MENTION_TYPE" : "NONE"
    },
    "type" : "evidence",
    "begin" : 415,
    "end" : 419,
    "inCoref" : false
  }, {
    "id" : "s3-m5",
    "properties" : {
      "SIRE_MENTION_ROLE" : "Variable",
      "SIRE_ENTITY_SUBTYPE" : "NONE",
      "SIRE_MENTION_TYPE" : "NONE",
      "SIRE_MENTION_CLASS" : "SPC"
    },
    "type" : "Variable",
    "begin" : 425,
    "end" : 431,
    "inCoref" : true
  }, {
    "id" : "m5",
    "properties" : {
      "SIRE_MENTION_ROLE" : "relation",
      "SIRE_MENTION_CLASS" : "SPC",
      "SIRE_ENTITY_SUBTYPE" : "NONE",
      "SIRE_MENTION_TYPE" : "NONE"
    },
    "type" : "relation",
    "begin" : 445,
    "end" : 460,
    "inCoref" : false
  }, {
    "id" : "m6",
    "properties" : {
      "SIRE_MENTION_ROLE" : "relation",
      "SIRE_MENTION_CLASS" : "SPC",
      "SIRE_ENTITY_SUBTYPE" : "NONE",
      "SIRE_MENTION_TYPE" : "NONE"
    },
    "type" : "relation",
    "begin" : 461,
    "end" : 467,
    "inCoref" : false
  }, {
    "id" : "s3-m6",
    "properties" : {
      "SIRE_MENTION_ROLE" : "Variable",
      "SIRE_ENTITY_SUBTYPE" : "NONE",
      "SIRE_MENTION_TYPE" : "NONE",
      "SIRE_MENTION_CLASS" : "SPC"
    },
    "type" : "Variable",
    "begin" : 468,
    "end" : 516,
    "inCoref" : false
  }, {
    "id" : "s3-m7",
    "properties" : {
      "SIRE_MENTION_ROLE" : "Variable",
      "SIRE_ENTITY_SUBTYPE" : "NONE",
      "SIRE_MENTION_TYPE" : "NONE",
      "SIRE_MENTION_CLASS" : "SPC"
    },
    "type" : "Variable",
    "begin" : 567,
    "end" : 573,
    "inCoref" : false
  }, {
    "id" : "m8",
    "properties" : {
      "SIRE_MENTION_ROLE" : "evidence",
      "SIRE_MENTION_CLASS" : "SPC",
      "SIRE_ENTITY_SUBTYPE" : "NONE",
      "SIRE_MENTION_TYPE" : "NONE"
    },
    "type" : "evidence",
    "begin" : 616,
    "end" : 623,
    "inCoref" : false
  }, {
    "id" : "s4-m3",
    "properties" : {
      "SIRE_MENTION_ROLE" : "Variable",
      "SIRE_ENTITY_SUBTYPE" : "NONE",
      "SIRE_MENTION_TYPE" : "NONE",
      "SIRE_MENTION_CLASS" : "SPC"
    },
    "type" : "Variable",
    "begin" : 628,
    "end" : 657,
    "inCoref" : false
  } ],
  "relations" : [ {
    "id" : "s3-r2",
    "properties" : { },
    "type" : "Causal",
    "args" : [ "s3-m5", "s3-m6" ]
  } ],
  "corefs" : [ {
    "id" : "c1",
    "properties" : { },
    "mentions" : [ "m1", "m2", "m3" ]
  }, {
    "id" : "c2",
    "properties" : { },
    "mentions" : [ "s0-m3", "s3-m5" ]
  } ],
  "typeResolved" : true,
  "userResolved" : false
}