{
  "id" : "f584c9b0-2c32-11ec-8ccb-e3b7183e4c89-23",
  "name" : "50. Mughal, M. Y. and Diawara, B. (2011). .docx",
  "createdDate" : 0,
  "version" : 3,
  "text" : "\nThis paper investigates the relationship between human capital and economic inequality in the developing countries. The paper analyses an unbalanced panel of 64 countries for the period 1970-2005. The results show that primary, secondary and tertiary level education is negatively associated with inequality (primary being the strongest). Besides, average years of education and government expenditure on education are also found to be inequality reducing, both in the immediate and the medium run. Thus, to give citizens better and more equal opportunities, policy-makers in the developing countries and the development agencies need to give higher importance to primary education.\n\n",
  "docLength" : 0,
  "language" : "EN",
  "status" : "IN_PROGRESS",
  "modifiedDate" : 1639151967572,
  "documentSet" : [ ],
  "preannotation" : [ "PRE_LW" ],
  "sentences" : [ {
    "id" : "s0",
    "begin" : 1,
    "end" : 116,
    "text" : "This paper investigates the relationship between human capital and economic inequality in the developing countries.",
    "tokens" : [ {
      "id" : "s0-t0",
      "begin" : 1,
      "end" : 5,
      "text" : "This",
      "whiteSpace" : false
    }, {
      "id" : "s0-t1",
      "begin" : 6,
      "end" : 11,
      "text" : "paper",
      "whiteSpace" : false
    }, {
      "id" : "s0-t2",
      "begin" : 12,
      "end" : 24,
      "text" : "investigates",
      "whiteSpace" : false
    }, {
      "id" : "s0-t3",
      "begin" : 25,
      "end" : 28,
      "text" : "the",
      "whiteSpace" : false
    }, {
      "id" : "s0-t4",
      "begin" : 29,
      "end" : 41,
      "text" : "relationship",
      "whiteSpace" : false
    }, {
      "id" : "s0-t5",
      "begin" : 42,
      "end" : 49,
      "text" : "between",
      "whiteSpace" : false
    }, {
      "id" : "s0-t6",
      "begin" : 50,
      "end" : 55,
      "text" : "human",
      "whiteSpace" : false
    }, {
      "id" : "s0-t7",
      "begin" : 56,
      "end" : 63,
      "text" : "capital",
      "whiteSpace" : false
    }, {
      "id" : "s0-t8",
      "begin" : 64,
      "end" : 67,
      "text" : "and",
      "whiteSpace" : false
    }, {
      "id" : "s0-t9",
      "begin" : 68,
      "end" : 76,
      "text" : "economic",
      "whiteSpace" : false
    }, {
      "id" : "s0-t10",
      "begin" : 77,
      "end" : 87,
      "text" : "inequality",
      "whiteSpace" : false
    }, {
      "id" : "s0-t11",
      "begin" : 88,
      "end" : 90,
      "text" : "in",
      "whiteSpace" : false
    }, {
      "id" : "s0-t12",
      "begin" : 91,
      "end" : 94,
      "text" : "the",
      "whiteSpace" : false
    }, {
      "id" : "s0-t13",
      "begin" : 95,
      "end" : 105,
      "text" : "developing",
      "whiteSpace" : false
    }, {
      "id" : "s0-t14",
      "begin" : 106,
      "end" : 115,
      "text" : "countries",
      "whiteSpace" : false
    }, {
      "id" : "s0-t15",
      "begin" : 115,
      "end" : 116,
      "text" : ".",
      "whiteSpace" : false
    } ]
  }, {
    "id" : "s1",
    "begin" : 117,
    "end" : 197,
    "text" : "The paper analyses an unbalanced panel of 64 countries for the period 1970-2005.",
    "tokens" : [ {
      "id" : "s1-t0",
      "begin" : 117,
      "end" : 120,
      "text" : "The",
      "whiteSpace" : false
    }, {
      "id" : "s1-t1",
      "begin" : 121,
      "end" : 126,
      "text" : "paper",
      "whiteSpace" : false
    }, {
      "id" : "s1-t2",
      "begin" : 127,
      "end" : 135,
      "text" : "analyses",
      "whiteSpace" : false
    }, {
      "id" : "s1-t3",
      "begin" : 136,
      "end" : 138,
      "text" : "an",
      "whiteSpace" : false
    }, {
      "id" : "s1-t4",
      "begin" : 139,
      "end" : 149,
      "text" : "unbalanced",
      "whiteSpace" : false
    }, {
      "id" : "s1-t5",
      "begin" : 150,
      "end" : 155,
      "text" : "panel",
      "whiteSpace" : false
    }, {
      "id" : "s1-t6",
      "begin" : 156,
      "end" : 158,
      "text" : "of",
      "whiteSpace" : false
    }, {
      "id" : "s1-t7",
      "begin" : 159,
      "end" : 161,
      "text" : "64",
      "whiteSpace" : false
    }, {
      "id" : "s1-t8",
      "begin" : 162,
      "end" : 171,
      "text" : "countries",
      "whiteSpace" : false
    }, {
      "id" : "s1-t9",
      "begin" : 172,
      "end" : 175,
      "text" : "for",
      "whiteSpace" : false
    }, {
      "id" : "s1-t10",
      "begin" : 176,
      "end" : 179,
      "text" : "the",
      "whiteSpace" : false
    }, {
      "id" : "s1-t11",
      "begin" : 180,
      "end" : 186,
      "text" : "period",
      "whiteSpace" : false
    }, {
      "id" : "s1-t12",
      "begin" : 187,
      "end" : 196,
      "text" : "1970-2005",
      "whiteSpace" : false
    }, {
      "id" : "s1-t13",
      "begin" : 196,
      "end" : 197,
      "text" : ".",
      "whiteSpace" : false
    } ]
  }, {
    "id" : "s2",
    "begin" : 198,
    "end" : 339,
    "text" : "The results show that primary, secondary and tertiary level education is negatively associated with inequality (primary being the strongest).",
    "tokens" : [ {
      "id" : "s2-t0",
      "begin" : 198,
      "end" : 201,
      "text" : "The",
      "whiteSpace" : false
    }, {
      "id" : "s2-t1",
      "begin" : 202,
      "end" : 209,
      "text" : "results",
      "whiteSpace" : false
    }, {
      "id" : "s2-t2",
      "begin" : 210,
      "end" : 214,
      "text" : "show",
      "whiteSpace" : false
    }, {
      "id" : "s2-t3",
      "begin" : 215,
      "end" : 219,
      "text" : "that",
      "whiteSpace" : false
    }, {
      "id" : "s2-t4",
      "begin" : 220,
      "end" : 227,
      "text" : "primary",
      "whiteSpace" : false
    }, {
      "id" : "s2-t5",
      "begin" : 227,
      "end" : 228,
      "text" : ",",
      "whiteSpace" : false
    }, {
      "id" : "s2-t6",
      "begin" : 229,
      "end" : 238,
      "text" : "secondary",
      "whiteSpace" : false
    }, {
      "id" : "s2-t7",
      "begin" : 239,
      "end" : 242,
      "text" : "and",
      "whiteSpace" : false
    }, {
      "id" : "s2-t8",
      "begin" : 243,
      "end" : 251,
      "text" : "tertiary",
      "whiteSpace" : false
    }, {
      "id" : "s2-t9",
      "begin" : 252,
      "end" : 257,
      "text" : "level",
      "whiteSpace" : false
    }, {
      "id" : "s2-t10",
      "begin" : 258,
      "end" : 267,
      "text" : "education",
      "whiteSpace" : false
    }, {
      "id" : "s2-t11",
      "begin" : 268,
      "end" : 270,
      "text" : "is",
      "whiteSpace" : false
    }, {
      "id" : "s2-t12",
      "begin" : 271,
      "end" : 281,
      "text" : "negatively",
      "whiteSpace" : false
    }, {
      "id" : "s2-t13",
      "begin" : 282,
      "end" : 292,
      "text" : "associated",
      "whiteSpace" : false
    }, {
      "id" : "s2-t14",
      "begin" : 293,
      "end" : 297,
      "text" : "with",
      "whiteSpace" : false
    }, {
      "id" : "s2-t15",
      "begin" : 298,
      "end" : 308,
      "text" : "inequality",
      "whiteSpace" : false
    }, {
      "id" : "s2-t16",
      "begin" : 309,
      "end" : 310,
      "text" : "(",
      "whiteSpace" : false
    }, {
      "id" : "s2-t17",
      "begin" : 310,
      "end" : 317,
      "text" : "primary",
      "whiteSpace" : false
    }, {
      "id" : "s2-t18",
      "begin" : 318,
      "end" : 323,
      "text" : "being",
      "whiteSpace" : false
    }, {
      "id" : "s2-t19",
      "begin" : 324,
      "end" : 327,
      "text" : "the",
      "whiteSpace" : false
    }, {
      "id" : "s2-t20",
      "begin" : 328,
      "end" : 337,
      "text" : "strongest",
      "whiteSpace" : false
    }, {
      "id" : "s2-t21",
      "begin" : 337,
      "end" : 338,
      "text" : ")",
      "whiteSpace" : false
    }, {
      "id" : "s2-t22",
      "begin" : 338,
      "end" : 339,
      "text" : ".",
      "whiteSpace" : false
    } ]
  }, {
    "id" : "s3",
    "begin" : 340,
    "end" : 499,
    "text" : "Besides, average years of education and government expenditure on education are also found to be inequality reducing, both in the immediate and the medium run.",
    "tokens" : [ {
      "id" : "s3-t0",
      "begin" : 340,
      "end" : 347,
      "text" : "Besides",
      "whiteSpace" : false
    }, {
      "id" : "s3-t1",
      "begin" : 347,
      "end" : 348,
      "text" : ",",
      "whiteSpace" : false
    }, {
      "id" : "s3-t2",
      "begin" : 349,
      "end" : 356,
      "text" : "average",
      "whiteSpace" : false
    }, {
      "id" : "s3-t3",
      "begin" : 357,
      "end" : 362,
      "text" : "years",
      "whiteSpace" : false
    }, {
      "id" : "s3-t4",
      "begin" : 363,
      "end" : 365,
      "text" : "of",
      "whiteSpace" : false
    }, {
      "id" : "s3-t5",
      "begin" : 366,
      "end" : 375,
      "text" : "education",
      "whiteSpace" : false
    }, {
      "id" : "s3-t6",
      "begin" : 376,
      "end" : 379,
      "text" : "and",
      "whiteSpace" : false
    }, {
      "id" : "s3-t7",
      "begin" : 380,
      "end" : 390,
      "text" : "government",
      "whiteSpace" : false
    }, {
      "id" : "s3-t8",
      "begin" : 391,
      "end" : 402,
      "text" : "expenditure",
      "whiteSpace" : false
    }, {
      "id" : "s3-t9",
      "begin" : 403,
      "end" : 405,
      "text" : "on",
      "whiteSpace" : false
    }, {
      "id" : "s3-t10",
      "begin" : 406,
      "end" : 415,
      "text" : "education",
      "whiteSpace" : false
    }, {
      "id" : "s3-t11",
      "begin" : 416,
      "end" : 419,
      "text" : "are",
      "whiteSpace" : false
    }, {
      "id" : "s3-t12",
      "begin" : 420,
      "end" : 424,
      "text" : "also",
      "whiteSpace" : false
    }, {
      "id" : "s3-t13",
      "begin" : 425,
      "end" : 430,
      "text" : "found",
      "whiteSpace" : false
    }, {
      "id" : "s3-t14",
      "begin" : 431,
      "end" : 433,
      "text" : "to",
      "whiteSpace" : false
    }, {
      "id" : "s3-t15",
      "begin" : 434,
      "end" : 436,
      "text" : "be",
      "whiteSpace" : false
    }, {
      "id" : "s3-t16",
      "begin" : 437,
      "end" : 447,
      "text" : "inequality",
      "whiteSpace" : false
    }, {
      "id" : "s3-t17",
      "begin" : 448,
      "end" : 456,
      "text" : "reducing",
      "whiteSpace" : false
    }, {
      "id" : "s3-t18",
      "begin" : 456,
      "end" : 457,
      "text" : ",",
      "whiteSpace" : false
    }, {
      "id" : "s3-t19",
      "begin" : 458,
      "end" : 462,
      "text" : "both",
      "whiteSpace" : false
    }, {
      "id" : "s3-t20",
      "begin" : 463,
      "end" : 465,
      "text" : "in",
      "whiteSpace" : false
    }, {
      "id" : "s3-t21",
      "begin" : 466,
      "end" : 469,
      "text" : "the",
      "whiteSpace" : false
    }, {
      "id" : "s3-t22",
      "begin" : 470,
      "end" : 479,
      "text" : "immediate",
      "whiteSpace" : false
    }, {
      "id" : "s3-t23",
      "begin" : 480,
      "end" : 483,
      "text" : "and",
      "whiteSpace" : false
    }, {
      "id" : "s3-t24",
      "begin" : 484,
      "end" : 487,
      "text" : "the",
      "whiteSpace" : false
    }, {
      "id" : "s3-t25",
      "begin" : 488,
      "end" : 494,
      "text" : "medium",
      "whiteSpace" : false
    }, {
      "id" : "s3-t26",
      "begin" : 495,
      "end" : 498,
      "text" : "run",
      "whiteSpace" : false
    }, {
      "id" : "s3-t27",
      "begin" : 498,
      "end" : 499,
      "text" : ".",
      "whiteSpace" : false
    } ]
  }, {
    "id" : "s4",
    "begin" : 500,
    "end" : 683,
    "text" : "Thus, to give citizens better and more equal opportunities, policy-makers in the developing countries and the development agencies need to give higher importance to primary education.",
    "tokens" : [ {
      "id" : "s4-t0",
      "begin" : 500,
      "end" : 504,
      "text" : "Thus",
      "whiteSpace" : false
    }, {
      "id" : "s4-t1",
      "begin" : 504,
      "end" : 505,
      "text" : ",",
      "whiteSpace" : false
    }, {
      "id" : "s4-t2",
      "begin" : 506,
      "end" : 508,
      "text" : "to",
      "whiteSpace" : false
    }, {
      "id" : "s4-t3",
      "begin" : 509,
      "end" : 513,
      "text" : "give",
      "whiteSpace" : false
    }, {
      "id" : "s4-t4",
      "begin" : 514,
      "end" : 522,
      "text" : "citizens",
      "whiteSpace" : false
    }, {
      "id" : "s4-t5",
      "begin" : 523,
      "end" : 529,
      "text" : "better",
      "whiteSpace" : false
    }, {
      "id" : "s4-t6",
      "begin" : 530,
      "end" : 533,
      "text" : "and",
      "whiteSpace" : false
    }, {
      "id" : "s4-t7",
      "begin" : 534,
      "end" : 538,
      "text" : "more",
      "whiteSpace" : false
    }, {
      "id" : "s4-t8",
      "begin" : 539,
      "end" : 544,
      "text" : "equal",
      "whiteSpace" : false
    }, {
      "id" : "s4-t9",
      "begin" : 545,
      "end" : 558,
      "text" : "opportunities",
      "whiteSpace" : false
    }, {
      "id" : "s4-t10",
      "begin" : 558,
      "end" : 559,
      "text" : ",",
      "whiteSpace" : false
    }, {
      "id" : "s4-t11",
      "begin" : 560,
      "end" : 573,
      "text" : "policy-makers",
      "whiteSpace" : false
    }, {
      "id" : "s4-t12",
      "begin" : 574,
      "end" : 576,
      "text" : "in",
      "whiteSpace" : false
    }, {
      "id" : "s4-t13",
      "begin" : 577,
      "end" : 580,
      "text" : "the",
      "whiteSpace" : false
    }, {
      "id" : "s4-t14",
      "begin" : 581,
      "end" : 591,
      "text" : "developing",
      "whiteSpace" : false
    }, {
      "id" : "s4-t15",
      "begin" : 592,
      "end" : 601,
      "text" : "countries",
      "whiteSpace" : false
    }, {
      "id" : "s4-t16",
      "begin" : 602,
      "end" : 605,
      "text" : "and",
      "whiteSpace" : false
    }, {
      "id" : "s4-t17",
      "begin" : 606,
      "end" : 609,
      "text" : "the",
      "whiteSpace" : false
    }, {
      "id" : "s4-t18",
      "begin" : 610,
      "end" : 621,
      "text" : "development",
      "whiteSpace" : false
    }, {
      "id" : "s4-t19",
      "begin" : 622,
      "end" : 630,
      "text" : "agencies",
      "whiteSpace" : false
    }, {
      "id" : "s4-t20",
      "begin" : 631,
      "end" : 635,
      "text" : "need",
      "whiteSpace" : false
    }, {
      "id" : "s4-t21",
      "begin" : 636,
      "end" : 638,
      "text" : "to",
      "whiteSpace" : false
    }, {
      "id" : "s4-t22",
      "begin" : 639,
      "end" : 643,
      "text" : "give",
      "whiteSpace" : false
    }, {
      "id" : "s4-t23",
      "begin" : 644,
      "end" : 650,
      "text" : "higher",
      "whiteSpace" : false
    }, {
      "id" : "s4-t24",
      "begin" : 651,
      "end" : 661,
      "text" : "importance",
      "whiteSpace" : false
    }, {
      "id" : "s4-t25",
      "begin" : 662,
      "end" : 664,
      "text" : "to",
      "whiteSpace" : false
    }, {
      "id" : "s4-t26",
      "begin" : 665,
      "end" : 672,
      "text" : "primary",
      "whiteSpace" : false
    }, {
      "id" : "s4-t27",
      "begin" : 673,
      "end" : 682,
      "text" : "education",
      "whiteSpace" : false
    }, {
      "id" : "s4-t28",
      "begin" : 682,
      "end" : 683,
      "text" : ".",
      "whiteSpace" : false
    } ]
  } ],
  "mentions" : [ {
    "id" : "s0-m3",
    "properties" : {
      "SIRE_MENTION_ROLE" : "evidence",
      "SIRE_ENTITY_SUBTYPE" : "NONE",
      "SIRE_MENTION_TYPE" : "NONE",
      "SIRE_MENTION_CLASS" : "SPC"
    },
    "type" : "evidence",
    "begin" : 12,
    "end" : 24,
    "inCoref" : false
  }, {
    "id" : "s0-m4",
    "properties" : {
      "SIRE_MENTION_ROLE" : "relation",
      "SIRE_ENTITY_SUBTYPE" : "NONE",
      "SIRE_MENTION_TYPE" : "NONE",
      "SIRE_MENTION_CLASS" : "SPC"
    },
    "type" : "relation",
    "begin" : 29,
    "end" : 49,
    "inCoref" : false
  }, {
    "id" : "m1",
    "properties" : {
      "SIRE_MENTION_ROLE" : "Variable",
      "SIRE_MENTION_CLASS" : "SPC",
      "SIRE_ENTITY_SUBTYPE" : "NONE",
      "SIRE_MENTION_TYPE" : "NONE"
    },
    "type" : "Variable",
    "begin" : 50,
    "end" : 63,
    "inCoref" : true
  }, {
    "id" : "m2",
    "properties" : {
      "SIRE_MENTION_ROLE" : "Variable",
      "SIRE_MENTION_CLASS" : "SPC",
      "SIRE_ENTITY_SUBTYPE" : "NONE",
      "SIRE_MENTION_TYPE" : "NONE"
    },
    "type" : "Variable",
    "begin" : 68,
    "end" : 87,
    "inCoref" : true
  }, {
    "id" : "s1-m1",
    "properties" : {
      "SIRE_MENTION_ROLE" : "evidence",
      "SIRE_ENTITY_SUBTYPE" : "NONE",
      "SIRE_MENTION_TYPE" : "NONE",
      "SIRE_MENTION_CLASS" : "SPC"
    },
    "type" : "evidence",
    "begin" : 127,
    "end" : 135,
    "inCoref" : false
  }, {
    "id" : "m3",
    "properties" : {
      "SIRE_MENTION_ROLE" : "evidence",
      "SIRE_MENTION_CLASS" : "SPC",
      "SIRE_ENTITY_SUBTYPE" : "NONE",
      "SIRE_MENTION_TYPE" : "NONE"
    },
    "type" : "evidence",
    "begin" : 202,
    "end" : 209,
    "inCoref" : false
  }, {
    "id" : "s2-m5",
    "properties" : {
      "SIRE_MENTION_ROLE" : "evidence",
      "SIRE_ENTITY_SUBTYPE" : "NONE",
      "SIRE_MENTION_TYPE" : "NONE",
      "SIRE_MENTION_CLASS" : "SPC"
    },
    "type" : "evidence",
    "begin" : 210,
    "end" : 214,
    "inCoref" : false
  }, {
    "id" : "m4",
    "properties" : {
      "SIRE_MENTION_ROLE" : "Variable",
      "SIRE_MENTION_CLASS" : "SPC",
      "SIRE_ENTITY_SUBTYPE" : "NONE",
      "SIRE_MENTION_TYPE" : "NONE"
    },
    "type" : "Variable",
    "begin" : 258,
    "end" : 267,
    "inCoref" : true
  }, {
    "id" : "m5",
    "properties" : {
      "SIRE_MENTION_ROLE" : "relation",
      "SIRE_MENTION_CLASS" : "SPC",
      "SIRE_ENTITY_SUBTYPE" : "NONE",
      "SIRE_MENTION_TYPE" : "NONE"
    },
    "type" : "relation",
    "begin" : 282,
    "end" : 297,
    "inCoref" : false
  }, {
    "id" : "m6",
    "properties" : {
      "SIRE_MENTION_ROLE" : "Variable",
      "SIRE_MENTION_CLASS" : "SPC",
      "SIRE_ENTITY_SUBTYPE" : "NONE",
      "SIRE_MENTION_TYPE" : "NONE"
    },
    "type" : "Variable",
    "begin" : 298,
    "end" : 308,
    "inCoref" : true
  }, {
    "id" : "s3-m7",
    "properties" : {
      "SIRE_MENTION_ROLE" : "Variable",
      "SIRE_ENTITY_SUBTYPE" : "NONE",
      "SIRE_MENTION_TYPE" : "NONE",
      "SIRE_MENTION_CLASS" : "SPC"
    },
    "type" : "Variable",
    "begin" : 349,
    "end" : 375,
    "inCoref" : false
  }, {
    "id" : "s3-m4",
    "properties" : {
      "SIRE_MENTION_ROLE" : "Variable",
      "SIRE_ENTITY_SUBTYPE" : "NONE",
      "SIRE_MENTION_TYPE" : "NONE",
      "SIRE_MENTION_CLASS" : "SPC"
    },
    "type" : "Variable",
    "begin" : 380,
    "end" : 415,
    "inCoref" : false
  }, {
    "id" : "s3-m5",
    "properties" : {
      "SIRE_MENTION_ROLE" : "evidence",
      "SIRE_ENTITY_SUBTYPE" : "NONE",
      "SIRE_MENTION_TYPE" : "NONE",
      "SIRE_MENTION_CLASS" : "SPC"
    },
    "type" : "evidence",
    "begin" : 425,
    "end" : 430,
    "inCoref" : false
  }, {
    "id" : "m9",
    "properties" : {
      "SIRE_MENTION_ROLE" : "Variable",
      "SIRE_MENTION_CLASS" : "SPC",
      "SIRE_ENTITY_SUBTYPE" : "NONE",
      "SIRE_MENTION_TYPE" : "NONE"
    },
    "type" : "Variable",
    "begin" : 437,
    "end" : 447,
    "inCoref" : true
  }, {
    "id" : "s3-m6",
    "properties" : {
      "SIRE_MENTION_ROLE" : "relation",
      "SIRE_ENTITY_SUBTYPE" : "NONE",
      "SIRE_MENTION_TYPE" : "NONE",
      "SIRE_MENTION_CLASS" : "SPC"
    },
    "type" : "relation",
    "begin" : 448,
    "end" : 456,
    "inCoref" : false
  }, {
    "id" : "m10",
    "properties" : {
      "SIRE_MENTION_ROLE" : "Variable",
      "SIRE_MENTION_CLASS" : "SPC",
      "SIRE_ENTITY_SUBTYPE" : "NONE",
      "SIRE_MENTION_TYPE" : "NONE"
    },
    "type" : "Variable",
    "begin" : 610,
    "end" : 621,
    "inCoref" : false
  }, {
    "id" : "m11",
    "properties" : {
      "SIRE_MENTION_ROLE" : "relation",
      "SIRE_MENTION_CLASS" : "SPC",
      "SIRE_ENTITY_SUBTYPE" : "NONE",
      "SIRE_MENTION_TYPE" : "NONE"
    },
    "type" : "relation",
    "begin" : 644,
    "end" : 650,
    "inCoref" : false
  }, {
    "id" : "s4-m4",
    "properties" : {
      "SIRE_MENTION_ROLE" : "Variable",
      "SIRE_ENTITY_SUBTYPE" : "NONE",
      "SIRE_MENTION_TYPE" : "NONE",
      "SIRE_MENTION_CLASS" : "SPC"
    },
    "type" : "Variable",
    "begin" : 665,
    "end" : 682,
    "inCoref" : false
  } ],
  "relations" : [ {
    "id" : "s2-r2",
    "properties" : { },
    "type" : "RelateCorrelation",
    "args" : [ "m4", "m6" ]
  }, {
    "id" : "s3-r2",
    "properties" : { },
    "type" : "Causal",
    "args" : [ "s3-m4", "m9" ]
  } ],
  "corefs" : [ {
    "id" : "c2",
    "properties" : { },
    "mentions" : [ "m2", "m6", "m9" ]
  }, {
    "id" : "c3",
    "properties" : { },
    "mentions" : [ "m1", "m4" ]
  } ],
  "typeResolved" : true,
  "userResolved" : false
}