{
  "id" : "f584c9b0-2c32-11ec-8ccb-e3b7183e4c89-22",
  "name" : "49. Monnin, P. (2014). .docx",
  "createdDate" : 0,
  "version" : 3,
  "text" : "This paper explores the empirical link between income inequality and inflation in ten OECD countries over the period 1971 to 2010. In addition to inflation, we include six control variables in our analysis: economic development level, business cycles, unemployment, unionization, openness to international trade and skill-biased technological change. We estimate the empirical link between all seven variables and income inequality with a balanced panel. We find a U-shaped link between long-run inflation and income inequality. Low inflation rates are associated with higher income inequality. As inflation goes up, inequality decreases, reaches a minimum with an inflation rate of about 13%, and then starts rising again. The precise mechanisms that lead more inflation to correlate with a decrease in income inequality until a certain threshold are unclear yet, and warrant further research.\n\n",
  "docLength" : 0,
  "language" : "EN",
  "status" : "IN_PROGRESS",
  "modifiedDate" : 1634636138938,
  "documentSet" : [ ],
  "preannotation" : [ "PRE_LW" ],
  "sentences" : [ {
    "id" : "s0",
    "begin" : 0,
    "end" : 130,
    "text" : "This paper explores the empirical link between income inequality and inflation in ten OECD countries over the period 1971 to 2010.",
    "tokens" : [ {
      "id" : "s0-t0",
      "begin" : 0,
      "end" : 4,
      "text" : "This",
      "whiteSpace" : false
    }, {
      "id" : "s0-t1",
      "begin" : 5,
      "end" : 10,
      "text" : "paper",
      "whiteSpace" : false
    }, {
      "id" : "s0-t2",
      "begin" : 11,
      "end" : 19,
      "text" : "explores",
      "whiteSpace" : false
    }, {
      "id" : "s0-t3",
      "begin" : 20,
      "end" : 23,
      "text" : "the",
      "whiteSpace" : false
    }, {
      "id" : "s0-t4",
      "begin" : 24,
      "end" : 33,
      "text" : "empirical",
      "whiteSpace" : false
    }, {
      "id" : "s0-t5",
      "begin" : 34,
      "end" : 38,
      "text" : "link",
      "whiteSpace" : false
    }, {
      "id" : "s0-t6",
      "begin" : 39,
      "end" : 46,
      "text" : "between",
      "whiteSpace" : false
    }, {
      "id" : "s0-t7",
      "begin" : 47,
      "end" : 53,
      "text" : "income",
      "whiteSpace" : false
    }, {
      "id" : "s0-t8",
      "begin" : 54,
      "end" : 64,
      "text" : "inequality",
      "whiteSpace" : false
    }, {
      "id" : "s0-t9",
      "begin" : 65,
      "end" : 68,
      "text" : "and",
      "whiteSpace" : false
    }, {
      "id" : "s0-t10",
      "begin" : 69,
      "end" : 78,
      "text" : "inflation",
      "whiteSpace" : false
    }, {
      "id" : "s0-t11",
      "begin" : 79,
      "end" : 81,
      "text" : "in",
      "whiteSpace" : false
    }, {
      "id" : "s0-t12",
      "begin" : 82,
      "end" : 85,
      "text" : "ten",
      "whiteSpace" : false
    }, {
      "id" : "s0-t13",
      "begin" : 86,
      "end" : 90,
      "text" : "OECD",
      "whiteSpace" : false
    }, {
      "id" : "s0-t14",
      "begin" : 91,
      "end" : 100,
      "text" : "countries",
      "whiteSpace" : false
    }, {
      "id" : "s0-t15",
      "begin" : 101,
      "end" : 105,
      "text" : "over",
      "whiteSpace" : false
    }, {
      "id" : "s0-t16",
      "begin" : 106,
      "end" : 109,
      "text" : "the",
      "whiteSpace" : false
    }, {
      "id" : "s0-t17",
      "begin" : 110,
      "end" : 116,
      "text" : "period",
      "whiteSpace" : false
    }, {
      "id" : "s0-t18",
      "begin" : 117,
      "end" : 121,
      "text" : "1971",
      "whiteSpace" : false
    }, {
      "id" : "s0-t19",
      "begin" : 122,
      "end" : 124,
      "text" : "to",
      "whiteSpace" : false
    }, {
      "id" : "s0-t20",
      "begin" : 125,
      "end" : 129,
      "text" : "2010",
      "whiteSpace" : false
    }, {
      "id" : "s0-t21",
      "begin" : 129,
      "end" : 130,
      "text" : ".",
      "whiteSpace" : false
    } ]
  }, {
    "id" : "s1",
    "begin" : 131,
    "end" : 350,
    "text" : "In addition to inflation, we include six control variables in our analysis: economic development level, business cycles, unemployment, unionization, openness to international trade and skill-biased technological change.",
    "tokens" : [ {
      "id" : "s1-t0",
      "begin" : 131,
      "end" : 133,
      "text" : "In",
      "whiteSpace" : false
    }, {
      "id" : "s1-t1",
      "begin" : 134,
      "end" : 142,
      "text" : "addition",
      "whiteSpace" : false
    }, {
      "id" : "s1-t2",
      "begin" : 143,
      "end" : 145,
      "text" : "to",
      "whiteSpace" : false
    }, {
      "id" : "s1-t3",
      "begin" : 146,
      "end" : 155,
      "text" : "inflation",
      "whiteSpace" : false
    }, {
      "id" : "s1-t4",
      "begin" : 155,
      "end" : 156,
      "text" : ",",
      "whiteSpace" : false
    }, {
      "id" : "s1-t5",
      "begin" : 157,
      "end" : 159,
      "text" : "we",
      "whiteSpace" : false
    }, {
      "id" : "s1-t6",
      "begin" : 160,
      "end" : 167,
      "text" : "include",
      "whiteSpace" : false
    }, {
      "id" : "s1-t7",
      "begin" : 168,
      "end" : 171,
      "text" : "six",
      "whiteSpace" : false
    }, {
      "id" : "s1-t8",
      "begin" : 172,
      "end" : 179,
      "text" : "control",
      "whiteSpace" : false
    }, {
      "id" : "s1-t9",
      "begin" : 180,
      "end" : 189,
      "text" : "variables",
      "whiteSpace" : false
    }, {
      "id" : "s1-t10",
      "begin" : 190,
      "end" : 192,
      "text" : "in",
      "whiteSpace" : false
    }, {
      "id" : "s1-t11",
      "begin" : 193,
      "end" : 196,
      "text" : "our",
      "whiteSpace" : false
    }, {
      "id" : "s1-t12",
      "begin" : 197,
      "end" : 205,
      "text" : "analysis",
      "whiteSpace" : false
    }, {
      "id" : "s1-t13",
      "begin" : 205,
      "end" : 206,
      "text" : ":",
      "whiteSpace" : false
    }, {
      "id" : "s1-t14",
      "begin" : 207,
      "end" : 215,
      "text" : "economic",
      "whiteSpace" : false
    }, {
      "id" : "s1-t15",
      "begin" : 216,
      "end" : 227,
      "text" : "development",
      "whiteSpace" : false
    }, {
      "id" : "s1-t16",
      "begin" : 228,
      "end" : 233,
      "text" : "level",
      "whiteSpace" : false
    }, {
      "id" : "s1-t17",
      "begin" : 233,
      "end" : 234,
      "text" : ",",
      "whiteSpace" : false
    }, {
      "id" : "s1-t18",
      "begin" : 235,
      "end" : 243,
      "text" : "business",
      "whiteSpace" : false
    }, {
      "id" : "s1-t19",
      "begin" : 244,
      "end" : 250,
      "text" : "cycles",
      "whiteSpace" : false
    }, {
      "id" : "s1-t20",
      "begin" : 250,
      "end" : 251,
      "text" : ",",
      "whiteSpace" : false
    }, {
      "id" : "s1-t21",
      "begin" : 252,
      "end" : 264,
      "text" : "unemployment",
      "whiteSpace" : false
    }, {
      "id" : "s1-t22",
      "begin" : 264,
      "end" : 265,
      "text" : ",",
      "whiteSpace" : false
    }, {
      "id" : "s1-t23",
      "begin" : 266,
      "end" : 278,
      "text" : "unionization",
      "whiteSpace" : false
    }, {
      "id" : "s1-t24",
      "begin" : 278,
      "end" : 279,
      "text" : ",",
      "whiteSpace" : false
    }, {
      "id" : "s1-t25",
      "begin" : 280,
      "end" : 288,
      "text" : "openness",
      "whiteSpace" : false
    }, {
      "id" : "s1-t26",
      "begin" : 289,
      "end" : 291,
      "text" : "to",
      "whiteSpace" : false
    }, {
      "id" : "s1-t27",
      "begin" : 292,
      "end" : 305,
      "text" : "international",
      "whiteSpace" : false
    }, {
      "id" : "s1-t28",
      "begin" : 306,
      "end" : 311,
      "text" : "trade",
      "whiteSpace" : false
    }, {
      "id" : "s1-t29",
      "begin" : 312,
      "end" : 315,
      "text" : "and",
      "whiteSpace" : false
    }, {
      "id" : "s1-t30",
      "begin" : 316,
      "end" : 321,
      "text" : "skill",
      "whiteSpace" : false
    }, {
      "id" : "s1-t31",
      "begin" : 321,
      "end" : 322,
      "text" : "-",
      "whiteSpace" : false
    }, {
      "id" : "s1-t32",
      "begin" : 322,
      "end" : 328,
      "text" : "biased",
      "whiteSpace" : false
    }, {
      "id" : "s1-t33",
      "begin" : 329,
      "end" : 342,
      "text" : "technological",
      "whiteSpace" : false
    }, {
      "id" : "s1-t34",
      "begin" : 343,
      "end" : 349,
      "text" : "change",
      "whiteSpace" : false
    }, {
      "id" : "s1-t35",
      "begin" : 349,
      "end" : 350,
      "text" : ".",
      "whiteSpace" : false
    } ]
  }, {
    "id" : "s2",
    "begin" : 351,
    "end" : 454,
    "text" : "We estimate the empirical link between all seven variables and income inequality with a balanced panel.",
    "tokens" : [ {
      "id" : "s2-t0",
      "begin" : 351,
      "end" : 353,
      "text" : "We",
      "whiteSpace" : false
    }, {
      "id" : "s2-t1",
      "begin" : 354,
      "end" : 362,
      "text" : "estimate",
      "whiteSpace" : false
    }, {
      "id" : "s2-t2",
      "begin" : 363,
      "end" : 366,
      "text" : "the",
      "whiteSpace" : false
    }, {
      "id" : "s2-t3",
      "begin" : 367,
      "end" : 376,
      "text" : "empirical",
      "whiteSpace" : false
    }, {
      "id" : "s2-t4",
      "begin" : 377,
      "end" : 381,
      "text" : "link",
      "whiteSpace" : false
    }, {
      "id" : "s2-t5",
      "begin" : 382,
      "end" : 389,
      "text" : "between",
      "whiteSpace" : false
    }, {
      "id" : "s2-t6",
      "begin" : 390,
      "end" : 393,
      "text" : "all",
      "whiteSpace" : false
    }, {
      "id" : "s2-t7",
      "begin" : 394,
      "end" : 399,
      "text" : "seven",
      "whiteSpace" : false
    }, {
      "id" : "s2-t8",
      "begin" : 400,
      "end" : 409,
      "text" : "variables",
      "whiteSpace" : false
    }, {
      "id" : "s2-t9",
      "begin" : 410,
      "end" : 413,
      "text" : "and",
      "whiteSpace" : false
    }, {
      "id" : "s2-t10",
      "begin" : 414,
      "end" : 420,
      "text" : "income",
      "whiteSpace" : false
    }, {
      "id" : "s2-t11",
      "begin" : 421,
      "end" : 431,
      "text" : "inequality",
      "whiteSpace" : false
    }, {
      "id" : "s2-t12",
      "begin" : 432,
      "end" : 436,
      "text" : "with",
      "whiteSpace" : false
    }, {
      "id" : "s2-t13",
      "begin" : 437,
      "end" : 438,
      "text" : "a",
      "whiteSpace" : false
    }, {
      "id" : "s2-t14",
      "begin" : 439,
      "end" : 447,
      "text" : "balanced",
      "whiteSpace" : false
    }, {
      "id" : "s2-t15",
      "begin" : 448,
      "end" : 453,
      "text" : "panel",
      "whiteSpace" : false
    }, {
      "id" : "s2-t16",
      "begin" : 453,
      "end" : 454,
      "text" : ".",
      "whiteSpace" : false
    } ]
  }, {
    "id" : "s3",
    "begin" : 455,
    "end" : 528,
    "text" : "We find a U-shaped link between long-run inflation and income inequality.",
    "tokens" : [ {
      "id" : "s3-t0",
      "begin" : 455,
      "end" : 457,
      "text" : "We",
      "whiteSpace" : false
    }, {
      "id" : "s3-t1",
      "begin" : 458,
      "end" : 462,
      "text" : "find",
      "whiteSpace" : false
    }, {
      "id" : "s3-t2",
      "begin" : 463,
      "end" : 464,
      "text" : "a",
      "whiteSpace" : false
    }, {
      "id" : "s3-t3",
      "begin" : 465,
      "end" : 473,
      "text" : "U-shaped",
      "whiteSpace" : false
    }, {
      "id" : "s3-t4",
      "begin" : 474,
      "end" : 478,
      "text" : "link",
      "whiteSpace" : false
    }, {
      "id" : "s3-t5",
      "begin" : 479,
      "end" : 486,
      "text" : "between",
      "whiteSpace" : false
    }, {
      "id" : "s3-t6",
      "begin" : 487,
      "end" : 495,
      "text" : "long-run",
      "whiteSpace" : false
    }, {
      "id" : "s3-t7",
      "begin" : 496,
      "end" : 505,
      "text" : "inflation",
      "whiteSpace" : false
    }, {
      "id" : "s3-t8",
      "begin" : 506,
      "end" : 509,
      "text" : "and",
      "whiteSpace" : false
    }, {
      "id" : "s3-t9",
      "begin" : 510,
      "end" : 516,
      "text" : "income",
      "whiteSpace" : false
    }, {
      "id" : "s3-t10",
      "begin" : 517,
      "end" : 527,
      "text" : "inequality",
      "whiteSpace" : false
    }, {
      "id" : "s3-t11",
      "begin" : 527,
      "end" : 528,
      "text" : ".",
      "whiteSpace" : false
    } ]
  }, {
    "id" : "s4",
    "begin" : 529,
    "end" : 594,
    "text" : "Low inflation rates are associated with higher income inequality.",
    "tokens" : [ {
      "id" : "s4-t0",
      "begin" : 529,
      "end" : 532,
      "text" : "Low",
      "whiteSpace" : false
    }, {
      "id" : "s4-t1",
      "begin" : 533,
      "end" : 542,
      "text" : "inflation",
      "whiteSpace" : false
    }, {
      "id" : "s4-t2",
      "begin" : 543,
      "end" : 548,
      "text" : "rates",
      "whiteSpace" : false
    }, {
      "id" : "s4-t3",
      "begin" : 549,
      "end" : 552,
      "text" : "are",
      "whiteSpace" : false
    }, {
      "id" : "s4-t4",
      "begin" : 553,
      "end" : 563,
      "text" : "associated",
      "whiteSpace" : false
    }, {
      "id" : "s4-t5",
      "begin" : 564,
      "end" : 568,
      "text" : "with",
      "whiteSpace" : false
    }, {
      "id" : "s4-t6",
      "begin" : 569,
      "end" : 575,
      "text" : "higher",
      "whiteSpace" : false
    }, {
      "id" : "s4-t7",
      "begin" : 576,
      "end" : 582,
      "text" : "income",
      "whiteSpace" : false
    }, {
      "id" : "s4-t8",
      "begin" : 583,
      "end" : 593,
      "text" : "inequality",
      "whiteSpace" : false
    }, {
      "id" : "s4-t9",
      "begin" : 593,
      "end" : 594,
      "text" : ".",
      "whiteSpace" : false
    } ]
  }, {
    "id" : "s5",
    "begin" : 595,
    "end" : 723,
    "text" : "As inflation goes up, inequality decreases, reaches a minimum with an inflation rate of about 13%, and then starts rising again.",
    "tokens" : [ {
      "id" : "s5-t0",
      "begin" : 595,
      "end" : 597,
      "text" : "As",
      "whiteSpace" : false
    }, {
      "id" : "s5-t1",
      "begin" : 598,
      "end" : 607,
      "text" : "inflation",
      "whiteSpace" : false
    }, {
      "id" : "s5-t2",
      "begin" : 608,
      "end" : 612,
      "text" : "goes",
      "whiteSpace" : false
    }, {
      "id" : "s5-t3",
      "begin" : 613,
      "end" : 615,
      "text" : "up",
      "whiteSpace" : false
    }, {
      "id" : "s5-t4",
      "begin" : 615,
      "end" : 616,
      "text" : ",",
      "whiteSpace" : false
    }, {
      "id" : "s5-t5",
      "begin" : 617,
      "end" : 627,
      "text" : "inequality",
      "whiteSpace" : false
    }, {
      "id" : "s5-t6",
      "begin" : 628,
      "end" : 637,
      "text" : "decreases",
      "whiteSpace" : false
    }, {
      "id" : "s5-t7",
      "begin" : 637,
      "end" : 638,
      "text" : ",",
      "whiteSpace" : false
    }, {
      "id" : "s5-t8",
      "begin" : 639,
      "end" : 646,
      "text" : "reaches",
      "whiteSpace" : false
    }, {
      "id" : "s5-t9",
      "begin" : 647,
      "end" : 648,
      "text" : "a",
      "whiteSpace" : false
    }, {
      "id" : "s5-t10",
      "begin" : 649,
      "end" : 656,
      "text" : "minimum",
      "whiteSpace" : false
    }, {
      "id" : "s5-t11",
      "begin" : 657,
      "end" : 661,
      "text" : "with",
      "whiteSpace" : false
    }, {
      "id" : "s5-t12",
      "begin" : 662,
      "end" : 664,
      "text" : "an",
      "whiteSpace" : false
    }, {
      "id" : "s5-t13",
      "begin" : 665,
      "end" : 674,
      "text" : "inflation",
      "whiteSpace" : false
    }, {
      "id" : "s5-t14",
      "begin" : 675,
      "end" : 679,
      "text" : "rate",
      "whiteSpace" : false
    }, {
      "id" : "s5-t15",
      "begin" : 680,
      "end" : 682,
      "text" : "of",
      "whiteSpace" : false
    }, {
      "id" : "s5-t16",
      "begin" : 683,
      "end" : 688,
      "text" : "about",
      "whiteSpace" : false
    }, {
      "id" : "s5-t17",
      "begin" : 689,
      "end" : 691,
      "text" : "13",
      "whiteSpace" : false
    }, {
      "id" : "s5-t18",
      "begin" : 691,
      "end" : 692,
      "text" : "%",
      "whiteSpace" : false
    }, {
      "id" : "s5-t19",
      "begin" : 692,
      "end" : 693,
      "text" : ",",
      "whiteSpace" : false
    }, {
      "id" : "s5-t20",
      "begin" : 694,
      "end" : 697,
      "text" : "and",
      "whiteSpace" : false
    }, {
      "id" : "s5-t21",
      "begin" : 698,
      "end" : 702,
      "text" : "then",
      "whiteSpace" : false
    }, {
      "id" : "s5-t22",
      "begin" : 703,
      "end" : 709,
      "text" : "starts",
      "whiteSpace" : false
    }, {
      "id" : "s5-t23",
      "begin" : 710,
      "end" : 716,
      "text" : "rising",
      "whiteSpace" : false
    }, {
      "id" : "s5-t24",
      "begin" : 717,
      "end" : 722,
      "text" : "again",
      "whiteSpace" : false
    }, {
      "id" : "s5-t25",
      "begin" : 722,
      "end" : 723,
      "text" : ".",
      "whiteSpace" : false
    } ]
  }, {
    "id" : "s6",
    "begin" : 724,
    "end" : 894,
    "text" : "The precise mechanisms that lead more inflation to correlate with a decrease in income inequality until a certain threshold are unclear yet, and warrant further research.",
    "tokens" : [ {
      "id" : "s6-t0",
      "begin" : 724,
      "end" : 727,
      "text" : "The",
      "whiteSpace" : false
    }, {
      "id" : "s6-t1",
      "begin" : 728,
      "end" : 735,
      "text" : "precise",
      "whiteSpace" : false
    }, {
      "id" : "s6-t2",
      "begin" : 736,
      "end" : 746,
      "text" : "mechanisms",
      "whiteSpace" : false
    }, {
      "id" : "s6-t3",
      "begin" : 747,
      "end" : 751,
      "text" : "that",
      "whiteSpace" : false
    }, {
      "id" : "s6-t4",
      "begin" : 752,
      "end" : 756,
      "text" : "lead",
      "whiteSpace" : false
    }, {
      "id" : "s6-t5",
      "begin" : 757,
      "end" : 761,
      "text" : "more",
      "whiteSpace" : false
    }, {
      "id" : "s6-t6",
      "begin" : 762,
      "end" : 771,
      "text" : "inflation",
      "whiteSpace" : false
    }, {
      "id" : "s6-t7",
      "begin" : 772,
      "end" : 774,
      "text" : "to",
      "whiteSpace" : false
    }, {
      "id" : "s6-t8",
      "begin" : 775,
      "end" : 784,
      "text" : "correlate",
      "whiteSpace" : false
    }, {
      "id" : "s6-t9",
      "begin" : 785,
      "end" : 789,
      "text" : "with",
      "whiteSpace" : false
    }, {
      "id" : "s6-t10",
      "begin" : 790,
      "end" : 791,
      "text" : "a",
      "whiteSpace" : false
    }, {
      "id" : "s6-t11",
      "begin" : 792,
      "end" : 800,
      "text" : "decrease",
      "whiteSpace" : false
    }, {
      "id" : "s6-t12",
      "begin" : 801,
      "end" : 803,
      "text" : "in",
      "whiteSpace" : false
    }, {
      "id" : "s6-t13",
      "begin" : 804,
      "end" : 810,
      "text" : "income",
      "whiteSpace" : false
    }, {
      "id" : "s6-t14",
      "begin" : 811,
      "end" : 821,
      "text" : "inequality",
      "whiteSpace" : false
    }, {
      "id" : "s6-t15",
      "begin" : 822,
      "end" : 827,
      "text" : "until",
      "whiteSpace" : false
    }, {
      "id" : "s6-t16",
      "begin" : 828,
      "end" : 829,
      "text" : "a",
      "whiteSpace" : false
    }, {
      "id" : "s6-t17",
      "begin" : 830,
      "end" : 837,
      "text" : "certain",
      "whiteSpace" : false
    }, {
      "id" : "s6-t18",
      "begin" : 838,
      "end" : 847,
      "text" : "threshold",
      "whiteSpace" : false
    }, {
      "id" : "s6-t19",
      "begin" : 848,
      "end" : 851,
      "text" : "are",
      "whiteSpace" : false
    }, {
      "id" : "s6-t20",
      "begin" : 852,
      "end" : 859,
      "text" : "unclear",
      "whiteSpace" : false
    }, {
      "id" : "s6-t21",
      "begin" : 860,
      "end" : 863,
      "text" : "yet",
      "whiteSpace" : false
    }, {
      "id" : "s6-t22",
      "begin" : 863,
      "end" : 864,
      "text" : ",",
      "whiteSpace" : false
    }, {
      "id" : "s6-t23",
      "begin" : 865,
      "end" : 868,
      "text" : "and",
      "whiteSpace" : false
    }, {
      "id" : "s6-t24",
      "begin" : 869,
      "end" : 876,
      "text" : "warrant",
      "whiteSpace" : false
    }, {
      "id" : "s6-t25",
      "begin" : 877,
      "end" : 884,
      "text" : "further",
      "whiteSpace" : false
    }, {
      "id" : "s6-t26",
      "begin" : 885,
      "end" : 893,
      "text" : "research",
      "whiteSpace" : false
    }, {
      "id" : "s6-t27",
      "begin" : 893,
      "end" : 894,
      "text" : ".",
      "whiteSpace" : false
    } ]
  } ],
  "mentions" : [ {
    "id" : "m1",
    "properties" : {
      "SIRE_MENTION_ROLE" : "evidence",
      "SIRE_MENTION_CLASS" : "SPC",
      "SIRE_ENTITY_SUBTYPE" : "NONE",
      "SIRE_MENTION_TYPE" : "NONE"
    },
    "type" : "evidence",
    "begin" : 11,
    "end" : 19,
    "inCoref" : false
  }, {
    "id" : "m2",
    "properties" : {
      "SIRE_MENTION_ROLE" : "relation",
      "SIRE_MENTION_CLASS" : "SPC",
      "SIRE_ENTITY_SUBTYPE" : "NONE",
      "SIRE_MENTION_TYPE" : "NONE"
    },
    "type" : "relation",
    "begin" : 34,
    "end" : 46,
    "inCoref" : false
  }, {
    "id" : "m3",
    "properties" : {
      "SIRE_MENTION_ROLE" : "Variable",
      "SIRE_MENTION_CLASS" : "SPC",
      "SIRE_ENTITY_SUBTYPE" : "NONE",
      "SIRE_MENTION_TYPE" : "NONE"
    },
    "type" : "Variable",
    "begin" : 47,
    "end" : 64,
    "inCoref" : true
  }, {
    "id" : "m4",
    "properties" : {
      "SIRE_MENTION_ROLE" : "Variable",
      "SIRE_MENTION_CLASS" : "SPC",
      "SIRE_ENTITY_SUBTYPE" : "NONE",
      "SIRE_MENTION_TYPE" : "NONE"
    },
    "type" : "Variable",
    "begin" : 69,
    "end" : 78,
    "inCoref" : true
  }, {
    "id" : "m5",
    "properties" : {
      "SIRE_MENTION_ROLE" : "Variable",
      "SIRE_MENTION_CLASS" : "SPC",
      "SIRE_ENTITY_SUBTYPE" : "NONE",
      "SIRE_MENTION_TYPE" : "NONE"
    },
    "type" : "Variable",
    "begin" : 146,
    "end" : 155,
    "inCoref" : true
  }, {
    "id" : "m6",
    "properties" : {
      "SIRE_MENTION_ROLE" : "Variable",
      "SIRE_MENTION_CLASS" : "SPC",
      "SIRE_ENTITY_SUBTYPE" : "NONE",
      "SIRE_MENTION_TYPE" : "NONE"
    },
    "type" : "Variable",
    "begin" : 207,
    "end" : 227,
    "inCoref" : false
  }, {
    "id" : "s1-m7",
    "properties" : {
      "SIRE_MENTION_ROLE" : "Variable",
      "SIRE_ENTITY_SUBTYPE" : "NONE",
      "SIRE_MENTION_TYPE" : "NONE",
      "SIRE_MENTION_CLASS" : "SPC"
    },
    "type" : "Variable",
    "begin" : 235,
    "end" : 250,
    "inCoref" : false
  }, {
    "id" : "m7",
    "properties" : {
      "SIRE_MENTION_ROLE" : "Variable",
      "SIRE_MENTION_CLASS" : "SPC",
      "SIRE_ENTITY_SUBTYPE" : "NONE",
      "SIRE_MENTION_TYPE" : "NONE"
    },
    "type" : "Variable",
    "begin" : 252,
    "end" : 264,
    "inCoref" : false
  }, {
    "id" : "m8",
    "properties" : {
      "SIRE_MENTION_ROLE" : "Variable",
      "SIRE_MENTION_CLASS" : "SPC",
      "SIRE_ENTITY_SUBTYPE" : "NONE",
      "SIRE_MENTION_TYPE" : "NONE"
    },
    "type" : "Variable",
    "begin" : 266,
    "end" : 278,
    "inCoref" : false
  }, {
    "id" : "m9",
    "properties" : {
      "SIRE_MENTION_ROLE" : "Variable",
      "SIRE_MENTION_CLASS" : "SPC",
      "SIRE_ENTITY_SUBTYPE" : "NONE",
      "SIRE_MENTION_TYPE" : "NONE"
    },
    "type" : "Variable",
    "begin" : 280,
    "end" : 311,
    "inCoref" : false
  }, {
    "id" : "m10",
    "properties" : {
      "SIRE_MENTION_ROLE" : "Variable",
      "SIRE_MENTION_CLASS" : "SPC",
      "SIRE_ENTITY_SUBTYPE" : "NONE",
      "SIRE_MENTION_TYPE" : "NONE"
    },
    "type" : "Variable",
    "begin" : 329,
    "end" : 349,
    "inCoref" : false
  }, {
    "id" : "m11",
    "properties" : {
      "SIRE_MENTION_ROLE" : "evidence",
      "SIRE_MENTION_CLASS" : "SPC",
      "SIRE_ENTITY_SUBTYPE" : "NONE",
      "SIRE_MENTION_TYPE" : "NONE"
    },
    "type" : "evidence",
    "begin" : 354,
    "end" : 362,
    "inCoref" : false
  }, {
    "id" : "m12",
    "properties" : {
      "SIRE_MENTION_ROLE" : "relation",
      "SIRE_MENTION_CLASS" : "SPC",
      "SIRE_ENTITY_SUBTYPE" : "NONE",
      "SIRE_MENTION_TYPE" : "NONE"
    },
    "type" : "relation",
    "begin" : 377,
    "end" : 389,
    "inCoref" : false
  }, {
    "id" : "m13",
    "properties" : {
      "SIRE_MENTION_ROLE" : "Variable",
      "SIRE_MENTION_CLASS" : "SPC",
      "SIRE_ENTITY_SUBTYPE" : "NONE",
      "SIRE_MENTION_TYPE" : "NONE"
    },
    "type" : "Variable",
    "begin" : 414,
    "end" : 431,
    "inCoref" : true
  }, {
    "id" : "m14",
    "properties" : {
      "SIRE_MENTION_ROLE" : "evidence",
      "SIRE_MENTION_CLASS" : "SPC",
      "SIRE_ENTITY_SUBTYPE" : "NONE",
      "SIRE_MENTION_TYPE" : "NONE"
    },
    "type" : "evidence",
    "begin" : 458,
    "end" : 462,
    "inCoref" : false
  }, {
    "id" : "m15",
    "properties" : {
      "SIRE_MENTION_ROLE" : "relation",
      "SIRE_MENTION_CLASS" : "SPC",
      "SIRE_ENTITY_SUBTYPE" : "NONE",
      "SIRE_MENTION_TYPE" : "NONE"
    },
    "type" : "relation",
    "begin" : 474,
    "end" : 486,
    "inCoref" : false
  }, {
    "id" : "m16",
    "properties" : {
      "SIRE_MENTION_ROLE" : "Variable",
      "SIRE_MENTION_CLASS" : "SPC",
      "SIRE_ENTITY_SUBTYPE" : "NONE",
      "SIRE_MENTION_TYPE" : "NONE"
    },
    "type" : "Variable",
    "begin" : 496,
    "end" : 505,
    "inCoref" : true
  }, {
    "id" : "m17",
    "properties" : {
      "SIRE_MENTION_ROLE" : "Variable",
      "SIRE_MENTION_CLASS" : "SPC",
      "SIRE_ENTITY_SUBTYPE" : "NONE",
      "SIRE_MENTION_TYPE" : "NONE"
    },
    "type" : "Variable",
    "begin" : 510,
    "end" : 527,
    "inCoref" : true
  }, {
    "id" : "m18",
    "properties" : {
      "SIRE_MENTION_ROLE" : "Variable",
      "SIRE_MENTION_CLASS" : "SPC",
      "SIRE_ENTITY_SUBTYPE" : "NONE",
      "SIRE_MENTION_TYPE" : "NONE"
    },
    "type" : "Variable",
    "begin" : 533,
    "end" : 548,
    "inCoref" : true
  }, {
    "id" : "m19",
    "properties" : {
      "SIRE_MENTION_ROLE" : "relation",
      "SIRE_MENTION_CLASS" : "SPC",
      "SIRE_ENTITY_SUBTYPE" : "NONE",
      "SIRE_MENTION_TYPE" : "NONE"
    },
    "type" : "relation",
    "begin" : 553,
    "end" : 568,
    "inCoref" : false
  }, {
    "id" : "m20",
    "properties" : {
      "SIRE_MENTION_ROLE" : "relation",
      "SIRE_MENTION_CLASS" : "SPC",
      "SIRE_ENTITY_SUBTYPE" : "NONE",
      "SIRE_MENTION_TYPE" : "NONE"
    },
    "type" : "relation",
    "begin" : 569,
    "end" : 575,
    "inCoref" : false
  }, {
    "id" : "m21",
    "properties" : {
      "SIRE_MENTION_ROLE" : "Variable",
      "SIRE_MENTION_CLASS" : "SPC",
      "SIRE_ENTITY_SUBTYPE" : "NONE",
      "SIRE_MENTION_TYPE" : "NONE"
    },
    "type" : "Variable",
    "begin" : 576,
    "end" : 593,
    "inCoref" : true
  }, {
    "id" : "m22",
    "properties" : {
      "SIRE_MENTION_ROLE" : "Variable",
      "SIRE_MENTION_CLASS" : "SPC",
      "SIRE_ENTITY_SUBTYPE" : "NONE",
      "SIRE_MENTION_TYPE" : "NONE"
    },
    "type" : "Variable",
    "begin" : 598,
    "end" : 607,
    "inCoref" : true
  }, {
    "id" : "m23",
    "properties" : {
      "SIRE_MENTION_ROLE" : "Variable",
      "SIRE_MENTION_CLASS" : "SPC",
      "SIRE_ENTITY_SUBTYPE" : "NONE",
      "SIRE_MENTION_TYPE" : "NONE"
    },
    "type" : "Variable",
    "begin" : 617,
    "end" : 627,
    "inCoref" : true
  }, {
    "id" : "m24",
    "properties" : {
      "SIRE_MENTION_ROLE" : "relation",
      "SIRE_MENTION_CLASS" : "SPC",
      "SIRE_ENTITY_SUBTYPE" : "NONE",
      "SIRE_MENTION_TYPE" : "NONE"
    },
    "type" : "relation",
    "begin" : 628,
    "end" : 637,
    "inCoref" : false
  }, {
    "id" : "m25",
    "properties" : {
      "SIRE_MENTION_ROLE" : "Variable",
      "SIRE_MENTION_CLASS" : "SPC",
      "SIRE_ENTITY_SUBTYPE" : "NONE",
      "SIRE_MENTION_TYPE" : "NONE"
    },
    "type" : "Variable",
    "begin" : 665,
    "end" : 674,
    "inCoref" : true
  }, {
    "id" : "m26",
    "properties" : {
      "SIRE_MENTION_ROLE" : "relation",
      "SIRE_MENTION_CLASS" : "SPC",
      "SIRE_ENTITY_SUBTYPE" : "NONE",
      "SIRE_MENTION_TYPE" : "NONE"
    },
    "type" : "relation",
    "begin" : 710,
    "end" : 716,
    "inCoref" : false
  }, {
    "id" : "m27",
    "properties" : {
      "SIRE_MENTION_ROLE" : "Variable",
      "SIRE_MENTION_CLASS" : "SPC",
      "SIRE_ENTITY_SUBTYPE" : "NONE",
      "SIRE_MENTION_TYPE" : "NONE"
    },
    "type" : "Variable",
    "begin" : 762,
    "end" : 771,
    "inCoref" : true
  }, {
    "id" : "s6-m4",
    "properties" : {
      "SIRE_MENTION_ROLE" : "relation",
      "SIRE_ENTITY_SUBTYPE" : "NONE",
      "SIRE_MENTION_TYPE" : "NONE",
      "SIRE_MENTION_CLASS" : "SPC"
    },
    "type" : "relation",
    "begin" : 775,
    "end" : 789,
    "inCoref" : false
  }, {
    "id" : "m28",
    "properties" : {
      "SIRE_MENTION_ROLE" : "relation",
      "SIRE_MENTION_CLASS" : "SPC",
      "SIRE_ENTITY_SUBTYPE" : "NONE",
      "SIRE_MENTION_TYPE" : "NONE"
    },
    "type" : "relation",
    "begin" : 792,
    "end" : 800,
    "inCoref" : false
  }, {
    "id" : "m29",
    "properties" : {
      "SIRE_MENTION_ROLE" : "Variable",
      "SIRE_MENTION_CLASS" : "SPC",
      "SIRE_ENTITY_SUBTYPE" : "NONE",
      "SIRE_MENTION_TYPE" : "NONE"
    },
    "type" : "Variable",
    "begin" : 804,
    "end" : 821,
    "inCoref" : true
  } ],
  "relations" : [ {
    "id" : "s3-r1",
    "properties" : { },
    "type" : "RelateCorrelation",
    "args" : [ "m16", "m17" ]
  }, {
    "id" : "s4-r1",
    "properties" : { },
    "type" : "RelateCorrelation",
    "args" : [ "m18", "m21" ]
  }, {
    "id" : "s5-r1",
    "properties" : { },
    "type" : "RelateCorrelation",
    "args" : [ "m22", "m23" ]
  }, {
    "id" : "s6-r1",
    "properties" : { },
    "type" : "RelateCorrelation",
    "args" : [ "m27", "m29" ]
  } ],
  "corefs" : [ {
    "id" : "c1",
    "properties" : { },
    "mentions" : [ "m3", "m13", "m17", "m21", "m23", "m29" ]
  }, {
    "id" : "c2",
    "properties" : { },
    "mentions" : [ "m4", "m5", "m16", "m18", "m22", "m25", "m27" ]
  } ],
  "typeResolved" : true,
  "userResolved" : false
}