{
  "id" : "f584c9b0-2c32-11ec-8ccb-e3b7183e4c89-6",
  "name" : "13. Bourguignon, F. and Morrisson, C. (1990). .docx",
  "createdDate" : 0,
  "version" : 3,
  "text" : "This paper analyses cross-sectional evidence on income inequality in developing countries within a consistent theoretical framework where the major explanatory variables are factor endowments, their ownership structure and foreign trade distortions. The resulting explanation of cross-country differences in income distribution is considerably better than what is found in the existing literature. Endowments in mineral resources, land concentration in agricultural exports, trade protection and secondary schooling are shown to be major determinants of differences in income inequality across developing countries.\n\n",
  "docLength" : 0,
  "language" : "EN",
  "status" : "IN_PROGRESS",
  "modifiedDate" : 1634654859089,
  "documentSet" : [ ],
  "preannotation" : [ "PRE_LW" ],
  "sentences" : [ {
    "id" : "s0",
    "begin" : 0,
    "end" : 249,
    "text" : "This paper analyses cross-sectional evidence on income inequality in developing countries within a consistent theoretical framework where the major explanatory variables are factor endowments, their ownership structure and foreign trade distortions.",
    "tokens" : [ {
      "id" : "s0-t0",
      "begin" : 0,
      "end" : 4,
      "text" : "This",
      "whiteSpace" : false
    }, {
      "id" : "s0-t1",
      "begin" : 5,
      "end" : 10,
      "text" : "paper",
      "whiteSpace" : false
    }, {
      "id" : "s0-t2",
      "begin" : 11,
      "end" : 19,
      "text" : "analyses",
      "whiteSpace" : false
    }, {
      "id" : "s0-t3",
      "begin" : 20,
      "end" : 35,
      "text" : "cross-sectional",
      "whiteSpace" : false
    }, {
      "id" : "s0-t4",
      "begin" : 36,
      "end" : 44,
      "text" : "evidence",
      "whiteSpace" : false
    }, {
      "id" : "s0-t5",
      "begin" : 45,
      "end" : 47,
      "text" : "on",
      "whiteSpace" : false
    }, {
      "id" : "s0-t6",
      "begin" : 48,
      "end" : 54,
      "text" : "income",
      "whiteSpace" : false
    }, {
      "id" : "s0-t7",
      "begin" : 55,
      "end" : 65,
      "text" : "inequality",
      "whiteSpace" : false
    }, {
      "id" : "s0-t8",
      "begin" : 66,
      "end" : 68,
      "text" : "in",
      "whiteSpace" : false
    }, {
      "id" : "s0-t9",
      "begin" : 69,
      "end" : 79,
      "text" : "developing",
      "whiteSpace" : false
    }, {
      "id" : "s0-t10",
      "begin" : 80,
      "end" : 89,
      "text" : "countries",
      "whiteSpace" : false
    }, {
      "id" : "s0-t11",
      "begin" : 90,
      "end" : 96,
      "text" : "within",
      "whiteSpace" : false
    }, {
      "id" : "s0-t12",
      "begin" : 97,
      "end" : 98,
      "text" : "a",
      "whiteSpace" : false
    }, {
      "id" : "s0-t13",
      "begin" : 99,
      "end" : 109,
      "text" : "consistent",
      "whiteSpace" : false
    }, {
      "id" : "s0-t14",
      "begin" : 110,
      "end" : 121,
      "text" : "theoretical",
      "whiteSpace" : false
    }, {
      "id" : "s0-t15",
      "begin" : 122,
      "end" : 131,
      "text" : "framework",
      "whiteSpace" : false
    }, {
      "id" : "s0-t16",
      "begin" : 132,
      "end" : 137,
      "text" : "where",
      "whiteSpace" : false
    }, {
      "id" : "s0-t17",
      "begin" : 138,
      "end" : 141,
      "text" : "the",
      "whiteSpace" : false
    }, {
      "id" : "s0-t18",
      "begin" : 142,
      "end" : 147,
      "text" : "major",
      "whiteSpace" : false
    }, {
      "id" : "s0-t19",
      "begin" : 148,
      "end" : 159,
      "text" : "explanatory",
      "whiteSpace" : false
    }, {
      "id" : "s0-t20",
      "begin" : 160,
      "end" : 169,
      "text" : "variables",
      "whiteSpace" : false
    }, {
      "id" : "s0-t21",
      "begin" : 170,
      "end" : 173,
      "text" : "are",
      "whiteSpace" : false
    }, {
      "id" : "s0-t22",
      "begin" : 174,
      "end" : 180,
      "text" : "factor",
      "whiteSpace" : false
    }, {
      "id" : "s0-t23",
      "begin" : 181,
      "end" : 191,
      "text" : "endowments",
      "whiteSpace" : false
    }, {
      "id" : "s0-t24",
      "begin" : 191,
      "end" : 192,
      "text" : ",",
      "whiteSpace" : false
    }, {
      "id" : "s0-t25",
      "begin" : 193,
      "end" : 198,
      "text" : "their",
      "whiteSpace" : false
    }, {
      "id" : "s0-t26",
      "begin" : 199,
      "end" : 208,
      "text" : "ownership",
      "whiteSpace" : false
    }, {
      "id" : "s0-t27",
      "begin" : 209,
      "end" : 218,
      "text" : "structure",
      "whiteSpace" : false
    }, {
      "id" : "s0-t28",
      "begin" : 219,
      "end" : 222,
      "text" : "and",
      "whiteSpace" : false
    }, {
      "id" : "s0-t29",
      "begin" : 223,
      "end" : 230,
      "text" : "foreign",
      "whiteSpace" : false
    }, {
      "id" : "s0-t30",
      "begin" : 231,
      "end" : 236,
      "text" : "trade",
      "whiteSpace" : false
    }, {
      "id" : "s0-t31",
      "begin" : 237,
      "end" : 248,
      "text" : "distortions",
      "whiteSpace" : false
    }, {
      "id" : "s0-t32",
      "begin" : 248,
      "end" : 249,
      "text" : ".",
      "whiteSpace" : false
    } ]
  }, {
    "id" : "s1",
    "begin" : 250,
    "end" : 397,
    "text" : "The resulting explanation of cross-country differences in income distribution is considerably better than what is found in the existing literature.",
    "tokens" : [ {
      "id" : "s1-t0",
      "begin" : 250,
      "end" : 253,
      "text" : "The",
      "whiteSpace" : false
    }, {
      "id" : "s1-t1",
      "begin" : 254,
      "end" : 263,
      "text" : "resulting",
      "whiteSpace" : false
    }, {
      "id" : "s1-t2",
      "begin" : 264,
      "end" : 275,
      "text" : "explanation",
      "whiteSpace" : false
    }, {
      "id" : "s1-t3",
      "begin" : 276,
      "end" : 278,
      "text" : "of",
      "whiteSpace" : false
    }, {
      "id" : "s1-t4",
      "begin" : 279,
      "end" : 292,
      "text" : "cross-country",
      "whiteSpace" : false
    }, {
      "id" : "s1-t5",
      "begin" : 293,
      "end" : 304,
      "text" : "differences",
      "whiteSpace" : false
    }, {
      "id" : "s1-t6",
      "begin" : 305,
      "end" : 307,
      "text" : "in",
      "whiteSpace" : false
    }, {
      "id" : "s1-t7",
      "begin" : 308,
      "end" : 314,
      "text" : "income",
      "whiteSpace" : false
    }, {
      "id" : "s1-t8",
      "begin" : 315,
      "end" : 327,
      "text" : "distribution",
      "whiteSpace" : false
    }, {
      "id" : "s1-t9",
      "begin" : 328,
      "end" : 330,
      "text" : "is",
      "whiteSpace" : false
    }, {
      "id" : "s1-t10",
      "begin" : 331,
      "end" : 343,
      "text" : "considerably",
      "whiteSpace" : false
    }, {
      "id" : "s1-t11",
      "begin" : 344,
      "end" : 350,
      "text" : "better",
      "whiteSpace" : false
    }, {
      "id" : "s1-t12",
      "begin" : 351,
      "end" : 355,
      "text" : "than",
      "whiteSpace" : false
    }, {
      "id" : "s1-t13",
      "begin" : 356,
      "end" : 360,
      "text" : "what",
      "whiteSpace" : false
    }, {
      "id" : "s1-t14",
      "begin" : 361,
      "end" : 363,
      "text" : "is",
      "whiteSpace" : false
    }, {
      "id" : "s1-t15",
      "begin" : 364,
      "end" : 369,
      "text" : "found",
      "whiteSpace" : false
    }, {
      "id" : "s1-t16",
      "begin" : 370,
      "end" : 372,
      "text" : "in",
      "whiteSpace" : false
    }, {
      "id" : "s1-t17",
      "begin" : 373,
      "end" : 376,
      "text" : "the",
      "whiteSpace" : false
    }, {
      "id" : "s1-t18",
      "begin" : 377,
      "end" : 385,
      "text" : "existing",
      "whiteSpace" : false
    }, {
      "id" : "s1-t19",
      "begin" : 386,
      "end" : 396,
      "text" : "literature",
      "whiteSpace" : false
    }, {
      "id" : "s1-t20",
      "begin" : 396,
      "end" : 397,
      "text" : ".",
      "whiteSpace" : false
    } ]
  }, {
    "id" : "s2",
    "begin" : 398,
    "end" : 615,
    "text" : "Endowments in mineral resources, land concentration in agricultural exports, trade protection and secondary schooling are shown to be major determinants of differences in income inequality across developing countries.",
    "tokens" : [ {
      "id" : "s2-t0",
      "begin" : 398,
      "end" : 408,
      "text" : "Endowments",
      "whiteSpace" : false
    }, {
      "id" : "s2-t1",
      "begin" : 409,
      "end" : 411,
      "text" : "in",
      "whiteSpace" : false
    }, {
      "id" : "s2-t2",
      "begin" : 412,
      "end" : 419,
      "text" : "mineral",
      "whiteSpace" : false
    }, {
      "id" : "s2-t3",
      "begin" : 420,
      "end" : 429,
      "text" : "resources",
      "whiteSpace" : false
    }, {
      "id" : "s2-t4",
      "begin" : 429,
      "end" : 430,
      "text" : ",",
      "whiteSpace" : false
    }, {
      "id" : "s2-t5",
      "begin" : 431,
      "end" : 435,
      "text" : "land",
      "whiteSpace" : false
    }, {
      "id" : "s2-t6",
      "begin" : 436,
      "end" : 449,
      "text" : "concentration",
      "whiteSpace" : false
    }, {
      "id" : "s2-t7",
      "begin" : 450,
      "end" : 452,
      "text" : "in",
      "whiteSpace" : false
    }, {
      "id" : "s2-t8",
      "begin" : 453,
      "end" : 465,
      "text" : "agricultural",
      "whiteSpace" : false
    }, {
      "id" : "s2-t9",
      "begin" : 466,
      "end" : 473,
      "text" : "exports",
      "whiteSpace" : false
    }, {
      "id" : "s2-t10",
      "begin" : 473,
      "end" : 474,
      "text" : ",",
      "whiteSpace" : false
    }, {
      "id" : "s2-t11",
      "begin" : 475,
      "end" : 480,
      "text" : "trade",
      "whiteSpace" : false
    }, {
      "id" : "s2-t12",
      "begin" : 481,
      "end" : 491,
      "text" : "protection",
      "whiteSpace" : false
    }, {
      "id" : "s2-t13",
      "begin" : 492,
      "end" : 495,
      "text" : "and",
      "whiteSpace" : false
    }, {
      "id" : "s2-t14",
      "begin" : 496,
      "end" : 505,
      "text" : "secondary",
      "whiteSpace" : false
    }, {
      "id" : "s2-t15",
      "begin" : 506,
      "end" : 515,
      "text" : "schooling",
      "whiteSpace" : false
    }, {
      "id" : "s2-t16",
      "begin" : 516,
      "end" : 519,
      "text" : "are",
      "whiteSpace" : false
    }, {
      "id" : "s2-t17",
      "begin" : 520,
      "end" : 525,
      "text" : "shown",
      "whiteSpace" : false
    }, {
      "id" : "s2-t18",
      "begin" : 526,
      "end" : 528,
      "text" : "to",
      "whiteSpace" : false
    }, {
      "id" : "s2-t19",
      "begin" : 529,
      "end" : 531,
      "text" : "be",
      "whiteSpace" : false
    }, {
      "id" : "s2-t20",
      "begin" : 532,
      "end" : 537,
      "text" : "major",
      "whiteSpace" : false
    }, {
      "id" : "s2-t21",
      "begin" : 538,
      "end" : 550,
      "text" : "determinants",
      "whiteSpace" : false
    }, {
      "id" : "s2-t22",
      "begin" : 551,
      "end" : 553,
      "text" : "of",
      "whiteSpace" : false
    }, {
      "id" : "s2-t23",
      "begin" : 554,
      "end" : 565,
      "text" : "differences",
      "whiteSpace" : false
    }, {
      "id" : "s2-t24",
      "begin" : 566,
      "end" : 568,
      "text" : "in",
      "whiteSpace" : false
    }, {
      "id" : "s2-t25",
      "begin" : 569,
      "end" : 575,
      "text" : "income",
      "whiteSpace" : false
    }, {
      "id" : "s2-t26",
      "begin" : 576,
      "end" : 586,
      "text" : "inequality",
      "whiteSpace" : false
    }, {
      "id" : "s2-t27",
      "begin" : 587,
      "end" : 593,
      "text" : "across",
      "whiteSpace" : false
    }, {
      "id" : "s2-t28",
      "begin" : 594,
      "end" : 604,
      "text" : "developing",
      "whiteSpace" : false
    }, {
      "id" : "s2-t29",
      "begin" : 605,
      "end" : 614,
      "text" : "countries",
      "whiteSpace" : false
    }, {
      "id" : "s2-t30",
      "begin" : 614,
      "end" : 615,
      "text" : ".",
      "whiteSpace" : false
    } ]
  } ],
  "mentions" : [ {
    "id" : "s0-m4",
    "properties" : {
      "SIRE_MENTION_ROLE" : "evidence",
      "SIRE_ENTITY_SUBTYPE" : "NONE",
      "SIRE_MENTION_TYPE" : "NONE",
      "SIRE_MENTION_CLASS" : "SPC"
    },
    "type" : "evidence",
    "begin" : 11,
    "end" : 19,
    "inCoref" : false
  }, {
    "id" : "m1",
    "properties" : {
      "SIRE_MENTION_ROLE" : "evidence",
      "SIRE_MENTION_CLASS" : "SPC",
      "SIRE_ENTITY_SUBTYPE" : "NONE",
      "SIRE_MENTION_TYPE" : "NONE"
    },
    "type" : "evidence",
    "begin" : 36,
    "end" : 44,
    "inCoref" : false
  }, {
    "id" : "m2",
    "properties" : {
      "SIRE_MENTION_ROLE" : "Variable",
      "SIRE_MENTION_CLASS" : "SPC",
      "SIRE_ENTITY_SUBTYPE" : "NONE",
      "SIRE_MENTION_TYPE" : "NONE"
    },
    "type" : "Variable",
    "begin" : 48,
    "end" : 65,
    "inCoref" : true
  }, {
    "id" : "s0-m5",
    "properties" : {
      "SIRE_MENTION_ROLE" : "Variable",
      "SIRE_ENTITY_SUBTYPE" : "NONE",
      "SIRE_MENTION_TYPE" : "NONE",
      "SIRE_MENTION_CLASS" : "SPC"
    },
    "type" : "Variable",
    "begin" : 174,
    "end" : 191,
    "inCoref" : true
  }, {
    "id" : "s0-m6",
    "properties" : {
      "SIRE_MENTION_ROLE" : "Variable",
      "SIRE_ENTITY_SUBTYPE" : "NONE",
      "SIRE_MENTION_TYPE" : "NONE",
      "SIRE_MENTION_CLASS" : "SPC"
    },
    "type" : "Variable",
    "begin" : 199,
    "end" : 218,
    "inCoref" : false
  }, {
    "id" : "m3",
    "properties" : {
      "SIRE_MENTION_ROLE" : "Variable",
      "SIRE_MENTION_CLASS" : "SPC",
      "SIRE_ENTITY_SUBTYPE" : "NONE",
      "SIRE_MENTION_TYPE" : "NONE"
    },
    "type" : "Variable",
    "begin" : 223,
    "end" : 248,
    "inCoref" : false
  }, {
    "id" : "m4",
    "properties" : {
      "SIRE_MENTION_ROLE" : "Variable",
      "SIRE_MENTION_CLASS" : "SPC",
      "SIRE_ENTITY_SUBTYPE" : "NONE",
      "SIRE_MENTION_TYPE" : "NONE"
    },
    "type" : "Variable",
    "begin" : 308,
    "end" : 327,
    "inCoref" : true
  }, {
    "id" : "s2-m6",
    "properties" : {
      "SIRE_MENTION_ROLE" : "Variable",
      "SIRE_ENTITY_SUBTYPE" : "NONE",
      "SIRE_MENTION_TYPE" : "NONE",
      "SIRE_MENTION_CLASS" : "SPC"
    },
    "type" : "Variable",
    "begin" : 398,
    "end" : 429,
    "inCoref" : false
  }, {
    "id" : "s2-m7",
    "properties" : {
      "SIRE_MENTION_ROLE" : "Variable",
      "SIRE_ENTITY_SUBTYPE" : "NONE",
      "SIRE_MENTION_TYPE" : "NONE",
      "SIRE_MENTION_CLASS" : "SPC"
    },
    "type" : "Variable",
    "begin" : 431,
    "end" : 473,
    "inCoref" : false
  }, {
    "id" : "m5",
    "properties" : {
      "SIRE_MENTION_ROLE" : "Variable",
      "SIRE_MENTION_CLASS" : "SPC",
      "SIRE_ENTITY_SUBTYPE" : "NONE",
      "SIRE_MENTION_TYPE" : "NONE"
    },
    "type" : "Variable",
    "begin" : 475,
    "end" : 491,
    "inCoref" : false
  }, {
    "id" : "m6",
    "properties" : {
      "SIRE_MENTION_ROLE" : "Variable",
      "SIRE_MENTION_CLASS" : "SPC",
      "SIRE_ENTITY_SUBTYPE" : "NONE",
      "SIRE_MENTION_TYPE" : "NONE"
    },
    "type" : "Variable",
    "begin" : 496,
    "end" : 515,
    "inCoref" : false
  }, {
    "id" : "s2-m4",
    "properties" : {
      "SIRE_MENTION_ROLE" : "relation",
      "SIRE_ENTITY_SUBTYPE" : "NONE",
      "SIRE_MENTION_TYPE" : "NONE",
      "SIRE_MENTION_CLASS" : "SPC"
    },
    "type" : "relation",
    "begin" : 538,
    "end" : 553,
    "inCoref" : false
  }, {
    "id" : "m7",
    "properties" : {
      "SIRE_MENTION_ROLE" : "Variable",
      "SIRE_MENTION_CLASS" : "SPC",
      "SIRE_ENTITY_SUBTYPE" : "NONE",
      "SIRE_MENTION_TYPE" : "NONE"
    },
    "type" : "Variable",
    "begin" : 569,
    "end" : 586,
    "inCoref" : true
  } ],
  "relations" : [ {
    "id" : "s2-r1",
    "properties" : { },
    "type" : "Causal",
    "args" : [ "m5", "m7" ]
  }, {
    "id" : "s2-r2",
    "properties" : { },
    "type" : "Causal",
    "args" : [ "m6", "m7" ]
  }, {
    "id" : "s2-r3",
    "properties" : { },
    "type" : "Causal",
    "args" : [ "s2-m6", "m7" ]
  }, {
    "id" : "s2-r4",
    "properties" : { },
    "type" : "Causal",
    "args" : [ "s2-m7", "m7" ]
  } ],
  "corefs" : [ {
    "id" : "c1",
    "properties" : { },
    "mentions" : [ "m2", "m4", "m7" ]
  }, {
    "id" : "c2",
    "properties" : { },
    "mentions" : [ "s0-m5" ]
  } ],
  "typeResolved" : true,
  "userResolved" : false
}