{
  "id" : "f584c9b0-2c32-11ec-8ccb-e3b7183e4c89-15",
  "name" : "30. Edwards, S. (1997.docx",
  "createdDate" : 0,
  "version" : 3,
  "text" : "\nA new comparative data set is used to examine the link between income distribution and trade policy. There is no proof of a relationship between free trade and inequality of income in developing countries. The findings seem to be strong to the income-distribution and substitute trade policy indexes used. However, the analysis is also characterized by problems in cross-country studies and by measurement problems.\n\n",
  "docLength" : 0,
  "language" : "EN",
  "status" : "IN_PROGRESS",
  "modifiedDate" : 1634899083043,
  "documentSet" : [ ],
  "preannotation" : [ "PRE_LW" ],
  "sentences" : [ {
    "id" : "s0",
    "begin" : 1,
    "end" : 101,
    "text" : "A new comparative data set is used to examine the link between income distribution and trade policy.",
    "tokens" : [ {
      "id" : "s0-t0",
      "begin" : 1,
      "end" : 2,
      "text" : "A",
      "whiteSpace" : false
    }, {
      "id" : "s0-t1",
      "begin" : 3,
      "end" : 6,
      "text" : "new",
      "whiteSpace" : false
    }, {
      "id" : "s0-t2",
      "begin" : 7,
      "end" : 18,
      "text" : "comparative",
      "whiteSpace" : false
    }, {
      "id" : "s0-t3",
      "begin" : 19,
      "end" : 23,
      "text" : "data",
      "whiteSpace" : false
    }, {
      "id" : "s0-t4",
      "begin" : 24,
      "end" : 27,
      "text" : "set",
      "whiteSpace" : false
    }, {
      "id" : "s0-t5",
      "begin" : 28,
      "end" : 30,
      "text" : "is",
      "whiteSpace" : false
    }, {
      "id" : "s0-t6",
      "begin" : 31,
      "end" : 35,
      "text" : "used",
      "whiteSpace" : false
    }, {
      "id" : "s0-t7",
      "begin" : 36,
      "end" : 38,
      "text" : "to",
      "whiteSpace" : false
    }, {
      "id" : "s0-t8",
      "begin" : 39,
      "end" : 46,
      "text" : "examine",
      "whiteSpace" : false
    }, {
      "id" : "s0-t9",
      "begin" : 47,
      "end" : 50,
      "text" : "the",
      "whiteSpace" : false
    }, {
      "id" : "s0-t10",
      "begin" : 51,
      "end" : 55,
      "text" : "link",
      "whiteSpace" : false
    }, {
      "id" : "s0-t11",
      "begin" : 56,
      "end" : 63,
      "text" : "between",
      "whiteSpace" : false
    }, {
      "id" : "s0-t12",
      "begin" : 64,
      "end" : 70,
      "text" : "income",
      "whiteSpace" : false
    }, {
      "id" : "s0-t13",
      "begin" : 71,
      "end" : 83,
      "text" : "distribution",
      "whiteSpace" : false
    }, {
      "id" : "s0-t14",
      "begin" : 84,
      "end" : 87,
      "text" : "and",
      "whiteSpace" : false
    }, {
      "id" : "s0-t15",
      "begin" : 88,
      "end" : 93,
      "text" : "trade",
      "whiteSpace" : false
    }, {
      "id" : "s0-t16",
      "begin" : 94,
      "end" : 100,
      "text" : "policy",
      "whiteSpace" : false
    }, {
      "id" : "s0-t17",
      "begin" : 100,
      "end" : 101,
      "text" : ".",
      "whiteSpace" : false
    } ]
  }, {
    "id" : "s1",
    "begin" : 102,
    "end" : 206,
    "text" : "There is no proof of a relationship between free trade and inequality of income in developing countries.",
    "tokens" : [ {
      "id" : "s1-t0",
      "begin" : 102,
      "end" : 107,
      "text" : "There",
      "whiteSpace" : false
    }, {
      "id" : "s1-t1",
      "begin" : 108,
      "end" : 110,
      "text" : "is",
      "whiteSpace" : false
    }, {
      "id" : "s1-t2",
      "begin" : 111,
      "end" : 113,
      "text" : "no",
      "whiteSpace" : false
    }, {
      "id" : "s1-t3",
      "begin" : 114,
      "end" : 119,
      "text" : "proof",
      "whiteSpace" : false
    }, {
      "id" : "s1-t4",
      "begin" : 120,
      "end" : 122,
      "text" : "of",
      "whiteSpace" : false
    }, {
      "id" : "s1-t5",
      "begin" : 123,
      "end" : 124,
      "text" : "a",
      "whiteSpace" : false
    }, {
      "id" : "s1-t6",
      "begin" : 125,
      "end" : 137,
      "text" : "relationship",
      "whiteSpace" : false
    }, {
      "id" : "s1-t7",
      "begin" : 138,
      "end" : 145,
      "text" : "between",
      "whiteSpace" : false
    }, {
      "id" : "s1-t8",
      "begin" : 146,
      "end" : 150,
      "text" : "free",
      "whiteSpace" : false
    }, {
      "id" : "s1-t9",
      "begin" : 151,
      "end" : 156,
      "text" : "trade",
      "whiteSpace" : false
    }, {
      "id" : "s1-t10",
      "begin" : 157,
      "end" : 160,
      "text" : "and",
      "whiteSpace" : false
    }, {
      "id" : "s1-t11",
      "begin" : 161,
      "end" : 171,
      "text" : "inequality",
      "whiteSpace" : false
    }, {
      "id" : "s1-t12",
      "begin" : 172,
      "end" : 174,
      "text" : "of",
      "whiteSpace" : false
    }, {
      "id" : "s1-t13",
      "begin" : 175,
      "end" : 181,
      "text" : "income",
      "whiteSpace" : false
    }, {
      "id" : "s1-t14",
      "begin" : 182,
      "end" : 184,
      "text" : "in",
      "whiteSpace" : false
    }, {
      "id" : "s1-t15",
      "begin" : 185,
      "end" : 195,
      "text" : "developing",
      "whiteSpace" : false
    }, {
      "id" : "s1-t16",
      "begin" : 196,
      "end" : 205,
      "text" : "countries",
      "whiteSpace" : false
    }, {
      "id" : "s1-t17",
      "begin" : 205,
      "end" : 206,
      "text" : ".",
      "whiteSpace" : false
    } ]
  }, {
    "id" : "s2",
    "begin" : 207,
    "end" : 306,
    "text" : "The findings seem to be strong to the income-distribution and substitute trade policy indexes used.",
    "tokens" : [ {
      "id" : "s2-t0",
      "begin" : 207,
      "end" : 210,
      "text" : "The",
      "whiteSpace" : false
    }, {
      "id" : "s2-t1",
      "begin" : 211,
      "end" : 219,
      "text" : "findings",
      "whiteSpace" : false
    }, {
      "id" : "s2-t2",
      "begin" : 220,
      "end" : 224,
      "text" : "seem",
      "whiteSpace" : false
    }, {
      "id" : "s2-t3",
      "begin" : 225,
      "end" : 227,
      "text" : "to",
      "whiteSpace" : false
    }, {
      "id" : "s2-t4",
      "begin" : 228,
      "end" : 230,
      "text" : "be",
      "whiteSpace" : false
    }, {
      "id" : "s2-t5",
      "begin" : 231,
      "end" : 237,
      "text" : "strong",
      "whiteSpace" : false
    }, {
      "id" : "s2-t6",
      "begin" : 238,
      "end" : 240,
      "text" : "to",
      "whiteSpace" : false
    }, {
      "id" : "s2-t7",
      "begin" : 241,
      "end" : 244,
      "text" : "the",
      "whiteSpace" : false
    }, {
      "id" : "s2-t8",
      "begin" : 245,
      "end" : 251,
      "text" : "income",
      "whiteSpace" : false
    }, {
      "id" : "s2-t9",
      "begin" : 251,
      "end" : 252,
      "text" : "-",
      "whiteSpace" : false
    }, {
      "id" : "s2-t10",
      "begin" : 252,
      "end" : 264,
      "text" : "distribution",
      "whiteSpace" : false
    }, {
      "id" : "s2-t11",
      "begin" : 265,
      "end" : 268,
      "text" : "and",
      "whiteSpace" : false
    }, {
      "id" : "s2-t12",
      "begin" : 269,
      "end" : 279,
      "text" : "substitute",
      "whiteSpace" : false
    }, {
      "id" : "s2-t13",
      "begin" : 280,
      "end" : 285,
      "text" : "trade",
      "whiteSpace" : false
    }, {
      "id" : "s2-t14",
      "begin" : 286,
      "end" : 292,
      "text" : "policy",
      "whiteSpace" : false
    }, {
      "id" : "s2-t15",
      "begin" : 293,
      "end" : 300,
      "text" : "indexes",
      "whiteSpace" : false
    }, {
      "id" : "s2-t16",
      "begin" : 301,
      "end" : 305,
      "text" : "used",
      "whiteSpace" : false
    }, {
      "id" : "s2-t17",
      "begin" : 305,
      "end" : 306,
      "text" : ".",
      "whiteSpace" : false
    } ]
  }, {
    "id" : "s3",
    "begin" : 307,
    "end" : 416,
    "text" : "However, the analysis is also characterized by problems in cross-country studies and by measurement problems.",
    "tokens" : [ {
      "id" : "s3-t0",
      "begin" : 307,
      "end" : 314,
      "text" : "However",
      "whiteSpace" : false
    }, {
      "id" : "s3-t1",
      "begin" : 314,
      "end" : 315,
      "text" : ",",
      "whiteSpace" : false
    }, {
      "id" : "s3-t2",
      "begin" : 316,
      "end" : 319,
      "text" : "the",
      "whiteSpace" : false
    }, {
      "id" : "s3-t3",
      "begin" : 320,
      "end" : 328,
      "text" : "analysis",
      "whiteSpace" : false
    }, {
      "id" : "s3-t4",
      "begin" : 329,
      "end" : 331,
      "text" : "is",
      "whiteSpace" : false
    }, {
      "id" : "s3-t5",
      "begin" : 332,
      "end" : 336,
      "text" : "also",
      "whiteSpace" : false
    }, {
      "id" : "s3-t6",
      "begin" : 337,
      "end" : 350,
      "text" : "characterized",
      "whiteSpace" : false
    }, {
      "id" : "s3-t7",
      "begin" : 351,
      "end" : 353,
      "text" : "by",
      "whiteSpace" : false
    }, {
      "id" : "s3-t8",
      "begin" : 354,
      "end" : 362,
      "text" : "problems",
      "whiteSpace" : false
    }, {
      "id" : "s3-t9",
      "begin" : 363,
      "end" : 365,
      "text" : "in",
      "whiteSpace" : false
    }, {
      "id" : "s3-t10",
      "begin" : 366,
      "end" : 379,
      "text" : "cross-country",
      "whiteSpace" : false
    }, {
      "id" : "s3-t11",
      "begin" : 380,
      "end" : 387,
      "text" : "studies",
      "whiteSpace" : false
    }, {
      "id" : "s3-t12",
      "begin" : 388,
      "end" : 391,
      "text" : "and",
      "whiteSpace" : false
    }, {
      "id" : "s3-t13",
      "begin" : 392,
      "end" : 394,
      "text" : "by",
      "whiteSpace" : false
    }, {
      "id" : "s3-t14",
      "begin" : 395,
      "end" : 406,
      "text" : "measurement",
      "whiteSpace" : false
    }, {
      "id" : "s3-t15",
      "begin" : 407,
      "end" : 415,
      "text" : "problems",
      "whiteSpace" : false
    }, {
      "id" : "s3-t16",
      "begin" : 415,
      "end" : 416,
      "text" : ".",
      "whiteSpace" : false
    } ]
  } ],
  "mentions" : [ {
    "id" : "m1",
    "properties" : {
      "SIRE_MENTION_ROLE" : "evidence",
      "SIRE_MENTION_CLASS" : "SPC",
      "SIRE_ENTITY_SUBTYPE" : "NONE",
      "SIRE_MENTION_TYPE" : "NONE"
    },
    "type" : "evidence",
    "begin" : 39,
    "end" : 46,
    "inCoref" : false
  }, {
    "id" : "m2",
    "properties" : {
      "SIRE_MENTION_ROLE" : "relation",
      "SIRE_MENTION_CLASS" : "SPC",
      "SIRE_ENTITY_SUBTYPE" : "NONE",
      "SIRE_MENTION_TYPE" : "NONE"
    },
    "type" : "relation",
    "begin" : 51,
    "end" : 63,
    "inCoref" : false
  }, {
    "id" : "m3",
    "properties" : {
      "SIRE_MENTION_ROLE" : "Variable",
      "SIRE_MENTION_CLASS" : "SPC",
      "SIRE_ENTITY_SUBTYPE" : "NONE",
      "SIRE_MENTION_TYPE" : "NONE"
    },
    "type" : "Variable",
    "begin" : 64,
    "end" : 83,
    "inCoref" : true
  }, {
    "id" : "m4",
    "properties" : {
      "SIRE_MENTION_ROLE" : "Variable",
      "SIRE_MENTION_CLASS" : "SPC",
      "SIRE_ENTITY_SUBTYPE" : "NONE",
      "SIRE_MENTION_TYPE" : "NONE"
    },
    "type" : "Variable",
    "begin" : 88,
    "end" : 93,
    "inCoref" : true
  }, {
    "id" : "s1-m5",
    "properties" : {
      "SIRE_MENTION_ROLE" : "negation",
      "SIRE_ENTITY_SUBTYPE" : "NONE",
      "SIRE_MENTION_TYPE" : "NONE",
      "SIRE_MENTION_CLASS" : "SPC"
    },
    "type" : "negation",
    "begin" : 111,
    "end" : 113,
    "inCoref" : false
  }, {
    "id" : "s1-m4",
    "properties" : {
      "SIRE_MENTION_ROLE" : "evidence",
      "SIRE_ENTITY_SUBTYPE" : "NONE",
      "SIRE_MENTION_TYPE" : "NONE",
      "SIRE_MENTION_CLASS" : "SPC"
    },
    "type" : "evidence",
    "begin" : 114,
    "end" : 119,
    "inCoref" : false
  }, {
    "id" : "s1-m3",
    "properties" : {
      "SIRE_MENTION_ROLE" : "relation",
      "SIRE_ENTITY_SUBTYPE" : "NONE",
      "SIRE_MENTION_TYPE" : "NONE",
      "SIRE_MENTION_CLASS" : "SPC"
    },
    "type" : "relation",
    "begin" : 125,
    "end" : 145,
    "inCoref" : false
  }, {
    "id" : "m5",
    "properties" : {
      "SIRE_MENTION_ROLE" : "Variable",
      "SIRE_MENTION_CLASS" : "SPC",
      "SIRE_ENTITY_SUBTYPE" : "NONE",
      "SIRE_MENTION_TYPE" : "NONE"
    },
    "type" : "Variable",
    "begin" : 146,
    "end" : 156,
    "inCoref" : true
  }, {
    "id" : "m6",
    "properties" : {
      "SIRE_MENTION_ROLE" : "Variable",
      "SIRE_MENTION_CLASS" : "SPC",
      "SIRE_ENTITY_SUBTYPE" : "NONE",
      "SIRE_MENTION_TYPE" : "NONE"
    },
    "type" : "Variable",
    "begin" : 161,
    "end" : 181,
    "inCoref" : true
  }, {
    "id" : "m7",
    "properties" : {
      "SIRE_MENTION_ROLE" : "evidence",
      "SIRE_MENTION_CLASS" : "SPC",
      "SIRE_ENTITY_SUBTYPE" : "NONE",
      "SIRE_MENTION_TYPE" : "NONE"
    },
    "type" : "evidence",
    "begin" : 211,
    "end" : 219,
    "inCoref" : false
  }, {
    "id" : "s2-m3",
    "properties" : {
      "SIRE_MENTION_ROLE" : "Variable",
      "SIRE_ENTITY_SUBTYPE" : "NONE",
      "SIRE_MENTION_TYPE" : "NONE",
      "SIRE_MENTION_CLASS" : "SPC"
    },
    "type" : "Variable",
    "begin" : 245,
    "end" : 264,
    "inCoref" : true
  }, {
    "id" : "m8",
    "properties" : {
      "SIRE_MENTION_ROLE" : "Variable",
      "SIRE_MENTION_CLASS" : "SPC",
      "SIRE_ENTITY_SUBTYPE" : "NONE",
      "SIRE_MENTION_TYPE" : "NONE"
    },
    "type" : "Variable",
    "begin" : 280,
    "end" : 292,
    "inCoref" : true
  } ],
  "relations" : [ {
    "id" : "s1-r1",
    "properties" : { },
    "type" : "NoRelation",
    "args" : [ "m5", "m6" ]
  } ],
  "corefs" : [ {
    "id" : "c1",
    "properties" : { },
    "mentions" : [ "m3", "s2-m3", "m6" ]
  }, {
    "id" : "c2",
    "properties" : { },
    "mentions" : [ "m5", "m4", "m8" ]
  } ],
  "typeResolved" : true,
  "userResolved" : false
}