{
  "id" : "f584c9b0-2c32-11ec-8ccb-e3b7183e4c89-8",
  "name" : "15. Boyd, R. L. (1988). .docx",
  "createdDate" : 0,
  "version" : 3,
  "text" : "This study explores the effect of government involvement in the economy, as measured by central government expenditures as a percent of Gross Domestic Product (GDP), on the distribution of income. It is hypothesized that state spending - in the form of transfer payments to firms and households, government purchases, and military spending - will have a negative influence on income inequality only at high levels of economic development. Multivariate analysis confirms this hypothesis. The results show that government expenditures as a percent of GDP and level of industrialization interact to produce a negative impact on income inequality. This finding, moreover, holds up after additional investigation for possible OLS assumption violations, sample dependence of results, and model misspecification.\n\n",
  "docLength" : 0,
  "language" : "EN",
  "status" : "IN_PROGRESS",
  "modifiedDate" : 1639151564651,
  "documentSet" : [ ],
  "preannotation" : [ "PRE_LW" ],
  "sentences" : [ {
    "id" : "s0",
    "begin" : 0,
    "end" : 196,
    "text" : "This study explores the effect of government involvement in the economy, as measured by central government expenditures as a percent of Gross Domestic Product (GDP), on the distribution of income.",
    "tokens" : [ {
      "id" : "s0-t0",
      "begin" : 0,
      "end" : 4,
      "text" : "This",
      "whiteSpace" : false
    }, {
      "id" : "s0-t1",
      "begin" : 5,
      "end" : 10,
      "text" : "study",
      "whiteSpace" : false
    }, {
      "id" : "s0-t2",
      "begin" : 11,
      "end" : 19,
      "text" : "explores",
      "whiteSpace" : false
    }, {
      "id" : "s0-t3",
      "begin" : 20,
      "end" : 23,
      "text" : "the",
      "whiteSpace" : false
    }, {
      "id" : "s0-t4",
      "begin" : 24,
      "end" : 30,
      "text" : "effect",
      "whiteSpace" : false
    }, {
      "id" : "s0-t5",
      "begin" : 31,
      "end" : 33,
      "text" : "of",
      "whiteSpace" : false
    }, {
      "id" : "s0-t6",
      "begin" : 34,
      "end" : 44,
      "text" : "government",
      "whiteSpace" : false
    }, {
      "id" : "s0-t7",
      "begin" : 45,
      "end" : 56,
      "text" : "involvement",
      "whiteSpace" : false
    }, {
      "id" : "s0-t8",
      "begin" : 57,
      "end" : 59,
      "text" : "in",
      "whiteSpace" : false
    }, {
      "id" : "s0-t9",
      "begin" : 60,
      "end" : 63,
      "text" : "the",
      "whiteSpace" : false
    }, {
      "id" : "s0-t10",
      "begin" : 64,
      "end" : 71,
      "text" : "economy",
      "whiteSpace" : false
    }, {
      "id" : "s0-t11",
      "begin" : 71,
      "end" : 72,
      "text" : ",",
      "whiteSpace" : false
    }, {
      "id" : "s0-t12",
      "begin" : 73,
      "end" : 75,
      "text" : "as",
      "whiteSpace" : false
    }, {
      "id" : "s0-t13",
      "begin" : 76,
      "end" : 84,
      "text" : "measured",
      "whiteSpace" : false
    }, {
      "id" : "s0-t14",
      "begin" : 85,
      "end" : 87,
      "text" : "by",
      "whiteSpace" : false
    }, {
      "id" : "s0-t15",
      "begin" : 88,
      "end" : 95,
      "text" : "central",
      "whiteSpace" : false
    }, {
      "id" : "s0-t16",
      "begin" : 96,
      "end" : 106,
      "text" : "government",
      "whiteSpace" : false
    }, {
      "id" : "s0-t17",
      "begin" : 107,
      "end" : 119,
      "text" : "expenditures",
      "whiteSpace" : false
    }, {
      "id" : "s0-t18",
      "begin" : 120,
      "end" : 122,
      "text" : "as",
      "whiteSpace" : false
    }, {
      "id" : "s0-t19",
      "begin" : 123,
      "end" : 124,
      "text" : "a",
      "whiteSpace" : false
    }, {
      "id" : "s0-t20",
      "begin" : 125,
      "end" : 132,
      "text" : "percent",
      "whiteSpace" : false
    }, {
      "id" : "s0-t21",
      "begin" : 133,
      "end" : 135,
      "text" : "of",
      "whiteSpace" : false
    }, {
      "id" : "s0-t22",
      "begin" : 136,
      "end" : 141,
      "text" : "Gross",
      "whiteSpace" : false
    }, {
      "id" : "s0-t23",
      "begin" : 142,
      "end" : 150,
      "text" : "Domestic",
      "whiteSpace" : false
    }, {
      "id" : "s0-t24",
      "begin" : 151,
      "end" : 158,
      "text" : "Product",
      "whiteSpace" : false
    }, {
      "id" : "s0-t25",
      "begin" : 159,
      "end" : 160,
      "text" : "(",
      "whiteSpace" : false
    }, {
      "id" : "s0-t26",
      "begin" : 160,
      "end" : 163,
      "text" : "GDP",
      "whiteSpace" : false
    }, {
      "id" : "s0-t27",
      "begin" : 163,
      "end" : 164,
      "text" : ")",
      "whiteSpace" : false
    }, {
      "id" : "s0-t28",
      "begin" : 164,
      "end" : 165,
      "text" : ",",
      "whiteSpace" : false
    }, {
      "id" : "s0-t29",
      "begin" : 166,
      "end" : 168,
      "text" : "on",
      "whiteSpace" : false
    }, {
      "id" : "s0-t30",
      "begin" : 169,
      "end" : 172,
      "text" : "the",
      "whiteSpace" : false
    }, {
      "id" : "s0-t31",
      "begin" : 173,
      "end" : 185,
      "text" : "distribution",
      "whiteSpace" : false
    }, {
      "id" : "s0-t32",
      "begin" : 186,
      "end" : 188,
      "text" : "of",
      "whiteSpace" : false
    }, {
      "id" : "s0-t33",
      "begin" : 189,
      "end" : 195,
      "text" : "income",
      "whiteSpace" : false
    }, {
      "id" : "s0-t34",
      "begin" : 195,
      "end" : 196,
      "text" : ".",
      "whiteSpace" : false
    } ]
  }, {
    "id" : "s1",
    "begin" : 197,
    "end" : 438,
    "text" : "It is hypothesized that state spending - in the form of transfer payments to firms and households, government purchases, and military spending - will have a negative influence on income inequality only at high levels of economic development.",
    "tokens" : [ {
      "id" : "s1-t0",
      "begin" : 197,
      "end" : 199,
      "text" : "It",
      "whiteSpace" : false
    }, {
      "id" : "s1-t1",
      "begin" : 200,
      "end" : 202,
      "text" : "is",
      "whiteSpace" : false
    }, {
      "id" : "s1-t2",
      "begin" : 203,
      "end" : 215,
      "text" : "hypothesized",
      "whiteSpace" : false
    }, {
      "id" : "s1-t3",
      "begin" : 216,
      "end" : 220,
      "text" : "that",
      "whiteSpace" : false
    }, {
      "id" : "s1-t4",
      "begin" : 221,
      "end" : 226,
      "text" : "state",
      "whiteSpace" : false
    }, {
      "id" : "s1-t5",
      "begin" : 227,
      "end" : 235,
      "text" : "spending",
      "whiteSpace" : false
    }, {
      "id" : "s1-t6",
      "begin" : 236,
      "end" : 237,
      "text" : "-",
      "whiteSpace" : false
    }, {
      "id" : "s1-t7",
      "begin" : 238,
      "end" : 240,
      "text" : "in",
      "whiteSpace" : false
    }, {
      "id" : "s1-t8",
      "begin" : 241,
      "end" : 244,
      "text" : "the",
      "whiteSpace" : false
    }, {
      "id" : "s1-t9",
      "begin" : 245,
      "end" : 249,
      "text" : "form",
      "whiteSpace" : false
    }, {
      "id" : "s1-t10",
      "begin" : 250,
      "end" : 252,
      "text" : "of",
      "whiteSpace" : false
    }, {
      "id" : "s1-t11",
      "begin" : 253,
      "end" : 261,
      "text" : "transfer",
      "whiteSpace" : false
    }, {
      "id" : "s1-t12",
      "begin" : 262,
      "end" : 270,
      "text" : "payments",
      "whiteSpace" : false
    }, {
      "id" : "s1-t13",
      "begin" : 271,
      "end" : 273,
      "text" : "to",
      "whiteSpace" : false
    }, {
      "id" : "s1-t14",
      "begin" : 274,
      "end" : 279,
      "text" : "firms",
      "whiteSpace" : false
    }, {
      "id" : "s1-t15",
      "begin" : 280,
      "end" : 283,
      "text" : "and",
      "whiteSpace" : false
    }, {
      "id" : "s1-t16",
      "begin" : 284,
      "end" : 294,
      "text" : "households",
      "whiteSpace" : false
    }, {
      "id" : "s1-t17",
      "begin" : 294,
      "end" : 295,
      "text" : ",",
      "whiteSpace" : false
    }, {
      "id" : "s1-t18",
      "begin" : 296,
      "end" : 306,
      "text" : "government",
      "whiteSpace" : false
    }, {
      "id" : "s1-t19",
      "begin" : 307,
      "end" : 316,
      "text" : "purchases",
      "whiteSpace" : false
    }, {
      "id" : "s1-t20",
      "begin" : 316,
      "end" : 317,
      "text" : ",",
      "whiteSpace" : false
    }, {
      "id" : "s1-t21",
      "begin" : 318,
      "end" : 321,
      "text" : "and",
      "whiteSpace" : false
    }, {
      "id" : "s1-t22",
      "begin" : 322,
      "end" : 330,
      "text" : "military",
      "whiteSpace" : false
    }, {
      "id" : "s1-t23",
      "begin" : 331,
      "end" : 339,
      "text" : "spending",
      "whiteSpace" : false
    }, {
      "id" : "s1-t24",
      "begin" : 340,
      "end" : 341,
      "text" : "-",
      "whiteSpace" : false
    }, {
      "id" : "s1-t25",
      "begin" : 342,
      "end" : 346,
      "text" : "will",
      "whiteSpace" : false
    }, {
      "id" : "s1-t26",
      "begin" : 347,
      "end" : 351,
      "text" : "have",
      "whiteSpace" : false
    }, {
      "id" : "s1-t27",
      "begin" : 352,
      "end" : 353,
      "text" : "a",
      "whiteSpace" : false
    }, {
      "id" : "s1-t28",
      "begin" : 354,
      "end" : 362,
      "text" : "negative",
      "whiteSpace" : false
    }, {
      "id" : "s1-t29",
      "begin" : 363,
      "end" : 372,
      "text" : "influence",
      "whiteSpace" : false
    }, {
      "id" : "s1-t30",
      "begin" : 373,
      "end" : 375,
      "text" : "on",
      "whiteSpace" : false
    }, {
      "id" : "s1-t31",
      "begin" : 376,
      "end" : 382,
      "text" : "income",
      "whiteSpace" : false
    }, {
      "id" : "s1-t32",
      "begin" : 383,
      "end" : 393,
      "text" : "inequality",
      "whiteSpace" : false
    }, {
      "id" : "s1-t33",
      "begin" : 394,
      "end" : 398,
      "text" : "only",
      "whiteSpace" : false
    }, {
      "id" : "s1-t34",
      "begin" : 399,
      "end" : 401,
      "text" : "at",
      "whiteSpace" : false
    }, {
      "id" : "s1-t35",
      "begin" : 402,
      "end" : 406,
      "text" : "high",
      "whiteSpace" : false
    }, {
      "id" : "s1-t36",
      "begin" : 407,
      "end" : 413,
      "text" : "levels",
      "whiteSpace" : false
    }, {
      "id" : "s1-t37",
      "begin" : 414,
      "end" : 416,
      "text" : "of",
      "whiteSpace" : false
    }, {
      "id" : "s1-t38",
      "begin" : 417,
      "end" : 425,
      "text" : "economic",
      "whiteSpace" : false
    }, {
      "id" : "s1-t39",
      "begin" : 426,
      "end" : 437,
      "text" : "development",
      "whiteSpace" : false
    }, {
      "id" : "s1-t40",
      "begin" : 437,
      "end" : 438,
      "text" : ".",
      "whiteSpace" : false
    } ]
  }, {
    "id" : "s2",
    "begin" : 439,
    "end" : 486,
    "text" : "Multivariate analysis confirms this hypothesis.",
    "tokens" : [ {
      "id" : "s2-t0",
      "begin" : 439,
      "end" : 451,
      "text" : "Multivariate",
      "whiteSpace" : false
    }, {
      "id" : "s2-t1",
      "begin" : 452,
      "end" : 460,
      "text" : "analysis",
      "whiteSpace" : false
    }, {
      "id" : "s2-t2",
      "begin" : 461,
      "end" : 469,
      "text" : "confirms",
      "whiteSpace" : false
    }, {
      "id" : "s2-t3",
      "begin" : 470,
      "end" : 474,
      "text" : "this",
      "whiteSpace" : false
    }, {
      "id" : "s2-t4",
      "begin" : 475,
      "end" : 485,
      "text" : "hypothesis",
      "whiteSpace" : false
    }, {
      "id" : "s2-t5",
      "begin" : 485,
      "end" : 486,
      "text" : ".",
      "whiteSpace" : false
    } ]
  }, {
    "id" : "s3",
    "begin" : 487,
    "end" : 643,
    "text" : "The results show that government expenditures as a percent of GDP and level of industrialization interact to produce a negative impact on income inequality.",
    "tokens" : [ {
      "id" : "s3-t0",
      "begin" : 487,
      "end" : 490,
      "text" : "The",
      "whiteSpace" : false
    }, {
      "id" : "s3-t1",
      "begin" : 491,
      "end" : 498,
      "text" : "results",
      "whiteSpace" : false
    }, {
      "id" : "s3-t2",
      "begin" : 499,
      "end" : 503,
      "text" : "show",
      "whiteSpace" : false
    }, {
      "id" : "s3-t3",
      "begin" : 504,
      "end" : 508,
      "text" : "that",
      "whiteSpace" : false
    }, {
      "id" : "s3-t4",
      "begin" : 509,
      "end" : 519,
      "text" : "government",
      "whiteSpace" : false
    }, {
      "id" : "s3-t5",
      "begin" : 520,
      "end" : 532,
      "text" : "expenditures",
      "whiteSpace" : false
    }, {
      "id" : "s3-t6",
      "begin" : 533,
      "end" : 535,
      "text" : "as",
      "whiteSpace" : false
    }, {
      "id" : "s3-t7",
      "begin" : 536,
      "end" : 537,
      "text" : "a",
      "whiteSpace" : false
    }, {
      "id" : "s3-t8",
      "begin" : 538,
      "end" : 545,
      "text" : "percent",
      "whiteSpace" : false
    }, {
      "id" : "s3-t9",
      "begin" : 546,
      "end" : 548,
      "text" : "of",
      "whiteSpace" : false
    }, {
      "id" : "s3-t10",
      "begin" : 549,
      "end" : 552,
      "text" : "GDP",
      "whiteSpace" : false
    }, {
      "id" : "s3-t11",
      "begin" : 553,
      "end" : 556,
      "text" : "and",
      "whiteSpace" : false
    }, {
      "id" : "s3-t12",
      "begin" : 557,
      "end" : 562,
      "text" : "level",
      "whiteSpace" : false
    }, {
      "id" : "s3-t13",
      "begin" : 563,
      "end" : 565,
      "text" : "of",
      "whiteSpace" : false
    }, {
      "id" : "s3-t14",
      "begin" : 566,
      "end" : 583,
      "text" : "industrialization",
      "whiteSpace" : false
    }, {
      "id" : "s3-t15",
      "begin" : 584,
      "end" : 592,
      "text" : "interact",
      "whiteSpace" : false
    }, {
      "id" : "s3-t16",
      "begin" : 593,
      "end" : 595,
      "text" : "to",
      "whiteSpace" : false
    }, {
      "id" : "s3-t17",
      "begin" : 596,
      "end" : 603,
      "text" : "produce",
      "whiteSpace" : false
    }, {
      "id" : "s3-t18",
      "begin" : 604,
      "end" : 605,
      "text" : "a",
      "whiteSpace" : false
    }, {
      "id" : "s3-t19",
      "begin" : 606,
      "end" : 614,
      "text" : "negative",
      "whiteSpace" : false
    }, {
      "id" : "s3-t20",
      "begin" : 615,
      "end" : 621,
      "text" : "impact",
      "whiteSpace" : false
    }, {
      "id" : "s3-t21",
      "begin" : 622,
      "end" : 624,
      "text" : "on",
      "whiteSpace" : false
    }, {
      "id" : "s3-t22",
      "begin" : 625,
      "end" : 631,
      "text" : "income",
      "whiteSpace" : false
    }, {
      "id" : "s3-t23",
      "begin" : 632,
      "end" : 642,
      "text" : "inequality",
      "whiteSpace" : false
    }, {
      "id" : "s3-t24",
      "begin" : 642,
      "end" : 643,
      "text" : ".",
      "whiteSpace" : false
    } ]
  }, {
    "id" : "s4",
    "begin" : 644,
    "end" : 805,
    "text" : "This finding, moreover, holds up after additional investigation for possible OLS assumption violations, sample dependence of results, and model misspecification.",
    "tokens" : [ {
      "id" : "s4-t0",
      "begin" : 644,
      "end" : 648,
      "text" : "This",
      "whiteSpace" : false
    }, {
      "id" : "s4-t1",
      "begin" : 649,
      "end" : 656,
      "text" : "finding",
      "whiteSpace" : false
    }, {
      "id" : "s4-t2",
      "begin" : 656,
      "end" : 657,
      "text" : ",",
      "whiteSpace" : false
    }, {
      "id" : "s4-t3",
      "begin" : 658,
      "end" : 666,
      "text" : "moreover",
      "whiteSpace" : false
    }, {
      "id" : "s4-t4",
      "begin" : 666,
      "end" : 667,
      "text" : ",",
      "whiteSpace" : false
    }, {
      "id" : "s4-t5",
      "begin" : 668,
      "end" : 673,
      "text" : "holds",
      "whiteSpace" : false
    }, {
      "id" : "s4-t6",
      "begin" : 674,
      "end" : 676,
      "text" : "up",
      "whiteSpace" : false
    }, {
      "id" : "s4-t7",
      "begin" : 677,
      "end" : 682,
      "text" : "after",
      "whiteSpace" : false
    }, {
      "id" : "s4-t8",
      "begin" : 683,
      "end" : 693,
      "text" : "additional",
      "whiteSpace" : false
    }, {
      "id" : "s4-t9",
      "begin" : 694,
      "end" : 707,
      "text" : "investigation",
      "whiteSpace" : false
    }, {
      "id" : "s4-t10",
      "begin" : 708,
      "end" : 711,
      "text" : "for",
      "whiteSpace" : false
    }, {
      "id" : "s4-t11",
      "begin" : 712,
      "end" : 720,
      "text" : "possible",
      "whiteSpace" : false
    }, {
      "id" : "s4-t12",
      "begin" : 721,
      "end" : 724,
      "text" : "OLS",
      "whiteSpace" : false
    }, {
      "id" : "s4-t13",
      "begin" : 725,
      "end" : 735,
      "text" : "assumption",
      "whiteSpace" : false
    }, {
      "id" : "s4-t14",
      "begin" : 736,
      "end" : 746,
      "text" : "violations",
      "whiteSpace" : false
    }, {
      "id" : "s4-t15",
      "begin" : 746,
      "end" : 747,
      "text" : ",",
      "whiteSpace" : false
    }, {
      "id" : "s4-t16",
      "begin" : 748,
      "end" : 754,
      "text" : "sample",
      "whiteSpace" : false
    }, {
      "id" : "s4-t17",
      "begin" : 755,
      "end" : 765,
      "text" : "dependence",
      "whiteSpace" : false
    }, {
      "id" : "s4-t18",
      "begin" : 766,
      "end" : 768,
      "text" : "of",
      "whiteSpace" : false
    }, {
      "id" : "s4-t19",
      "begin" : 769,
      "end" : 776,
      "text" : "results",
      "whiteSpace" : false
    }, {
      "id" : "s4-t20",
      "begin" : 776,
      "end" : 777,
      "text" : ",",
      "whiteSpace" : false
    }, {
      "id" : "s4-t21",
      "begin" : 778,
      "end" : 781,
      "text" : "and",
      "whiteSpace" : false
    }, {
      "id" : "s4-t22",
      "begin" : 782,
      "end" : 787,
      "text" : "model",
      "whiteSpace" : false
    }, {
      "id" : "s4-t23",
      "begin" : 788,
      "end" : 804,
      "text" : "misspecification",
      "whiteSpace" : false
    }, {
      "id" : "s4-t24",
      "begin" : 804,
      "end" : 805,
      "text" : ".",
      "whiteSpace" : false
    } ]
  } ],
  "mentions" : [ {
    "id" : "m1",
    "properties" : {
      "SIRE_MENTION_ROLE" : "evidence",
      "SIRE_MENTION_CLASS" : "SPC",
      "SIRE_ENTITY_SUBTYPE" : "NONE",
      "SIRE_MENTION_TYPE" : "NONE"
    },
    "type" : "evidence",
    "begin" : 5,
    "end" : 10,
    "inCoref" : false
  }, {
    "id" : "m2",
    "properties" : {
      "SIRE_MENTION_ROLE" : "evidence",
      "SIRE_MENTION_CLASS" : "SPC",
      "SIRE_ENTITY_SUBTYPE" : "NONE",
      "SIRE_MENTION_TYPE" : "NONE"
    },
    "type" : "evidence",
    "begin" : 11,
    "end" : 19,
    "inCoref" : false
  }, {
    "id" : "m3",
    "properties" : {
      "SIRE_MENTION_ROLE" : "relation",
      "SIRE_MENTION_CLASS" : "SPC",
      "SIRE_ENTITY_SUBTYPE" : "NONE",
      "SIRE_MENTION_TYPE" : "NONE"
    },
    "type" : "relation",
    "begin" : 24,
    "end" : 33,
    "inCoref" : false
  }, {
    "id" : "s0-m6",
    "properties" : {
      "SIRE_MENTION_ROLE" : "Variable",
      "SIRE_ENTITY_SUBTYPE" : "NONE",
      "SIRE_MENTION_TYPE" : "NONE",
      "SIRE_MENTION_CLASS" : "SPC"
    },
    "type" : "Variable",
    "begin" : 34,
    "end" : 56,
    "inCoref" : false
  }, {
    "id" : "s0-m7",
    "properties" : {
      "SIRE_MENTION_ROLE" : "Variable",
      "SIRE_ENTITY_SUBTYPE" : "NONE",
      "SIRE_MENTION_TYPE" : "NONE",
      "SIRE_MENTION_CLASS" : "SPC"
    },
    "type" : "Variable",
    "begin" : 96,
    "end" : 119,
    "inCoref" : true
  }, {
    "id" : "s0-m8",
    "properties" : {
      "SIRE_MENTION_ROLE" : "Variable",
      "SIRE_ENTITY_SUBTYPE" : "NONE",
      "SIRE_MENTION_TYPE" : "NONE",
      "SIRE_MENTION_CLASS" : "SPC"
    },
    "type" : "Variable",
    "begin" : 136,
    "end" : 158,
    "inCoref" : true
  }, {
    "id" : "m4",
    "properties" : {
      "SIRE_MENTION_ROLE" : "Variable",
      "SIRE_MENTION_CLASS" : "SPC",
      "SIRE_ENTITY_SUBTYPE" : "NONE",
      "SIRE_MENTION_TYPE" : "NONE"
    },
    "type" : "Variable",
    "begin" : 160,
    "end" : 163,
    "inCoref" : true
  }, {
    "id" : "m5",
    "properties" : {
      "SIRE_MENTION_ROLE" : "Variable",
      "SIRE_MENTION_CLASS" : "SPC",
      "SIRE_ENTITY_SUBTYPE" : "NONE",
      "SIRE_MENTION_TYPE" : "NONE"
    },
    "type" : "Variable",
    "begin" : 173,
    "end" : 195,
    "inCoref" : true
  }, {
    "id" : "s1-m4",
    "properties" : {
      "SIRE_MENTION_ROLE" : "evidence",
      "SIRE_ENTITY_SUBTYPE" : "NONE",
      "SIRE_MENTION_TYPE" : "NONE",
      "SIRE_MENTION_CLASS" : "SPC"
    },
    "type" : "evidence",
    "begin" : 203,
    "end" : 215,
    "inCoref" : false
  }, {
    "id" : "s1-m3",
    "properties" : {
      "SIRE_MENTION_ROLE" : "Variable",
      "SIRE_ENTITY_SUBTYPE" : "NONE",
      "SIRE_MENTION_TYPE" : "NONE",
      "SIRE_MENTION_CLASS" : "SPC"
    },
    "type" : "Variable",
    "begin" : 221,
    "end" : 235,
    "inCoref" : true
  }, {
    "id" : "s1-m5",
    "properties" : {
      "SIRE_MENTION_ROLE" : "Variable",
      "SIRE_ENTITY_SUBTYPE" : "NONE",
      "SIRE_MENTION_TYPE" : "NONE",
      "SIRE_MENTION_CLASS" : "SPC"
    },
    "type" : "Variable",
    "begin" : 253,
    "end" : 294,
    "inCoref" : false
  }, {
    "id" : "s1-m6",
    "properties" : {
      "SIRE_MENTION_ROLE" : "Variable",
      "SIRE_ENTITY_SUBTYPE" : "NONE",
      "SIRE_MENTION_TYPE" : "NONE",
      "SIRE_MENTION_CLASS" : "SPC"
    },
    "type" : "Variable",
    "begin" : 296,
    "end" : 316,
    "inCoref" : false
  }, {
    "id" : "s1-m7",
    "properties" : {
      "SIRE_MENTION_ROLE" : "Variable",
      "SIRE_ENTITY_SUBTYPE" : "NONE",
      "SIRE_MENTION_TYPE" : "NONE",
      "SIRE_MENTION_CLASS" : "SPC"
    },
    "type" : "Variable",
    "begin" : 322,
    "end" : 339,
    "inCoref" : false
  }, {
    "id" : "s1-m8",
    "properties" : {
      "SIRE_MENTION_ROLE" : "relation",
      "SIRE_ENTITY_SUBTYPE" : "NONE",
      "SIRE_MENTION_TYPE" : "NONE",
      "SIRE_MENTION_CLASS" : "SPC"
    },
    "type" : "relation",
    "begin" : 363,
    "end" : 375,
    "inCoref" : false
  }, {
    "id" : "m6",
    "properties" : {
      "SIRE_MENTION_ROLE" : "Variable",
      "SIRE_MENTION_CLASS" : "SPC",
      "SIRE_ENTITY_SUBTYPE" : "NONE",
      "SIRE_MENTION_TYPE" : "NONE"
    },
    "type" : "Variable",
    "begin" : 376,
    "end" : 393,
    "inCoref" : true
  }, {
    "id" : "m7",
    "properties" : {
      "SIRE_MENTION_ROLE" : "Variable",
      "SIRE_MENTION_CLASS" : "SPC",
      "SIRE_ENTITY_SUBTYPE" : "NONE",
      "SIRE_MENTION_TYPE" : "NONE"
    },
    "type" : "Variable",
    "begin" : 417,
    "end" : 437,
    "inCoref" : false
  }, {
    "id" : "m8",
    "properties" : {
      "SIRE_MENTION_ROLE" : "evidence",
      "SIRE_MENTION_CLASS" : "SPC",
      "SIRE_ENTITY_SUBTYPE" : "NONE",
      "SIRE_MENTION_TYPE" : "NONE"
    },
    "type" : "evidence",
    "begin" : 491,
    "end" : 498,
    "inCoref" : false
  }, {
    "id" : "s3-m7",
    "properties" : {
      "SIRE_MENTION_ROLE" : "evidence",
      "SIRE_ENTITY_SUBTYPE" : "NONE",
      "SIRE_MENTION_TYPE" : "NONE",
      "SIRE_MENTION_CLASS" : "SPC"
    },
    "type" : "evidence",
    "begin" : 499,
    "end" : 503,
    "inCoref" : false
  }, {
    "id" : "s3-m5",
    "properties" : {
      "SIRE_MENTION_ROLE" : "Variable",
      "SIRE_ENTITY_SUBTYPE" : "NONE",
      "SIRE_MENTION_TYPE" : "NONE",
      "SIRE_MENTION_CLASS" : "SPC"
    },
    "type" : "Variable",
    "begin" : 509,
    "end" : 532,
    "inCoref" : true
  }, {
    "id" : "m9",
    "properties" : {
      "SIRE_MENTION_ROLE" : "Variable",
      "SIRE_MENTION_CLASS" : "SPC",
      "SIRE_ENTITY_SUBTYPE" : "NONE",
      "SIRE_MENTION_TYPE" : "NONE"
    },
    "type" : "Variable",
    "begin" : 549,
    "end" : 552,
    "inCoref" : true
  }, {
    "id" : "s3-m6",
    "properties" : {
      "SIRE_MENTION_ROLE" : "Variable",
      "SIRE_ENTITY_SUBTYPE" : "NONE",
      "SIRE_MENTION_TYPE" : "NONE",
      "SIRE_MENTION_CLASS" : "SPC"
    },
    "type" : "Variable",
    "begin" : 566,
    "end" : 583,
    "inCoref" : false
  }, {
    "id" : "m10",
    "properties" : {
      "SIRE_MENTION_ROLE" : "relation",
      "SIRE_MENTION_CLASS" : "SPC",
      "SIRE_ENTITY_SUBTYPE" : "NONE",
      "SIRE_MENTION_TYPE" : "NONE"
    },
    "type" : "relation",
    "begin" : 615,
    "end" : 624,
    "inCoref" : false
  }, {
    "id" : "m11",
    "properties" : {
      "SIRE_MENTION_ROLE" : "Variable",
      "SIRE_MENTION_CLASS" : "SPC",
      "SIRE_ENTITY_SUBTYPE" : "NONE",
      "SIRE_MENTION_TYPE" : "NONE"
    },
    "type" : "Variable",
    "begin" : 625,
    "end" : 642,
    "inCoref" : true
  }, {
    "id" : "m12",
    "properties" : {
      "SIRE_MENTION_ROLE" : "evidence",
      "SIRE_MENTION_CLASS" : "SPC",
      "SIRE_ENTITY_SUBTYPE" : "NONE",
      "SIRE_MENTION_TYPE" : "NONE"
    },
    "type" : "evidence",
    "begin" : 649,
    "end" : 656,
    "inCoref" : false
  }, {
    "id" : "m13",
    "properties" : {
      "SIRE_MENTION_ROLE" : "evidence",
      "SIRE_MENTION_CLASS" : "SPC",
      "SIRE_ENTITY_SUBTYPE" : "NONE",
      "SIRE_MENTION_TYPE" : "NONE"
    },
    "type" : "evidence",
    "begin" : 769,
    "end" : 776,
    "inCoref" : false
  } ],
  "relations" : [ {
    "id" : "s1-r1",
    "properties" : { },
    "type" : "Causal",
    "args" : [ "s1-m5", "m6" ]
  }, {
    "id" : "s1-r2",
    "properties" : { },
    "type" : "Causal",
    "args" : [ "s1-m6", "m6" ]
  }, {
    "id" : "s1-r3",
    "properties" : { },
    "type" : "Causal",
    "args" : [ "s1-m7", "m6" ]
  }, {
    "id" : "s3-r1",
    "properties" : { },
    "type" : "Causal",
    "args" : [ "s3-m5", "m11" ]
  }, {
    "id" : "s3-r2",
    "properties" : { },
    "type" : "Causal",
    "args" : [ "s3-m6", "m11" ]
  } ],
  "corefs" : [ {
    "id" : "c1",
    "properties" : { },
    "mentions" : [ "s0-m8", "m4", "m9" ]
  }, {
    "id" : "c2",
    "properties" : { },
    "mentions" : [ "s0-m7", "s1-m3", "s3-m5" ]
  }, {
    "id" : "c3",
    "properties" : { },
    "mentions" : [ "m5", "m6", "m11" ]
  } ],
  "typeResolved" : true,
  "userResolved" : false
}