{
  "id" : "f584c9b0-2c32-11ec-8ccb-e3b7183e4c89-18",
  "name" : "43. Lim, C. Y. and Sek, S. K. (2014). .docx",
  "createdDate" : 0,
  "version" : 3,
  "text" : "We conduct empirical analyses on the two-way relationship between income inequality and growth in three groups of income levels, i.e. lower middle, upper middle and high income countries. The data is collected for 31 countries, ranging from 1990 to 2011. Besides, four variables are tested as determinants of growth and income inequality. Applying a panel data approach, our results detect only one-way relationship, i.e. growth influences income inequality. There is no significance effect from income inequality on growth across three groups of countries. Our results also reveal that enrollments of primary education, price level of investment and trade openness have no significance impact on income inequality. These factors have impacts on growth but the impacts vary across countries.\n\n",
  "docLength" : 0,
  "language" : "EN",
  "status" : "IN_PROGRESS",
  "modifiedDate" : 1639146892546,
  "documentSet" : [ ],
  "preannotation" : [ "PRE_LW" ],
  "sentences" : [ {
    "id" : "s0",
    "begin" : 0,
    "end" : 187,
    "text" : "We conduct empirical analyses on the two-way relationship between income inequality and growth in three groups of income levels, i.e. lower middle, upper middle and high income countries.",
    "tokens" : [ {
      "id" : "s0-t0",
      "begin" : 0,
      "end" : 2,
      "text" : "We",
      "whiteSpace" : false
    }, {
      "id" : "s0-t1",
      "begin" : 3,
      "end" : 10,
      "text" : "conduct",
      "whiteSpace" : false
    }, {
      "id" : "s0-t2",
      "begin" : 11,
      "end" : 20,
      "text" : "empirical",
      "whiteSpace" : false
    }, {
      "id" : "s0-t3",
      "begin" : 21,
      "end" : 29,
      "text" : "analyses",
      "whiteSpace" : false
    }, {
      "id" : "s0-t4",
      "begin" : 30,
      "end" : 32,
      "text" : "on",
      "whiteSpace" : false
    }, {
      "id" : "s0-t5",
      "begin" : 33,
      "end" : 36,
      "text" : "the",
      "whiteSpace" : false
    }, {
      "id" : "s0-t6",
      "begin" : 37,
      "end" : 44,
      "text" : "two-way",
      "whiteSpace" : false
    }, {
      "id" : "s0-t7",
      "begin" : 45,
      "end" : 57,
      "text" : "relationship",
      "whiteSpace" : false
    }, {
      "id" : "s0-t8",
      "begin" : 58,
      "end" : 65,
      "text" : "between",
      "whiteSpace" : false
    }, {
      "id" : "s0-t9",
      "begin" : 66,
      "end" : 72,
      "text" : "income",
      "whiteSpace" : false
    }, {
      "id" : "s0-t10",
      "begin" : 73,
      "end" : 83,
      "text" : "inequality",
      "whiteSpace" : false
    }, {
      "id" : "s0-t11",
      "begin" : 84,
      "end" : 87,
      "text" : "and",
      "whiteSpace" : false
    }, {
      "id" : "s0-t12",
      "begin" : 88,
      "end" : 94,
      "text" : "growth",
      "whiteSpace" : false
    }, {
      "id" : "s0-t13",
      "begin" : 95,
      "end" : 97,
      "text" : "in",
      "whiteSpace" : false
    }, {
      "id" : "s0-t14",
      "begin" : 98,
      "end" : 103,
      "text" : "three",
      "whiteSpace" : false
    }, {
      "id" : "s0-t15",
      "begin" : 104,
      "end" : 110,
      "text" : "groups",
      "whiteSpace" : false
    }, {
      "id" : "s0-t16",
      "begin" : 111,
      "end" : 113,
      "text" : "of",
      "whiteSpace" : false
    }, {
      "id" : "s0-t17",
      "begin" : 114,
      "end" : 120,
      "text" : "income",
      "whiteSpace" : false
    }, {
      "id" : "s0-t18",
      "begin" : 121,
      "end" : 127,
      "text" : "levels",
      "whiteSpace" : false
    }, {
      "id" : "s0-t19",
      "begin" : 127,
      "end" : 128,
      "text" : ",",
      "whiteSpace" : false
    }, {
      "id" : "s0-t20",
      "begin" : 129,
      "end" : 133,
      "text" : "i.e.",
      "whiteSpace" : false
    }, {
      "id" : "s0-t21",
      "begin" : 134,
      "end" : 139,
      "text" : "lower",
      "whiteSpace" : false
    }, {
      "id" : "s0-t22",
      "begin" : 140,
      "end" : 146,
      "text" : "middle",
      "whiteSpace" : false
    }, {
      "id" : "s0-t23",
      "begin" : 146,
      "end" : 147,
      "text" : ",",
      "whiteSpace" : false
    }, {
      "id" : "s0-t24",
      "begin" : 148,
      "end" : 153,
      "text" : "upper",
      "whiteSpace" : false
    }, {
      "id" : "s0-t25",
      "begin" : 154,
      "end" : 160,
      "text" : "middle",
      "whiteSpace" : false
    }, {
      "id" : "s0-t26",
      "begin" : 161,
      "end" : 164,
      "text" : "and",
      "whiteSpace" : false
    }, {
      "id" : "s0-t27",
      "begin" : 165,
      "end" : 169,
      "text" : "high",
      "whiteSpace" : false
    }, {
      "id" : "s0-t28",
      "begin" : 170,
      "end" : 176,
      "text" : "income",
      "whiteSpace" : false
    }, {
      "id" : "s0-t29",
      "begin" : 177,
      "end" : 186,
      "text" : "countries",
      "whiteSpace" : false
    }, {
      "id" : "s0-t30",
      "begin" : 186,
      "end" : 187,
      "text" : ".",
      "whiteSpace" : false
    } ]
  }, {
    "id" : "s1",
    "begin" : 188,
    "end" : 254,
    "text" : "The data is collected for 31 countries, ranging from 1990 to 2011.",
    "tokens" : [ {
      "id" : "s1-t0",
      "begin" : 188,
      "end" : 191,
      "text" : "The",
      "whiteSpace" : false
    }, {
      "id" : "s1-t1",
      "begin" : 192,
      "end" : 196,
      "text" : "data",
      "whiteSpace" : false
    }, {
      "id" : "s1-t2",
      "begin" : 197,
      "end" : 199,
      "text" : "is",
      "whiteSpace" : false
    }, {
      "id" : "s1-t3",
      "begin" : 200,
      "end" : 209,
      "text" : "collected",
      "whiteSpace" : false
    }, {
      "id" : "s1-t4",
      "begin" : 210,
      "end" : 213,
      "text" : "for",
      "whiteSpace" : false
    }, {
      "id" : "s1-t5",
      "begin" : 214,
      "end" : 216,
      "text" : "31",
      "whiteSpace" : false
    }, {
      "id" : "s1-t6",
      "begin" : 217,
      "end" : 226,
      "text" : "countries",
      "whiteSpace" : false
    }, {
      "id" : "s1-t7",
      "begin" : 226,
      "end" : 227,
      "text" : ",",
      "whiteSpace" : false
    }, {
      "id" : "s1-t8",
      "begin" : 228,
      "end" : 235,
      "text" : "ranging",
      "whiteSpace" : false
    }, {
      "id" : "s1-t9",
      "begin" : 236,
      "end" : 240,
      "text" : "from",
      "whiteSpace" : false
    }, {
      "id" : "s1-t10",
      "begin" : 241,
      "end" : 245,
      "text" : "1990",
      "whiteSpace" : false
    }, {
      "id" : "s1-t11",
      "begin" : 246,
      "end" : 248,
      "text" : "to",
      "whiteSpace" : false
    }, {
      "id" : "s1-t12",
      "begin" : 249,
      "end" : 253,
      "text" : "2011",
      "whiteSpace" : false
    }, {
      "id" : "s1-t13",
      "begin" : 253,
      "end" : 254,
      "text" : ".",
      "whiteSpace" : false
    } ]
  }, {
    "id" : "s2",
    "begin" : 255,
    "end" : 338,
    "text" : "Besides, four variables are tested as determinants of growth and income inequality.",
    "tokens" : [ {
      "id" : "s2-t0",
      "begin" : 255,
      "end" : 262,
      "text" : "Besides",
      "whiteSpace" : false
    }, {
      "id" : "s2-t1",
      "begin" : 262,
      "end" : 263,
      "text" : ",",
      "whiteSpace" : false
    }, {
      "id" : "s2-t2",
      "begin" : 264,
      "end" : 268,
      "text" : "four",
      "whiteSpace" : false
    }, {
      "id" : "s2-t3",
      "begin" : 269,
      "end" : 278,
      "text" : "variables",
      "whiteSpace" : false
    }, {
      "id" : "s2-t4",
      "begin" : 279,
      "end" : 282,
      "text" : "are",
      "whiteSpace" : false
    }, {
      "id" : "s2-t5",
      "begin" : 283,
      "end" : 289,
      "text" : "tested",
      "whiteSpace" : false
    }, {
      "id" : "s2-t6",
      "begin" : 290,
      "end" : 292,
      "text" : "as",
      "whiteSpace" : false
    }, {
      "id" : "s2-t7",
      "begin" : 293,
      "end" : 305,
      "text" : "determinants",
      "whiteSpace" : false
    }, {
      "id" : "s2-t8",
      "begin" : 306,
      "end" : 308,
      "text" : "of",
      "whiteSpace" : false
    }, {
      "id" : "s2-t9",
      "begin" : 309,
      "end" : 315,
      "text" : "growth",
      "whiteSpace" : false
    }, {
      "id" : "s2-t10",
      "begin" : 316,
      "end" : 319,
      "text" : "and",
      "whiteSpace" : false
    }, {
      "id" : "s2-t11",
      "begin" : 320,
      "end" : 326,
      "text" : "income",
      "whiteSpace" : false
    }, {
      "id" : "s2-t12",
      "begin" : 327,
      "end" : 337,
      "text" : "inequality",
      "whiteSpace" : false
    }, {
      "id" : "s2-t13",
      "begin" : 337,
      "end" : 338,
      "text" : ".",
      "whiteSpace" : false
    } ]
  }, {
    "id" : "s3",
    "begin" : 339,
    "end" : 458,
    "text" : "Applying a panel data approach, our results detect only one-way relationship, i.e. growth influences income inequality.",
    "tokens" : [ {
      "id" : "s3-t0",
      "begin" : 339,
      "end" : 347,
      "text" : "Applying",
      "whiteSpace" : false
    }, {
      "id" : "s3-t1",
      "begin" : 348,
      "end" : 349,
      "text" : "a",
      "whiteSpace" : false
    }, {
      "id" : "s3-t2",
      "begin" : 350,
      "end" : 355,
      "text" : "panel",
      "whiteSpace" : false
    }, {
      "id" : "s3-t3",
      "begin" : 356,
      "end" : 360,
      "text" : "data",
      "whiteSpace" : false
    }, {
      "id" : "s3-t4",
      "begin" : 361,
      "end" : 369,
      "text" : "approach",
      "whiteSpace" : false
    }, {
      "id" : "s3-t5",
      "begin" : 369,
      "end" : 370,
      "text" : ",",
      "whiteSpace" : false
    }, {
      "id" : "s3-t6",
      "begin" : 371,
      "end" : 374,
      "text" : "our",
      "whiteSpace" : false
    }, {
      "id" : "s3-t7",
      "begin" : 375,
      "end" : 382,
      "text" : "results",
      "whiteSpace" : false
    }, {
      "id" : "s3-t8",
      "begin" : 383,
      "end" : 389,
      "text" : "detect",
      "whiteSpace" : false
    }, {
      "id" : "s3-t9",
      "begin" : 390,
      "end" : 394,
      "text" : "only",
      "whiteSpace" : false
    }, {
      "id" : "s3-t10",
      "begin" : 395,
      "end" : 402,
      "text" : "one-way",
      "whiteSpace" : false
    }, {
      "id" : "s3-t11",
      "begin" : 403,
      "end" : 415,
      "text" : "relationship",
      "whiteSpace" : false
    }, {
      "id" : "s3-t12",
      "begin" : 415,
      "end" : 416,
      "text" : ",",
      "whiteSpace" : false
    }, {
      "id" : "s3-t13",
      "begin" : 417,
      "end" : 421,
      "text" : "i.e.",
      "whiteSpace" : false
    }, {
      "id" : "s3-t14",
      "begin" : 422,
      "end" : 428,
      "text" : "growth",
      "whiteSpace" : false
    }, {
      "id" : "s3-t15",
      "begin" : 429,
      "end" : 439,
      "text" : "influences",
      "whiteSpace" : false
    }, {
      "id" : "s3-t16",
      "begin" : 440,
      "end" : 446,
      "text" : "income",
      "whiteSpace" : false
    }, {
      "id" : "s3-t17",
      "begin" : 447,
      "end" : 457,
      "text" : "inequality",
      "whiteSpace" : false
    }, {
      "id" : "s3-t18",
      "begin" : 457,
      "end" : 458,
      "text" : ".",
      "whiteSpace" : false
    } ]
  }, {
    "id" : "s4",
    "begin" : 459,
    "end" : 557,
    "text" : "There is no significance effect from income inequality on growth across three groups of countries.",
    "tokens" : [ {
      "id" : "s4-t0",
      "begin" : 459,
      "end" : 464,
      "text" : "There",
      "whiteSpace" : false
    }, {
      "id" : "s4-t1",
      "begin" : 465,
      "end" : 467,
      "text" : "is",
      "whiteSpace" : false
    }, {
      "id" : "s4-t2",
      "begin" : 468,
      "end" : 470,
      "text" : "no",
      "whiteSpace" : false
    }, {
      "id" : "s4-t3",
      "begin" : 471,
      "end" : 483,
      "text" : "significance",
      "whiteSpace" : false
    }, {
      "id" : "s4-t4",
      "begin" : 484,
      "end" : 490,
      "text" : "effect",
      "whiteSpace" : false
    }, {
      "id" : "s4-t5",
      "begin" : 491,
      "end" : 495,
      "text" : "from",
      "whiteSpace" : false
    }, {
      "id" : "s4-t6",
      "begin" : 496,
      "end" : 502,
      "text" : "income",
      "whiteSpace" : false
    }, {
      "id" : "s4-t7",
      "begin" : 503,
      "end" : 513,
      "text" : "inequality",
      "whiteSpace" : false
    }, {
      "id" : "s4-t8",
      "begin" : 514,
      "end" : 516,
      "text" : "on",
      "whiteSpace" : false
    }, {
      "id" : "s4-t9",
      "begin" : 517,
      "end" : 523,
      "text" : "growth",
      "whiteSpace" : false
    }, {
      "id" : "s4-t10",
      "begin" : 524,
      "end" : 530,
      "text" : "across",
      "whiteSpace" : false
    }, {
      "id" : "s4-t11",
      "begin" : 531,
      "end" : 536,
      "text" : "three",
      "whiteSpace" : false
    }, {
      "id" : "s4-t12",
      "begin" : 537,
      "end" : 543,
      "text" : "groups",
      "whiteSpace" : false
    }, {
      "id" : "s4-t13",
      "begin" : 544,
      "end" : 546,
      "text" : "of",
      "whiteSpace" : false
    }, {
      "id" : "s4-t14",
      "begin" : 547,
      "end" : 556,
      "text" : "countries",
      "whiteSpace" : false
    }, {
      "id" : "s4-t15",
      "begin" : 556,
      "end" : 557,
      "text" : ".",
      "whiteSpace" : false
    } ]
  }, {
    "id" : "s5",
    "begin" : 558,
    "end" : 715,
    "text" : "Our results also reveal that enrollments of primary education, price level of investment and trade openness have no significance impact on income inequality.",
    "tokens" : [ {
      "id" : "s5-t0",
      "begin" : 558,
      "end" : 561,
      "text" : "Our",
      "whiteSpace" : false
    }, {
      "id" : "s5-t1",
      "begin" : 562,
      "end" : 569,
      "text" : "results",
      "whiteSpace" : false
    }, {
      "id" : "s5-t2",
      "begin" : 570,
      "end" : 574,
      "text" : "also",
      "whiteSpace" : false
    }, {
      "id" : "s5-t3",
      "begin" : 575,
      "end" : 581,
      "text" : "reveal",
      "whiteSpace" : false
    }, {
      "id" : "s5-t4",
      "begin" : 582,
      "end" : 586,
      "text" : "that",
      "whiteSpace" : false
    }, {
      "id" : "s5-t5",
      "begin" : 587,
      "end" : 598,
      "text" : "enrollments",
      "whiteSpace" : false
    }, {
      "id" : "s5-t6",
      "begin" : 599,
      "end" : 601,
      "text" : "of",
      "whiteSpace" : false
    }, {
      "id" : "s5-t7",
      "begin" : 602,
      "end" : 609,
      "text" : "primary",
      "whiteSpace" : false
    }, {
      "id" : "s5-t8",
      "begin" : 610,
      "end" : 619,
      "text" : "education",
      "whiteSpace" : false
    }, {
      "id" : "s5-t9",
      "begin" : 619,
      "end" : 620,
      "text" : ",",
      "whiteSpace" : false
    }, {
      "id" : "s5-t10",
      "begin" : 621,
      "end" : 626,
      "text" : "price",
      "whiteSpace" : false
    }, {
      "id" : "s5-t11",
      "begin" : 627,
      "end" : 632,
      "text" : "level",
      "whiteSpace" : false
    }, {
      "id" : "s5-t12",
      "begin" : 633,
      "end" : 635,
      "text" : "of",
      "whiteSpace" : false
    }, {
      "id" : "s5-t13",
      "begin" : 636,
      "end" : 646,
      "text" : "investment",
      "whiteSpace" : false
    }, {
      "id" : "s5-t14",
      "begin" : 647,
      "end" : 650,
      "text" : "and",
      "whiteSpace" : false
    }, {
      "id" : "s5-t15",
      "begin" : 651,
      "end" : 656,
      "text" : "trade",
      "whiteSpace" : false
    }, {
      "id" : "s5-t16",
      "begin" : 657,
      "end" : 665,
      "text" : "openness",
      "whiteSpace" : false
    }, {
      "id" : "s5-t17",
      "begin" : 666,
      "end" : 670,
      "text" : "have",
      "whiteSpace" : false
    }, {
      "id" : "s5-t18",
      "begin" : 671,
      "end" : 673,
      "text" : "no",
      "whiteSpace" : false
    }, {
      "id" : "s5-t19",
      "begin" : 674,
      "end" : 686,
      "text" : "significance",
      "whiteSpace" : false
    }, {
      "id" : "s5-t20",
      "begin" : 687,
      "end" : 693,
      "text" : "impact",
      "whiteSpace" : false
    }, {
      "id" : "s5-t21",
      "begin" : 694,
      "end" : 696,
      "text" : "on",
      "whiteSpace" : false
    }, {
      "id" : "s5-t22",
      "begin" : 697,
      "end" : 703,
      "text" : "income",
      "whiteSpace" : false
    }, {
      "id" : "s5-t23",
      "begin" : 704,
      "end" : 714,
      "text" : "inequality",
      "whiteSpace" : false
    }, {
      "id" : "s5-t24",
      "begin" : 714,
      "end" : 715,
      "text" : ".",
      "whiteSpace" : false
    } ]
  }, {
    "id" : "s6",
    "begin" : 716,
    "end" : 791,
    "text" : "These factors have impacts on growth but the impacts vary across countries.",
    "tokens" : [ {
      "id" : "s6-t0",
      "begin" : 716,
      "end" : 721,
      "text" : "These",
      "whiteSpace" : false
    }, {
      "id" : "s6-t1",
      "begin" : 722,
      "end" : 729,
      "text" : "factors",
      "whiteSpace" : false
    }, {
      "id" : "s6-t2",
      "begin" : 730,
      "end" : 734,
      "text" : "have",
      "whiteSpace" : false
    }, {
      "id" : "s6-t3",
      "begin" : 735,
      "end" : 742,
      "text" : "impacts",
      "whiteSpace" : false
    }, {
      "id" : "s6-t4",
      "begin" : 743,
      "end" : 745,
      "text" : "on",
      "whiteSpace" : false
    }, {
      "id" : "s6-t5",
      "begin" : 746,
      "end" : 752,
      "text" : "growth",
      "whiteSpace" : false
    }, {
      "id" : "s6-t6",
      "begin" : 753,
      "end" : 756,
      "text" : "but",
      "whiteSpace" : false
    }, {
      "id" : "s6-t7",
      "begin" : 757,
      "end" : 760,
      "text" : "the",
      "whiteSpace" : false
    }, {
      "id" : "s6-t8",
      "begin" : 761,
      "end" : 768,
      "text" : "impacts",
      "whiteSpace" : false
    }, {
      "id" : "s6-t9",
      "begin" : 769,
      "end" : 773,
      "text" : "vary",
      "whiteSpace" : false
    }, {
      "id" : "s6-t10",
      "begin" : 774,
      "end" : 780,
      "text" : "across",
      "whiteSpace" : false
    }, {
      "id" : "s6-t11",
      "begin" : 781,
      "end" : 790,
      "text" : "countries",
      "whiteSpace" : false
    }, {
      "id" : "s6-t12",
      "begin" : 790,
      "end" : 791,
      "text" : ".",
      "whiteSpace" : false
    } ]
  } ],
  "mentions" : [ {
    "id" : "s0-m5",
    "properties" : {
      "SIRE_MENTION_ROLE" : "evidence",
      "SIRE_ENTITY_SUBTYPE" : "NONE",
      "SIRE_MENTION_TYPE" : "NONE",
      "SIRE_MENTION_CLASS" : "SPC"
    },
    "type" : "evidence",
    "begin" : 21,
    "end" : 29,
    "inCoref" : false
  }, {
    "id" : "s0-m4",
    "properties" : {
      "SIRE_MENTION_ROLE" : "relation",
      "SIRE_ENTITY_SUBTYPE" : "NONE",
      "SIRE_MENTION_TYPE" : "NONE",
      "SIRE_MENTION_CLASS" : "SPC"
    },
    "type" : "relation",
    "begin" : 45,
    "end" : 65,
    "inCoref" : false
  }, {
    "id" : "m1",
    "properties" : {
      "SIRE_MENTION_ROLE" : "Variable",
      "SIRE_MENTION_CLASS" : "SPC",
      "SIRE_ENTITY_SUBTYPE" : "NONE",
      "SIRE_MENTION_TYPE" : "NONE"
    },
    "type" : "Variable",
    "begin" : 66,
    "end" : 83,
    "inCoref" : true
  }, {
    "id" : "m2",
    "properties" : {
      "SIRE_MENTION_ROLE" : "Variable",
      "SIRE_MENTION_CLASS" : "SPC",
      "SIRE_ENTITY_SUBTYPE" : "NONE",
      "SIRE_MENTION_TYPE" : "NONE"
    },
    "type" : "Variable",
    "begin" : 88,
    "end" : 94,
    "inCoref" : true
  }, {
    "id" : "m4",
    "properties" : {
      "SIRE_MENTION_ROLE" : "Variable",
      "SIRE_MENTION_CLASS" : "SPC",
      "SIRE_ENTITY_SUBTYPE" : "NONE",
      "SIRE_MENTION_TYPE" : "NONE"
    },
    "type" : "Variable",
    "begin" : 309,
    "end" : 315,
    "inCoref" : true
  }, {
    "id" : "m5",
    "properties" : {
      "SIRE_MENTION_ROLE" : "Variable",
      "SIRE_MENTION_CLASS" : "SPC",
      "SIRE_ENTITY_SUBTYPE" : "NONE",
      "SIRE_MENTION_TYPE" : "NONE"
    },
    "type" : "Variable",
    "begin" : 320,
    "end" : 337,
    "inCoref" : true
  }, {
    "id" : "m6",
    "properties" : {
      "SIRE_MENTION_ROLE" : "evidence",
      "SIRE_MENTION_CLASS" : "SPC",
      "SIRE_ENTITY_SUBTYPE" : "NONE",
      "SIRE_MENTION_TYPE" : "NONE"
    },
    "type" : "evidence",
    "begin" : 375,
    "end" : 382,
    "inCoref" : false
  }, {
    "id" : "s3-m4",
    "properties" : {
      "SIRE_MENTION_ROLE" : "relation",
      "SIRE_ENTITY_SUBTYPE" : "NONE",
      "SIRE_MENTION_TYPE" : "NONE",
      "SIRE_MENTION_CLASS" : "SPC"
    },
    "type" : "relation",
    "begin" : 395,
    "end" : 415,
    "inCoref" : false
  }, {
    "id" : "m7",
    "properties" : {
      "SIRE_MENTION_ROLE" : "Variable",
      "SIRE_MENTION_CLASS" : "SPC",
      "SIRE_ENTITY_SUBTYPE" : "NONE",
      "SIRE_MENTION_TYPE" : "NONE"
    },
    "type" : "Variable",
    "begin" : 422,
    "end" : 428,
    "inCoref" : true
  }, {
    "id" : "s3-m5",
    "properties" : {
      "SIRE_MENTION_ROLE" : "relation",
      "SIRE_ENTITY_SUBTYPE" : "NONE",
      "SIRE_MENTION_TYPE" : "NONE",
      "SIRE_MENTION_CLASS" : "SPC"
    },
    "type" : "relation",
    "begin" : 429,
    "end" : 439,
    "inCoref" : false
  }, {
    "id" : "m8",
    "properties" : {
      "SIRE_MENTION_ROLE" : "Variable",
      "SIRE_MENTION_CLASS" : "SPC",
      "SIRE_ENTITY_SUBTYPE" : "NONE",
      "SIRE_MENTION_TYPE" : "NONE"
    },
    "type" : "Variable",
    "begin" : 440,
    "end" : 457,
    "inCoref" : true
  }, {
    "id" : "s4-m4",
    "properties" : {
      "SIRE_MENTION_ROLE" : "negation",
      "SIRE_ENTITY_SUBTYPE" : "NONE",
      "SIRE_MENTION_TYPE" : "NONE",
      "SIRE_MENTION_CLASS" : "SPC"
    },
    "type" : "negation",
    "begin" : 468,
    "end" : 470,
    "inCoref" : false
  }, {
    "id" : "m9",
    "properties" : {
      "SIRE_MENTION_ROLE" : "relation",
      "SIRE_MENTION_CLASS" : "SPC",
      "SIRE_ENTITY_SUBTYPE" : "NONE",
      "SIRE_MENTION_TYPE" : "NONE"
    },
    "type" : "relation",
    "begin" : 484,
    "end" : 490,
    "inCoref" : false
  }, {
    "id" : "m10",
    "properties" : {
      "SIRE_MENTION_ROLE" : "Variable",
      "SIRE_MENTION_CLASS" : "SPC",
      "SIRE_ENTITY_SUBTYPE" : "NONE",
      "SIRE_MENTION_TYPE" : "NONE"
    },
    "type" : "Variable",
    "begin" : 496,
    "end" : 513,
    "inCoref" : true
  }, {
    "id" : "m11",
    "properties" : {
      "SIRE_MENTION_ROLE" : "Variable",
      "SIRE_MENTION_CLASS" : "SPC",
      "SIRE_ENTITY_SUBTYPE" : "NONE",
      "SIRE_MENTION_TYPE" : "NONE"
    },
    "type" : "Variable",
    "begin" : 517,
    "end" : 523,
    "inCoref" : true
  }, {
    "id" : "m12",
    "properties" : {
      "SIRE_MENTION_ROLE" : "evidence",
      "SIRE_MENTION_CLASS" : "SPC",
      "SIRE_ENTITY_SUBTYPE" : "NONE",
      "SIRE_MENTION_TYPE" : "NONE"
    },
    "type" : "evidence",
    "begin" : 562,
    "end" : 569,
    "inCoref" : false
  }, {
    "id" : "m13",
    "properties" : {
      "SIRE_MENTION_ROLE" : "Variable",
      "SIRE_MENTION_CLASS" : "SPC",
      "SIRE_ENTITY_SUBTYPE" : "NONE",
      "SIRE_MENTION_TYPE" : "NONE"
    },
    "type" : "Variable",
    "begin" : 610,
    "end" : 619,
    "inCoref" : false
  }, {
    "id" : "s5-m6",
    "properties" : {
      "SIRE_MENTION_ROLE" : "Variable",
      "SIRE_ENTITY_SUBTYPE" : "NONE",
      "SIRE_MENTION_TYPE" : "NONE",
      "SIRE_MENTION_CLASS" : "SPC"
    },
    "type" : "Variable",
    "begin" : 621,
    "end" : 646,
    "inCoref" : false
  }, {
    "id" : "m14",
    "properties" : {
      "SIRE_MENTION_ROLE" : "Variable",
      "SIRE_MENTION_CLASS" : "SPC",
      "SIRE_ENTITY_SUBTYPE" : "NONE",
      "SIRE_MENTION_TYPE" : "NONE"
    },
    "type" : "Variable",
    "begin" : 651,
    "end" : 665,
    "inCoref" : false
  }, {
    "id" : "s5-m7",
    "properties" : {
      "SIRE_MENTION_ROLE" : "negation",
      "SIRE_ENTITY_SUBTYPE" : "NONE",
      "SIRE_MENTION_TYPE" : "NONE",
      "SIRE_MENTION_CLASS" : "SPC"
    },
    "type" : "negation",
    "begin" : 671,
    "end" : 673,
    "inCoref" : false
  }, {
    "id" : "m15",
    "properties" : {
      "SIRE_MENTION_ROLE" : "relation",
      "SIRE_MENTION_CLASS" : "SPC",
      "SIRE_ENTITY_SUBTYPE" : "NONE",
      "SIRE_MENTION_TYPE" : "NONE"
    },
    "type" : "relation",
    "begin" : 687,
    "end" : 696,
    "inCoref" : false
  }, {
    "id" : "m16",
    "properties" : {
      "SIRE_MENTION_ROLE" : "Variable",
      "SIRE_MENTION_CLASS" : "SPC",
      "SIRE_ENTITY_SUBTYPE" : "NONE",
      "SIRE_MENTION_TYPE" : "NONE"
    },
    "type" : "Variable",
    "begin" : 697,
    "end" : 714,
    "inCoref" : true
  }, {
    "id" : "s6-m2",
    "properties" : {
      "SIRE_MENTION_ROLE" : "relation",
      "SIRE_ENTITY_SUBTYPE" : "NONE",
      "SIRE_MENTION_TYPE" : "NONE",
      "SIRE_MENTION_CLASS" : "SPC"
    },
    "type" : "relation",
    "begin" : 735,
    "end" : 745,
    "inCoref" : false
  }, {
    "id" : "m17",
    "properties" : {
      "SIRE_MENTION_ROLE" : "Variable",
      "SIRE_MENTION_CLASS" : "SPC",
      "SIRE_ENTITY_SUBTYPE" : "NONE",
      "SIRE_MENTION_TYPE" : "NONE"
    },
    "type" : "Variable",
    "begin" : 746,
    "end" : 752,
    "inCoref" : true
  } ],
  "relations" : [ {
    "id" : "s3-r1",
    "properties" : { },
    "type" : "Causal",
    "args" : [ "m7", "m8" ]
  }, {
    "id" : "s4-r1",
    "properties" : { },
    "type" : "NoRelation",
    "args" : [ "m10", "m11" ]
  }, {
    "id" : "s5-r1",
    "properties" : { },
    "type" : "NoRelation",
    "args" : [ "m13", "m16" ]
  }, {
    "id" : "s5-r2",
    "properties" : { },
    "type" : "NoRelation",
    "args" : [ "s5-m6", "m16" ]
  }, {
    "id" : "s5-r3",
    "properties" : { },
    "type" : "NoRelation",
    "args" : [ "m14", "m16" ]
  } ],
  "corefs" : [ {
    "id" : "c3",
    "properties" : { },
    "mentions" : [ "m2", "m4", "m7", "m11", "m17" ]
  }, {
    "id" : "c4",
    "properties" : { },
    "mentions" : [ "m10", "m1", "m5", "m8", "m16" ]
  } ],
  "typeResolved" : true,
  "userResolved" : false
}